application_id,job_id,candidate_id,applied_at,source,stage,score
1,1841,6949,2025-10-22 22:54:51,job_board,applied,0.92
2,1510,1387,2025-07-18 01:17:20,linkedin,interview,0.525
3,1945,7960,2026-01-06 18:49:32,job_board,applied,0.474
4,1823,7384,2025-10-09 01:22:15,linkedin,interview,0.587
5,1839,6407,2025-11-16 03:14:55,recruiter,applied,0.403
6,815,3135,2024-10-23 20:46:50,job_board,screened,0.873
7,508,547,2024-07-26 07:27:34,recruiter,applied,0.643
8,1371,3874,2025-05-16 01:49:44,linkedin,offer,0.426
9,1243,2208,2025-03-13 08:07:38,outbound,interview,0.637
10,866,8756,2024-10-27 09:42:14,job_board,interview,0.698
11,1000,7073,2024-12-28 04:15:41,job_board,screened,0.578
12,402,1684,2024-06-07 02:08:32,job_board,interview,0.548
13,993,177,2025-01-17 20:46:02,linkedin,offer,0.629
14,1929,8281,2026-01-01 00:26:09,referral,applied,0.508
15,857,4662,2024-11-12 16:12:16,job_board,applied,0.587
16,1035,6526,2025-02-20 13:26:53,job_board,applied,0.795
17,1883,5494,2025-11-10 12:23:52,recruiter,applied,0.919
18,1707,2810,2025-09-04 04:50:34,referral,screened,0.383
19,1582,7380,2025-08-19 18:33:42,referral,applied,0.961
20,11,1980,2024-02-08 23:54:28,linkedin,applied,0.616
21,1694,7260,2025-09-28 23:20:07,job_board,interview,0.882
22,154,8720,2024-03-16 07:31:51,linkedin,applied,0.765
23,70,659,2024-01-31 08:53:41,referral,applied,0.869
24,707,7049,2024-09-18 21:30:30,job_board,screened,0.448
25,824,6118,2024-11-16 02:55:22,job_board,offer,0.429
26,242,6902,2024-03-13 16:32:46,referral,applied,0.38
27,1196,7113,2025-02-25 11:57:49,linkedin,screened,0.487
28,1842,8422,2025-11-01 07:02:40,job_board,screened,0.757
29,1318,949,2025-04-29 06:18:41,recruiter,offer,0.667
30,1922,2709,2025-12-20 10:31:40,referral,offer,0.769
31,1790,4369,2025-09-29 17:42:39,linkedin,applied,0.963
32,1631,7986,2025-08-20 20:14:02,job_board,applied,0.452
33,335,5845,2024-05-02 15:07:35,referral,applied,0.49
34,1277,5462,2025-04-17 19:17:02,recruiter,applied,0.492
35,181,3082,2024-02-18 12:08:39,job_board,interview,0.806
36,1545,1113,2025-07-11 18:04:34,linkedin,interview,0.37
37,1787,3335,2025-10-12 18:19:22,outbound,screened,0.562
38,240,4296,2024-03-17 07:21:52,job_board,interview,0.696
39,1014,926,2025-01-09 12:16:28,linkedin,applied,0.359
40,255,1447,2024-04-12 06:45:03,job_board,applied,0.937
41,1079,6970,2025-02-08 00:02:42,job_board,interview,0.956
42,903,2207,2024-12-03 17:56:59,outbound,applied,0.868
43,1781,2135,2025-10-19 20:22:21,job_board,applied,0.647
44,545,924,2024-07-26 15:07:04,linkedin,interview,0.718
45,1500,3915,2025-07-04 10:43:05,job_board,applied,0.366
46,1316,398,2025-04-07 17:56:26,linkedin,applied,0.857
47,1462,4648,2025-06-25 04:42:48,referral,applied,0.358
48,1923,653,2025-11-29 20:54:11,outbound,applied,0.746
49,373,786,2024-05-31 18:42:27,recruiter,applied,0.406
50,28,8782,2024-02-18 08:44:21,recruiter,applied,0.849
51,1243,3881,2025-04-17 08:07:38,linkedin,applied,0.684
52,245,2634,2024-04-08 09:26:48,linkedin,interview,0.449
53,901,1372,2024-12-21 02:56:58,referral,applied,0.392
54,1043,4042,2025-02-23 22:02:50,job_board,interview,0.505
55,1223,2093,2025-03-08 03:18:29,job_board,applied,0.961
56,25,2012,2024-02-04 18:03:40,referral,applied,0.426
57,1152,3207,2025-03-03 05:32:12,job_board,interview,0.637
58,1558,1201,2025-07-11 00:48:08,referral,applied,0.522
59,53,4408,2024-02-17 19:22:44,referral,offer,0.767
60,790,3680,2024-09-22 23:39:15,outbound,interview,0.833
61,688,3908,2024-09-21 03:34:25,referral,applied,0.941
62,682,7038,2024-09-09 17:36:41,linkedin,applied,0.643
63,916,645,2024-11-24 01:57:29,job_board,screened,0.641
64,283,2420,2024-03-18 22:54:35,referral,applied,0.526
65,1001,3154,2025-02-10 17:34:29,referral,applied,0.821
66,154,3453,2024-03-13 07:31:51,job_board,applied,0.975
67,199,353,2024-03-09 23:53:38,outbound,applied,0.575
68,1074,2284,2025-02-25 05:31:31,job_board,applied,0.793
69,1798,2258,2025-10-27 17:49:43,linkedin,screened,0.836
70,1416,8226,2025-06-10 02:13:48,linkedin,applied,0.863
71,669,766,2024-08-28 19:57:53,job_board,applied,0.731
72,692,4483,2024-08-12 19:56:28,referral,applied,0.606
73,979,1507,2024-12-29 12:12:18,linkedin,applied,0.722
74,70,8776,2024-01-30 08:53:41,referral,applied,0.413
75,1328,4523,2025-04-17 15:57:30,job_board,screened,0.961
76,268,2929,2024-04-12 18:17:28,outbound,applied,0.448
77,1439,8346,2025-05-31 17:25:03,job_board,applied,0.487
78,748,5804,2024-09-11 17:51:11,job_board,interview,0.727
79,757,1753,2024-10-04 10:09:20,recruiter,applied,0.69
80,881,6410,2024-11-19 03:12:48,job_board,applied,0.391
81,259,6578,2024-04-02 15:12:31,linkedin,applied,0.703
82,480,4574,2024-07-09 01:07:52,linkedin,applied,0.769
83,415,394,2024-05-23 21:46:51,job_board,applied,0.652
84,1695,6654,2025-09-13 08:22:57,linkedin,applied,0.714
85,331,3023,2024-05-03 09:12:43,job_board,interview,0.423
86,258,949,2024-03-14 13:55:21,recruiter,screened,0.915
87,489,3613,2024-06-27 07:59:07,outbound,applied,0.976
88,850,4449,2024-11-06 21:20:56,referral,screened,0.737
89,1208,976,2025-03-03 14:43:04,job_board,applied,0.697
90,847,1959,2024-10-18 06:01:53,recruiter,applied,0.791
91,1072,5731,2025-01-30 22:38:37,linkedin,screened,0.907
92,1036,6035,2025-01-28 20:35:28,referral,applied,0.466
93,338,1312,2024-04-25 23:17:27,linkedin,applied,0.663
94,15,2191,2024-01-15 06:44:33,referral,screened,0.605
95,1364,7207,2025-05-12 12:26:08,outbound,offer,0.451
96,1888,803,2025-11-14 11:47:16,referral,applied,0.61
97,128,5324,2024-03-11 22:21:50,job_board,applied,0.903
98,1837,3754,2025-11-05 22:21:32,job_board,interview,0.422
99,1820,6672,2025-11-11 22:42:07,outbound,offer,0.464
100,1577,323,2025-08-12 11:11:32,job_board,applied,0.754
101,1133,1479,2025-02-27 20:22:26,linkedin,applied,0.484
102,680,7392,2024-08-30 23:55:29,referral,applied,0.459
103,1181,2854,2025-02-28 22:45:11,job_board,applied,0.932
104,23,3396,2024-01-16 06:33:13,linkedin,applied,0.627
105,572,6350,2024-08-09 17:36:15,linkedin,applied,0.485
106,788,4229,2024-10-05 09:36:51,outbound,applied,0.669
107,1024,4081,2025-01-14 10:24:04,linkedin,applied,0.392
108,546,525,2024-07-12 18:07:30,linkedin,applied,0.497
109,853,5692,2024-11-05 21:01:11,linkedin,offer,0.709
110,1451,1250,2025-06-27 17:38:43,referral,applied,0.464
111,1902,3722,2025-12-21 20:00:14,linkedin,screened,0.932
112,1646,3151,2025-09-16 11:17:56,job_board,applied,0.504
113,153,6050,2024-03-16 06:27:57,job_board,applied,0.53
114,1179,6090,2025-03-25 19:51:51,referral,screened,0.796
115,918,5774,2024-12-26 17:23:04,linkedin,applied,0.896
116,1045,5547,2025-02-13 16:06:55,job_board,applied,0.402
117,1584,2696,2025-07-20 16:28:31,referral,applied,0.701
118,654,3129,2024-08-10 03:19:47,job_board,applied,0.812
119,1090,7936,2025-02-12 03:44:48,referral,applied,0.895
120,1775,6393,2025-10-23 16:53:46,job_board,interview,0.405
121,1131,6592,2025-03-09 15:36:02,job_board,applied,0.977
122,1111,7830,2025-03-08 05:37:52,job_board,applied,0.412
123,1823,614,2025-10-10 01:22:15,job_board,applied,0.856
124,59,16,2024-02-10 01:29:30,linkedin,applied,0.443
125,752,340,2024-10-06 13:30:54,job_board,applied,0.739
126,986,4500,2025-01-03 19:09:50,job_board,applied,0.564
127,5,6446,2024-01-17 10:50:13,job_board,offer,0.564
128,950,8555,2025-01-01 14:34:56,referral,applied,0.583
129,1852,5689,2025-11-22 14:02:47,linkedin,screened,0.803
130,1577,6605,2025-08-03 11:11:32,linkedin,screened,0.594
131,67,8321,2024-02-04 04:39:19,job_board,screened,0.938
132,1753,1532,2025-09-10 15:04:39,referral,applied,0.476
133,1595,6080,2025-07-30 03:42:39,recruiter,applied,0.353
134,1755,5991,2025-09-11 21:22:03,job_board,applied,0.461
135,280,1874,2024-04-26 10:53:33,linkedin,applied,0.954
136,1794,4209,2025-10-29 14:12:06,linkedin,offer,0.754
137,42,379,2024-02-13 04:11:11,linkedin,applied,0.737
138,70,4327,2024-01-26 08:53:41,recruiter,applied,0.966
139,710,4792,2024-09-10 02:41:12,job_board,applied,0.636
140,1631,3395,2025-07-31 20:14:02,referral,interview,0.547
141,1729,4467,2025-10-08 16:07:52,job_board,applied,0.356
142,1267,5706,2025-03-23 05:55:46,job_board,applied,0.526
143,74,8437,2024-02-13 19:29:08,linkedin,applied,0.651
144,1749,3555,2025-09-28 10:17:53,linkedin,screened,0.351
145,526,6376,2024-07-15 04:03:31,job_board,applied,0.892
146,1490,3946,2025-06-16 15:47:30,linkedin,applied,0.695
147,559,8101,2024-07-15 21:04:28,job_board,applied,0.904
148,1132,5064,2025-03-12 20:00:37,job_board,interview,0.797
149,190,6810,2024-03-25 08:59:57,job_board,interview,0.745
150,1996,2611,2026-01-17 01:11:23,linkedin,applied,0.798
151,186,5946,2024-03-12 23:00:55,job_board,applied,0.816
152,1912,2282,2025-12-20 09:26:42,job_board,applied,0.603
153,1817,5069,2025-10-27 18:21:59,job_board,applied,0.802
154,301,1741,2024-04-11 16:15:04,job_board,interview,0.896
155,1391,5221,2025-06-15 08:18:52,outbound,applied,0.823
156,688,1612,2024-09-24 03:34:25,job_board,interview,0.775
157,623,4568,2024-08-03 08:16:20,job_board,screened,0.876
158,655,4356,2024-08-02 04:50:01,job_board,interview,0.482
159,477,7551,2024-07-04 18:10:12,linkedin,applied,0.554
160,1923,940,2025-11-23 20:54:11,job_board,applied,0.713
161,86,2112,2024-02-26 19:15:52,job_board,applied,0.478
162,709,6391,2024-09-24 13:28:16,job_board,interview,0.788
163,718,8237,2024-08-25 08:07:52,recruiter,applied,0.825
164,838,7267,2024-11-04 00:45:07,referral,interview,0.366
165,603,5036,2024-08-15 20:44:48,job_board,applied,0.766
166,1328,2407,2025-04-16 15:57:30,outbound,applied,0.369
167,1835,3937,2025-11-13 20:32:04,linkedin,offer,0.38
168,1334,7709,2025-04-20 01:58:55,outbound,applied,0.444
169,442,1900,2024-06-09 06:16:26,referral,offer,0.494
170,1994,8868,2025-12-29 13:18:01,job_board,applied,0.894
171,811,2485,2024-10-03 14:08:35,referral,applied,0.701
172,621,4350,2024-08-23 04:00:56,job_board,applied,0.385
173,1365,5258,2025-04-28 13:54:23,job_board,applied,0.956
174,1950,2657,2026-01-11 14:54:53,recruiter,applied,0.644
175,643,1366,2024-07-29 13:16:37,outbound,interview,0.697
176,402,2793,2024-05-28 02:08:32,job_board,applied,0.796
177,1564,30,2025-07-27 09:04:01,outbound,applied,0.878
178,955,5737,2024-12-31 17:01:09,linkedin,screened,0.721
179,1453,2334,2025-06-24 23:43:43,outbound,interview,0.744
180,908,3989,2024-12-09 16:16:33,referral,screened,0.404
181,71,2737,2024-02-11 10:22:06,referral,applied,0.384
182,724,1807,2024-10-05 12:54:04,referral,applied,0.514
183,1712,8472,2025-09-14 09:17:32,linkedin,applied,0.696
184,1873,3076,2025-11-30 09:28:18,job_board,applied,0.915
185,728,5237,2024-09-13 06:25:06,linkedin,screened,0.459
186,1387,3057,2025-05-30 00:10:39,referral,applied,0.942
187,192,3652,2024-03-18 11:48:13,job_board,screened,0.516
188,435,2238,2024-05-31 14:30:39,job_board,offer,0.866
189,1397,8848,2025-06-14 04:05:56,linkedin,applied,0.53
190,84,5424,2024-02-01 18:23:14,job_board,applied,0.605
191,1495,3307,2025-07-24 08:56:02,job_board,applied,0.793
192,1927,4991,2025-11-30 09:36:25,job_board,applied,0.906
193,143,8624,2024-03-07 06:45:29,referral,applied,0.505
194,1165,5586,2025-03-20 06:41:58,job_board,applied,0.836
195,708,8474,2024-09-01 22:26:28,job_board,applied,0.976
196,1287,5975,2025-04-07 09:00:21,referral,screened,0.602
197,1791,6210,2025-11-03 00:01:29,linkedin,screened,0.412
198,162,3363,2024-03-08 15:16:51,job_board,applied,0.71
199,1339,4728,2025-05-26 11:43:12,job_board,applied,0.5
200,366,5439,2024-05-29 12:35:10,referral,applied,0.408
201,1068,7396,2025-02-28 19:16:59,linkedin,applied,0.73
202,885,6677,2024-12-04 03:16:21,outbound,applied,0.572
203,1009,2916,2025-01-28 17:02:42,job_board,screened,0.541
204,1532,3867,2025-08-13 10:55:59,job_board,applied,0.923
205,1217,3311,2025-03-13 19:01:24,job_board,screened,0.419
206,693,8867,2024-09-05 01:04:45,job_board,screened,0.631
207,1307,1862,2025-04-22 13:34:57,job_board,applied,0.799
208,1195,5226,2025-03-08 03:59:49,referral,screened,0.741
209,138,2299,2024-02-17 03:43:50,linkedin,interview,0.754
210,1227,1184,2025-04-13 21:39:57,linkedin,screened,0.857
211,669,1229,2024-08-20 19:57:53,job_board,applied,0.564
212,293,183,2024-03-26 18:27:38,job_board,applied,0.635
213,1054,7657,2025-02-02 22:59:06,referral,offer,0.557
214,1034,7504,2025-01-25 05:51:12,outbound,applied,0.511
215,1461,12,2025-07-12 11:58:52,referral,interview,0.581
216,865,2409,2024-11-22 04:31:36,linkedin,interview,0.563
217,1486,3821,2025-07-05 03:39:09,job_board,screened,0.617
218,565,1388,2024-08-09 13:13:46,job_board,applied,0.89
219,1212,3278,2025-03-15 21:05:33,referral,offer,0.57
220,1926,8322,2025-11-30 08:13:05,outbound,interview,0.63
221,1174,3490,2025-03-15 01:55:31,job_board,interview,0.622
222,1363,4581,2025-05-22 09:14:20,job_board,applied,0.528
223,736,7594,2024-09-09 11:58:19,recruiter,screened,0.653
224,1351,19,2025-04-28 11:44:24,outbound,applied,0.896
225,1670,7390,2025-08-10 07:01:35,referral,interview,0.523
226,1747,4095,2025-09-22 21:54:58,job_board,applied,0.657
227,1833,5971,2025-11-07 20:21:13,recruiter,screened,0.654
228,614,8627,2024-08-24 08:38:47,referral,applied,0.786
229,1693,6202,2025-08-30 17:06:39,job_board,screened,0.665
230,697,2713,2024-09-13 02:29:56,job_board,applied,0.493
231,1744,7232,2025-09-14 19:04:33,job_board,screened,0.582
232,12,2150,2024-01-12 07:40:29,job_board,offer,0.459
233,1818,3466,2025-10-24 21:44:10,job_board,applied,0.405
234,433,5824,2024-05-27 03:00:04,job_board,applied,0.453
235,405,4055,2024-05-07 16:48:21,job_board,applied,0.412
236,1119,7675,2025-02-10 02:00:34,referral,applied,0.408
237,1028,2203,2025-01-19 09:26:40,job_board,applied,0.439
238,315,5763,2024-04-11 10:20:44,job_board,applied,0.586
239,1070,2143,2025-02-10 04:52:43,recruiter,applied,0.44
240,1603,5331,2025-08-29 06:36:40,job_board,screened,0.657
241,971,8412,2025-01-25 22:45:16,job_board,interview,0.511
242,1163,8747,2025-03-08 03:26:50,outbound,interview,0.878
243,1697,6846,2025-08-28 12:41:05,linkedin,applied,0.423
244,360,5712,2024-04-23 22:08:54,referral,applied,0.801
245,651,4077,2024-08-20 05:52:53,job_board,screened,0.396
246,1789,2830,2025-10-21 05:46:24,outbound,applied,0.96
247,323,351,2024-04-25 08:12:30,job_board,applied,0.798
248,508,4572,2024-06-17 07:27:34,linkedin,applied,0.893
249,549,6686,2024-07-27 09:18:30,job_board,offer,0.408
250,1649,7521,2025-08-18 05:26:37,job_board,applied,0.734
251,287,8537,2024-04-10 23:41:39,referral,screened,0.354
252,750,1642,2024-10-09 09:32:29,job_board,screened,0.584
253,810,8341,2024-10-30 16:04:45,referral,applied,0.969
254,163,2498,2024-03-03 18:27:50,job_board,screened,0.581
255,234,6428,2024-04-06 12:31:52,linkedin,applied,0.713
256,753,6711,2024-09-12 02:05:50,referral,screened,0.676
257,176,5830,2024-02-24 15:34:39,job_board,applied,0.547
258,1959,3775,2025-12-18 04:20:06,referral,applied,0.387
259,903,1088,2024-12-14 17:56:59,linkedin,applied,0.899
260,14,4507,2024-02-10 14:40:31,job_board,offer,0.77
261,1203,771,2025-03-07 08:11:49,linkedin,offer,0.966
262,1511,5646,2025-07-03 06:29:16,linkedin,interview,0.739
263,1216,2387,2025-04-04 08:14:26,outbound,screened,0.417
264,1143,1745,2025-02-27 05:35:29,referral,interview,0.629
265,185,5074,2024-03-14 18:49:33,referral,applied,0.517
266,1460,2237,2025-06-08 09:52:07,referral,applied,0.94
267,1944,8219,2025-12-24 11:32:49,job_board,applied,0.484
268,729,893,2024-09-26 11:38:25,job_board,applied,0.63
269,244,7840,2024-03-24 05:15:56,referral,screened,0.945
270,428,6960,2024-06-16 00:08:54,linkedin,applied,0.404
271,1321,2755,2025-05-03 22:12:00,job_board,applied,0.819
272,1286,5119,2025-04-19 10:05:00,job_board,screened,0.754
273,1778,3297,2025-09-29 02:30:31,job_board,interview,0.622
274,813,2150,2024-10-29 02:15:37,job_board,interview,0.414
275,1770,2794,2025-10-08 21:09:53,referral,applied,0.878
276,552,3075,2024-07-26 10:01:09,linkedin,interview,0.367
277,1025,4772,2025-02-02 16:27:24,job_board,screened,0.845
278,1317,5220,2025-04-24 04:35:54,linkedin,offer,0.731
279,555,7281,2024-07-15 16:28:37,outbound,screened,0.471
280,738,5141,2024-09-12 08:08:06,referral,applied,0.703
281,1656,7049,2025-08-23 20:46:37,job_board,interview,0.787
282,1156,8285,2025-03-19 21:57:12,job_board,offer,0.595
283,1226,7977,2025-03-16 18:57:33,job_board,applied,0.854
284,1248,3675,2025-03-17 16:20:26,job_board,applied,0.952
285,1583,4696,2025-08-21 13:28:50,referral,applied,0.818
286,1944,7256,2025-12-08 11:32:49,job_board,interview,0.351
287,800,5924,2024-10-10 10:21:15,referral,applied,0.565
288,710,1175,2024-08-30 02:41:12,linkedin,screened,0.925
289,1827,8586,2025-10-29 21:45:08,job_board,applied,0.563
290,959,6904,2024-12-17 11:03:13,linkedin,applied,0.47
291,1860,6080,2025-11-30 23:29:20,job_board,interview,0.441
292,1764,8907,2025-10-03 13:41:14,referral,applied,0.855
293,1475,1504,2025-06-08 04:06:19,outbound,screened,0.503
294,1441,7969,2025-06-18 09:40:49,outbound,interview,0.638
295,1886,2942,2025-11-10 08:09:55,linkedin,applied,0.667
296,548,7315,2024-07-10 08:17:49,outbound,screened,0.956
297,907,682,2024-12-21 17:22:17,job_board,applied,0.758
298,1092,5006,2025-01-31 08:59:11,referral,applied,0.955
299,389,995,2024-05-25 14:43:30,job_board,applied,0.482
300,1035,8539,2025-02-09 13:26:53,recruiter,interview,0.892
301,1312,4427,2025-04-20 08:47:29,recruiter,offer,0.48
302,1007,7695,2025-01-20 08:05:03,job_board,screened,0.524
303,1307,6648,2025-04-06 13:34:57,outbound,applied,0.966
304,204,4347,2024-03-13 22:05:18,job_board,applied,0.662
305,983,1701,2025-01-09 03:14:09,linkedin,applied,0.577
306,1859,4208,2025-11-13 12:40:36,job_board,screened,0.761
307,522,2881,2024-07-21 14:25:58,outbound,applied,0.841
308,912,2287,2024-12-24 10:41:13,job_board,applied,0.636
309,1249,3029,2025-04-01 18:52:16,outbound,applied,0.877
310,1252,2069,2025-04-22 06:41:19,job_board,applied,0.754
311,362,7562,2024-05-23 04:23:06,outbound,offer,0.891
312,226,8183,2024-03-11 05:06:20,job_board,applied,0.948
313,1507,1657,2025-07-04 11:42:20,linkedin,applied,0.754
314,1067,1911,2025-02-10 17:47:54,outbound,applied,0.799
315,1814,307,2025-10-22 15:30:28,job_board,interview,0.401
316,1981,3766,2026-01-05 21:35:33,job_board,interview,0.85
317,334,5615,2024-04-10 08:29:52,job_board,screened,0.965
318,722,2374,2024-09-28 10:42:17,referral,applied,0.648
319,1641,4742,2025-08-27 01:06:49,job_board,applied,0.606
320,589,3022,2024-07-18 14:08:43,outbound,screened,0.79
321,397,25,2024-06-02 06:51:45,linkedin,interview,0.484
322,313,2142,2024-05-07 19:09:30,job_board,offer,0.424
323,1001,6883,2025-01-03 17:34:29,job_board,applied,0.935
324,764,7944,2024-10-02 00:04:34,recruiter,applied,0.392
325,1859,3815,2025-11-14 12:40:36,referral,applied,0.788
326,1930,5226,2025-12-04 06:22:28,outbound,interview,0.54
327,166,4931,2024-02-24 10:07:59,referral,screened,0.357
328,1807,2727,2025-10-14 09:36:03,job_board,applied,0.5
329,180,6038,2024-02-29 19:37:37,linkedin,applied,0.872
330,1438,3665,2025-06-23 10:55:37,referral,applied,0.363
331,1918,463,2025-11-16 16:17:29,job_board,applied,0.484
332,692,3471,2024-09-09 19:56:28,referral,applied,0.815
333,318,1553,2024-04-21 11:54:14,linkedin,interview,0.969
334,132,4302,2024-03-06 20:17:58,linkedin,interview,0.769
335,685,4169,2024-09-23 17:28:03,outbound,applied,0.686
336,1905,4213,2025-12-01 18:34:01,job_board,applied,0.595
337,918,1548,2024-11-21 17:23:04,job_board,applied,0.811
338,836,8525,2024-10-29 02:16:53,linkedin,applied,0.484
339,14,1050,2024-01-14 14:40:31,linkedin,interview,0.402
340,1333,2638,2025-05-07 21:08:32,linkedin,screened,0.792
341,377,2925,2024-04-29 12:50:51,recruiter,offer,0.922
342,1379,4097,2025-05-01 04:28:32,job_board,screened,0.899
343,1657,3840,2025-08-31 21:10:09,referral,applied,0.588
344,1549,8887,2025-07-22 09:05:57,referral,applied,0.941
345,1038,7649,2025-01-18 09:03:49,job_board,applied,0.401
346,1301,495,2025-04-01 07:42:57,referral,screened,0.391
347,788,5355,2024-10-30 09:36:51,recruiter,applied,0.693
348,1418,4640,2025-06-21 00:58:37,recruiter,applied,0.786
349,1364,8365,2025-05-26 12:26:08,referral,interview,0.523
350,377,3073,2024-05-05 12:50:51,job_board,applied,0.72
351,650,4115,2024-08-27 05:26:11,linkedin,applied,0.386
352,1551,8358,2025-08-01 15:27:21,linkedin,applied,0.916
353,878,4252,2024-10-24 20:18:00,referral,applied,0.702
354,472,5460,2024-07-08 18:15:59,job_board,applied,0.945
355,1988,2804,2026-01-13 20:18:42,job_board,applied,0.716
356,1736,7047,2025-09-18 13:21:28,job_board,applied,0.884
357,1549,735,2025-08-13 09:05:57,job_board,applied,0.949
358,844,8788,2024-11-13 20:08:45,job_board,offer,0.646
359,1108,1549,2025-02-19 01:28:41,job_board,screened,0.558
360,1892,5190,2025-12-11 08:59:15,referral,applied,0.553
361,1054,610,2025-02-16 22:59:06,job_board,interview,0.583
362,1651,869,2025-08-30 16:54:35,linkedin,applied,0.517
363,1689,6332,2025-09-15 01:45:59,job_board,offer,0.943
364,1610,7078,2025-07-30 23:42:18,job_board,applied,0.682
365,1202,3142,2025-04-05 17:59:05,job_board,interview,0.732
366,691,508,2024-09-19 17:49:03,referral,applied,0.393
367,679,284,2024-08-24 23:35:11,job_board,applied,0.906
368,1623,8412,2025-07-29 05:12:27,job_board,screened,0.401
369,836,6770,2024-11-16 02:16:53,referral,interview,0.675
370,495,3477,2024-06-29 03:28:08,referral,applied,0.895
371,367,2294,2024-04-28 13:02:49,job_board,screened,0.416
372,1232,6318,2025-04-16 22:55:57,recruiter,interview,0.874
373,1920,8042,2025-12-13 08:01:32,linkedin,interview,0.801
374,758,5923,2024-09-15 06:44:16,referral,applied,0.691
375,1305,7408,2025-04-29 08:19:00,recruiter,screened,0.561
376,618,7656,2024-08-23 14:22:21,linkedin,interview,0.806
377,798,2734,2024-10-11 16:46:06,referral,interview,0.943
378,817,6593,2024-11-01 03:27:05,recruiter,applied,0.453
379,720,2122,2024-08-27 22:24:28,referral,screened,0.354
380,1695,2008,2025-08-29 08:22:57,job_board,offer,0.353
381,1814,8938,2025-10-19 15:30:28,job_board,offer,0.973
382,539,2945,2024-06-27 15:22:44,job_board,offer,0.701
383,721,7377,2024-09-01 04:06:03,job_board,applied,0.669
384,40,3108,2024-02-04 14:40:03,job_board,applied,0.47
385,1513,8340,2025-07-17 08:33:03,referral,applied,0.543
386,1416,2504,2025-05-30 02:13:48,job_board,applied,0.733
387,1671,154,2025-08-10 07:41:18,job_board,screened,0.444
388,1120,4169,2025-02-17 14:03:25,job_board,screened,0.665
389,1820,5385,2025-10-21 22:42:07,job_board,applied,0.36
390,283,3459,2024-04-30 22:54:35,recruiter,applied,0.818
391,747,2400,2024-09-16 16:25:47,job_board,applied,0.476
392,896,7452,2024-11-27 01:09:08,recruiter,applied,0.967
393,1531,3373,2025-07-02 09:38:37,linkedin,applied,0.956
394,439,6303,2024-05-23 11:26:56,job_board,interview,0.408
395,654,820,2024-08-28 03:19:47,job_board,applied,0.651
396,189,7866,2024-03-08 05:35:58,linkedin,interview,0.53
397,1889,6736,2025-11-15 17:26:19,job_board,screened,0.697
398,907,1516,2024-11-27 17:22:17,job_board,applied,0.71
399,23,4731,2024-02-03 06:33:13,linkedin,applied,0.828
400,471,6749,2024-06-16 06:24:03,outbound,screened,0.753
401,1141,7129,2025-03-17 18:59:29,job_board,applied,0.458
402,983,3786,2024-12-26 03:14:09,job_board,applied,0.682
403,1020,1049,2025-02-12 11:54:01,linkedin,screened,0.941
404,125,536,2024-03-12 07:58:28,job_board,applied,0.371
405,1756,8976,2025-10-02 18:06:23,outbound,screened,0.377
406,1659,978,2025-08-14 03:10:32,job_board,screened,0.505
407,433,3138,2024-06-03 03:00:04,linkedin,interview,0.831
408,734,7707,2024-10-07 03:11:28,referral,applied,0.979
409,175,8563,2024-03-06 12:57:11,recruiter,screened,0.464
410,256,4246,2024-04-04 18:43:46,linkedin,applied,0.533
411,1693,6089,2025-09-02 17:06:39,job_board,applied,0.893
412,228,4609,2024-03-24 10:26:14,referral,interview,0.761
413,701,980,2024-08-29 01:43:47,recruiter,applied,0.546
414,1987,4420,2026-01-03 12:54:51,job_board,screened,0.79
415,650,7038,2024-08-06 05:26:11,job_board,applied,0.463
416,1374,5633,2025-05-30 07:25:02,referral,applied,0.798
417,211,5046,2024-04-04 05:44:48,job_board,applied,0.419
418,1748,7493,2025-09-22 08:41:06,job_board,applied,0.711
419,1841,1699,2025-10-11 22:54:51,job_board,applied,0.658
420,1826,5109,2025-10-21 18:03:30,job_board,offer,0.625
421,1266,1686,2025-04-04 16:24:50,linkedin,screened,0.694
422,1945,562,2025-12-26 18:49:32,referral,applied,0.973
423,1385,8579,2025-05-09 07:05:26,job_board,applied,0.687
424,753,7004,2024-10-08 02:05:50,job_board,screened,0.446
425,1796,8988,2025-09-25 06:41:04,referral,screened,0.47
426,547,4127,2024-07-12 07:15:04,job_board,applied,0.502
427,1688,5186,2025-08-22 15:37:18,job_board,applied,0.811
428,1862,554,2025-11-27 13:33:11,job_board,applied,0.466
429,904,1685,2024-11-28 02:49:50,outbound,screened,0.481
430,465,758,2024-07-03 10:39:28,linkedin,offer,0.966
431,320,3063,2024-04-24 17:45:06,referral,applied,0.827
432,1075,3666,2025-02-23 07:35:23,job_board,applied,0.59
433,1345,1908,2025-05-30 12:58:06,job_board,applied,0.718
434,1181,7002,2025-03-26 22:45:11,job_board,applied,0.644
435,1302,5468,2025-05-01 15:20:45,job_board,applied,0.739
436,51,3911,2024-02-17 13:41:10,referral,screened,0.951
437,95,3603,2024-02-28 04:53:18,recruiter,applied,0.845
438,527,5098,2024-07-19 18:23:20,job_board,applied,0.68
439,1799,3403,2025-10-18 09:07:06,job_board,interview,0.442
440,1009,6956,2025-01-23 17:02:42,referral,applied,0.39
441,671,7213,2024-08-15 05:17:58,job_board,applied,0.657
442,1331,1657,2025-05-09 21:04:52,job_board,interview,0.392
443,858,8673,2024-11-24 01:36:01,job_board,screened,0.967
444,288,4112,2024-04-26 14:33:39,referral,applied,0.668
445,1028,1774,2025-01-28 09:26:40,referral,applied,0.452
446,1395,7651,2025-05-26 12:23:56,referral,applied,0.497
447,1825,3730,2025-11-06 17:57:46,linkedin,applied,0.493
448,737,1338,2024-10-11 14:32:45,job_board,applied,0.673
449,341,4829,2024-04-07 20:17:44,job_board,interview,0.627
450,1732,3689,2025-09-27 16:20:38,job_board,applied,0.745
451,738,2213,2024-09-18 08:08:06,job_board,screened,0.603
452,316,6543,2024-04-07 13:37:47,outbound,screened,0.775
453,1003,3618,2025-01-14 07:22:24,job_board,applied,0.587
454,120,4749,2024-03-14 09:03:38,referral,applied,0.543
455,1984,503,2026-01-04 07:48:29,job_board,screened,0.376
456,1560,3321,2025-08-01 05:51:13,job_board,applied,0.851
457,880,371,2024-11-24 14:58:50,job_board,interview,0.666
458,1091,2539,2025-02-03 06:39:57,referral,applied,0.475
459,798,7078,2024-10-29 16:46:06,job_board,interview,0.639
460,938,8329,2024-11-27 23:48:32,outbound,applied,0.558
461,1871,3052,2025-11-28 17:35:07,referral,screened,0.486
462,1453,6291,2025-06-28 23:43:43,linkedin,offer,0.769
463,1323,6367,2025-05-16 19:44:23,job_board,applied,0.643
464,1954,7037,2025-12-07 07:00:43,linkedin,applied,0.621
465,328,747,2024-05-09 14:39:16,referral,applied,0.645
466,1817,2677,2025-10-12 18:21:59,outbound,applied,0.761
467,352,6037,2024-05-20 12:19:50,recruiter,screened,0.853
468,519,2656,2024-06-30 18:14:17,referral,applied,0.641
469,1289,5881,2025-04-27 21:35:57,linkedin,screened,0.692
470,274,8083,2024-04-27 16:28:54,job_board,applied,0.757
471,935,7394,2024-12-27 23:27:31,linkedin,applied,0.46
472,673,4409,2024-08-09 21:55:20,recruiter,applied,0.836
473,18,1842,2024-01-15 03:57:33,job_board,screened,0.371
474,368,2879,2024-04-22 19:37:50,referral,applied,0.5
475,898,4961,2024-12-18 21:21:21,linkedin,applied,0.971
476,169,6706,2024-02-24 19:29:33,job_board,interview,0.743
477,1880,8111,2025-11-21 01:54:24,outbound,applied,0.616
478,858,7598,2024-11-11 01:36:01,job_board,applied,0.814
479,1495,1979,2025-06-28 08:56:02,job_board,offer,0.596
480,409,998,2024-05-18 11:53:25,outbound,applied,0.578
481,1118,1124,2025-02-19 13:54:06,job_board,applied,0.823
482,228,1977,2024-02-27 10:26:14,outbound,applied,0.645
483,391,3103,2024-05-31 01:28:18,referral,interview,0.647
484,1369,370,2025-06-05 13:59:57,recruiter,interview,0.42
485,672,8689,2024-09-06 09:57:44,job_board,screened,0.87
486,1966,3128,2025-12-28 15:16:18,referral,offer,0.568
487,1994,1417,2026-01-04 13:18:01,job_board,interview,0.706
488,264,4789,2024-03-25 12:38:30,recruiter,applied,0.608
489,1319,1075,2025-04-28 13:34:48,linkedin,applied,0.733
490,1566,7672,2025-07-19 15:20:04,job_board,applied,0.682
491,553,8980,2024-07-30 13:09:46,linkedin,applied,0.954
492,1683,8224,2025-09-02 22:41:41,referral,interview,0.953
493,1476,3539,2025-07-08 08:20:15,job_board,applied,0.457
494,650,5727,2024-08-22 05:26:11,job_board,applied,0.913
495,183,1344,2024-02-23 16:39:03,job_board,offer,0.626
496,887,412,2024-11-27 16:55:06,referral,interview,0.645
497,742,5028,2024-10-01 23:12:21,referral,applied,0.815
498,1056,6720,2025-02-03 03:53:12,job_board,applied,0.669
499,459,125,2024-06-20 18:07:25,linkedin,applied,0.803
500,624,8943,2024-09-04 15:04:36,referral,screened,0.614
501,1793,3831,2025-10-02 13:51:55,recruiter,applied,0.806
502,1685,5565,2025-09-24 12:44:29,job_board,applied,0.659
503,1471,326,2025-06-19 04:42:48,job_board,applied,0.421
504,706,7976,2024-08-20 00:25:53,linkedin,interview,0.727
505,995,5089,2025-01-11 11:45:14,linkedin,applied,0.775
506,586,4316,2024-08-16 01:42:41,job_board,screened,0.506
507,816,5623,2024-10-29 22:23:14,job_board,interview,0.77
508,1035,7496,2025-01-23 13:26:53,job_board,applied,0.977
509,1718,32,2025-10-05 09:40:03,outbound,interview,0.654
510,1592,446,2025-08-31 14:03:41,job_board,screened,0.547
511,391,4615,2024-06-07 01:28:18,job_board,interview,0.457
512,1891,7021,2025-11-26 17:53:16,linkedin,applied,0.474
513,150,8505,2024-03-07 12:44:09,job_board,screened,0.493
514,96,836,2024-02-15 05:12:38,referral,applied,0.577
515,1704,3583,2025-09-07 11:36:43,job_board,applied,0.366
516,567,7021,2024-07-26 20:17:10,job_board,applied,0.651
517,1713,8591,2025-08-26 19:39:56,job_board,interview,0.908
518,138,2296,2024-02-10 03:43:50,job_board,applied,0.644
519,487,8672,2024-06-30 07:39:26,referral,applied,0.671
520,1651,7259,2025-08-23 16:54:35,job_board,applied,0.71
521,391,2163,2024-05-15 01:28:18,job_board,applied,0.964
522,1039,7339,2025-02-21 08:57:35,job_board,applied,0.533
523,1443,5197,2025-06-24 18:49:47,recruiter,interview,0.954
524,698,7599,2024-08-18 12:01:01,referral,offer,0.831
525,287,7473,2024-04-30 23:41:39,job_board,applied,0.629
526,1667,1818,2025-09-16 14:39:16,linkedin,screened,0.881
527,1244,6383,2025-03-17 14:38:23,job_board,applied,0.952
528,1825,4124,2025-11-10 17:57:46,job_board,offer,0.942
529,1403,6842,2025-05-23 17:34:16,referral,screened,0.634
530,1489,1236,2025-06-29 09:58:20,job_board,screened,0.923
531,1244,2349,2025-04-04 14:38:23,job_board,applied,0.794
532,1341,2070,2025-05-28 23:00:37,job_board,offer,0.399
533,854,8264,2024-10-30 02:15:11,outbound,applied,0.373
534,1854,3302,2025-11-10 06:07:59,outbound,applied,0.602
535,1633,2121,2025-08-07 22:20:05,job_board,applied,0.756
536,485,6610,2024-06-06 13:17:52,job_board,interview,0.913
537,1860,5804,2025-11-13 23:29:20,job_board,offer,0.374
538,468,5726,2024-06-05 14:06:42,job_board,screened,0.52
539,1412,7963,2025-05-14 09:06:07,job_board,interview,0.821
540,1842,8148,2025-10-10 07:02:40,outbound,applied,0.579
541,838,3236,2024-10-27 00:45:07,job_board,screened,0.73
542,370,8653,2024-04-29 05:04:52,job_board,interview,0.601
543,1992,4970,2026-02-08 14:13:40,linkedin,applied,0.481
544,1588,8000,2025-08-07 08:35:41,job_board,applied,0.388
545,899,6215,2024-11-27 05:14:06,linkedin,applied,0.689
546,1983,727,2025-12-28 07:10:20,job_board,applied,0.467
547,233,8357,2024-03-03 06:01:49,referral,applied,0.394
548,1055,5201,2025-01-27 23:55:16,referral,applied,0.545
549,366,4033,2024-05-24 12:35:10,referral,interview,0.933
550,370,3069,2024-05-15 05:04:52,job_board,screened,0.703
551,696,5429,2024-08-21 12:15:03,job_board,applied,0.501
552,1149,8294,2025-02-09 19:15:06,job_board,interview,0.74
553,343,1277,2024-04-19 11:17:46,linkedin,applied,0.835
554,1041,2019,2025-01-23 19:43:18,recruiter,screened,0.886
555,1557,588,2025-08-21 19:43:40,job_board,applied,0.974
556,294,1775,2024-03-29 19:57:56,job_board,applied,0.739
557,29,193,2024-02-12 23:15:21,job_board,screened,0.622
558,1494,1896,2025-07-04 08:14:12,job_board,applied,0.778
559,812,4290,2024-10-12 15:42:06,referral,screened,0.419
560,381,7451,2024-04-30 03:39:11,job_board,applied,0.815
561,1757,4912,2025-10-09 19:43:00,referral,applied,0.526
562,855,2028,2024-11-15 03:29:01,job_board,applied,0.77
563,236,778,2024-03-21 12:08:11,linkedin,offer,0.644
564,618,7979,2024-08-31 14:22:21,linkedin,applied,0.509
565,1153,1630,2025-03-21 18:17:30,recruiter,applied,0.835
566,583,6906,2024-08-14 03:43:48,outbound,screened,0.903
567,1868,2397,2025-11-15 14:15:26,referral,applied,0.71
568,1255,5676,2025-04-07 21:21:06,referral,applied,0.878
569,144,8022,2024-03-04 07:02:41,job_board,applied,0.879
570,695,8202,2024-09-08 07:24:14,job_board,interview,0.503
571,700,894,2024-08-21 16:28:23,linkedin,screened,0.734
572,292,4600,2024-04-20 17:48:29,linkedin,interview,0.976
573,76,4408,2024-01-28 23:17:41,recruiter,screened,0.422
574,225,7920,2024-03-31 03:08:29,outbound,applied,0.757
575,1365,7102,2025-04-26 13:54:23,job_board,screened,0.581
576,497,1300,2024-06-09 12:00:13,linkedin,screened,0.594
577,835,7832,2024-11-04 08:07:25,referral,screened,0.388
578,286,3268,2024-04-22 10:55:57,job_board,offer,0.527
579,1895,6239,2025-12-01 02:22:05,job_board,screened,0.889
580,1974,1607,2025-12-24 14:32:11,referral,interview,0.387
581,1383,2390,2025-05-14 11:17:20,outbound,applied,0.543
582,664,648,2024-08-24 08:59:05,job_board,interview,0.972
583,1204,1093,2025-03-06 08:15:32,recruiter,screened,0.442
584,772,8388,2024-10-24 12:58:35,job_board,applied,0.83
585,1821,1422,2025-10-22 05:55:58,job_board,screened,0.976
586,1211,5617,2025-04-06 18:42:41,job_board,screened,0.911
587,260,6933,2024-03-14 06:59:09,referral,applied,0.889
588,194,692,2024-03-08 19:31:45,job_board,offer,0.978
589,1567,2669,2025-08-18 18:24:22,outbound,applied,0.522
590,1456,4322,2025-06-11 11:17:28,job_board,applied,0.955
591,1460,3041,2025-07-07 09:52:07,referral,applied,0.691
592,667,7926,2024-09-08 11:35:43,referral,applied,0.417
593,1347,1580,2025-05-16 16:25:08,linkedin,applied,0.895
594,543,6524,2024-06-24 21:51:20,linkedin,interview,0.432
595,1277,3912,2025-05-01 19:17:02,linkedin,interview,0.462
596,658,3494,2024-08-22 03:42:04,linkedin,applied,0.35
597,249,3011,2024-04-01 17:29:38,job_board,applied,0.588
598,1665,6087,2025-09-08 11:38:26,referral,applied,0.612
599,1629,3214,2025-08-21 03:13:38,linkedin,interview,0.513
600,1568,5655,2025-07-18 22:34:39,linkedin,screened,0.867
601,1271,305,2025-04-16 21:22:39,linkedin,applied,0.905
602,1278,2470,2025-04-18 11:34:48,job_board,applied,0.536
603,1543,4164,2025-07-10 06:40:42,job_board,screened,0.677
604,1128,1974,2025-02-10 21:59:31,job_board,interview,0.943
605,1753,1008,2025-09-16 15:04:39,job_board,applied,0.464
606,1533,1985,2025-07-18 19:32:07,referral,applied,0.488
607,1085,4822,2025-02-15 21:44:36,recruiter,interview,0.587
608,1175,8615,2025-03-14 05:36:17,linkedin,applied,0.502
609,1914,6023,2025-11-19 15:03:32,referral,interview,0.373
610,1010,8142,2025-02-09 06:04:35,linkedin,applied,0.916
611,219,4915,2024-04-01 17:45:36,referral,applied,0.383
612,1687,272,2025-08-19 14:39:03,job_board,screened,0.58
613,9,1319,2024-01-10 21:58:27,referral,screened,0.41
614,495,6836,2024-07-14 03:28:08,job_board,applied,0.569
615,660,5549,2024-08-20 08:12:18,job_board,applied,0.418
616,52,7571,2024-02-01 18:12:47,job_board,screened,0.42
617,434,3716,2024-06-03 17:57:32,recruiter,applied,0.754
618,353,8400,2024-05-27 17:11:22,job_board,screened,0.629
619,1108,3235,2025-02-04 01:28:41,linkedin,applied,0.522
620,1761,7561,2025-10-25 09:35:30,job_board,applied,0.952
621,561,1339,2024-07-10 22:24:22,referral,applied,0.961
622,782,4064,2024-10-26 04:23:31,linkedin,applied,0.736
623,1377,8949,2025-05-21 11:57:10,job_board,screened,0.479
624,1349,7158,2025-05-25 01:11:58,outbound,interview,0.936
625,1891,3535,2025-11-06 17:53:16,linkedin,applied,0.581
626,1046,8078,2025-01-28 19:50:25,job_board,applied,0.655
627,1539,4108,2025-07-13 18:10:31,job_board,applied,0.815
628,1691,8492,2025-09-10 03:47:53,referral,applied,0.817
629,841,850,2024-10-12 13:07:42,job_board,offer,0.639
630,1674,7441,2025-08-28 18:36:31,job_board,screened,0.689
631,1972,6080,2026-01-05 20:41:54,outbound,screened,0.963
632,240,1597,2024-03-22 07:21:52,linkedin,applied,0.662
633,1543,2544,2025-08-13 06:40:42,job_board,applied,0.795
634,1247,7358,2025-04-07 21:29:43,job_board,applied,0.484
635,1622,6662,2025-09-02 00:13:54,outbound,applied,0.74
636,1099,1713,2025-02-17 01:50:43,referral,interview,0.462
637,410,605,2024-05-17 16:26:21,linkedin,applied,0.581
638,858,2851,2024-10-30 01:36:01,recruiter,interview,0.633
639,1374,2672,2025-05-29 07:25:02,job_board,applied,0.773
640,1794,5631,2025-11-02 14:12:06,linkedin,screened,0.401
641,142,6711,2024-03-18 07:37:23,job_board,interview,0.413
642,376,2486,2024-04-29 12:18:08,job_board,applied,0.383
643,471,3565,2024-06-16 06:24:03,outbound,screened,0.59
644,1183,1678,2025-03-17 15:37:50,job_board,applied,0.477
645,33,309,2024-02-20 08:38:22,job_board,applied,0.835
646,1905,8223,2025-11-25 18:34:01,job_board,applied,0.87
647,1411,7106,2025-06-17 04:08:30,job_board,applied,0.504
648,1811,7110,2025-11-05 03:42:31,job_board,applied,0.737
649,42,8691,2024-01-19 04:11:11,job_board,applied,0.658
650,550,362,2024-07-10 13:20:19,job_board,offer,0.476
651,899,3389,2024-11-25 05:14:06,referral,interview,0.751
652,1542,6683,2025-08-14 04:46:22,referral,applied,0.814
653,1298,5595,2025-05-10 14:50:05,job_board,screened,0.878
654,836,7069,2024-10-17 02:16:53,outbound,interview,0.54
655,610,3354,2024-07-24 22:31:48,linkedin,screened,0.447
656,662,831,2024-08-21 19:46:13,linkedin,applied,0.937
657,735,4995,2024-08-30 03:43:41,job_board,applied,0.936
658,1380,6660,2025-05-24 04:53:08,referral,interview,0.53
659,1737,6648,2025-09-11 00:50:59,job_board,screened,0.385
660,953,1577,2024-12-21 14:34:24,job_board,interview,0.796
661,1803,5697,2025-09-26 06:44:01,linkedin,applied,0.58
662,600,5691,2024-07-24 08:57:05,job_board,offer,0.828
663,1718,2833,2025-08-29 09:40:03,recruiter,interview,0.395
664,2,2341,2024-01-11 13:30:59,job_board,screened,0.639
665,1500,1757,2025-07-08 10:43:05,referral,interview,0.559
666,1900,989,2025-11-17 11:12:19,referral,applied,0.755
667,556,4900,2024-08-02 09:33:51,referral,offer,0.797
668,1364,2829,2025-05-15 12:26:08,referral,applied,0.948
669,150,5936,2024-02-14 12:44:09,job_board,interview,0.569
670,1703,5301,2025-09-17 03:33:16,job_board,applied,0.431
671,978,5171,2025-01-23 07:18:51,linkedin,interview,0.956
672,850,8675,2024-11-04 21:20:56,linkedin,interview,0.709
673,1849,1154,2025-11-26 07:26:54,referral,applied,0.938
674,1852,335,2025-10-30 14:02:47,recruiter,applied,0.873
675,447,3196,2024-06-08 12:03:34,job_board,screened,0.659
676,1920,221,2025-12-07 08:01:32,linkedin,applied,0.406
677,420,6702,2024-06-19 17:33:35,job_board,applied,0.539
678,1625,3341,2025-08-29 19:51:05,linkedin,applied,0.79
679,1560,1321,2025-08-05 05:51:13,job_board,applied,0.813
680,1008,746,2025-01-17 11:44:45,linkedin,applied,0.508
681,1184,7951,2025-02-20 16:21:51,recruiter,applied,0.754
682,789,3388,2024-10-28 13:03:18,linkedin,applied,0.415
683,809,4199,2024-09-30 10:29:24,job_board,applied,0.485
684,1031,1521,2025-02-09 00:30:13,linkedin,screened,0.427
685,1726,7121,2025-09-17 16:02:17,job_board,applied,0.478
686,966,6642,2025-01-11 13:13:55,job_board,applied,0.454
687,1166,3068,2025-03-24 15:10:28,outbound,applied,0.803
688,1415,7658,2025-05-22 01:11:59,job_board,applied,0.927
689,1841,3233,2025-10-13 22:54:51,referral,applied,0.959
690,1721,8133,2025-09-09 18:06:26,linkedin,applied,0.596
691,737,8704,2024-09-22 14:32:45,linkedin,applied,0.891
692,1728,4165,2025-08-29 11:40:39,job_board,interview,0.408
693,889,5107,2024-12-06 09:37:58,job_board,applied,0.709
694,188,7541,2024-03-14 05:30:10,job_board,interview,0.731
695,149,918,2024-03-20 10:15:57,outbound,applied,0.608
696,411,4297,2024-05-15 07:50:29,recruiter,applied,0.364
697,736,8619,2024-10-07 11:58:19,job_board,applied,0.558
698,801,1810,2024-10-10 22:08:05,job_board,interview,0.353
699,360,3374,2024-04-19 22:08:54,referral,offer,0.859
700,357,7664,2024-05-21 08:24:08,job_board,applied,0.979
701,66,6393,2024-01-20 01:02:33,job_board,interview,0.481
702,1824,4406,2025-11-04 09:16:35,job_board,applied,0.836
703,512,1158,2024-06-22 09:53:40,referral,applied,0.912
704,1299,1633,2025-04-30 09:14:52,job_board,applied,0.532
705,982,7698,2024-12-28 23:51:24,referral,applied,0.758
706,721,4588,2024-08-27 04:06:03,linkedin,applied,0.507
707,495,8632,2024-07-15 03:28:08,job_board,interview,0.392
708,129,914,2024-02-16 12:04:26,referral,applied,0.714
709,219,3446,2024-03-25 17:45:36,job_board,interview,0.533
710,1355,844,2025-04-23 10:40:58,recruiter,applied,0.893
711,904,1303,2024-12-20 02:49:50,recruiter,applied,0.954
712,1936,95,2025-12-24 05:57:29,outbound,interview,0.462
713,296,5019,2024-04-10 13:31:16,job_board,screened,0.445
714,1861,2129,2025-11-28 08:14:24,recruiter,applied,0.476
715,172,1457,2024-02-29 18:22:29,job_board,applied,0.643
716,1466,7923,2025-06-17 05:05:55,referral,applied,0.55
717,1921,3980,2025-11-30 23:36:23,recruiter,interview,0.754
718,308,4866,2024-04-24 16:22:41,referral,screened,0.643
719,952,5604,2024-12-23 02:31:43,job_board,applied,0.364
720,1841,3908,2025-11-03 22:54:51,job_board,offer,0.822
721,1605,1254,2025-08-25 08:21:41,linkedin,applied,0.572
722,437,4404,2024-06-13 07:31:50,job_board,applied,0.768
723,342,8533,2024-05-09 01:04:41,job_board,applied,0.879
724,676,6174,2024-09-03 15:42:44,job_board,applied,0.418
725,924,6351,2024-12-23 16:56:25,referral,applied,0.725
726,588,5119,2024-08-12 13:38:18,linkedin,applied,0.937
727,180,3252,2024-03-22 19:37:37,job_board,applied,0.435
728,996,4211,2025-01-21 20:54:16,outbound,applied,0.732
729,824,3742,2024-10-05 02:55:22,referral,applied,0.486
730,611,5242,2024-08-27 03:00:46,referral,screened,0.619
731,1653,7634,2025-08-16 01:45:45,outbound,screened,0.81
732,580,131,2024-08-09 16:02:01,outbound,applied,0.88
733,1786,4285,2025-10-19 10:23:21,linkedin,screened,0.933
734,23,2399,2024-02-06 06:33:13,job_board,applied,0.856
735,1039,8884,2025-01-31 08:57:35,job_board,screened,0.897
736,1901,1315,2025-11-27 11:31:21,linkedin,screened,0.407
737,573,560,2024-07-11 07:22:13,job_board,screened,0.792
738,1311,6325,2025-04-15 07:34:08,recruiter,applied,0.789
739,1467,2443,2025-06-05 13:30:06,job_board,screened,0.404
740,685,1971,2024-09-19 17:28:03,job_board,applied,0.562
741,1278,4667,2025-05-04 11:34:48,job_board,applied,0.572
742,1305,8362,2025-04-06 08:19:00,job_board,applied,0.758
743,941,1223,2025-01-05 10:21:37,linkedin,screened,0.692
744,754,4853,2024-10-04 11:26:06,referral,applied,0.94
745,951,3207,2024-12-17 17:00:59,job_board,screened,0.44
746,298,1678,2024-03-31 04:16:34,linkedin,applied,0.723
747,987,4680,2025-01-16 18:39:44,outbound,applied,0.433
748,651,8656,2024-07-31 05:52:53,referral,applied,0.891
749,679,2349,2024-08-14 23:35:11,job_board,applied,0.59
750,492,1968,2024-06-10 06:40:56,linkedin,screened,0.526
751,1038,1482,2025-01-16 09:03:49,job_board,applied,0.529
752,16,5565,2024-01-06 02:19:31,linkedin,screened,0.425
753,115,2416,2024-02-12 18:53:29,referral,interview,0.481
754,418,5331,2024-06-11 01:56:20,recruiter,applied,0.592
755,1141,744,2025-02-18 18:59:29,recruiter,applied,0.372
756,514,6330,2024-06-25 15:24:48,job_board,applied,0.669
757,993,1764,2025-02-05 20:46:02,job_board,applied,0.466
758,296,786,2024-04-13 13:31:16,outbound,applied,0.697
759,842,550,2024-10-12 19:41:39,job_board,applied,0.436
760,908,7137,2024-12-07 16:16:33,referral,applied,0.512
761,648,8573,2024-08-22 22:02:02,job_board,offer,0.849
762,100,3751,2024-02-12 14:56:54,recruiter,interview,0.976
763,1244,1450,2025-04-17 14:38:23,job_board,interview,0.569
764,408,7421,2024-05-31 17:19:40,job_board,screened,0.648
765,970,12,2024-12-14 14:52:47,job_board,applied,0.628
766,1419,2873,2025-05-31 04:46:03,job_board,applied,0.576
767,202,8617,2024-03-16 00:56:02,linkedin,applied,0.513
768,1358,3520,2025-05-23 12:44:10,job_board,interview,0.755
769,749,6828,2024-09-17 23:57:38,outbound,applied,0.498
770,1008,3247,2025-01-21 11:44:45,job_board,applied,0.633
771,154,2404,2024-02-15 07:31:51,recruiter,screened,0.599
772,999,2872,2025-01-23 03:55:31,linkedin,screened,0.82
773,759,7911,2024-09-16 16:37:45,linkedin,applied,0.865
774,357,4038,2024-05-05 08:24:08,job_board,interview,0.364
775,1066,7845,2025-02-22 13:42:28,job_board,applied,0.707
776,1302,8920,2025-05-12 15:20:45,job_board,applied,0.422
777,783,6669,2024-10-06 04:31:27,recruiter,offer,0.407
778,1269,2673,2025-03-30 16:10:15,recruiter,interview,0.564
779,684,5331,2024-08-12 14:55:59,job_board,applied,0.395
780,1661,3343,2025-09-14 07:00:14,job_board,interview,0.936
781,563,5263,2024-07-19 00:12:02,referral,applied,0.787
782,1597,6348,2025-07-27 21:03:04,referral,interview,0.757
783,764,8721,2024-10-15 00:04:34,job_board,interview,0.456
784,1117,7044,2025-02-20 13:50:08,referral,applied,0.886
785,139,4187,2024-03-05 05:15:06,linkedin,applied,0.514
786,149,7814,2024-02-07 10:15:57,job_board,screened,0.516
787,1988,7278,2026-02-03 20:18:42,job_board,offer,0.911
788,16,2609,2024-01-20 02:19:31,job_board,screened,0.744
789,1111,1013,2025-03-03 05:37:52,job_board,interview,0.771
790,915,3770,2024-11-26 21:11:22,referral,interview,0.963
791,1273,6308,2025-03-29 00:53:10,referral,applied,0.602
792,8,2194,2024-01-21 13:22:32,job_board,applied,0.523
793,367,8907,2024-04-20 13:02:49,job_board,applied,0.518
794,678,8736,2024-08-30 22:18:51,linkedin,applied,0.475
795,1847,90,2025-11-01 13:10:07,linkedin,applied,0.877
796,700,3598,2024-08-18 16:28:23,referral,applied,0.532
797,1143,2322,2025-02-27 05:35:29,job_board,applied,0.423
798,1147,7830,2025-03-05 12:33:05,linkedin,applied,0.838
799,829,7065,2024-10-30 14:05:21,job_board,applied,0.957
800,1659,6039,2025-08-10 03:10:32,linkedin,interview,0.833
801,1427,6605,2025-06-16 16:40:19,referral,applied,0.559
802,889,7180,2024-11-14 09:37:58,job_board,applied,0.459
803,609,6608,2024-07-28 16:48:41,job_board,applied,0.846
804,556,6023,2024-08-06 09:33:51,outbound,screened,0.768
805,1870,8843,2025-12-04 16:40:42,job_board,screened,0.474
806,252,4939,2024-03-10 21:53:43,job_board,applied,0.947
807,339,863,2024-04-29 09:21:15,job_board,applied,0.723
808,524,3829,2024-06-28 15:10:24,linkedin,screened,0.723
809,1667,6076,2025-09-10 14:39:16,linkedin,interview,0.6
810,1377,7872,2025-05-27 11:57:10,job_board,offer,0.479
811,1934,5771,2025-12-14 15:32:57,referral,applied,0.718
812,1444,2523,2025-06-27 19:55:32,job_board,screened,0.615
813,984,1852,2025-01-16 13:24:28,job_board,applied,0.453
814,81,7554,2024-03-01 00:23:25,job_board,interview,0.362
815,1754,1917,2025-10-22 09:04:20,job_board,offer,0.907
816,1340,243,2025-05-06 15:13:57,job_board,screened,0.937
817,144,5852,2024-02-10 07:02:41,recruiter,screened,0.413
818,1942,4688,2026-01-09 04:53:45,job_board,applied,0.535
819,1242,5891,2025-03-28 07:33:17,outbound,interview,0.807
820,1240,4151,2025-04-16 12:34:44,recruiter,applied,0.757
821,713,5401,2024-09-22 15:56:14,job_board,applied,0.601
822,662,3156,2024-08-27 19:46:13,job_board,applied,0.553
823,729,4158,2024-10-04 11:38:25,outbound,applied,0.972
824,101,1520,2024-02-26 22:24:00,referral,interview,0.42
825,901,6185,2024-12-05 02:56:58,linkedin,applied,0.868
826,125,5332,2024-02-23 07:58:28,job_board,applied,0.593
827,1194,2898,2025-03-03 03:14:23,linkedin,applied,0.358
828,415,5143,2024-05-13 21:46:51,job_board,applied,0.853
829,1233,2123,2025-04-02 04:38:16,referral,applied,0.965
830,747,6609,2024-09-17 16:25:47,linkedin,screened,0.873
831,557,5359,2024-07-27 18:48:59,job_board,applied,0.742
832,290,5885,2024-04-20 18:47:06,referral,applied,0.819
833,768,5556,2024-09-10 17:07:38,job_board,interview,0.526
834,139,7568,2024-02-06 05:15:06,referral,offer,0.525
835,500,7311,2024-07-04 18:43:30,job_board,screened,0.891
836,928,2466,2025-01-02 15:54:11,referral,applied,0.722
837,1266,3745,2025-04-12 16:24:50,referral,applied,0.632
838,920,4909,2024-12-16 11:30:53,referral,screened,0.748
839,205,6878,2024-03-05 22:22:54,job_board,applied,0.59
840,1442,358,2025-06-03 10:39:29,job_board,offer,0.918
841,848,8260,2024-10-23 08:35:59,job_board,applied,0.534
842,1254,2839,2025-04-26 15:04:07,outbound,applied,0.451
843,1957,3831,2026-01-08 11:01:06,recruiter,applied,0.464
844,98,2372,2024-02-08 15:13:55,job_board,screened,0.932
845,1978,4884,2025-12-20 20:01:41,recruiter,applied,0.544
846,1904,2448,2025-12-16 16:55:47,linkedin,screened,0.966
847,1036,8193,2025-01-21 20:35:28,job_board,interview,0.376
848,55,2864,2024-01-24 00:57:14,referral,applied,0.381
849,495,2703,2024-07-08 03:28:08,job_board,interview,0.867
850,452,175,2024-05-25 07:15:41,referral,applied,0.605
851,1167,6504,2025-02-20 15:48:45,linkedin,applied,0.793
852,1384,8250,2025-05-24 03:13:11,job_board,interview,0.723
853,977,5195,2024-12-21 04:07:16,linkedin,applied,0.783
854,712,8177,2024-10-02 13:28:57,referral,screened,0.681
855,85,3726,2024-03-05 05:18:15,referral,interview,0.793
856,1879,6239,2025-12-05 23:55:08,job_board,screened,0.709
857,1979,7778,2026-01-14 13:49:25,job_board,screened,0.604
858,66,6659,2024-02-10 01:02:33,job_board,applied,0.79
859,655,1411,2024-08-12 04:50:01,referral,screened,0.427
860,1966,8737,2025-12-15 15:16:18,job_board,offer,0.519
861,799,319,2024-09-28 19:52:09,referral,applied,0.468
862,1246,1053,2025-03-17 15:10:05,job_board,screened,0.879
863,1028,1865,2025-01-07 09:26:40,outbound,screened,0.742
864,1267,6482,2025-04-23 05:55:46,referral,applied,0.351
865,1761,7887,2025-10-16 09:35:30,linkedin,applied,0.87
866,760,4856,2024-10-08 22:34:38,referral,applied,0.523
867,1599,3093,2025-08-05 03:23:32,job_board,interview,0.357
868,913,4134,2024-11-17 12:08:24,linkedin,applied,0.401
869,412,6156,2024-05-11 12:39:45,recruiter,applied,0.699
870,150,1953,2024-03-12 12:44:09,referral,offer,0.465
871,1433,2078,2025-06-29 03:11:08,job_board,offer,0.746
872,1206,2639,2025-02-26 15:01:24,referral,applied,0.889
873,1750,4419,2025-10-07 11:36:49,linkedin,applied,0.608
874,471,6620,2024-07-07 06:24:03,job_board,interview,0.899
875,1429,4706,2025-06-22 23:19:08,job_board,applied,0.485
876,47,860,2024-01-24 02:02:08,linkedin,interview,0.754
877,279,2209,2024-04-14 09:40:23,job_board,applied,0.912
878,1189,404,2025-03-28 02:35:44,outbound,applied,0.696
879,1078,3487,2025-03-02 21:52:30,linkedin,interview,0.841
880,1185,4556,2025-03-21 07:08:44,job_board,applied,0.731
881,1678,2356,2025-08-27 20:38:26,recruiter,screened,0.451
882,1668,401,2025-09-08 16:34:28,linkedin,applied,0.929
883,392,907,2024-05-01 09:35:54,outbound,applied,0.479
884,406,6212,2024-05-04 07:05:06,referral,screened,0.845
885,1078,3885,2025-01-20 21:52:30,job_board,applied,0.409
886,1915,8730,2025-12-08 17:06:20,referral,applied,0.658
887,1340,5073,2025-04-19 15:13:57,job_board,applied,0.717
888,293,2746,2024-03-28 18:27:38,job_board,applied,0.775
889,1271,811,2025-04-28 21:22:39,referral,applied,0.792
890,677,6630,2024-08-26 07:38:24,linkedin,applied,0.385
891,214,3222,2024-03-22 05:19:01,job_board,interview,0.553
892,1425,5366,2025-06-05 04:57:31,job_board,applied,0.771
893,555,4165,2024-06-30 16:28:37,job_board,applied,0.586
894,1552,736,2025-08-03 22:28:57,linkedin,applied,0.631
895,1105,8393,2025-01-31 14:52:52,job_board,interview,0.412
896,894,1069,2024-11-30 19:37:19,job_board,screened,0.728
897,418,5493,2024-06-06 01:56:20,linkedin,interview,0.556
898,585,1294,2024-08-11 23:51:23,job_board,applied,0.421
899,668,8481,2024-08-22 17:30:58,referral,applied,0.668
900,1387,2553,2025-05-24 00:10:39,referral,applied,0.603
901,831,4720,2024-11-09 23:36:51,linkedin,applied,0.747
902,68,705,2024-02-05 06:09:37,job_board,interview,0.494
903,28,7230,2024-02-20 08:44:21,outbound,applied,0.446
904,550,2021,2024-07-25 13:20:19,job_board,applied,0.566
905,1021,867,2025-02-08 12:42:00,referral,offer,0.929
906,667,2548,2024-09-03 11:35:43,job_board,applied,0.485
907,1990,5080,2026-01-02 12:25:53,job_board,applied,0.536
908,463,2945,2024-06-12 18:24:29,linkedin,applied,0.844
909,817,3177,2024-10-31 03:27:05,outbound,applied,0.829
910,796,681,2024-10-15 04:18:55,referral,screened,0.599
911,549,6556,2024-07-21 09:18:30,job_board,screened,0.861
912,1766,3089,2025-10-25 12:30:52,outbound,screened,0.821
913,506,7899,2024-07-19 12:44:49,job_board,interview,0.529
914,22,3613,2024-01-16 16:08:09,outbound,applied,0.741
915,1031,6411,2025-01-17 00:30:13,outbound,applied,0.515
916,1270,2835,2025-03-27 17:22:44,linkedin,screened,0.678
917,913,795,2024-12-15 12:08:24,job_board,applied,0.629
918,843,5757,2024-11-03 05:04:37,linkedin,applied,0.65
919,1724,5590,2025-09-20 13:31:52,job_board,screened,0.951
920,748,8803,2024-10-09 17:51:11,outbound,applied,0.849
921,1279,6697,2025-04-13 20:37:34,job_board,applied,0.74
922,1675,5674,2025-09-08 20:09:44,linkedin,applied,0.382
923,798,269,2024-10-05 16:46:06,job_board,offer,0.43
924,1082,7438,2025-02-27 16:58:52,job_board,applied,0.753
925,772,1528,2024-09-12 12:58:35,recruiter,screened,0.929
926,1229,6584,2025-03-27 10:04:17,job_board,applied,0.381
927,1095,6123,2025-03-01 12:55:40,linkedin,offer,0.974
928,1705,7243,2025-09-21 20:22:31,linkedin,screened,0.647
929,507,2835,2024-06-15 15:44:38,referral,interview,0.59
930,324,4472,2024-05-10 09:32:35,job_board,applied,0.78
931,846,560,2024-10-29 01:08:32,job_board,screened,0.973
932,1225,3209,2025-03-24 12:14:02,job_board,interview,0.479
933,571,8005,2024-07-26 22:19:09,linkedin,applied,0.957
934,1997,1814,2026-01-14 09:37:00,job_board,applied,0.428
935,1031,8570,2025-01-22 00:30:13,job_board,applied,0.861
936,1624,460,2025-09-07 19:12:52,job_board,applied,0.793
937,1094,3362,2025-02-21 17:23:36,referral,applied,0.657
938,786,3403,2024-10-30 17:34:04,referral,applied,0.695
939,1694,8936,2025-08-30 23:20:07,outbound,screened,0.965
940,316,4889,2024-04-10 13:37:47,linkedin,screened,0.832
941,503,7710,2024-07-02 17:28:44,job_board,interview,0.973
942,1531,7648,2025-07-29 09:38:37,job_board,applied,0.422
943,1810,5003,2025-10-03 00:07:54,referral,applied,0.6
944,582,6504,2024-07-26 03:00:41,job_board,screened,0.507
945,1071,6726,2025-02-07 20:56:56,job_board,applied,0.555
946,973,4533,2024-12-17 22:26:59,linkedin,screened,0.959
947,1454,8427,2025-06-24 17:14:15,job_board,applied,0.699
948,999,3877,2025-01-01 03:55:31,linkedin,offer,0.875
949,1224,6546,2025-04-08 03:54:48,linkedin,applied,0.356
950,1339,3168,2025-05-11 11:43:12,job_board,applied,0.679
951,1659,3038,2025-08-15 03:10:32,job_board,screened,0.953
952,278,3247,2024-04-07 23:31:01,job_board,applied,0.565
953,1327,1738,2025-04-28 03:29:38,job_board,applied,0.661
954,362,7283,2024-05-05 04:23:06,outbound,applied,0.539
955,23,3886,2024-01-19 06:33:13,linkedin,interview,0.798
956,1433,6042,2025-06-08 03:11:08,job_board,screened,0.356
957,781,1681,2024-09-22 00:36:01,job_board,interview,0.709
958,1434,6167,2025-06-02 11:35:10,job_board,applied,0.42
959,1877,194,2025-11-13 14:19:52,job_board,applied,0.635
960,258,5834,2024-04-13 13:55:21,job_board,screened,0.668
961,903,4104,2024-12-17 17:56:59,job_board,applied,0.607
962,198,1086,2024-03-29 10:16:36,linkedin,screened,0.382
963,1657,2964,2025-08-22 21:10:09,job_board,applied,0.701
964,2000,369,2026-01-16 14:30:53,job_board,applied,0.508
965,1738,858,2025-09-11 08:01:04,job_board,applied,0.628
966,1988,7320,2026-01-15 20:18:42,job_board,applied,0.407
967,666,7844,2024-09-17 09:41:15,job_board,offer,0.453
968,557,7437,2024-07-10 18:48:59,recruiter,applied,0.738
969,1716,1107,2025-09-25 07:03:17,linkedin,applied,0.976
970,1304,5264,2025-04-12 23:47:25,job_board,applied,0.968
971,755,5674,2024-09-20 12:26:03,job_board,applied,0.422
972,421,3106,2024-05-29 20:25:01,linkedin,applied,0.715
973,51,5124,2024-02-15 13:41:10,job_board,applied,0.919
974,77,2444,2024-02-24 21:13:42,job_board,applied,0.601
975,1389,8811,2025-05-31 16:02:29,job_board,applied,0.857
976,528,2224,2024-07-16 18:48:07,referral,applied,0.44
977,1641,2285,2025-09-11 01:06:49,job_board,interview,0.971
978,1693,6904,2025-09-13 17:06:39,referral,applied,0.755
979,904,2120,2024-11-12 02:49:50,linkedin,applied,0.739
980,600,8111,2024-07-16 08:57:05,job_board,applied,0.716
981,347,5645,2024-05-04 22:43:46,linkedin,screened,0.919
982,514,8138,2024-06-14 15:24:48,referral,screened,0.545
983,1231,5025,2025-04-02 19:22:21,job_board,applied,0.485
984,1512,8676,2025-07-30 15:19:12,recruiter,applied,0.687
985,1477,7307,2025-07-21 09:21:03,recruiter,applied,0.97
986,1918,7256,2025-11-17 16:17:29,job_board,screened,0.969
987,1310,1558,2025-05-01 02:24:53,recruiter,screened,0.408
988,1016,7219,2025-02-14 07:30:20,recruiter,applied,0.38
989,712,2706,2024-08-28 13:28:57,job_board,applied,0.859
990,673,7491,2024-09-09 21:55:20,job_board,screened,0.755
991,737,46,2024-10-10 14:32:45,job_board,screened,0.744
992,1760,542,2025-09-15 17:12:03,job_board,applied,0.791
993,1099,6495,2025-02-15 01:50:43,job_board,screened,0.37
994,442,586,2024-05-19 06:16:26,job_board,screened,0.609
995,387,2930,2024-05-13 21:00:18,linkedin,applied,0.652
996,57,4174,2024-02-21 16:42:06,job_board,applied,0.765
997,1693,2125,2025-08-27 17:06:39,outbound,screened,0.716
998,440,6650,2024-06-19 18:46:44,recruiter,applied,0.826
999,205,5445,2024-03-28 22:22:54,referral,applied,0.692
1000,580,5892,2024-07-08 16:02:01,linkedin,applied,0.748
1001,974,2266,2025-01-07 01:17:46,job_board,screened,0.353
1002,1920,198,2025-11-29 08:01:32,job_board,applied,0.751
1003,1719,511,2025-10-06 10:12:48,linkedin,screened,0.672
1004,342,2256,2024-05-09 01:04:41,referral,applied,0.61
1005,1059,2127,2025-02-07 13:25:00,outbound,applied,0.789
1006,1649,5523,2025-09-03 05:26:37,job_board,screened,0.351
1007,1522,7648,2025-07-06 21:51:20,referral,screened,0.835
1008,940,2544,2024-12-20 09:55:38,job_board,applied,0.909
1009,480,5359,2024-07-05 01:07:52,linkedin,interview,0.421
1010,1571,8265,2025-08-23 16:00:35,recruiter,applied,0.573
1011,892,4241,2024-11-06 13:50:05,job_board,applied,0.897
1012,475,1848,2024-07-09 12:10:52,outbound,applied,0.389
1013,1427,4423,2025-05-29 16:40:19,job_board,applied,0.493
1014,1766,573,2025-10-23 12:30:52,outbound,applied,0.858
1015,1777,8973,2025-10-30 18:37:37,job_board,applied,0.575
1016,1875,8219,2025-11-28 23:33:21,job_board,applied,0.564
1017,1287,284,2025-05-09 09:00:21,job_board,interview,0.601
1018,1536,2389,2025-07-28 16:57:47,linkedin,applied,0.959
1019,486,1451,2024-07-08 02:09:52,job_board,interview,0.386
1020,648,7876,2024-09-07 22:02:02,linkedin,applied,0.581
1021,293,7790,2024-03-31 18:27:38,job_board,applied,0.578
1022,163,3082,2024-03-12 18:27:50,job_board,applied,0.967
1023,1684,4814,2025-09-16 09:19:51,job_board,applied,0.531
1024,915,5835,2024-12-05 21:11:22,job_board,screened,0.945
1025,1109,8956,2025-02-23 04:42:00,referral,applied,0.604
1026,175,7396,2024-03-12 12:57:11,job_board,screened,0.638
1027,368,6156,2024-05-07 19:37:50,job_board,interview,0.776
1028,153,4094,2024-03-03 06:27:57,recruiter,applied,0.653
1029,972,6511,2025-01-03 17:23:16,linkedin,screened,0.487
1030,1162,5798,2025-03-04 01:30:35,job_board,interview,0.879
1031,253,5218,2024-03-26 03:55:00,linkedin,interview,0.528
1032,1417,1906,2025-06-03 19:24:51,job_board,screened,0.89
1033,211,157,2024-03-08 05:44:48,job_board,applied,0.96
1034,1678,4663,2025-08-16 20:38:26,recruiter,applied,0.686
1035,1840,8173,2025-11-02 11:03:17,recruiter,interview,0.46
1036,1281,8948,2025-04-12 03:14:01,linkedin,applied,0.452
1037,1090,4708,2025-01-24 03:44:48,referral,applied,0.887
1038,1464,8703,2025-06-25 09:30:13,linkedin,applied,0.529
1039,498,82,2024-07-15 16:53:58,job_board,applied,0.661
1040,1843,7396,2025-10-21 21:46:52,job_board,screened,0.844
1041,1763,1890,2025-10-24 07:29:37,referral,applied,0.385
1042,1392,3214,2025-05-29 08:07:18,referral,screened,0.623
1043,1998,3154,2026-01-16 20:51:24,job_board,applied,0.773
1044,606,2024,2024-08-23 23:47:56,referral,interview,0.712
1045,1769,2576,2025-10-28 06:35:07,job_board,applied,0.606
1046,68,4916,2024-02-27 06:09:37,linkedin,interview,0.572
1047,1496,250,2025-07-21 10:28:26,job_board,applied,0.4
1048,579,1950,2024-08-05 11:08:49,referral,applied,0.731
1049,1925,2523,2025-12-28 05:19:12,recruiter,applied,0.387
1050,1135,784,2025-03-15 03:21:32,recruiter,applied,0.678
1051,395,8067,2024-06-03 20:58:48,linkedin,interview,0.434
1052,630,3944,2024-08-30 17:02:45,job_board,offer,0.375
1053,1756,5300,2025-09-25 18:06:23,job_board,applied,0.657
1054,1610,5242,2025-09-04 23:42:18,referral,applied,0.543
1055,718,2943,2024-09-28 08:07:52,linkedin,applied,0.658
1056,526,2430,2024-07-27 04:03:31,outbound,applied,0.453
1057,65,793,2024-01-22 13:03:33,job_board,applied,0.959
1058,247,7389,2024-03-04 23:22:25,job_board,applied,0.359
1059,65,6762,2024-02-28 13:03:33,outbound,applied,0.435
1060,660,5896,2024-08-29 08:12:18,job_board,applied,0.798
1061,376,6466,2024-05-15 12:18:08,job_board,applied,0.936
1062,41,7260,2024-02-12 04:03:25,linkedin,applied,0.379
1063,1559,22,2025-08-10 04:32:58,recruiter,screened,0.364
1064,1759,6045,2025-09-12 06:48:13,job_board,applied,0.702
1065,1794,8941,2025-10-05 14:12:06,linkedin,applied,0.628
1066,1674,7454,2025-09-04 18:36:31,linkedin,offer,0.479
1067,256,2391,2024-03-08 18:43:46,job_board,applied,0.433
1068,329,5306,2024-05-12 22:51:21,job_board,applied,0.887
1069,1691,2362,2025-08-23 03:47:53,referral,applied,0.428
1070,31,1168,2024-01-29 08:09:36,linkedin,applied,0.788
1071,1511,2710,2025-07-01 06:29:16,referral,interview,0.871
1072,253,3112,2024-03-08 03:55:00,linkedin,applied,0.364
1073,105,8656,2024-02-14 01:46:40,job_board,screened,0.819
1074,1561,4215,2025-08-13 12:10:49,job_board,applied,0.78
1075,1463,7570,2025-06-14 13:06:03,outbound,applied,0.692
1076,171,8590,2024-03-02 03:49:52,referral,screened,0.4
1077,77,5736,2024-02-29 21:13:42,job_board,screened,0.922
1078,1767,4427,2025-10-01 15:17:46,linkedin,applied,0.922
1079,526,4449,2024-07-26 04:03:31,job_board,applied,0.565
1080,1939,7068,2026-01-10 23:41:49,job_board,applied,0.562
1081,1062,2944,2025-02-09 17:04:19,linkedin,applied,0.695
1082,1958,4091,2026-01-02 03:00:00,linkedin,interview,0.902
1083,1819,3016,2025-11-07 22:24:28,job_board,interview,0.937
1084,1232,2329,2025-04-02 22:55:57,job_board,interview,0.507
1085,211,2931,2024-03-20 05:44:48,job_board,applied,0.7
1086,1795,892,2025-10-31 20:41:16,job_board,interview,0.58
1087,697,7764,2024-09-25 02:29:56,job_board,applied,0.487
1088,505,7826,2024-06-24 12:16:16,referral,applied,0.352
1089,1154,6132,2025-03-14 18:19:06,recruiter,applied,0.535
1090,715,6782,2024-09-02 17:21:03,job_board,offer,0.557
1091,1481,3662,2025-07-14 20:50:34,recruiter,interview,0.762
1092,530,4749,2024-06-23 07:51:21,job_board,applied,0.756
1093,1831,8942,2025-10-18 01:20:18,job_board,screened,0.966
1094,200,505,2024-03-26 12:46:57,job_board,applied,0.768
1095,938,1598,2024-12-29 23:48:32,job_board,offer,0.446
1096,1921,7427,2025-12-09 23:36:23,job_board,applied,0.721
1097,1682,691,2025-09-16 11:13:40,outbound,applied,0.454
1098,1641,6991,2025-08-25 01:06:49,job_board,applied,0.447
1099,1235,3314,2025-03-07 21:54:42,linkedin,applied,0.934
1100,1139,6369,2025-03-14 13:08:45,job_board,screened,0.463
1101,409,8837,2024-05-04 11:53:25,referral,interview,0.651
1102,596,5169,2024-08-17 19:23:40,referral,applied,0.922
1103,1160,217,2025-03-21 12:39:55,linkedin,applied,0.732
1104,614,4739,2024-07-19 08:38:47,referral,interview,0.64
1105,628,730,2024-09-06 07:50:37,referral,applied,0.561
1106,1359,8478,2025-05-21 15:14:24,linkedin,applied,0.429
1107,1408,3074,2025-06-07 14:08:48,linkedin,screened,0.891
1108,993,8605,2025-01-06 20:46:02,linkedin,applied,0.856
1109,570,8887,2024-07-11 19:59:04,job_board,applied,0.929
1110,353,2885,2024-04-14 17:11:22,outbound,interview,0.838
1111,526,3092,2024-07-07 04:03:31,referral,applied,0.659
1112,660,7829,2024-09-06 08:12:18,linkedin,applied,0.472
1113,1891,6103,2025-11-02 17:53:16,referral,applied,0.905
1114,646,4525,2024-08-08 06:15:12,job_board,interview,0.479
1115,1818,7777,2025-11-05 21:44:10,job_board,interview,0.645
1116,1077,2315,2025-02-08 19:13:06,referral,applied,0.765
1117,904,6036,2024-11-12 02:49:50,referral,screened,0.885
1118,536,3122,2024-08-05 04:39:27,job_board,applied,0.882
1119,1531,809,2025-07-17 09:38:37,linkedin,interview,0.58
1120,1686,3188,2025-08-22 12:47:08,linkedin,applied,0.427
1121,1965,1337,2026-01-02 21:34:34,linkedin,screened,0.659
1122,1641,8946,2025-08-07 01:06:49,job_board,applied,0.9
1123,178,2330,2024-03-16 10:14:18,linkedin,interview,0.532
1124,1759,8390,2025-10-10 06:48:13,linkedin,applied,0.689
1125,1213,7164,2025-04-07 00:29:28,referral,offer,0.449
1126,1027,3318,2025-01-20 07:39:30,referral,interview,0.818
1127,507,7218,2024-06-29 15:44:38,job_board,screened,0.732
1128,1014,456,2025-02-01 12:16:28,job_board,applied,0.816
1129,1601,1533,2025-07-29 02:51:19,outbound,offer,0.533
1130,1179,7209,2025-03-04 19:51:51,linkedin,applied,0.776
1131,203,3412,2024-02-25 11:13:39,outbound,interview,0.458
1132,1512,1376,2025-07-26 15:19:12,job_board,applied,0.614
1133,1578,1259,2025-08-12 16:31:22,linkedin,screened,0.88
1134,1345,7244,2025-04-24 12:58:06,referral,interview,0.672
1135,402,4258,2024-05-05 02:08:32,job_board,applied,0.917
1136,591,3980,2024-07-29 22:12:26,job_board,screened,0.865
1137,913,3279,2024-12-12 12:08:24,linkedin,applied,0.682
1138,1739,852,2025-10-04 12:48:49,linkedin,applied,0.564
1139,1628,8929,2025-08-18 03:30:30,job_board,applied,0.821
1140,191,1951,2024-03-24 11:44:42,job_board,interview,0.823
1141,135,3499,2024-02-20 13:04:51,referral,interview,0.677
1142,100,7430,2024-02-19 14:56:54,linkedin,screened,0.436
1143,1857,451,2025-10-27 21:44:18,job_board,screened,0.552
1144,1728,5286,2025-09-23 11:40:39,referral,applied,0.652
1145,435,4685,2024-06-23 14:30:39,job_board,applied,0.945
1146,1833,6486,2025-10-18 20:21:13,referral,applied,0.837
1147,1002,8165,2025-01-30 07:37:33,job_board,applied,0.84
1148,627,886,2024-08-13 03:07:46,job_board,applied,0.479
1149,1470,3326,2025-06-27 14:22:35,job_board,applied,0.448
1150,139,3274,2024-02-29 05:15:06,referral,screened,0.962
1151,247,7367,2024-03-23 23:22:25,outbound,screened,0.531
1152,513,4076,2024-07-13 07:04:54,job_board,interview,0.763
1153,1218,3751,2025-03-16 12:47:08,outbound,screened,0.825
1154,1677,2445,2025-08-19 18:45:05,job_board,applied,0.679
1155,1032,5116,2025-01-25 04:10:30,linkedin,applied,0.397
1156,880,5591,2024-11-13 14:58:50,job_board,offer,0.562
1157,1172,4522,2025-03-23 14:05:35,linkedin,interview,0.937
1158,24,5537,2024-02-05 14:03:26,outbound,applied,0.701
1159,1325,7868,2025-04-30 02:49:34,job_board,applied,0.949
1160,1610,7759,2025-08-30 23:42:18,linkedin,interview,0.452
1161,842,5113,2024-10-11 19:41:39,job_board,applied,0.393
1162,1296,8528,2025-04-29 02:20:46,job_board,applied,0.766
1163,598,3412,2024-08-23 16:12:03,job_board,screened,0.525
1164,1873,196,2025-11-23 09:28:18,job_board,applied,0.71
1165,368,6903,2024-05-13 19:37:50,linkedin,applied,0.581
1166,276,6923,2024-04-07 17:16:07,job_board,applied,0.507
1167,1879,454,2025-11-05 23:55:08,job_board,applied,0.406
1168,1015,2967,2025-01-09 02:48:31,referral,offer,0.698
1169,803,2453,2024-09-29 02:58:05,linkedin,applied,0.384
1170,1632,4735,2025-09-11 20:22:20,recruiter,applied,0.802
1171,565,2578,2024-07-19 13:13:46,referral,applied,0.516
1172,592,6693,2024-08-23 22:53:52,job_board,screened,0.439
1173,106,5121,2024-02-22 05:26:55,job_board,applied,0.873
1174,1037,7809,2025-02-12 00:53:34,recruiter,applied,0.918
1175,1503,7508,2025-08-01 00:03:41,linkedin,applied,0.43
1176,1973,2699,2026-01-09 11:41:11,job_board,applied,0.949
1177,1056,4985,2025-01-17 03:53:12,linkedin,applied,0.646
1178,150,5553,2024-03-13 12:44:09,job_board,applied,0.425
1179,382,4125,2024-05-06 07:31:16,job_board,applied,0.583
1180,563,8667,2024-07-07 00:12:02,job_board,applied,0.696
1181,1787,588,2025-10-01 18:19:22,recruiter,screened,0.515
1182,1162,8246,2025-03-27 01:30:35,job_board,interview,0.842
1183,1868,8731,2025-11-08 14:15:26,job_board,interview,0.424
1184,1689,3296,2025-09-10 01:45:59,linkedin,screened,0.907
1185,1762,2660,2025-10-18 10:22:31,job_board,applied,0.613
1186,560,367,2024-07-26 09:06:49,referral,applied,0.965
1187,1122,1167,2025-02-07 18:52:30,linkedin,applied,0.632
1188,121,2104,2024-02-02 21:24:45,job_board,applied,0.36
1189,747,7496,2024-10-12 16:25:47,referral,interview,0.596
1190,627,6955,2024-08-02 03:07:46,job_board,offer,0.598
1191,324,8014,2024-04-13 09:32:35,linkedin,offer,0.576
1192,124,2855,2024-02-01 05:30:37,job_board,applied,0.824
1193,755,2688,2024-10-07 12:26:03,referral,interview,0.719
1194,141,7376,2024-02-25 07:00:38,outbound,interview,0.92
1195,1225,4938,2025-03-29 12:14:02,linkedin,interview,0.744
1196,555,525,2024-07-06 16:28:37,job_board,applied,0.718
1197,454,7052,2024-06-13 12:51:28,job_board,applied,0.521
1198,222,864,2024-03-21 00:16:03,referral,interview,0.767
1199,928,196,2024-12-27 15:54:11,job_board,interview,0.792
1200,338,8329,2024-05-08 23:17:27,job_board,screened,0.378
1201,1147,8883,2025-03-07 12:33:05,job_board,applied,0.383
1202,1973,6372,2026-01-16 11:41:11,job_board,screened,0.482
1203,1463,2916,2025-07-06 13:06:03,job_board,screened,0.718
1204,233,1483,2024-03-09 06:01:49,outbound,interview,0.751
1205,183,4318,2024-03-12 16:39:03,job_board,applied,0.574
1206,1751,4667,2025-10-19 08:28:04,referral,offer,0.504
1207,1734,456,2025-09-29 21:10:19,job_board,applied,0.454
1208,726,5963,2024-10-01 06:32:21,referral,applied,0.54
1209,913,423,2024-11-15 12:08:24,job_board,applied,0.636
1210,755,4426,2024-10-11 12:26:03,job_board,screened,0.728
1211,1164,1005,2025-03-12 05:52:11,referral,applied,0.899
1212,418,438,2024-05-14 01:56:20,job_board,applied,0.75
1213,1881,2891,2025-12-09 08:52:30,job_board,screened,0.694
1214,808,5296,2024-11-04 05:59:34,job_board,interview,0.568
1215,336,8294,2024-05-05 20:10:49,linkedin,applied,0.622
1216,603,507,2024-08-26 20:44:48,outbound,applied,0.756
1217,1769,4639,2025-10-22 06:35:07,referral,applied,0.751
1218,578,6869,2024-07-25 18:28:34,job_board,applied,0.483
1219,1609,2932,2025-09-05 04:31:02,job_board,applied,0.86
1220,1532,7258,2025-07-23 10:55:59,job_board,interview,0.873
1221,1989,4061,2025-12-31 09:11:29,referral,applied,0.968
1222,307,66,2024-03-31 07:23:38,job_board,offer,0.913
1223,787,2386,2024-10-18 14:50:19,job_board,screened,0.414
1224,1683,3757,2025-08-19 22:41:41,job_board,applied,0.624
1225,254,5617,2024-04-16 04:13:22,linkedin,screened,0.386
1226,69,1353,2024-02-27 08:50:44,job_board,interview,0.834
1227,29,4565,2024-01-10 23:15:21,job_board,applied,0.9
1228,165,7086,2024-02-17 06:31:13,referral,screened,0.658
1229,1586,3407,2025-07-24 02:41:03,job_board,offer,0.467
1230,698,1766,2024-09-15 12:01:01,recruiter,screened,0.639
1231,274,6176,2024-03-25 16:28:54,job_board,applied,0.433
1232,1408,5722,2025-06-10 14:08:48,outbound,screened,0.407
1233,613,3526,2024-08-26 21:34:42,outbound,applied,0.427
1234,278,7439,2024-04-13 23:31:01,linkedin,interview,0.414
1235,1975,7259,2026-01-29 16:09:37,linkedin,applied,0.912
1236,1169,925,2025-03-05 12:36:32,job_board,interview,0.369
1237,885,5386,2024-12-09 03:16:21,linkedin,interview,0.528
1238,1843,5669,2025-11-13 21:46:52,job_board,interview,0.48
1239,463,1820,2024-06-13 18:24:29,linkedin,interview,0.63
1240,1180,1646,2025-03-01 21:57:46,outbound,applied,0.511
1241,1507,1469,2025-07-21 11:42:20,job_board,applied,0.508
1242,12,2954,2024-02-07 07:40:29,job_board,applied,0.912
1243,544,2304,2024-06-28 08:12:20,linkedin,applied,0.767
1244,192,6340,2024-03-02 11:48:13,referral,screened,0.537
1245,1063,8265,2025-03-02 00:44:37,linkedin,screened,0.552
1246,1361,4136,2025-05-01 00:48:33,linkedin,screened,0.583
1247,315,7411,2024-05-09 10:20:44,job_board,applied,0.599
1248,285,4581,2024-03-23 09:27:08,job_board,applied,0.468
1249,922,8750,2024-12-13 20:46:34,recruiter,applied,0.57
1250,795,3480,2024-10-06 01:00:54,referral,applied,0.901
1251,218,6699,2024-03-02 06:42:18,outbound,interview,0.803
1252,1363,7599,2025-05-05 09:14:20,job_board,interview,0.374
1253,1547,8230,2025-08-18 21:55:22,job_board,applied,0.86
1254,857,3565,2024-10-28 16:12:16,job_board,screened,0.606
1255,731,3199,2024-10-06 15:56:29,job_board,applied,0.806
1256,321,129,2024-04-28 10:26:25,job_board,screened,0.598
1257,638,5579,2024-09-09 22:33:40,recruiter,offer,0.839
1258,1015,5030,2025-01-23 02:48:31,linkedin,applied,0.768
1259,1988,3524,2026-01-14 20:18:42,linkedin,interview,0.774
1260,372,1954,2024-04-21 18:15:01,job_board,applied,0.905
1261,1660,7784,2025-08-22 06:23:16,referral,applied,0.87
1262,1005,8993,2025-01-25 20:06:10,job_board,applied,0.66
1263,1108,8973,2025-02-13 01:28:41,job_board,screened,0.767
1264,601,4057,2024-07-21 09:07:13,job_board,interview,0.589
1265,1889,6710,2025-11-23 17:26:19,outbound,applied,0.766
1266,129,7470,2024-03-15 12:04:26,job_board,interview,0.518
1267,423,7034,2024-06-17 12:38:24,referral,applied,0.711
1268,635,3195,2024-08-10 21:11:06,linkedin,screened,0.863
1269,1147,7929,2025-02-13 12:33:05,job_board,applied,0.668
1270,847,5920,2024-10-13 06:01:53,job_board,applied,0.78
1271,1859,858,2025-11-16 12:40:36,recruiter,applied,0.531
1272,370,1467,2024-05-18 05:04:52,referral,offer,0.866
1273,1140,4337,2025-03-19 14:07:26,job_board,applied,0.648
1274,969,8469,2025-01-08 13:24:28,outbound,applied,0.6
1275,616,6593,2024-08-01 05:26:08,job_board,interview,0.369
1276,47,5812,2024-01-14 02:02:08,linkedin,interview,0.413
1277,1624,5446,2025-08-20 19:12:52,outbound,applied,0.428
1278,401,8280,2024-05-11 00:50:20,job_board,screened,0.656
1279,278,4863,2024-04-19 23:31:01,linkedin,interview,0.399
1280,1141,3664,2025-03-06 18:59:29,referral,applied,0.741
1281,305,3473,2024-04-17 08:16:53,outbound,screened,0.449
1282,1279,4707,2025-04-25 20:37:34,job_board,screened,0.742
1283,1463,1985,2025-06-24 13:06:03,job_board,interview,0.673
1284,460,8630,2024-06-20 04:23:51,job_board,screened,0.529
1285,139,8302,2024-03-08 05:15:06,linkedin,applied,0.642
1286,194,3445,2024-02-20 19:31:45,job_board,applied,0.64
1287,102,6608,2024-02-01 02:02:09,referral,screened,0.433
1288,969,6962,2025-01-03 13:24:28,linkedin,screened,0.642
1289,759,5522,2024-10-08 16:37:45,recruiter,applied,0.754
1290,1556,1002,2025-07-27 13:36:26,recruiter,applied,0.787
1291,796,769,2024-11-02 04:18:55,linkedin,interview,0.912
1292,1302,6440,2025-05-15 15:20:45,referral,applied,0.805
1293,940,1006,2024-12-02 09:55:38,job_board,applied,0.686
1294,857,7387,2024-11-14 16:12:16,job_board,screened,0.538
1295,1482,3892,2025-06-13 23:01:57,job_board,applied,0.644
1296,1018,7231,2025-02-07 12:20:20,job_board,applied,0.965
1297,1138,1132,2025-02-09 01:22:41,referral,applied,0.945
1298,901,3537,2024-11-11 02:56:58,referral,screened,0.815
1299,1428,1341,2025-06-19 18:13:01,recruiter,screened,0.371
1300,610,4400,2024-08-03 22:31:48,job_board,applied,0.391
1301,100,732,2024-02-10 14:56:54,recruiter,screened,0.964
1302,848,2478,2024-11-01 08:35:59,linkedin,applied,0.861
1303,632,2647,2024-08-13 23:00:52,outbound,applied,0.658
1304,1794,4585,2025-10-22 14:12:06,job_board,interview,0.602
1305,1933,101,2025-12-28 09:24:02,referral,applied,0.465
1306,436,2818,2024-06-25 14:50:41,referral,interview,0.677
1307,856,6591,2024-11-07 18:47:20,linkedin,applied,0.76
1308,865,3679,2024-11-25 04:31:36,referral,applied,0.431
1309,445,5395,2024-06-14 23:02:01,recruiter,applied,0.648
1310,20,7739,2024-01-09 14:49:30,job_board,applied,0.574
1311,1985,4569,2026-01-29 23:24:16,job_board,applied,0.909
1312,1305,7905,2025-04-21 08:19:00,outbound,screened,0.798
1313,823,8882,2024-10-23 13:37:37,recruiter,interview,0.919
1314,368,4754,2024-05-24 19:37:50,job_board,applied,0.575
1315,958,4338,2025-01-13 14:20:53,job_board,applied,0.452
1316,545,2850,2024-08-07 15:07:04,outbound,applied,0.873
1317,448,7827,2024-06-11 15:32:36,linkedin,screened,0.617
1318,1916,7039,2025-12-04 07:20:05,referral,applied,0.711
1319,1313,1705,2025-04-23 15:22:38,job_board,applied,0.805
1320,617,5862,2024-08-04 11:23:26,referral,applied,0.742
1321,415,2384,2024-05-15 21:46:51,job_board,applied,0.856
1322,1538,8910,2025-07-19 16:31:19,job_board,screened,0.461
1323,1220,2957,2025-04-01 23:18:25,referral,applied,0.405
1324,1710,762,2025-09-04 21:11:06,job_board,screened,0.562
1325,1515,8914,2025-07-24 04:29:11,outbound,screened,0.682
1326,805,5471,2024-10-05 00:05:34,linkedin,interview,0.826
1327,1305,8169,2025-05-08 08:19:00,recruiter,applied,0.848
1328,762,8027,2024-09-26 09:03:30,linkedin,applied,0.708
1329,181,4038,2024-03-10 12:08:39,job_board,interview,0.837
1330,64,3975,2024-02-28 05:24:37,job_board,interview,0.711
1331,160,7601,2024-03-18 07:00:10,job_board,interview,0.504
1332,1839,3413,2025-10-23 03:14:55,outbound,screened,0.821
1333,1685,2099,2025-08-27 12:44:29,job_board,applied,0.726
1334,783,5098,2024-10-10 04:31:27,recruiter,applied,0.707
1335,1810,5334,2025-10-31 00:07:54,outbound,interview,0.86
1336,1475,7398,2025-07-20 04:06:19,linkedin,applied,0.374
1337,272,1457,2024-03-31 00:17:07,outbound,applied,0.496
1338,452,4378,2024-06-15 07:15:41,recruiter,screened,0.782
1339,751,5177,2024-09-07 07:48:49,linkedin,applied,0.488
1340,1610,8645,2025-08-24 23:42:18,job_board,applied,0.471
1341,1309,2001,2025-04-26 11:51:59,outbound,applied,0.949
1342,787,5583,2024-10-16 14:50:19,recruiter,applied,0.937
1343,1671,5272,2025-08-20 07:41:18,recruiter,applied,0.646
1344,651,8587,2024-08-18 05:52:53,linkedin,applied,0.415
1345,1818,3859,2025-10-02 21:44:10,linkedin,applied,0.845
1346,1443,1629,2025-06-10 18:49:47,referral,applied,0.844
1347,1398,5029,2025-05-22 04:35:24,referral,interview,0.576
1348,176,7700,2024-03-03 15:34:39,job_board,interview,0.827
1349,295,1451,2024-05-05 08:34:44,job_board,applied,0.406
1350,1967,6450,2026-01-07 07:11:21,job_board,applied,0.637
1351,1537,4559,2025-08-14 14:17:31,job_board,applied,0.381
1352,515,7161,2024-06-23 18:20:07,job_board,offer,0.906
1353,1719,2848,2025-10-07 10:12:48,job_board,interview,0.57
1354,616,7682,2024-08-16 05:26:08,job_board,applied,0.457
1355,703,1296,2024-08-17 20:01:28,linkedin,screened,0.442
1356,609,4765,2024-08-24 16:48:41,linkedin,applied,0.418
1357,989,4504,2024-12-28 08:05:30,outbound,interview,0.418
1358,1524,2518,2025-08-04 09:01:05,referral,screened,0.649
1359,333,1246,2024-04-16 07:15:17,recruiter,applied,0.459
1360,1935,8497,2025-12-26 16:42:57,job_board,applied,0.831
1361,610,3846,2024-08-19 22:31:48,referral,applied,0.671
1362,1937,8353,2025-12-02 18:32:22,linkedin,screened,0.899
1363,1740,2909,2025-10-14 07:23:23,outbound,screened,0.869
1364,1096,5787,2025-03-04 17:44:28,linkedin,applied,0.815
1365,178,4888,2024-03-03 10:14:18,job_board,applied,0.458
1366,1148,3629,2025-02-19 17:49:08,linkedin,applied,0.641
1367,1525,4355,2025-07-25 13:20:42,job_board,applied,0.928
1368,1965,2294,2026-01-12 21:34:34,referral,applied,0.831
1369,196,1212,2024-02-21 01:04:10,job_board,applied,0.693
1370,1490,6019,2025-06-19 15:47:30,job_board,applied,0.695
1371,586,2512,2024-08-08 01:42:41,referral,applied,0.567
1372,1500,4775,2025-07-01 10:43:05,outbound,applied,0.883
1373,1165,5011,2025-03-23 06:41:58,referral,applied,0.917
1374,1733,8977,2025-09-20 19:29:11,recruiter,applied,0.781
1375,7,7506,2024-01-31 15:07:39,referral,screened,0.98
1376,1011,1668,2025-01-17 07:49:27,job_board,applied,0.843
1377,1351,533,2025-05-20 11:44:24,job_board,screened,0.868
1378,759,8704,2024-09-17 16:37:45,linkedin,screened,0.667
1379,633,818,2024-08-15 05:23:21,recruiter,interview,0.646
1380,655,6430,2024-08-01 04:50:01,outbound,interview,0.581
1381,1498,7173,2025-07-08 05:15:45,linkedin,screened,0.658
1382,416,7794,2024-06-08 06:38:08,referral,applied,0.727
1383,1951,3059,2025-12-18 17:50:56,referral,screened,0.691
1384,419,3142,2024-05-08 10:35:57,linkedin,applied,0.478
1385,833,2312,2024-11-12 16:29:20,job_board,interview,0.627
1386,1987,1519,2026-01-05 12:54:51,outbound,interview,0.663
1387,60,2067,2024-02-13 02:56:23,outbound,interview,0.691
1388,673,1822,2024-09-07 21:55:20,job_board,applied,0.385
1389,1698,8737,2025-09-01 02:47:06,job_board,applied,0.81
1390,633,4370,2024-08-07 05:23:21,job_board,interview,0.96
1391,550,4597,2024-07-19 13:20:19,recruiter,screened,0.469
1392,3,5634,2024-01-21 18:21:00,job_board,applied,0.896
1393,298,1449,2024-03-29 04:16:34,job_board,applied,0.479
1394,392,8895,2024-04-27 09:35:54,linkedin,screened,0.383
1395,1759,3655,2025-09-13 06:48:13,job_board,screened,0.819
1396,1093,4572,2025-02-06 12:18:21,outbound,applied,0.892
1397,466,2346,2024-05-30 17:53:54,outbound,screened,0.882
1398,1619,2692,2025-08-30 02:56:32,referral,applied,0.405
1399,1211,1519,2025-04-05 18:42:41,job_board,applied,0.354
1400,632,4534,2024-08-28 23:00:52,outbound,offer,0.909
1401,508,8808,2024-06-23 07:27:34,job_board,applied,0.512
1402,442,172,2024-05-31 06:16:26,outbound,applied,0.486
1403,1425,4006,2025-06-29 04:57:31,referral,interview,0.883
1404,1433,3518,2025-05-26 03:11:08,linkedin,interview,0.534
1405,1298,6222,2025-04-14 14:50:05,linkedin,applied,0.66
1406,895,6664,2024-11-21 16:45:56,referral,applied,0.933
1407,1019,8088,2025-01-21 15:42:41,linkedin,applied,0.787
1408,1796,2301,2025-11-04 06:41:04,job_board,applied,0.624
1409,1111,1851,2025-03-05 05:37:52,job_board,interview,0.667
1410,1229,4318,2025-04-15 10:04:17,referral,interview,0.557
1411,455,1153,2024-05-30 14:06:07,linkedin,offer,0.89
1412,911,4336,2024-11-15 17:23:13,job_board,applied,0.699
1413,44,2343,2024-02-21 08:36:05,outbound,interview,0.866
1414,923,2821,2024-11-24 09:06:28,job_board,applied,0.979
1415,1602,6414,2025-08-19 02:51:57,job_board,applied,0.647
1416,1342,1349,2025-05-29 00:58:13,job_board,offer,0.364
1417,1779,3438,2025-09-21 14:02:53,job_board,interview,0.911
1418,681,6085,2024-09-05 08:07:02,job_board,applied,0.502
1419,1556,4402,2025-08-21 13:36:26,referral,screened,0.512
1420,1465,7706,2025-07-15 18:56:53,job_board,screened,0.563
1421,1416,183,2025-05-26 02:13:48,recruiter,applied,0.96
1422,1599,3672,2025-07-31 03:23:32,outbound,applied,0.756
1423,944,39,2024-12-09 23:35:38,job_board,interview,0.816
1424,684,562,2024-09-05 14:55:59,recruiter,applied,0.436
1425,1168,3664,2025-03-23 23:35:40,job_board,applied,0.587
1426,769,2261,2024-10-21 01:45:58,referral,interview,0.502
1427,1384,1354,2025-05-16 03:13:11,job_board,interview,0.361
1428,1732,8640,2025-09-19 16:20:38,linkedin,applied,0.763
1429,53,7120,2024-02-14 19:22:44,job_board,applied,0.357
1430,1242,3908,2025-04-08 07:33:17,job_board,applied,0.898
1431,848,8562,2024-10-14 08:35:59,job_board,interview,0.764
1432,210,762,2024-04-01 20:34:29,job_board,applied,0.685
1433,450,8332,2024-06-30 00:53:54,job_board,interview,0.631
1434,1652,7890,2025-09-03 01:26:02,outbound,screened,0.625
1435,729,4190,2024-09-14 11:38:25,outbound,applied,0.547
1436,175,6410,2024-03-18 12:57:11,job_board,applied,0.772
1437,1499,2582,2025-06-26 15:32:59,job_board,interview,0.733
1438,475,8688,2024-06-08 12:10:52,job_board,applied,0.548
1439,727,4355,2024-10-08 12:47:03,job_board,offer,0.949
1440,393,1958,2024-05-09 11:09:58,referral,screened,0.59
1441,1479,937,2025-07-12 20:32:19,job_board,interview,0.806
1442,1837,6285,2025-10-25 22:21:32,linkedin,applied,0.631
1443,1944,8496,2026-01-03 11:32:49,referral,screened,0.42
1444,150,6219,2024-03-12 12:44:09,outbound,applied,0.923
1445,1847,6042,2025-11-03 13:10:07,recruiter,offer,0.852
1446,1270,7092,2025-04-07 17:22:44,outbound,applied,0.462
1447,1656,2579,2025-09-05 20:46:37,referral,applied,0.623
1448,151,3039,2024-02-14 13:57:58,linkedin,applied,0.887
1449,1706,6834,2025-09-03 03:59:20,referral,applied,0.813
1450,656,5834,2024-08-02 13:14:28,linkedin,applied,0.763
1451,788,2206,2024-10-11 09:36:51,referral,applied,0.864
1452,1792,532,2025-10-20 01:25:19,linkedin,interview,0.55
1453,1464,6764,2025-06-19 09:30:13,referral,applied,0.884
1454,1025,7743,2025-02-08 16:27:24,job_board,applied,0.921
1455,1335,3617,2025-05-05 03:13:22,linkedin,screened,0.387
1456,712,7480,2024-08-31 13:28:57,job_board,screened,0.926
1457,1966,7776,2025-12-09 15:16:18,recruiter,applied,0.958
1458,140,6306,2024-03-12 05:55:59,linkedin,applied,0.593
1459,1150,8909,2025-03-17 01:37:53,job_board,screened,0.911
1460,89,8771,2024-02-11 16:15:38,linkedin,interview,0.384
1461,860,2882,2024-10-26 05:21:35,linkedin,screened,0.79
1462,1017,8093,2025-01-29 10:10:24,job_board,applied,0.645
1463,1675,4961,2025-09-01 20:09:44,linkedin,offer,0.657
1464,1877,3444,2025-11-11 14:19:52,outbound,applied,0.926
1465,1500,2142,2025-07-18 10:43:05,job_board,applied,0.743
1466,1929,6214,2025-12-03 00:26:09,job_board,interview,0.914
1467,250,7204,2024-03-06 18:07:52,linkedin,applied,0.464
1468,1052,1829,2025-01-21 21:43:34,referral,screened,0.801
1469,1193,4428,2025-03-08 03:05:43,referral,applied,0.498
1470,155,8020,2024-03-14 16:03:34,outbound,applied,0.452
1471,1185,8855,2025-03-02 07:08:44,linkedin,applied,0.897
1472,86,3960,2024-03-04 19:15:52,job_board,interview,0.723
1473,1264,7983,2025-03-25 12:20:44,linkedin,applied,0.44
1474,443,7691,2024-06-30 11:20:45,referral,applied,0.691
1475,1883,2455,2025-12-06 12:23:52,recruiter,screened,0.758
1476,653,4093,2024-08-02 18:31:52,referral,applied,0.915
1477,1205,1076,2025-03-20 08:36:21,job_board,screened,0.47
1478,1219,51,2025-03-30 14:43:41,job_board,applied,0.468
1479,1741,5579,2025-09-23 01:52:45,outbound,applied,0.804
1480,674,23,2024-09-19 22:01:38,referral,applied,0.603
1481,717,2863,2024-08-28 05:41:22,linkedin,offer,0.8
1482,1367,1579,2025-05-20 06:19:34,linkedin,interview,0.476
1483,115,2284,2024-02-20 18:53:29,job_board,applied,0.752
1484,1108,2175,2025-02-24 01:28:41,recruiter,applied,0.478
1485,751,4907,2024-09-14 07:48:49,linkedin,applied,0.614
1486,1956,6961,2025-12-25 13:57:14,job_board,interview,0.921
1487,1066,4844,2025-01-22 13:42:28,job_board,applied,0.49
1488,1543,6814,2025-07-12 06:40:42,outbound,screened,0.488
1489,1667,4839,2025-09-01 14:39:16,job_board,applied,0.792
1490,293,6196,2024-04-24 18:27:38,job_board,offer,0.501
1491,1264,2649,2025-04-19 12:20:44,referral,applied,0.701
1492,1360,2955,2025-06-06 21:03:05,recruiter,applied,0.714
1493,885,1399,2024-10-31 03:16:21,linkedin,screened,0.894
1494,397,4682,2024-05-14 06:51:45,job_board,applied,0.383
1495,924,1653,2024-11-20 16:56:25,linkedin,applied,0.936
1496,103,5626,2024-02-10 17:24:04,job_board,screened,0.775
1497,1994,6482,2026-01-31 13:18:01,recruiter,offer,0.891
1498,178,7963,2024-03-11 10:14:18,outbound,interview,0.632
1499,283,4213,2024-03-26 22:54:35,job_board,offer,0.439
1500,274,8927,2024-03-17 16:28:54,recruiter,applied,0.894
1501,412,4225,2024-05-09 12:39:45,job_board,interview,0.61
1502,368,6426,2024-05-06 19:37:50,job_board,applied,0.694
1503,1251,8791,2025-04-26 03:48:44,job_board,interview,0.599
1504,224,4766,2024-03-14 19:54:23,job_board,applied,0.398
1505,1403,8262,2025-05-15 17:34:16,job_board,screened,0.489
1506,816,5185,2024-10-10 22:23:14,recruiter,applied,0.951
1507,790,585,2024-10-18 23:39:15,referral,applied,0.725
1508,1020,4450,2025-01-17 11:54:01,linkedin,screened,0.671
1509,65,7180,2024-02-21 13:03:33,job_board,applied,0.375
1510,1001,5837,2024-12-29 17:34:29,job_board,interview,0.902
1511,1045,2232,2025-01-26 16:06:55,referral,applied,0.97
1512,1499,2586,2025-06-29 15:32:59,linkedin,interview,0.39
1513,289,6501,2024-04-08 15:59:53,referral,interview,0.814
1514,103,7186,2024-02-11 17:24:04,job_board,applied,0.954
1515,113,1561,2024-02-20 22:01:18,job_board,interview,0.936
1516,1918,4093,2025-11-30 16:17:29,referral,screened,0.762
1517,690,1309,2024-08-20 15:47:51,referral,offer,0.692
1518,472,2649,2024-06-25 18:15:59,job_board,applied,0.394
1519,272,8453,2024-03-27 00:17:07,referral,applied,0.692
1520,513,264,2024-07-23 07:04:54,recruiter,offer,0.899
1521,878,5025,2024-12-06 20:18:00,job_board,applied,0.446
1522,1940,4062,2025-12-08 16:38:19,job_board,applied,0.447
1523,1524,3147,2025-07-11 09:01:05,job_board,applied,0.862
1524,1703,8080,2025-10-01 03:33:16,outbound,applied,0.961
1525,95,8021,2024-02-28 04:53:18,referral,interview,0.403
1526,1149,189,2025-02-28 19:15:06,job_board,screened,0.446
1527,1000,2609,2025-01-21 04:15:41,outbound,applied,0.602
1528,391,2129,2024-05-04 01:28:18,referral,applied,0.94
1529,994,576,2025-01-22 08:18:42,linkedin,applied,0.406
1530,1170,4531,2025-03-26 19:49:08,job_board,applied,0.374
1531,4,3554,2024-01-21 20:39:45,recruiter,applied,0.932
1532,1962,3588,2025-12-26 12:37:19,job_board,applied,0.621
1533,1477,6366,2025-07-03 09:21:03,recruiter,applied,0.713
1534,1852,8750,2025-11-19 14:02:47,job_board,offer,0.572
1535,180,5959,2024-03-09 19:37:37,job_board,applied,0.749
1536,121,5561,2024-02-18 21:24:45,job_board,interview,0.685
1537,1865,4264,2025-11-10 07:03:10,linkedin,applied,0.361
1538,1866,3629,2025-10-20 15:15:50,outbound,applied,0.462
1539,1279,4592,2025-04-28 20:37:34,referral,applied,0.384
1540,402,2393,2024-05-16 02:08:32,recruiter,applied,0.417
1541,576,4766,2024-08-15 06:26:05,job_board,interview,0.452
1542,1589,3408,2025-08-02 21:59:26,job_board,interview,0.922
1543,1851,3371,2025-10-24 14:16:45,job_board,applied,0.482
1544,1344,7814,2025-05-28 13:17:22,job_board,interview,0.974
1545,801,747,2024-09-29 22:08:05,job_board,screened,0.919
1546,1644,7361,2025-09-08 05:50:45,job_board,interview,0.618
1547,521,1421,2024-07-22 02:22:21,job_board,applied,0.397
1548,259,3410,2024-03-18 15:12:31,referral,screened,0.957
1549,770,6519,2024-09-19 10:21:24,job_board,screened,0.821
1550,936,8220,2024-12-08 12:07:21,job_board,applied,0.553
1551,1224,7291,2025-04-08 03:54:48,outbound,applied,0.521
1552,1377,6537,2025-05-15 11:57:10,job_board,applied,0.908
1553,1448,3560,2025-06-01 03:35:42,job_board,offer,0.843
1554,410,3255,2024-05-20 16:26:21,referral,interview,0.482
1555,1324,2964,2025-04-15 14:36:59,recruiter,screened,0.482
1556,90,7503,2024-02-14 16:55:50,linkedin,applied,0.854
1557,1843,5470,2025-10-18 21:46:52,linkedin,interview,0.896
1558,884,580,2024-11-09 11:13:05,outbound,screened,0.681
1559,1913,196,2025-11-14 10:45:09,job_board,interview,0.447
1560,1736,1093,2025-08-29 13:21:28,referral,applied,0.504
1561,395,5126,2024-05-27 20:58:48,linkedin,offer,0.761
1562,224,8830,2024-04-07 19:54:23,job_board,applied,0.459
1563,1826,4222,2025-10-20 18:03:30,recruiter,applied,0.371
1564,983,2219,2024-12-17 03:14:09,linkedin,applied,0.539
1565,214,3978,2024-04-06 05:19:01,referral,applied,0.755
1566,1218,6373,2025-03-18 12:47:08,referral,offer,0.659
1567,1914,13,2025-11-30 15:03:32,linkedin,applied,0.953
1568,1203,5912,2025-03-31 08:11:49,recruiter,interview,0.435
1569,519,8486,2024-07-16 18:14:17,job_board,screened,0.935
1570,675,8401,2024-09-09 01:25:10,job_board,screened,0.648
1571,532,1561,2024-07-21 00:14:56,referral,applied,0.944
1572,1077,8831,2025-01-20 19:13:06,job_board,applied,0.463
1573,844,1017,2024-10-26 20:08:45,job_board,applied,0.514
1574,686,4234,2024-09-10 00:08:45,job_board,screened,0.578
1575,364,3473,2024-05-26 09:27:43,referral,applied,0.428
1576,58,6026,2024-02-11 23:44:42,job_board,applied,0.471
1577,1656,7009,2025-08-23 20:46:37,job_board,screened,0.608
1578,1607,5485,2025-08-30 19:19:23,job_board,applied,0.702
1579,250,6885,2024-03-29 18:07:52,job_board,applied,0.711
1580,456,8839,2024-05-25 16:25:59,job_board,interview,0.354
1581,879,4607,2024-11-11 11:09:19,job_board,applied,0.854
1582,1192,5197,2025-03-31 00:39:20,job_board,applied,0.541
1583,1815,4943,2025-10-19 16:28:14,job_board,screened,0.814
1584,1395,2413,2025-05-29 12:23:56,referral,applied,0.521
1585,1271,4097,2025-03-23 21:22:39,recruiter,interview,0.529
1586,1488,5034,2025-07-12 06:28:02,job_board,applied,0.725
1587,1215,228,2025-03-12 00:34:29,linkedin,applied,0.361
1588,1860,3534,2025-10-22 23:29:20,job_board,offer,0.425
1589,1990,2501,2026-02-05 12:25:53,outbound,interview,0.96
1590,903,5996,2024-11-25 17:56:59,job_board,applied,0.639
1591,46,3501,2024-02-19 00:08:42,recruiter,interview,0.87
1592,1989,1225,2026-01-24 09:11:29,referral,offer,0.866
1593,640,4991,2024-09-04 22:49:45,referral,applied,0.354
1594,537,4153,2024-07-11 06:00:39,job_board,applied,0.641
1595,251,5932,2024-04-06 19:09:24,linkedin,screened,0.742
1596,1525,6684,2025-08-10 13:20:42,recruiter,applied,0.85
1597,370,8889,2024-05-17 05:04:52,job_board,applied,0.959
1598,1929,5563,2025-12-22 00:26:09,job_board,applied,0.44
1599,433,4567,2024-06-22 03:00:04,recruiter,screened,0.793
1600,145,2523,2024-02-19 10:17:46,outbound,applied,0.627
1601,1254,6048,2025-04-08 15:04:07,job_board,applied,0.598
1602,412,3713,2024-06-04 12:39:45,job_board,offer,0.351
1603,545,8646,2024-08-04 15:07:04,linkedin,interview,0.974
1604,211,6168,2024-03-29 05:44:48,linkedin,applied,0.739
1605,1329,2509,2025-05-01 22:36:00,job_board,interview,0.747
1606,441,8450,2024-06-20 02:03:08,job_board,applied,0.94
1607,1477,4084,2025-07-03 09:21:03,job_board,applied,0.498
1608,519,5581,2024-07-05 18:14:17,recruiter,interview,0.794
1609,804,6489,2024-10-15 11:53:02,recruiter,applied,0.64
1610,984,5886,2025-01-20 13:24:28,referral,applied,0.657
1611,1073,5087,2025-01-20 00:52:53,job_board,applied,0.844
1612,1656,6598,2025-09-17 20:46:37,referral,applied,0.519
1613,265,8039,2024-03-19 20:28:44,referral,applied,0.94
1614,456,1472,2024-06-20 16:25:59,linkedin,offer,0.658
1615,1506,5095,2025-07-31 22:12:36,outbound,applied,0.675
1616,1711,5463,2025-09-01 03:01:56,outbound,screened,0.597
1617,839,8302,2024-11-06 07:26:37,recruiter,applied,0.398
1618,12,5184,2024-01-28 07:40:29,job_board,screened,0.699
1619,1670,1338,2025-08-12 07:01:35,linkedin,applied,0.764
1620,1224,6865,2025-03-30 03:54:48,recruiter,interview,0.382
1621,1053,7232,2025-02-26 21:51:00,job_board,applied,0.537
1622,779,7551,2024-10-25 16:24:19,job_board,interview,0.873
1623,1394,1920,2025-06-15 08:55:41,job_board,screened,0.662
1624,578,1356,2024-07-28 18:28:34,linkedin,applied,0.73
1625,718,443,2024-09-24 08:07:52,referral,applied,0.581
1626,1538,3853,2025-07-15 16:31:19,referral,screened,0.386
1627,744,1005,2024-09-11 20:08:43,referral,interview,0.703
1628,1893,6889,2025-12-15 13:57:17,job_board,applied,0.511
1629,874,5227,2024-11-04 08:36:02,job_board,offer,0.797
1630,1125,2839,2025-03-05 22:05:34,job_board,applied,0.599
1631,1273,2618,2025-04-29 00:53:10,job_board,applied,0.671
1632,1398,4045,2025-06-03 04:35:24,recruiter,applied,0.704
1633,1014,1296,2025-01-04 12:16:28,linkedin,applied,0.805
1634,727,3749,2024-10-06 12:47:03,job_board,screened,0.862
1635,1609,5662,2025-08-02 04:31:02,job_board,applied,0.414
1636,1433,4152,2025-07-03 03:11:08,referral,applied,0.409
1637,110,4392,2024-02-02 15:25:06,outbound,applied,0.451
1638,1251,7451,2025-03-29 03:48:44,job_board,applied,0.765
1639,1802,3425,2025-10-27 18:51:23,job_board,applied,0.508
1640,1120,1122,2025-02-02 14:03:25,referral,applied,0.837
1641,1853,4822,2025-11-02 04:21:38,referral,applied,0.592
1642,781,1566,2024-10-26 00:36:01,referral,applied,0.614
1643,489,7753,2024-07-16 07:59:07,job_board,applied,0.702
1644,998,1404,2025-01-18 22:42:07,referral,screened,0.738
1645,202,6523,2024-03-28 00:56:02,outbound,screened,0.361
1646,130,4068,2024-03-07 18:12:04,job_board,applied,0.611
1647,1144,4457,2025-03-23 09:28:42,job_board,applied,0.864
1648,60,7975,2024-02-03 02:56:23,referral,applied,0.734
1649,129,7404,2024-02-14 12:04:26,outbound,applied,0.523
1650,911,1543,2024-12-21 17:23:13,job_board,screened,0.936
1651,460,7763,2024-06-12 04:23:51,job_board,interview,0.96
1652,360,2891,2024-05-11 22:08:54,job_board,interview,0.643
1653,1016,3387,2025-02-01 07:30:20,linkedin,applied,0.569
1654,656,7469,2024-09-05 13:14:28,recruiter,screened,0.9
1655,1228,1349,2025-04-14 07:43:04,referral,applied,0.528
1656,852,3703,2024-10-30 07:50:03,job_board,applied,0.809
1657,389,1036,2024-05-08 14:43:30,referral,applied,0.782
1658,1409,5082,2025-06-19 21:46:07,recruiter,applied,0.749
1659,1866,5750,2025-11-03 15:15:50,linkedin,screened,0.451
1660,1454,5238,2025-06-27 17:14:15,job_board,screened,0.461
1661,363,8427,2024-05-14 06:42:22,job_board,applied,0.594
1662,1116,6397,2025-02-18 12:02:47,job_board,applied,0.692
1663,308,347,2024-04-24 16:22:41,job_board,applied,0.58
1664,53,1862,2024-02-14 19:22:44,outbound,applied,0.811
1665,325,4476,2024-04-10 09:54:15,linkedin,applied,0.525
1666,1620,4116,2025-08-04 21:39:56,referral,applied,0.732
1667,1860,1749,2025-11-07 23:29:20,job_board,offer,0.505
1668,1195,4752,2025-03-31 03:59:49,job_board,screened,0.628
1669,1758,4784,2025-09-26 20:22:21,recruiter,offer,0.618
1670,820,4089,2024-10-24 03:34:12,job_board,applied,0.671
1671,67,7710,2024-02-04 04:39:19,job_board,screened,0.824
1672,1809,3422,2025-11-01 14:35:54,recruiter,applied,0.565
1673,1454,7083,2025-06-04 17:14:15,referral,applied,0.756
1674,1318,6288,2025-05-05 06:18:41,job_board,applied,0.915
1675,147,8742,2024-03-04 23:09:35,linkedin,screened,0.547
1676,1926,5727,2025-11-29 08:13:05,referral,offer,0.674
1677,151,4361,2024-02-13 13:57:58,linkedin,screened,0.54
1678,31,9,2024-02-10 08:09:36,referral,applied,0.873
1679,153,5971,2024-02-07 06:27:57,linkedin,screened,0.533
1680,1883,4751,2025-11-09 12:23:52,outbound,screened,0.971
1681,1660,8087,2025-08-29 06:23:16,outbound,interview,0.392
1682,227,5365,2024-02-27 08:27:34,linkedin,offer,0.914
1683,855,6279,2024-10-16 03:29:01,job_board,applied,0.855
1684,1057,8207,2025-02-12 05:13:27,job_board,interview,0.447
1685,1115,8678,2025-02-27 01:02:26,job_board,screened,0.77
1686,404,1987,2024-06-11 09:20:12,job_board,interview,0.373
1687,62,2210,2024-02-10 17:47:50,job_board,interview,0.385
1688,62,7056,2024-01-20 17:47:50,job_board,applied,0.708
1689,1802,1215,2025-10-20 18:51:23,outbound,applied,0.72
1690,1244,7377,2025-03-11 14:38:23,recruiter,screened,0.545
1691,1965,1343,2025-12-12 21:34:34,job_board,applied,0.899
1692,1721,3278,2025-09-02 18:06:26,referral,applied,0.731
1693,471,7672,2024-06-02 06:24:03,recruiter,applied,0.755
1694,180,1240,2024-03-28 19:37:37,job_board,applied,0.733
1695,1314,476,2025-05-05 13:20:29,job_board,interview,0.605
1696,450,6831,2024-06-15 00:53:54,recruiter,interview,0.393
1697,1358,7290,2025-04-25 12:44:10,job_board,applied,0.705
1698,1936,6789,2025-12-03 05:57:29,linkedin,applied,0.87
1699,1933,4177,2025-12-01 09:24:02,job_board,screened,0.921
1700,503,6873,2024-07-07 17:28:44,referral,applied,0.436
1701,968,6222,2025-01-16 02:35:56,linkedin,interview,0.812
1702,1415,3402,2025-06-10 01:11:59,recruiter,applied,0.482
1703,476,6710,2024-06-06 14:22:08,job_board,screened,0.481
1704,1126,1740,2025-02-13 05:31:05,job_board,applied,0.391
1705,721,3820,2024-09-15 04:06:03,job_board,screened,0.963
1706,1148,7447,2025-02-27 17:49:08,job_board,applied,0.821
1707,1280,1315,2025-03-27 22:37:40,job_board,applied,0.563
1708,1753,3787,2025-09-26 15:04:39,job_board,applied,0.889
1709,945,5553,2024-12-11 13:39:19,referral,applied,0.441
1710,575,5381,2024-07-14 09:48:47,linkedin,applied,0.565
1711,159,8609,2024-03-18 03:12:05,recruiter,offer,0.381
1712,1400,5950,2025-05-11 20:04:35,job_board,applied,0.625
1713,1615,230,2025-08-27 14:04:18,recruiter,applied,0.51
1714,822,8959,2024-10-05 13:05:08,job_board,applied,0.973
1715,1729,2043,2025-09-03 16:07:52,recruiter,screened,0.469
1716,949,5351,2025-01-11 05:13:54,linkedin,applied,0.458
1717,957,7870,2024-12-14 11:56:18,job_board,applied,0.38
1718,93,5466,2024-01-24 20:42:41,recruiter,applied,0.668
1719,1047,628,2025-02-02 22:04:46,job_board,screened,0.4
1720,1190,3161,2025-03-03 18:54:30,linkedin,interview,0.831
1721,984,92,2025-01-14 13:24:28,outbound,applied,0.613
1722,1076,3794,2025-02-13 16:11:48,job_board,applied,0.976
1723,1060,7901,2025-02-10 22:17:32,job_board,applied,0.394
1724,1399,2320,2025-05-07 14:09:40,job_board,applied,0.629
1725,206,6914,2024-03-05 01:31:37,job_board,applied,0.962
1726,1061,384,2025-01-17 08:40:03,recruiter,applied,0.621
1727,868,2285,2024-11-29 21:57:08,job_board,interview,0.569
1728,694,5158,2024-08-16 21:52:53,referral,screened,0.436
1729,896,8699,2024-12-11 01:09:08,referral,screened,0.731
1730,1359,5570,2025-06-02 15:14:24,referral,applied,0.547
1731,1996,6412,2026-01-28 01:11:23,job_board,applied,0.71
1732,443,6953,2024-06-22 11:20:45,referral,interview,0.93
1733,98,1072,2024-03-03 15:13:55,recruiter,applied,0.712
1734,699,8636,2024-09-24 12:43:48,job_board,applied,0.389
1735,625,4145,2024-08-05 09:35:34,job_board,interview,0.661
1736,139,2780,2024-03-08 05:15:06,recruiter,applied,0.795
1737,992,7786,2025-01-05 14:09:38,recruiter,applied,0.727
1738,1037,4415,2025-01-15 00:53:34,referral,offer,0.435
1739,1695,6010,2025-08-30 08:22:57,linkedin,applied,0.619
1740,1398,3330,2025-06-17 04:35:24,recruiter,applied,0.685
1741,923,5273,2024-11-25 09:06:28,job_board,offer,0.593
1742,1316,1376,2025-05-02 17:56:26,job_board,applied,0.932
1743,583,3753,2024-07-16 03:43:48,referral,applied,0.971
1744,314,4067,2024-04-17 23:05:54,outbound,screened,0.829
1745,1071,2233,2025-02-28 20:56:56,linkedin,screened,0.931
1746,994,8211,2025-02-04 08:18:42,referral,applied,0.941
1747,595,5523,2024-08-19 16:23:40,job_board,screened,0.57
1748,1800,7835,2025-10-31 11:56:43,job_board,screened,0.565
1749,1097,1385,2025-02-17 23:19:17,linkedin,screened,0.376
1750,1136,3813,2025-02-06 22:34:01,referral,applied,0.486
1751,1380,7290,2025-05-30 04:53:08,job_board,applied,0.447
1752,581,1468,2024-07-29 18:25:32,outbound,interview,0.456
1753,1062,1887,2025-01-26 17:04:19,referral,screened,0.45
1754,1794,8311,2025-10-23 14:12:06,job_board,applied,0.562
1755,1220,1086,2025-03-01 23:18:25,linkedin,applied,0.759
1756,1704,4124,2025-08-26 11:36:43,job_board,screened,0.894
1757,78,649,2024-02-07 07:48:41,linkedin,applied,0.465
1758,1441,3058,2025-06-02 09:40:49,job_board,interview,0.759
1759,1318,7335,2025-05-08 06:18:41,referral,interview,0.675
1760,1796,3274,2025-10-28 06:41:04,recruiter,applied,0.758
1761,1940,4211,2025-12-28 16:38:19,referral,applied,0.354
1762,279,8246,2024-03-21 09:40:23,referral,interview,0.881
1763,984,3588,2025-01-13 13:24:28,referral,applied,0.596
1764,1866,5407,2025-12-01 15:15:50,outbound,applied,0.844
1765,1606,4691,2025-08-31 08:32:00,linkedin,applied,0.565
1766,203,6466,2024-02-28 11:13:39,linkedin,offer,0.956
1767,1098,5286,2025-02-03 03:51:04,linkedin,applied,0.774
1768,697,7481,2024-08-22 02:29:56,job_board,applied,0.935
1769,1408,7927,2025-05-22 14:08:48,job_board,applied,0.611
1770,1026,8881,2025-02-16 04:39:54,job_board,applied,0.537
1771,620,3095,2024-07-23 18:44:41,referral,applied,0.636
1772,835,1600,2024-11-03 08:07:25,linkedin,screened,0.441
1773,1934,1684,2026-01-07 15:32:57,referral,offer,0.489
1774,732,7090,2024-10-03 17:20:24,job_board,applied,0.588
1775,431,7822,2024-06-01 16:32:29,referral,screened,0.564
1776,225,2174,2024-03-22 03:08:29,job_board,screened,0.377
1777,319,4326,2024-04-17 13:22:46,referral,interview,0.485
1778,107,175,2024-02-25 06:41:50,referral,screened,0.739
1779,92,5216,2024-03-06 18:49:07,referral,screened,0.915
1780,1067,6314,2025-02-12 17:47:54,linkedin,screened,0.476
1781,1083,1424,2025-02-09 17:51:55,referral,screened,0.483
1782,1592,8340,2025-08-27 14:03:41,referral,applied,0.82
1783,1238,7760,2025-03-21 08:07:50,outbound,applied,0.752
1784,383,8618,2024-04-23 18:34:52,recruiter,applied,0.908
1785,1300,8446,2025-04-10 05:51:37,outbound,applied,0.442
1786,887,744,2024-11-27 16:55:06,job_board,offer,0.918
1787,345,4029,2024-04-28 16:05:09,job_board,screened,0.525
1788,1301,3831,2025-05-11 07:42:57,job_board,offer,0.524
1789,1303,182,2025-05-01 21:40:21,job_board,applied,0.615
1790,847,8422,2024-11-07 06:01:53,linkedin,applied,0.956
1791,331,244,2024-05-16 09:12:43,job_board,interview,0.415
1792,60,6262,2024-02-17 02:56:23,job_board,applied,0.741
1793,1510,2721,2025-07-03 01:17:20,referral,applied,0.885
1794,312,5377,2024-04-27 18:37:41,job_board,interview,0.946
1795,551,4427,2024-07-27 22:06:34,job_board,applied,0.835
1796,1352,1983,2025-06-02 19:19:25,outbound,interview,0.39
1797,845,3896,2024-10-13 00:52:18,job_board,screened,0.868
1798,1642,6371,2025-08-11 03:38:50,job_board,applied,0.84
1799,735,5120,2024-10-03 03:43:41,outbound,screened,0.946
1800,1785,2025,2025-11-02 01:19:20,recruiter,applied,0.464
1801,736,2317,2024-09-09 11:58:19,job_board,applied,0.667
1802,166,6264,2024-03-24 10:07:59,job_board,screened,0.599
1803,1442,1888,2025-05-26 10:39:29,job_board,screened,0.787
1804,1321,5361,2025-05-10 22:12:00,job_board,applied,0.451
1805,1996,8768,2026-01-16 01:11:23,job_board,applied,0.377
1806,199,5180,2024-03-18 23:53:38,linkedin,applied,0.549
1807,1055,2526,2025-02-23 23:55:16,job_board,screened,0.805
1808,1420,6024,2025-06-09 22:44:53,job_board,applied,0.752
1809,803,8519,2024-10-04 02:58:05,referral,interview,0.538
1810,525,5840,2024-07-31 02:39:10,linkedin,applied,0.724
1811,588,5144,2024-07-23 13:38:18,job_board,offer,0.685
1812,22,5525,2024-01-29 16:08:09,job_board,applied,0.547
1813,1249,630,2025-03-20 18:52:16,job_board,interview,0.363
1814,1557,213,2025-08-17 19:43:40,recruiter,interview,0.668
1815,903,5356,2024-12-21 17:56:59,recruiter,offer,0.356
1816,79,4303,2024-02-05 12:03:48,linkedin,applied,0.796
1817,1546,8870,2025-07-26 21:50:45,job_board,interview,0.485
1818,1817,4291,2025-10-20 18:21:59,job_board,screened,0.549
1819,1214,7558,2025-04-09 04:02:24,job_board,applied,0.421
1820,175,5932,2024-03-10 12:57:11,job_board,offer,0.702
1821,824,2732,2024-10-09 02:55:22,job_board,applied,0.422
1822,1139,7769,2025-03-11 13:08:45,job_board,offer,0.627
1823,1907,860,2025-12-03 07:53:38,recruiter,applied,0.769
1824,999,6264,2024-12-30 03:55:31,outbound,offer,0.961
1825,23,4144,2024-01-29 06:33:13,job_board,screened,0.673
1826,1409,6508,2025-05-13 21:46:07,job_board,applied,0.493
1827,1379,889,2025-05-12 04:28:32,recruiter,offer,0.782
1828,471,1821,2024-06-30 06:24:03,linkedin,applied,0.543
1829,822,2680,2024-10-25 13:05:08,job_board,applied,0.525
1830,86,5090,2024-02-09 19:15:52,linkedin,applied,0.75
1831,244,8264,2024-03-19 05:15:56,referral,interview,0.387
1832,623,8169,2024-08-30 08:16:20,linkedin,interview,0.595
1833,186,5882,2024-02-26 23:00:55,referral,applied,0.582
1834,553,1025,2024-08-08 13:09:46,outbound,offer,0.446
1835,1299,7051,2025-04-16 09:14:52,job_board,screened,0.732
1836,766,7645,2024-09-26 10:47:10,referral,screened,0.837
1837,296,4866,2024-04-20 13:31:16,job_board,screened,0.544
1838,1249,597,2025-04-16 18:52:16,job_board,screened,0.585
1839,1713,1514,2025-09-13 19:39:56,job_board,interview,0.589
1840,1181,7262,2025-03-17 22:45:11,outbound,interview,0.717
1841,622,1354,2024-08-08 08:15:16,job_board,applied,0.833
1842,1614,3050,2025-08-28 11:11:24,job_board,applied,0.441
1843,688,6892,2024-09-18 03:34:25,job_board,applied,0.36
1844,31,1367,2024-02-17 08:09:36,outbound,applied,0.818
1845,1321,3864,2025-05-08 22:12:00,job_board,applied,0.566
1846,1438,6158,2025-06-05 10:55:37,job_board,interview,0.68
1847,441,4500,2024-06-13 02:03:08,job_board,applied,0.768
1848,754,7892,2024-10-02 11:26:06,job_board,applied,0.975
1849,15,1611,2024-01-15 06:44:33,linkedin,applied,0.832
1850,940,5151,2025-01-05 09:55:38,job_board,interview,0.556
1851,892,3256,2024-12-03 13:50:05,outbound,applied,0.466
1852,517,5037,2024-07-04 06:57:57,recruiter,applied,0.689
1853,1056,1191,2025-01-16 03:53:12,job_board,screened,0.665
1854,1358,6181,2025-05-26 12:44:10,outbound,applied,0.428
1855,892,1841,2024-11-09 13:50:05,job_board,offer,0.638
1856,1592,7282,2025-08-20 14:03:41,recruiter,screened,0.957
1857,916,8000,2024-12-02 01:57:29,job_board,interview,0.69
1858,819,3064,2024-11-03 22:35:51,job_board,screened,0.974
1859,1332,6451,2025-05-25 04:22:18,job_board,interview,0.474
1860,343,4918,2024-04-12 11:17:46,recruiter,applied,0.712
1861,1692,7668,2025-08-17 11:13:16,job_board,applied,0.412
1862,1210,8335,2025-03-27 18:15:57,linkedin,applied,0.818
1863,732,7868,2024-09-16 17:20:24,linkedin,applied,0.534
1864,469,2339,2024-06-26 14:16:53,linkedin,applied,0.954
1865,1581,5307,2025-07-20 08:24:39,job_board,applied,0.366
1866,28,839,2024-02-17 08:44:21,outbound,applied,0.706
1867,126,2738,2024-02-10 16:34:42,job_board,applied,0.793
1868,1216,3266,2025-03-04 08:14:26,job_board,applied,0.621
1869,961,4433,2024-12-26 10:47:13,job_board,applied,0.958
1870,344,7492,2024-05-15 15:23:23,recruiter,screened,0.539
1871,753,170,2024-09-07 02:05:50,job_board,applied,0.365
1872,1566,4439,2025-08-02 15:20:04,linkedin,applied,0.781
1873,932,7357,2024-12-29 13:53:11,job_board,screened,0.674
1874,1057,2076,2025-02-07 05:13:27,linkedin,applied,0.733
1875,183,7224,2024-02-18 16:39:03,linkedin,screened,0.698
1876,1443,693,2025-06-03 18:49:47,job_board,applied,0.804
1877,278,4575,2024-04-10 23:31:01,referral,applied,0.648
1878,467,8878,2024-06-24 09:16:08,job_board,applied,0.393
1879,587,3398,2024-07-18 13:11:48,job_board,applied,0.386
1880,862,5761,2024-11-03 11:21:12,referral,screened,0.369
1881,548,1554,2024-06-29 08:17:49,outbound,applied,0.958
1882,1632,3797,2025-08-25 20:22:20,outbound,applied,0.953
1883,771,681,2024-10-01 04:14:10,linkedin,interview,0.595
1884,72,1042,2024-02-15 10:28:41,outbound,applied,0.773
1885,915,2925,2024-11-28 21:11:22,job_board,interview,0.383
1886,247,8833,2024-04-17 23:22:25,recruiter,applied,0.795
1887,443,8438,2024-05-19 11:20:45,recruiter,interview,0.637
1888,1183,527,2025-02-28 15:37:50,job_board,applied,0.664
1889,1239,619,2025-03-08 17:52:24,recruiter,offer,0.414
1890,1334,6189,2025-05-24 01:58:55,recruiter,applied,0.596
1891,752,8543,2024-09-15 13:30:54,linkedin,screened,0.465
1892,1676,4555,2025-08-13 02:30:56,linkedin,screened,0.354
1893,121,4759,2024-03-05 21:24:45,job_board,applied,0.61
1894,759,5415,2024-10-16 16:37:45,job_board,screened,0.416
1895,488,3968,2024-07-12 17:37:54,job_board,interview,0.467
1896,83,6703,2024-01-29 15:03:39,job_board,applied,0.544
1897,1121,1107,2025-02-02 16:20:34,linkedin,screened,0.636
1898,114,534,2024-02-10 07:40:16,job_board,applied,0.502
1899,1214,643,2025-03-05 04:02:24,job_board,offer,0.95
1900,1710,2004,2025-09-25 21:11:06,job_board,applied,0.929
1901,1600,4901,2025-08-04 17:31:34,job_board,screened,0.506
1902,1363,2363,2025-05-15 09:14:20,linkedin,applied,0.633
1903,491,5388,2024-07-04 09:01:10,linkedin,screened,0.733
1904,1308,170,2025-04-21 20:24:51,job_board,offer,0.467
1905,1125,3907,2025-02-13 22:05:34,referral,applied,0.746
1906,989,1326,2024-12-31 08:05:30,referral,interview,0.615
1907,953,2586,2024-12-13 14:34:24,referral,applied,0.37
1908,284,5820,2024-03-23 00:40:47,job_board,applied,0.512
1909,1698,120,2025-09-14 02:47:06,job_board,applied,0.465
1910,1673,6931,2025-08-21 00:34:31,job_board,screened,0.868
1911,1460,2401,2025-06-30 09:52:07,outbound,applied,0.663
1912,1096,7752,2025-02-09 17:44:28,referral,applied,0.463
1913,264,6434,2024-04-01 12:38:30,referral,applied,0.708
1914,1270,8141,2025-04-27 17:22:44,referral,applied,0.625
1915,1918,5455,2025-12-16 16:17:29,outbound,interview,0.619
1916,266,3687,2024-03-25 15:12:19,outbound,applied,0.477
1917,711,1423,2024-08-22 10:03:06,job_board,offer,0.753
1918,1812,653,2025-10-31 10:59:41,outbound,screened,0.867
1919,1910,7141,2025-11-28 03:05:05,job_board,screened,0.656
1920,892,5804,2024-11-03 13:50:05,job_board,applied,0.444
1921,571,1337,2024-07-31 22:19:09,linkedin,interview,0.515
1922,574,860,2024-08-11 07:50:00,linkedin,interview,0.548
1923,938,7160,2024-12-23 23:48:32,linkedin,applied,0.906
1924,640,537,2024-09-02 22:49:45,job_board,applied,0.743
1925,1101,4614,2025-02-03 10:08:11,linkedin,applied,0.934
1926,160,2924,2024-03-17 07:00:10,job_board,applied,0.553
1927,128,6453,2024-02-14 22:21:50,job_board,applied,0.9
1928,10,522,2024-01-26 22:33:11,job_board,interview,0.849
1929,1432,748,2025-05-30 02:24:00,outbound,screened,0.948
1930,1848,1260,2025-11-08 16:58:32,job_board,applied,0.502
1931,210,6669,2024-04-02 20:34:29,job_board,applied,0.947
1932,1830,6412,2025-11-16 16:47:43,job_board,screened,0.765
1933,329,6494,2024-04-16 22:51:21,job_board,interview,0.813
1934,97,5180,2024-02-10 11:17:41,job_board,applied,0.467
1935,581,1578,2024-08-17 18:25:32,outbound,applied,0.486
1936,586,2047,2024-07-24 01:42:41,job_board,applied,0.976
1937,1922,1238,2025-12-28 10:31:40,outbound,applied,0.844
1938,226,1130,2024-03-22 05:06:20,job_board,applied,0.91
1939,1947,6739,2025-12-23 20:40:19,job_board,applied,0.515
1940,1724,4111,2025-10-06 13:31:52,job_board,screened,0.662
1941,979,3746,2025-01-24 12:12:18,job_board,applied,0.684
1942,1347,1324,2025-05-31 16:25:08,linkedin,applied,0.518
1943,1067,5830,2025-01-20 17:47:54,job_board,applied,0.441
1944,1821,7484,2025-10-07 05:55:58,linkedin,applied,0.467
1945,424,82,2024-05-12 18:14:18,job_board,screened,0.551
1946,1912,8386,2025-12-08 09:26:42,job_board,applied,0.616
1947,837,1653,2024-10-28 10:51:43,job_board,applied,0.362
1948,1865,8202,2025-10-29 07:03:10,job_board,applied,0.651
1949,1969,6714,2026-01-13 09:56:04,linkedin,applied,0.683
1950,1697,8013,2025-08-28 12:41:05,referral,applied,0.649
1951,1582,1790,2025-08-27 18:33:42,outbound,interview,0.723
1952,870,5077,2024-11-05 06:33:15,job_board,offer,0.406
1953,1395,723,2025-05-26 12:23:56,job_board,applied,0.905
1954,490,4031,2024-06-07 08:02:29,referral,applied,0.497
1955,557,1576,2024-06-29 18:48:59,referral,applied,0.626
1956,1483,640,2025-06-19 01:34:11,job_board,applied,0.89
1957,1527,7492,2025-07-09 09:02:56,referral,offer,0.801
1958,523,6804,2024-06-21 01:27:29,referral,applied,0.805
1959,1934,3119,2025-12-15 15:32:57,job_board,applied,0.854
1960,1365,3729,2025-05-26 13:54:23,job_board,applied,0.959
1961,1976,4771,2026-01-18 04:04:19,linkedin,applied,0.376
1962,958,5461,2025-01-10 14:20:53,job_board,screened,0.978
1963,1200,5198,2025-03-20 23:54:32,job_board,interview,0.939
1964,1305,2748,2025-04-08 08:19:00,linkedin,screened,0.439
1965,322,3354,2024-05-10 01:36:49,recruiter,interview,0.536
1966,560,8903,2024-08-07 09:06:49,job_board,applied,0.765
1967,1929,844,2025-12-04 00:26:09,job_board,applied,0.905
1968,1348,3641,2025-05-28 23:54:48,job_board,screened,0.692
1969,1083,2312,2025-02-14 17:51:55,referral,applied,0.673
1970,6,2196,2024-01-19 12:59:26,job_board,offer,0.425
1971,77,1421,2024-01-24 21:13:42,linkedin,applied,0.806
1972,1114,890,2025-03-12 00:48:25,linkedin,applied,0.665
1973,163,8186,2024-03-09 18:27:50,job_board,screened,0.416
1974,285,7834,2024-04-06 09:27:08,linkedin,interview,0.925
1975,1155,6661,2025-03-15 21:15:38,job_board,interview,0.5
1976,1922,8349,2025-12-23 10:31:40,job_board,interview,0.686
1977,1671,7408,2025-09-02 07:41:18,linkedin,applied,0.875
1978,931,1156,2024-12-01 10:31:45,job_board,offer,0.775
1979,1884,7311,2025-11-21 02:25:15,job_board,interview,0.498
1980,1212,7272,2025-03-24 21:05:33,job_board,applied,0.98
1981,1889,20,2025-11-09 17:26:19,job_board,screened,0.409
1982,476,7911,2024-06-04 14:22:08,linkedin,screened,0.857
1983,1158,6742,2025-03-24 05:16:43,job_board,screened,0.642
1984,1845,8946,2025-11-06 06:32:00,job_board,applied,0.395
1985,1963,4339,2026-01-04 03:17:49,recruiter,applied,0.503
1986,1721,6680,2025-09-12 18:06:26,job_board,applied,0.402
1987,300,6972,2024-04-29 14:33:31,linkedin,screened,0.48
1988,1238,5998,2025-03-22 08:07:50,job_board,interview,0.907
1989,190,8639,2024-02-18 08:59:57,referral,applied,0.534
1990,766,1285,2024-10-13 10:47:10,recruiter,applied,0.735
1991,61,3220,2024-01-26 04:15:12,recruiter,screened,0.476
1992,1519,863,2025-08-01 13:59:16,job_board,applied,0.504
1993,1549,5444,2025-07-29 09:05:57,outbound,screened,0.572
1994,185,222,2024-03-02 18:49:33,job_board,offer,0.947
1995,1834,2742,2025-10-31 08:49:21,job_board,screened,0.483
1996,1679,6657,2025-08-31 22:00:52,job_board,applied,0.764
1997,1680,8045,2025-08-31 00:31:28,referral,applied,0.585
1998,895,2001,2024-11-14 16:45:56,job_board,interview,0.44
1999,1880,2287,2025-11-14 01:54:24,recruiter,screened,0.699
2000,1967,240,2025-12-25 07:11:21,job_board,interview,0.585
2001,1097,3162,2025-02-13 23:19:17,job_board,screened,0.9
2002,758,6328,2024-10-19 06:44:16,outbound,screened,0.933
2003,1527,7992,2025-07-17 09:02:56,referral,offer,0.709
2004,89,3787,2024-02-19 16:15:38,job_board,applied,0.535
2005,674,908,2024-08-07 22:01:38,referral,applied,0.685
2006,9,2890,2024-01-03 21:58:27,job_board,applied,0.908
2007,1534,4447,2025-08-03 06:18:50,referral,applied,0.775
2008,87,5453,2024-02-21 03:13:40,recruiter,applied,0.405
2009,1507,5232,2025-07-25 11:42:20,linkedin,applied,0.391
2010,1132,7204,2025-02-28 20:00:37,job_board,applied,0.447
2011,872,5212,2024-11-04 02:50:14,linkedin,interview,0.707
2012,1262,3631,2025-03-22 21:13:44,linkedin,interview,0.456
2013,88,1081,2024-03-05 14:45:42,job_board,applied,0.51
2014,1623,8427,2025-08-05 05:12:27,recruiter,applied,0.683
2015,533,356,2024-08-04 05:47:00,referral,offer,0.707
2016,1686,2961,2025-08-27 12:47:08,recruiter,applied,0.87
2017,1771,3750,2025-10-12 02:56:39,referral,applied,0.625
2018,1102,8011,2025-01-30 11:18:25,job_board,interview,0.84
2019,1175,4085,2025-03-22 05:36:17,job_board,screened,0.4
2020,1848,3719,2025-10-30 16:58:32,referral,applied,0.692
2021,811,8484,2024-10-22 14:08:35,job_board,screened,0.621
2022,796,3284,2024-09-27 04:18:55,linkedin,offer,0.933
2023,1895,6801,2025-11-17 02:22:05,job_board,applied,0.804
2024,808,293,2024-10-14 05:59:34,job_board,applied,0.786
2025,733,5388,2024-08-30 22:38:35,referral,interview,0.92
2026,12,6556,2024-02-06 07:40:29,referral,interview,0.506
2027,657,1892,2024-08-15 18:11:47,job_board,applied,0.827
2028,500,6834,2024-07-10 18:43:30,job_board,applied,0.896
2029,1541,8114,2025-07-14 15:06:12,linkedin,applied,0.975
2030,1001,482,2024-12-29 17:34:29,job_board,applied,0.62
2031,711,1742,2024-10-02 10:03:06,job_board,applied,0.77
2032,1868,1299,2025-10-30 14:15:26,recruiter,screened,0.469
2033,893,8527,2024-12-13 17:16:59,job_board,applied,0.702
2034,832,2623,2024-11-07 15:59:20,linkedin,applied,0.631
2035,1445,8514,2025-06-18 12:04:14,job_board,applied,0.437
2036,523,3420,2024-07-15 01:27:29,recruiter,applied,0.928
2037,861,8802,2024-11-11 10:49:47,job_board,applied,0.918
2038,1413,5059,2025-05-29 10:04:43,linkedin,applied,0.954
2039,645,2548,2024-09-07 18:20:45,recruiter,applied,0.463
2040,859,4577,2024-10-19 01:50:15,job_board,offer,0.362
2041,31,1238,2024-02-12 08:09:36,job_board,applied,0.818
2042,1589,1796,2025-08-13 21:59:26,job_board,interview,0.521
2043,1722,5659,2025-09-01 03:17:23,linkedin,screened,0.746
2044,1337,6779,2025-05-16 17:45:54,referral,applied,0.686
2045,1054,3806,2025-02-25 22:59:06,linkedin,applied,0.714
2046,1787,7694,2025-10-03 18:19:22,job_board,screened,0.663
2047,1703,3497,2025-09-14 03:33:16,job_board,applied,0.356
2048,938,3368,2024-12-11 23:48:32,job_board,screened,0.518
2049,1236,5007,2025-03-05 21:21:21,job_board,interview,0.931
2050,1878,3548,2025-10-30 10:03:29,job_board,applied,0.616
2051,402,6206,2024-05-08 02:08:32,job_board,interview,0.55
2052,1557,8118,2025-08-06 19:43:40,job_board,applied,0.365
2053,727,2990,2024-09-29 12:47:03,job_board,applied,0.584
2054,186,4391,2024-02-18 23:00:55,referral,applied,0.49
2055,835,3017,2024-10-14 08:07:25,outbound,applied,0.678
2056,1037,5317,2025-02-17 00:53:34,linkedin,screened,0.786
2057,1480,5494,2025-07-18 23:23:57,job_board,applied,0.389
2058,304,4061,2024-04-17 04:02:40,outbound,screened,0.799
2059,1097,642,2025-02-28 23:19:17,referral,applied,0.364
2060,1323,8338,2025-04-19 19:44:23,linkedin,applied,0.781
2061,1274,6300,2025-03-23 02:19:30,outbound,applied,0.447
2062,1665,6493,2025-09-18 11:38:26,job_board,offer,0.569
2063,1507,7192,2025-07-05 11:42:20,job_board,applied,0.427
2064,931,238,2024-12-08 10:31:45,referral,applied,0.699
2065,548,7918,2024-07-17 08:17:49,linkedin,screened,0.849
2066,1762,775,2025-10-10 10:22:31,job_board,screened,0.703
2067,1764,6785,2025-09-17 13:41:14,referral,applied,0.919
2068,260,8591,2024-04-05 06:59:09,job_board,applied,0.37
2069,907,4561,2024-12-06 17:22:17,recruiter,applied,0.575
2070,1504,6438,2025-07-23 07:05:07,recruiter,applied,0.589
2071,1323,7865,2025-05-24 19:44:23,linkedin,applied,0.551
2072,1750,5097,2025-10-08 11:36:49,linkedin,applied,0.615
2073,437,4419,2024-06-11 07:31:50,recruiter,offer,0.71
2074,1883,7272,2025-12-09 12:23:52,job_board,interview,0.472
2075,467,7084,2024-06-17 09:16:08,referral,applied,0.476
2076,192,746,2024-02-19 11:48:13,job_board,applied,0.439
2077,1470,573,2025-07-13 14:22:35,job_board,interview,0.537
2078,1856,6414,2025-11-28 18:05:21,job_board,applied,0.756
2079,701,6382,2024-09-28 01:43:47,outbound,interview,0.674
2080,320,7314,2024-05-10 17:45:06,job_board,applied,0.531
2081,1752,757,2025-10-17 09:26:50,linkedin,applied,0.955
2082,191,1404,2024-03-18 11:44:42,linkedin,offer,0.749
2083,1330,250,2025-04-15 13:03:58,recruiter,applied,0.52
2084,254,2549,2024-04-09 04:13:22,job_board,applied,0.379
2085,1331,4521,2025-04-18 21:04:52,linkedin,interview,0.498
2086,228,3250,2024-03-04 10:26:14,job_board,interview,0.657
2087,761,1076,2024-10-04 01:56:52,job_board,applied,0.48
2088,930,4981,2025-01-02 06:41:18,linkedin,applied,0.554
2089,1806,2927,2025-10-06 15:18:20,job_board,applied,0.973
2090,1423,2585,2025-05-23 21:34:23,linkedin,interview,0.939
2091,1890,6969,2025-11-25 04:54:18,linkedin,screened,0.671
2092,1080,2867,2025-02-05 00:37:52,referral,screened,0.878
2093,516,4953,2024-07-22 01:37:59,job_board,applied,0.527
2094,850,603,2024-10-21 21:20:56,linkedin,applied,0.82
2095,1030,6601,2025-02-18 22:25:30,outbound,applied,0.914
2096,1128,4885,2025-02-13 21:59:31,job_board,applied,0.875
2097,1814,7052,2025-10-15 15:30:28,job_board,offer,0.749
2098,1795,2715,2025-10-22 20:41:16,job_board,screened,0.872
2099,203,4323,2024-03-30 11:13:39,linkedin,screened,0.354
2100,1589,3856,2025-08-07 21:59:26,linkedin,applied,0.593
2101,596,8871,2024-08-03 19:23:40,referral,applied,0.834
2102,1176,915,2025-03-15 13:07:45,job_board,applied,0.606
2103,1909,1819,2025-12-12 20:27:38,referral,screened,0.468
2104,1765,8730,2025-10-20 09:04:28,job_board,applied,0.838
2105,970,765,2024-12-18 14:52:47,job_board,applied,0.735
2106,92,2505,2024-03-04 18:49:07,recruiter,interview,0.68
2107,1904,2867,2025-11-10 16:55:47,recruiter,applied,0.563
2108,1815,7082,2025-10-10 16:28:14,job_board,interview,0.411
2109,761,6863,2024-10-12 01:56:52,recruiter,applied,0.894
2110,275,7815,2024-03-27 15:13:58,job_board,applied,0.476
2111,1055,867,2025-02-09 23:55:16,job_board,applied,0.75
2112,1604,1939,2025-07-28 08:00:15,outbound,applied,0.535
2113,909,4201,2024-12-18 20:08:35,referral,applied,0.495
2114,43,6574,2024-01-25 07:04:40,linkedin,applied,0.632
2115,915,5143,2024-11-18 21:11:22,job_board,offer,0.811
2116,1030,4699,2025-01-11 22:25:30,referral,applied,0.495
2117,1836,7272,2025-10-14 21:43:28,outbound,screened,0.408
2118,1616,1783,2025-08-27 00:44:35,referral,applied,0.656
2119,1390,7614,2025-05-05 18:50:54,job_board,applied,0.695
2120,810,5929,2024-10-23 16:04:45,referral,interview,0.764
2121,1892,2151,2025-12-02 08:59:15,referral,interview,0.634
2122,464,3940,2024-06-07 07:05:23,referral,applied,0.594
2123,660,2467,2024-08-29 08:12:18,referral,interview,0.446
2124,1693,2781,2025-08-29 17:06:39,job_board,applied,0.539
2125,1988,6156,2026-01-11 20:18:42,job_board,interview,0.507
2126,1630,2739,2025-08-01 03:21:48,job_board,screened,0.433
2127,1416,7739,2025-05-20 02:13:48,job_board,applied,0.952
2128,1876,881,2025-10-29 01:50:15,referral,applied,0.466
2129,263,1516,2024-03-11 23:04:36,linkedin,applied,0.71
2130,1339,8220,2025-05-03 11:43:12,linkedin,screened,0.604
2131,826,6504,2024-10-16 19:45:40,referral,interview,0.695
2132,1197,3958,2025-03-04 22:39:21,referral,screened,0.718
2133,498,2140,2024-06-07 16:53:58,recruiter,applied,0.678
2134,978,2294,2025-01-20 07:18:51,recruiter,applied,0.558
2135,471,1627,2024-07-09 06:24:03,recruiter,screened,0.565
2136,1287,8075,2025-04-29 09:00:21,job_board,interview,0.457
2137,1860,3038,2025-10-25 23:29:20,referral,applied,0.61
2138,118,8431,2024-03-04 11:46:59,linkedin,applied,0.578
2139,1920,7152,2025-11-29 08:01:32,job_board,applied,0.975
2140,1319,3226,2025-04-22 13:34:48,job_board,applied,0.409
2141,29,6683,2024-02-13 23:15:21,job_board,applied,0.714
2142,1159,4294,2025-02-19 11:57:31,job_board,interview,0.973
2143,277,4309,2024-04-28 23:26:54,job_board,applied,0.935
2144,1606,6925,2025-08-28 08:32:00,job_board,interview,0.787
2145,556,6428,2024-07-26 09:33:51,referral,interview,0.6
2146,115,1969,2024-02-19 18:53:29,job_board,offer,0.808
2147,1696,3653,2025-08-28 12:39:32,recruiter,applied,0.94
2148,1074,8415,2025-02-18 05:31:31,job_board,applied,0.692
2149,1223,1895,2025-03-21 03:18:29,referral,interview,0.566
2150,1664,6418,2025-09-06 00:26:23,job_board,applied,0.358
2151,1131,7588,2025-02-05 15:36:02,job_board,applied,0.669
2152,1593,5407,2025-08-03 17:30:28,job_board,applied,0.409
2153,1197,485,2025-02-25 22:39:21,recruiter,screened,0.551
2154,56,7660,2024-02-01 09:27:07,outbound,applied,0.742
2155,1902,8110,2025-12-08 20:00:14,job_board,offer,0.525
2156,1919,5792,2025-11-22 20:37:40,linkedin,applied,0.491
2157,552,7100,2024-08-03 10:01:09,referral,applied,0.721
2158,1302,406,2025-05-08 15:20:45,job_board,applied,0.396
2159,247,6513,2024-03-16 23:22:25,job_board,interview,0.935
2160,570,7241,2024-07-12 19:59:04,job_board,screened,0.969
2161,1216,5123,2025-04-01 08:14:26,referral,interview,0.973
2162,696,4717,2024-09-16 12:15:03,job_board,offer,0.354
2163,1938,7291,2025-12-25 22:02:58,job_board,applied,0.351
2164,157,5957,2024-02-13 12:25:21,outbound,interview,0.415
2165,1421,254,2025-06-07 02:43:53,job_board,interview,0.928
2166,1226,1659,2025-03-12 18:57:33,linkedin,applied,0.898
2167,1785,5320,2025-10-03 01:19:20,linkedin,screened,0.361
2168,1619,5450,2025-08-22 02:56:32,job_board,screened,0.395
2169,1793,2350,2025-11-05 13:51:55,job_board,offer,0.541
2170,1588,1251,2025-07-25 08:35:41,job_board,applied,0.526
2171,439,5754,2024-05-26 11:26:56,referral,applied,0.351
2172,850,2790,2024-10-24 21:20:56,linkedin,screened,0.401
2173,1372,6073,2025-05-07 08:13:26,job_board,interview,0.777
2174,1999,5945,2026-02-11 03:52:44,job_board,applied,0.722
2175,1725,1933,2025-08-29 14:25:43,linkedin,applied,0.573
2176,1300,6905,2025-04-09 05:51:37,referral,interview,0.504
2177,203,1394,2024-03-21 11:13:39,job_board,applied,0.649
2178,842,3599,2024-10-26 19:41:39,job_board,interview,0.752
2179,1303,5288,2025-05-11 21:40:21,job_board,interview,0.542
2180,1544,7979,2025-08-02 16:46:38,job_board,applied,0.434
2181,545,8466,2024-06-30 15:07:04,job_board,screened,0.928
2182,935,6244,2024-12-14 23:27:31,job_board,applied,0.423
2183,1644,5972,2025-08-08 05:50:45,job_board,screened,0.878
2184,1668,4504,2025-08-28 16:34:28,linkedin,interview,0.705
2185,447,4358,2024-06-28 12:03:34,job_board,interview,0.646
2186,508,5013,2024-07-03 07:27:34,linkedin,screened,0.511
2187,747,8420,2024-09-29 16:25:47,job_board,applied,0.791
2188,1288,5858,2025-04-13 15:31:34,job_board,interview,0.659
2189,1354,7371,2025-06-04 08:57:01,recruiter,applied,0.415
2190,1519,4971,2025-07-24 13:59:16,referral,applied,0.867
2191,1112,6596,2025-02-28 11:18:11,job_board,applied,0.782
2192,1836,7652,2025-11-11 21:43:28,linkedin,applied,0.835
2193,240,3937,2024-04-04 07:21:52,referral,screened,0.494
2194,1050,5806,2025-02-25 02:55:18,linkedin,applied,0.553
2195,451,4423,2024-06-09 04:45:35,job_board,applied,0.557
2196,1078,4599,2025-01-27 21:52:30,job_board,screened,0.451
2197,1772,2382,2025-09-27 03:11:36,linkedin,screened,0.906
2198,1771,7531,2025-09-27 02:56:39,job_board,interview,0.581
2199,1978,7352,2026-01-12 20:01:41,referral,applied,0.544
2200,980,8292,2024-12-19 15:10:35,referral,applied,0.649
2201,1388,2562,2025-05-19 11:46:54,referral,interview,0.952
2202,954,8988,2025-01-05 15:54:38,linkedin,applied,0.58
2203,20,6334,2024-01-27 14:49:30,job_board,applied,0.936
2204,567,3070,2024-07-18 20:17:10,recruiter,applied,0.938
2205,1487,7875,2025-07-06 05:59:47,job_board,screened,0.552
2206,108,5028,2024-01-31 07:17:28,referral,interview,0.724
2207,1286,4970,2025-03-27 10:05:00,recruiter,applied,0.755
2208,918,6814,2024-12-17 17:23:04,outbound,applied,0.53
2209,824,1409,2024-11-01 02:55:22,referral,applied,0.975
2210,1472,4187,2025-07-06 20:54:38,recruiter,applied,0.726
2211,457,224,2024-06-05 18:17:42,job_board,interview,0.8
2212,519,3837,2024-06-24 18:14:17,job_board,applied,0.785
2213,332,6060,2024-05-11 10:31:44,linkedin,screened,0.491
2214,217,8890,2024-03-28 05:58:05,outbound,applied,0.724
2215,168,2022,2024-02-12 12:19:13,job_board,screened,0.894
2216,208,7882,2024-04-05 18:30:40,recruiter,interview,0.83
2217,1279,352,2025-04-17 20:37:34,linkedin,interview,0.638
2218,600,121,2024-07-27 08:57:05,recruiter,applied,0.692
2219,675,3090,2024-08-23 01:25:10,referral,applied,0.754
2220,1507,2603,2025-07-15 11:42:20,job_board,applied,0.584
2221,1037,5240,2025-01-14 00:53:34,recruiter,applied,0.56
2222,155,1742,2024-02-09 16:03:34,linkedin,applied,0.633
2223,1051,4964,2025-02-01 16:21:35,referral,applied,0.979
2224,1323,8888,2025-05-23 19:44:23,job_board,interview,0.791
2225,1215,1507,2025-03-17 00:34:29,linkedin,interview,0.434
2226,1737,3884,2025-10-07 00:50:59,referral,screened,0.429
2227,1190,5436,2025-03-25 18:54:30,job_board,screened,0.436
2228,1625,3866,2025-09-04 19:51:05,referral,applied,0.905
2229,1039,3697,2025-01-17 08:57:35,recruiter,screened,0.441
2230,1274,341,2025-05-05 02:19:30,referral,applied,0.634
2231,311,4299,2024-05-03 03:02:44,outbound,applied,0.755
2232,1985,8344,2026-01-29 23:24:16,outbound,applied,0.861
2233,55,7870,2024-01-16 00:57:14,referral,screened,0.553
2234,1937,7186,2025-12-08 18:32:22,outbound,screened,0.496
2235,1153,707,2025-03-04 18:17:30,job_board,interview,0.415
2236,675,1128,2024-09-04 01:25:10,job_board,applied,0.4
2237,847,4751,2024-11-11 06:01:53,linkedin,offer,0.445
2238,154,2677,2024-03-21 07:31:51,job_board,applied,0.782
2239,821,1563,2024-10-03 04:07:43,job_board,applied,0.394
2240,143,1665,2024-02-15 06:45:29,job_board,applied,0.759
2241,861,1645,2024-10-20 10:49:47,recruiter,screened,0.891
2242,273,827,2024-04-06 07:29:14,job_board,offer,0.676
2243,228,5495,2024-03-10 10:26:14,referral,applied,0.943
2244,1425,3723,2025-06-13 04:57:31,job_board,applied,0.643
2245,359,6028,2024-05-02 02:26:02,job_board,screened,0.646
2246,671,1933,2024-08-17 05:17:58,job_board,applied,0.45
2247,1325,5457,2025-04-27 02:49:34,recruiter,screened,0.749
2248,1010,1659,2025-01-30 06:04:35,job_board,applied,0.829
2249,1028,8312,2025-02-19 09:26:40,job_board,applied,0.477
2250,884,1548,2024-11-04 11:13:05,job_board,applied,0.736
2251,1220,7152,2025-03-07 23:18:25,referral,applied,0.612
2252,1306,6171,2025-05-15 13:22:23,job_board,offer,0.969
2253,259,1788,2024-04-18 15:12:31,outbound,applied,0.397
2254,1927,814,2026-01-01 09:36:25,referral,applied,0.597
2255,1629,5723,2025-09-10 03:13:38,referral,interview,0.61
2256,849,388,2024-10-22 17:00:22,job_board,applied,0.645
2257,746,5584,2024-09-07 15:34:42,outbound,screened,0.541
2258,1452,6107,2025-06-26 20:39:07,job_board,applied,0.528
2259,1227,5819,2025-04-04 21:39:57,linkedin,screened,0.572
2260,1606,8785,2025-08-27 08:32:00,linkedin,interview,0.452
2261,932,3862,2025-01-05 13:53:11,job_board,screened,0.432
2262,883,4515,2024-12-07 02:20:31,referral,interview,0.912
2263,937,8529,2024-12-05 20:15:41,recruiter,applied,0.668
2264,592,7744,2024-07-24 22:53:52,job_board,applied,0.842
2265,1558,4174,2025-08-01 00:48:08,job_board,offer,0.566
2266,1593,3804,2025-07-31 17:30:28,job_board,screened,0.935
2267,221,7105,2024-03-30 21:29:19,job_board,applied,0.862
2268,187,5087,2024-03-24 00:49:18,linkedin,applied,0.956
2269,150,4332,2024-03-09 12:44:09,linkedin,applied,0.835
2270,659,7342,2024-08-01 06:47:21,job_board,applied,0.801
2271,203,7087,2024-03-29 11:13:39,recruiter,screened,0.724
2272,1140,3730,2025-02-18 14:07:26,job_board,screened,0.852
2273,1991,3561,2026-01-11 07:12:35,linkedin,interview,0.548
2274,1410,6018,2025-06-06 16:40:41,job_board,applied,0.393
2275,1855,8,2025-10-21 08:52:48,linkedin,interview,0.576
2276,298,7040,2024-04-25 04:16:34,linkedin,screened,0.837
2277,1402,4499,2025-06-06 06:23:38,job_board,applied,0.417
2278,1458,7868,2025-06-20 01:30:15,job_board,screened,0.912
2279,896,4932,2024-11-19 01:09:08,job_board,screened,0.688
2280,1492,3488,2025-06-27 05:25:53,job_board,screened,0.854
2281,171,1041,2024-03-11 03:49:52,recruiter,screened,0.671
2282,1232,13,2025-04-16 22:55:57,outbound,applied,0.88
2283,1642,5987,2025-08-25 03:38:50,referral,applied,0.977
2284,787,1790,2024-10-30 14:50:19,referral,screened,0.859
2285,379,7684,2024-05-10 05:57:28,job_board,screened,0.903
2286,21,4451,2024-01-07 14:43:56,outbound,applied,0.868
2287,546,7816,2024-08-02 18:07:30,job_board,applied,0.634
2288,1643,4192,2025-08-19 05:07:24,linkedin,screened,0.573
2289,1682,3393,2025-09-10 11:13:40,outbound,applied,0.706
2290,1234,1268,2025-03-25 10:46:54,linkedin,applied,0.479
2291,515,3691,2024-07-12 18:20:07,job_board,screened,0.628
2292,520,7388,2024-07-19 18:15:03,referral,applied,0.433
2293,1690,7726,2025-09-28 01:57:57,job_board,applied,0.539
2294,1168,4302,2025-03-26 23:35:40,job_board,interview,0.794
2295,1572,8985,2025-07-24 20:35:33,linkedin,applied,0.397
2296,741,325,2024-08-29 22:48:57,job_board,applied,0.93
2297,1675,474,2025-09-10 20:09:44,job_board,screened,0.381
2298,942,550,2024-12-07 13:16:25,linkedin,applied,0.51
2299,1349,557,2025-05-06 01:11:58,job_board,screened,0.954
2300,1703,43,2025-09-22 03:33:16,referral,screened,0.899
2301,705,489,2024-09-13 22:01:12,job_board,applied,0.411
2302,1576,7175,2025-08-09 06:15:49,job_board,applied,0.899
2303,1307,4163,2025-05-08 13:34:57,job_board,screened,0.884
2304,995,7028,2025-01-21 11:45:14,job_board,applied,0.653
2305,1659,7061,2025-09-17 03:10:32,job_board,applied,0.898
2306,880,6223,2024-11-02 14:58:50,job_board,interview,0.655
2307,1499,844,2025-07-07 15:32:59,job_board,interview,0.442
2308,153,1096,2024-02-25 06:27:57,linkedin,applied,0.492
2309,1725,6201,2025-10-01 14:25:43,job_board,screened,0.559
2310,1930,8591,2025-12-31 06:22:28,job_board,screened,0.564
2311,1968,1541,2025-12-27 19:00:16,referral,applied,0.816
2312,1689,5712,2025-09-26 01:45:59,job_board,applied,0.485
2313,1381,297,2025-05-30 05:08:54,referral,applied,0.821
2314,1483,1790,2025-06-22 01:34:11,job_board,applied,0.698
2315,1857,5361,2025-11-24 21:44:18,linkedin,screened,0.725
2316,1461,5886,2025-06-07 11:58:52,job_board,interview,0.798
2317,544,5345,2024-07-24 08:12:20,job_board,applied,0.847
2318,320,4071,2024-05-10 17:45:06,job_board,interview,0.592
2319,1947,2550,2025-12-31 20:40:19,job_board,applied,0.78
2320,279,7195,2024-04-07 09:40:23,job_board,applied,0.378
2321,1821,2901,2025-11-08 05:55:58,referral,applied,0.835
2322,1872,6407,2025-10-31 04:23:15,linkedin,interview,0.83
2323,83,3186,2024-01-31 15:03:39,referral,offer,0.962
2324,1615,4652,2025-08-23 14:04:18,job_board,interview,0.463
2325,1181,8364,2025-03-22 22:45:11,job_board,screened,0.433
2326,780,3575,2024-09-27 23:10:24,job_board,applied,0.931
2327,1006,7797,2025-01-29 07:30:24,linkedin,screened,0.56
2328,857,544,2024-11-20 16:12:16,job_board,offer,0.732
2329,1632,4748,2025-08-24 20:22:20,linkedin,interview,0.951
2330,824,4609,2024-10-12 02:55:22,recruiter,applied,0.776
2331,253,8672,2024-04-18 03:55:00,job_board,offer,0.517
2332,794,2380,2024-10-07 22:29:24,linkedin,applied,0.429
2333,1056,5236,2025-02-02 03:53:12,linkedin,screened,0.566
2334,901,5283,2024-12-02 02:56:58,referral,applied,0.77
2335,1003,914,2025-01-09 07:22:24,linkedin,applied,0.948
2336,1975,8955,2025-12-20 16:09:37,job_board,applied,0.39
2337,792,4385,2024-10-27 21:59:02,referral,applied,0.623
2338,1636,3928,2025-09-04 00:51:01,job_board,applied,0.856
2339,1985,8051,2025-12-30 23:24:16,recruiter,interview,0.901
2340,1662,610,2025-08-30 08:24:24,referral,offer,0.89
2341,1080,5964,2025-02-23 00:37:52,job_board,applied,0.84
2342,1979,176,2026-02-02 13:49:25,outbound,applied,0.466
2343,827,8574,2024-11-15 22:56:27,linkedin,applied,0.571
2344,559,7294,2024-07-01 21:04:28,linkedin,interview,0.721
2345,1713,4778,2025-09-28 19:39:56,job_board,applied,0.435
2346,1838,3532,2025-10-14 05:52:34,linkedin,applied,0.597
2347,279,8207,2024-04-13 09:40:23,referral,screened,0.483
2348,639,2206,2024-08-22 22:47:06,outbound,offer,0.537
2349,576,6900,2024-08-17 06:26:05,referral,screened,0.85
2350,1640,3723,2025-08-29 18:32:25,job_board,applied,0.782
2351,558,7405,2024-07-21 20:52:54,job_board,screened,0.353
2352,1327,6734,2025-05-10 03:29:38,job_board,offer,0.939
2353,1868,8924,2025-10-24 14:15:26,outbound,applied,0.681
2354,1820,5439,2025-10-01 22:42:07,job_board,interview,0.762
2355,1761,2721,2025-10-16 09:35:30,recruiter,applied,0.741
2356,1059,7986,2025-02-06 13:25:00,job_board,screened,0.395
2357,1214,5653,2025-03-30 04:02:24,job_board,applied,0.91
2358,1451,6333,2025-06-18 17:38:43,linkedin,screened,0.781
2359,640,2309,2024-09-03 22:49:45,job_board,interview,0.512
2360,1003,4777,2025-01-13 07:22:24,job_board,applied,0.404
2361,937,7686,2024-12-12 20:15:41,job_board,screened,0.976
2362,1602,3304,2025-08-01 02:51:57,referral,screened,0.94
2363,1143,5273,2025-02-13 05:35:29,job_board,screened,0.805
2364,891,1859,2024-11-05 11:39:58,linkedin,applied,0.687
2365,1081,1583,2025-01-25 15:34:01,referral,applied,0.723
2366,345,6940,2024-04-13 16:05:09,job_board,interview,0.66
2367,512,3792,2024-06-28 09:53:40,referral,applied,0.892
2368,1602,1850,2025-08-10 02:51:57,recruiter,offer,0.816
2369,261,1636,2024-04-14 12:15:21,linkedin,applied,0.394
2370,1366,1124,2025-06-01 18:45:32,job_board,applied,0.556
2371,1816,4122,2025-10-23 16:32:51,linkedin,screened,0.807
2372,1368,2797,2025-05-22 10:34:29,job_board,applied,0.971
2373,1282,699,2025-03-31 06:49:33,job_board,applied,0.828
2374,1435,4333,2025-06-01 16:06:04,referral,applied,0.663
2375,291,8688,2024-03-30 22:58:48,linkedin,applied,0.834
2376,274,8810,2024-04-05 16:28:54,job_board,applied,0.807
2377,1980,5370,2026-01-04 20:50:04,outbound,applied,0.799
2378,854,5202,2024-10-24 02:15:11,job_board,interview,0.946
2379,823,8916,2024-10-24 13:37:37,job_board,applied,0.739
2380,317,6816,2024-04-03 01:03:17,recruiter,screened,0.676
2381,1466,1564,2025-07-10 05:05:55,job_board,applied,0.818
2382,69,4733,2024-02-20 08:50:44,outbound,applied,0.908
2383,354,3460,2024-05-28 00:51:24,job_board,offer,0.744
2384,450,1307,2024-06-01 00:53:54,job_board,applied,0.362
2385,1866,8382,2025-11-15 15:15:50,job_board,applied,0.396
2386,1901,5301,2025-12-13 11:31:21,outbound,applied,0.874
2387,159,6228,2024-02-25 03:12:05,job_board,screened,0.668
2388,279,7127,2024-04-27 09:40:23,referral,applied,0.973
2389,1912,631,2025-11-22 09:26:42,job_board,interview,0.487
2390,1269,2845,2025-03-28 16:10:15,job_board,applied,0.796
2391,1455,7949,2025-06-20 23:35:11,outbound,applied,0.613
2392,1136,1830,2025-02-20 22:34:01,referral,interview,0.362
2393,455,1700,2024-06-16 14:06:07,linkedin,applied,0.581
2394,1461,5547,2025-07-08 11:58:52,outbound,screened,0.472
2395,362,2357,2024-04-30 04:23:06,job_board,screened,0.692
2396,59,7480,2024-02-17 01:29:30,job_board,applied,0.897
2397,1675,6586,2025-08-25 20:09:44,referral,screened,0.975
2398,760,6925,2024-09-07 22:34:38,job_board,interview,0.697
2399,80,6397,2024-02-25 16:56:17,job_board,applied,0.936
2400,869,1343,2024-11-12 04:46:48,referral,screened,0.899
2401,229,5946,2024-03-27 12:52:28,outbound,offer,0.474
2402,942,1545,2024-12-14 13:16:25,job_board,interview,0.367
2403,1346,49,2025-05-10 15:03:23,outbound,applied,0.892
2404,677,8788,2024-09-13 07:38:24,job_board,applied,0.711
2405,155,2245,2024-03-02 16:03:34,outbound,applied,0.839
2406,1781,6274,2025-09-25 20:22:21,job_board,applied,0.756
2407,1083,3105,2025-02-12 17:51:55,outbound,screened,0.493
2408,47,6307,2024-01-19 02:02:08,job_board,applied,0.635
2409,1149,3604,2025-02-15 19:15:06,job_board,applied,0.571
2410,1848,3962,2025-11-25 16:58:32,job_board,applied,0.788
2411,36,666,2024-02-18 12:54:19,linkedin,applied,0.385
2412,1574,4178,2025-08-21 10:10:49,linkedin,interview,0.632
2413,755,6079,2024-09-08 12:26:03,job_board,screened,0.504
2414,1416,6424,2025-06-27 02:13:48,outbound,applied,0.796
2415,58,8022,2024-01-23 23:44:42,linkedin,screened,0.643
2416,1814,5307,2025-10-08 15:30:28,job_board,screened,0.791
2417,1934,8908,2025-12-21 15:32:57,referral,applied,0.85
2418,1100,5647,2025-02-12 09:53:36,job_board,applied,0.834
2419,431,7182,2024-06-01 16:32:29,job_board,applied,0.932
2420,303,1337,2024-05-01 21:25:01,job_board,applied,0.412
2421,1380,1824,2025-05-27 04:53:08,linkedin,applied,0.402
2422,1587,5291,2025-07-30 07:05:09,outbound,applied,0.497
2423,1348,4602,2025-05-31 23:54:48,referral,applied,0.636
2424,987,4443,2025-01-19 18:39:44,referral,offer,0.665
2425,1545,8242,2025-07-19 18:04:34,job_board,offer,0.915
2426,1475,4290,2025-06-09 04:06:19,linkedin,applied,0.972
2427,671,600,2024-08-12 05:17:58,linkedin,applied,0.563
2428,1554,4712,2025-07-18 09:46:49,job_board,screened,0.949
2429,369,2055,2024-04-23 00:46:19,job_board,applied,0.51
2430,1641,308,2025-09-14 01:06:49,job_board,interview,0.466
2431,1062,2383,2025-01-18 17:04:19,linkedin,applied,0.786
2432,1495,6,2025-07-29 08:56:02,outbound,screened,0.588
2433,1389,5487,2025-06-07 16:02:29,job_board,applied,0.853
2434,192,4183,2024-02-20 11:48:13,job_board,applied,0.921
2435,1511,8564,2025-07-15 06:29:16,linkedin,applied,0.709
2436,1568,564,2025-07-11 22:34:39,job_board,applied,0.899
2437,98,4344,2024-02-03 15:13:55,linkedin,interview,0.549
2438,452,8236,2024-06-01 07:15:41,outbound,offer,0.392
2439,1506,5076,2025-07-20 22:12:36,recruiter,applied,0.695
2440,722,3244,2024-09-01 10:42:17,job_board,applied,0.958
2441,225,5759,2024-04-01 03:08:29,referral,applied,0.74
2442,1710,2445,2025-09-22 21:11:06,linkedin,applied,0.809
2443,1050,7664,2025-02-25 02:55:18,job_board,interview,0.924
2444,789,5985,2024-10-12 13:03:18,outbound,applied,0.84
2445,1111,2577,2025-02-14 05:37:52,job_board,interview,0.73
2446,800,683,2024-10-25 10:21:15,referral,applied,0.862
2447,255,5637,2024-04-07 06:45:03,outbound,applied,0.561
2448,1124,8079,2025-02-10 09:41:42,linkedin,applied,0.717
2449,1928,8328,2025-12-04 11:25:45,recruiter,screened,0.908
2450,1904,5977,2025-12-06 16:55:47,recruiter,applied,0.614
2451,1277,8451,2025-04-29 19:17:02,outbound,applied,0.868
2452,326,7341,2024-04-25 18:34:32,referral,applied,0.81
2453,448,3444,2024-06-28 15:32:36,outbound,applied,0.559
2454,631,7621,2024-08-17 22:34:40,linkedin,screened,0.758
2455,102,1007,2024-02-22 02:02:09,linkedin,applied,0.628
2456,281,8006,2024-04-01 12:29:58,job_board,applied,0.571
2457,1551,8320,2025-08-06 15:27:21,outbound,interview,0.789
2458,859,5073,2024-10-20 01:50:15,job_board,applied,0.448
2459,1683,8289,2025-09-11 22:41:41,job_board,interview,0.765
2460,124,1199,2024-02-18 05:30:37,linkedin,applied,0.447
2461,182,876,2024-03-12 14:44:18,referral,applied,0.658
2462,1380,3087,2025-06-14 04:53:08,job_board,screened,0.829
2463,515,733,2024-07-03 18:20:07,job_board,interview,0.769
2464,452,2148,2024-06-19 07:15:41,job_board,screened,0.59
2465,1285,1667,2025-04-27 22:08:51,referral,screened,0.634
2466,1827,4111,2025-10-10 21:45:08,job_board,applied,0.505
2467,838,5822,2024-11-23 00:45:07,outbound,applied,0.611
2468,1526,1796,2025-07-25 08:49:35,referral,applied,0.92
2469,686,2724,2024-09-13 00:08:45,referral,applied,0.881
2470,1679,6640,2025-08-17 22:00:52,job_board,applied,0.412
2471,849,2162,2024-10-26 17:00:22,job_board,applied,0.465
2472,304,3003,2024-05-06 04:02:40,job_board,screened,0.373
2473,1011,7197,2025-01-24 07:49:27,referral,applied,0.612
2474,585,3560,2024-07-10 23:51:23,linkedin,applied,0.872
2475,370,2195,2024-05-14 05:04:52,outbound,applied,0.714
2476,368,7220,2024-05-25 19:37:50,linkedin,applied,0.498
2477,777,8644,2024-09-16 23:03:02,linkedin,offer,0.598
2478,20,8120,2024-01-14 14:49:30,job_board,screened,0.409
2479,140,3946,2024-02-25 05:55:59,referral,applied,0.592
2480,1180,204,2025-03-07 21:57:46,outbound,interview,0.586
2481,13,3804,2024-01-08 08:34:34,referral,screened,0.519
2482,1545,6892,2025-07-15 18:04:34,recruiter,applied,0.482
2483,1951,8493,2025-12-24 17:50:56,referral,applied,0.486
2484,368,620,2024-05-13 19:37:50,referral,applied,0.441
2485,110,1082,2024-01-29 15:25:06,job_board,applied,0.437
2486,421,2587,2024-06-07 20:25:01,job_board,interview,0.967
2487,87,1035,2024-02-07 03:13:40,job_board,applied,0.761
2488,539,1593,2024-08-05 15:22:44,job_board,applied,0.754
2489,1780,3903,2025-10-31 17:00:49,outbound,applied,0.598
2490,1640,2271,2025-08-30 18:32:25,job_board,applied,0.455
2491,1953,5284,2025-12-03 04:22:56,job_board,screened,0.657
2492,1624,8529,2025-08-02 19:12:52,referral,applied,0.586
2493,1690,4573,2025-08-28 01:57:57,linkedin,applied,0.503
2494,1185,4566,2025-03-10 07:08:44,job_board,applied,0.829
2495,280,8595,2024-04-01 10:53:33,referral,applied,0.497
2496,1538,5454,2025-08-08 16:31:19,job_board,applied,0.803
2497,1280,8939,2025-04-18 22:37:40,linkedin,applied,0.43
2498,1925,8317,2025-12-03 05:19:12,job_board,applied,0.664
2499,1394,368,2025-06-17 08:55:41,referral,offer,0.777
2500,1092,8445,2025-03-04 08:59:11,job_board,applied,0.784
2501,1544,1490,2025-08-04 16:46:38,linkedin,applied,0.967
2502,1313,2417,2025-04-14 15:22:38,referral,applied,0.635
2503,226,4983,2024-04-07 05:06:20,recruiter,interview,0.588
2504,1223,6949,2025-04-02 03:18:29,job_board,applied,0.819
2505,782,8552,2024-09-23 04:23:31,outbound,applied,0.39
2506,326,4148,2024-04-09 18:34:32,job_board,applied,0.66
2507,553,2520,2024-07-09 13:09:46,job_board,screened,0.899
2508,1670,3468,2025-09-07 07:01:35,referral,applied,0.517
2509,1310,3304,2025-05-13 02:24:53,job_board,applied,0.667
2510,117,2637,2024-02-04 00:38:11,job_board,interview,0.452
2511,688,2080,2024-08-11 03:34:25,job_board,applied,0.945
2512,1372,6378,2025-05-28 08:13:26,job_board,applied,0.885
2513,1018,8707,2025-01-23 12:20:20,referral,applied,0.833
2514,1553,5366,2025-07-12 01:37:38,job_board,applied,0.443
2515,1253,1385,2025-04-04 06:54:20,recruiter,interview,0.667
2516,75,6015,2024-01-18 21:03:28,job_board,screened,0.485
2517,1732,5082,2025-10-08 16:20:38,recruiter,applied,0.928
2518,1141,3609,2025-03-16 18:59:29,job_board,interview,0.936
2519,1842,207,2025-10-30 07:02:40,outbound,applied,0.81
2520,441,6984,2024-06-22 02:03:08,outbound,applied,0.765
2521,1387,5416,2025-06-12 00:10:39,job_board,offer,0.504
2522,59,2112,2024-01-16 01:29:30,job_board,interview,0.396
2523,313,3533,2024-04-22 19:09:30,job_board,offer,0.878
2524,1766,4749,2025-09-24 12:30:52,linkedin,applied,0.5
2525,1778,5091,2025-10-02 02:30:31,linkedin,screened,0.518
2526,1909,5911,2025-12-11 20:27:38,job_board,applied,0.512
2527,410,723,2024-05-08 16:26:21,job_board,applied,0.569
2528,1785,4815,2025-10-31 01:19:20,job_board,applied,0.554
2529,107,820,2024-02-17 06:41:50,job_board,applied,0.511
2530,802,1485,2024-11-01 23:43:16,job_board,applied,0.431
2531,875,831,2024-10-22 10:48:44,referral,interview,0.839
2532,1585,5590,2025-08-20 20:48:06,linkedin,screened,0.944
2533,1370,7517,2025-05-11 17:22:24,job_board,screened,0.445
2534,719,8707,2024-09-23 10:55:13,referral,applied,0.713
2535,299,6518,2024-04-16 10:39:25,job_board,applied,0.627
2536,731,7041,2024-09-21 15:56:29,referral,screened,0.633
2537,599,1156,2024-08-07 22:26:06,job_board,screened,0.826
2538,1341,55,2025-05-09 23:00:37,job_board,screened,0.825
2539,161,2845,2024-02-28 01:44:41,job_board,screened,0.39
2540,823,3259,2024-11-15 13:37:37,job_board,interview,0.912
2541,1237,3928,2025-04-18 03:28:23,outbound,applied,0.359
2542,1293,5986,2025-04-24 14:33:53,job_board,applied,0.626
2543,1417,888,2025-05-20 19:24:51,job_board,applied,0.409
2544,573,936,2024-07-08 07:22:13,referral,interview,0.77
2545,1040,7560,2025-02-24 12:07:37,referral,applied,0.612
2546,197,5212,2024-02-26 14:49:52,job_board,applied,0.438
2547,889,3267,2024-12-01 09:37:58,linkedin,interview,0.563
2548,1965,7500,2026-01-08 21:34:34,referral,offer,0.514
2549,1696,6035,2025-09-23 12:39:32,linkedin,applied,0.762
2550,1246,7540,2025-03-24 15:10:05,recruiter,applied,0.772
2551,839,5778,2024-11-08 07:26:37,outbound,applied,0.696
2552,1802,4544,2025-10-15 18:51:23,job_board,applied,0.841
2553,884,8229,2024-11-06 11:13:05,outbound,applied,0.364
2554,1527,8915,2025-08-02 09:02:56,job_board,applied,0.763
2555,1155,6678,2025-03-14 21:15:38,job_board,offer,0.761
2556,43,5665,2024-02-04 07:04:40,job_board,screened,0.641
2557,1408,310,2025-06-18 14:08:48,job_board,applied,0.878
2558,1787,7828,2025-10-17 18:19:22,job_board,applied,0.397
2559,1555,1396,2025-08-11 12:26:07,referral,applied,0.829
2560,1230,292,2025-04-04 17:57:04,recruiter,applied,0.548
2561,82,4004,2024-02-28 10:23:44,outbound,applied,0.37
2562,47,695,2024-02-10 02:02:08,job_board,interview,0.365
2563,1703,838,2025-08-22 03:33:16,linkedin,screened,0.504
2564,950,4171,2025-01-15 14:34:56,recruiter,interview,0.72
2565,903,3527,2024-12-20 17:56:59,job_board,screened,0.738
2566,1282,1149,2025-04-25 06:49:33,linkedin,applied,0.422
2567,1812,8797,2025-11-10 10:59:41,linkedin,interview,0.533
2568,874,1862,2024-10-31 08:36:02,job_board,applied,0.415
2569,1073,1850,2025-03-01 00:52:53,job_board,applied,0.877
2570,1118,7262,2025-02-04 13:54:06,outbound,applied,0.887
2571,952,6343,2025-01-01 02:31:43,recruiter,applied,0.479
2572,1314,3202,2025-04-29 13:20:29,job_board,applied,0.916
2573,391,2340,2024-06-01 01:28:18,linkedin,applied,0.402
2574,747,8220,2024-09-24 16:25:47,job_board,applied,0.689
2575,940,308,2024-12-25 09:55:38,referral,interview,0.802
2576,1039,5763,2025-01-25 08:57:35,referral,applied,0.602
2577,986,886,2025-01-08 19:09:50,job_board,applied,0.41
2578,837,35,2024-10-26 10:51:43,job_board,applied,0.832
2579,1789,936,2025-11-01 05:46:24,job_board,offer,0.846
2580,1602,5061,2025-08-14 02:51:57,job_board,screened,0.556
2581,1775,2692,2025-09-27 16:53:46,job_board,interview,0.364
2582,1190,6221,2025-02-22 18:54:30,outbound,applied,0.93
2583,973,8645,2025-01-21 22:26:59,referral,applied,0.401
2584,862,355,2024-11-14 11:21:12,job_board,interview,0.515
2585,1736,5586,2025-09-17 13:21:28,job_board,screened,0.624
2586,1332,8195,2025-04-27 04:22:18,outbound,applied,0.631
2587,1709,1107,2025-09-03 19:15:57,linkedin,applied,0.679
2588,1700,3768,2025-09-15 19:54:47,outbound,interview,0.483
2589,1897,633,2025-11-28 08:08:51,job_board,applied,0.595
2590,1091,970,2025-02-15 06:39:57,job_board,offer,0.937
2591,724,8737,2024-09-21 12:54:04,linkedin,screened,0.908
2592,1818,2252,2025-11-10 21:44:10,referral,screened,0.407
2593,425,1543,2024-05-17 00:41:56,job_board,interview,0.842
2594,646,8055,2024-08-26 06:15:12,outbound,interview,0.697
2595,1888,2435,2025-12-04 11:47:16,job_board,screened,0.371
2596,1428,2505,2025-06-08 18:13:01,job_board,offer,0.847
2597,1170,7576,2025-03-01 19:49:08,outbound,applied,0.448
2598,1061,6825,2025-02-08 08:40:03,job_board,applied,0.503
2599,934,4995,2024-12-24 21:57:23,job_board,applied,0.398
2600,1793,7633,2025-10-07 13:51:55,outbound,offer,0.833
2601,823,2041,2024-10-10 13:37:37,job_board,screened,0.795
2602,959,7172,2024-12-09 11:03:13,job_board,applied,0.877
2603,170,5981,2024-02-12 23:55:02,job_board,screened,0.669
2604,230,5140,2024-04-07 15:24:03,referral,applied,0.622
2605,409,3344,2024-05-09 11:53:25,recruiter,applied,0.697
2606,600,1082,2024-08-12 08:57:05,referral,interview,0.355
2607,584,5235,2024-07-18 10:15:51,recruiter,interview,0.84
2608,1334,7227,2025-05-09 01:58:55,linkedin,applied,0.872
2609,1103,871,2025-03-01 22:16:41,linkedin,applied,0.387
2610,9,1445,2024-01-09 21:58:27,job_board,applied,0.923
2611,1034,7922,2025-01-31 05:51:12,referral,screened,0.609
2612,165,7776,2024-02-29 06:31:13,referral,applied,0.499
2613,1086,5360,2025-02-25 01:23:12,job_board,applied,0.374
2614,101,4126,2024-02-18 22:24:00,job_board,applied,0.968
2615,153,40,2024-03-10 06:27:57,recruiter,screened,0.768
2616,1653,8206,2025-09-01 01:45:45,job_board,applied,0.738
2617,20,5032,2024-01-17 14:49:30,linkedin,screened,0.442
2618,1945,720,2025-12-24 18:49:32,job_board,offer,0.856
2619,927,3259,2024-12-30 11:26:29,job_board,applied,0.721
2620,1653,7515,2025-08-24 01:45:45,job_board,applied,0.574
2621,387,8150,2024-05-26 21:00:18,linkedin,applied,0.744
2622,934,5732,2024-12-22 21:57:23,job_board,applied,0.438
2623,1784,1247,2025-09-22 20:55:27,linkedin,applied,0.618
2624,155,1444,2024-02-09 16:03:34,linkedin,screened,0.449
2625,862,3004,2024-11-11 11:21:12,job_board,applied,0.422
2626,246,6863,2024-03-12 10:05:51,job_board,applied,0.976
2627,704,6881,2024-09-04 20:25:22,referral,applied,0.53
2628,1942,6741,2025-12-19 04:53:45,linkedin,applied,0.357
2629,1089,2028,2025-02-11 23:01:13,linkedin,applied,0.488
2630,668,2810,2024-09-06 17:30:58,referral,applied,0.581
2631,1258,2819,2025-04-02 20:15:22,outbound,screened,0.358
2632,564,6559,2024-07-06 21:00:15,recruiter,applied,0.746
2633,164,6942,2024-03-02 22:59:11,job_board,interview,0.679
2634,1131,268,2025-03-13 15:36:02,job_board,interview,0.565
2635,1483,6411,2025-06-28 01:34:11,job_board,screened,0.91
2636,358,3496,2024-05-18 23:00:57,job_board,screened,0.503
2637,276,3238,2024-04-04 17:16:07,job_board,applied,0.408
2638,1196,4574,2025-03-01 11:57:49,linkedin,applied,0.415
2639,774,4207,2024-10-06 18:18:09,referral,applied,0.849
2640,1872,8816,2025-11-13 04:23:15,linkedin,screened,0.565
2641,714,4972,2024-09-23 16:49:10,recruiter,screened,0.919
2642,785,7429,2024-10-16 06:14:39,job_board,applied,0.401
2643,1139,7992,2025-02-12 13:08:45,linkedin,screened,0.69
2644,1956,8841,2025-12-06 13:57:14,outbound,interview,0.533
2645,1379,5954,2025-05-07 04:28:32,job_board,interview,0.943
2646,1333,8525,2025-05-15 21:08:32,job_board,interview,0.65
2647,1602,5333,2025-08-12 02:51:57,job_board,applied,0.521
2648,1632,3324,2025-08-16 20:22:20,linkedin,offer,0.37
2649,1055,7299,2025-02-04 23:55:16,recruiter,applied,0.658
2650,574,7939,2024-07-06 07:50:00,job_board,applied,0.448
2651,311,2739,2024-04-21 03:02:44,referral,applied,0.397
2652,1135,8665,2025-02-12 03:21:32,job_board,applied,0.445
2653,1392,3996,2025-06-01 08:07:18,linkedin,applied,0.679
2654,733,2073,2024-09-03 22:38:35,job_board,applied,0.505
2655,958,6180,2024-12-17 14:20:53,job_board,interview,0.616
2656,891,2190,2024-12-12 11:39:58,recruiter,applied,0.68
2657,1178,3635,2025-03-17 14:49:39,job_board,screened,0.381
2658,1638,4802,2025-09-10 15:16:15,referral,applied,0.701
2659,888,4312,2024-11-21 22:40:16,job_board,applied,0.633
2660,1039,1048,2025-02-12 08:57:35,job_board,interview,0.7
2661,833,1444,2024-10-29 16:29:20,outbound,applied,0.791
2662,604,720,2024-08-12 15:08:12,linkedin,interview,0.798
2663,1403,5491,2025-06-02 17:34:16,referral,applied,0.788
2664,1234,8929,2025-03-04 10:46:54,job_board,applied,0.398
2665,1049,5763,2025-02-09 21:51:57,linkedin,interview,0.92
2666,590,5028,2024-07-16 17:03:39,job_board,applied,0.86
2667,1736,7706,2025-09-25 13:21:28,linkedin,applied,0.904
2668,1610,224,2025-07-28 23:42:18,linkedin,screened,0.458
2669,1487,769,2025-07-20 05:59:47,linkedin,applied,0.72
2670,1632,8913,2025-08-26 20:22:20,outbound,interview,0.938
2671,953,8097,2024-12-26 14:34:24,recruiter,interview,0.938
2672,1256,4996,2025-04-27 10:07:29,linkedin,screened,0.584
2673,429,774,2024-06-23 13:23:21,recruiter,applied,0.887
2674,1566,1709,2025-07-23 15:20:04,job_board,interview,0.641
2675,36,6708,2024-02-21 12:54:19,job_board,applied,0.402
2676,1018,2077,2025-01-22 12:20:20,recruiter,applied,0.963
2677,411,5302,2024-05-18 07:50:29,job_board,applied,0.545
2678,1192,6818,2025-04-04 00:39:20,referral,applied,0.532
2679,563,3655,2024-08-09 00:12:02,outbound,screened,0.917
2680,1929,4239,2025-12-31 00:26:09,job_board,interview,0.819
2681,237,8312,2024-03-18 19:49:50,job_board,applied,0.579
2682,1645,8824,2025-08-30 08:27:24,job_board,applied,0.853
2683,1339,4110,2025-05-31 11:43:12,job_board,screened,0.363
2684,1992,1837,2025-12-28 14:13:40,recruiter,screened,0.716
2685,653,223,2024-09-09 18:31:52,job_board,interview,0.521
2686,1411,1623,2025-06-24 04:08:30,job_board,offer,0.699
2687,61,4686,2024-02-03 04:15:12,job_board,applied,0.558
2688,1354,8818,2025-04-23 08:57:01,job_board,applied,0.804
2689,874,4793,2024-11-06 08:36:02,referral,applied,0.75
2690,1453,8849,2025-06-01 23:43:43,job_board,interview,0.803
2691,1569,6700,2025-08-10 22:41:00,job_board,applied,0.797
2692,974,728,2024-12-31 01:17:46,recruiter,screened,0.821
2693,680,3225,2024-08-24 23:55:29,referral,applied,0.97
2694,1427,5235,2025-06-11 16:40:19,job_board,offer,0.629
2695,1805,666,2025-10-25 15:15:20,linkedin,applied,0.826
2696,719,173,2024-08-28 10:55:13,job_board,applied,0.49
2697,1706,3146,2025-09-08 03:59:20,job_board,applied,0.956
2698,888,8045,2024-11-03 22:40:16,job_board,interview,0.886
2699,1779,5424,2025-10-11 14:02:53,outbound,applied,0.411
2700,1298,4709,2025-04-13 14:50:05,job_board,screened,0.855
2701,1336,4903,2025-05-03 20:20:21,referral,applied,0.718
2702,1377,4908,2025-05-08 11:57:10,referral,applied,0.603
2703,1614,7623,2025-08-29 11:11:24,job_board,interview,0.42
2704,1723,2876,2025-09-06 05:19:16,referral,screened,0.743
2705,778,2432,2024-10-11 13:18:43,job_board,applied,0.68
2706,1492,2550,2025-07-14 05:25:53,recruiter,screened,0.876
2707,1387,5124,2025-06-02 00:10:39,outbound,applied,0.6
2708,1184,2414,2025-02-18 16:21:51,job_board,applied,0.678
2709,448,8781,2024-06-24 15:32:36,linkedin,applied,0.622
2710,931,6208,2024-12-21 10:31:45,job_board,applied,0.4
2711,410,2823,2024-06-06 16:26:21,job_board,screened,0.641
2712,274,2345,2024-04-16 16:28:54,job_board,screened,0.953
2713,1888,3925,2025-11-23 11:47:16,referral,applied,0.36
2714,1448,7740,2025-06-30 03:35:42,job_board,applied,0.813
2715,1098,8949,2025-02-05 03:51:04,linkedin,screened,0.617
2716,884,4791,2024-11-12 11:13:05,job_board,applied,0.462
2717,144,1300,2024-02-20 07:02:41,job_board,applied,0.78
2718,703,386,2024-09-02 20:01:28,referral,applied,0.582
2719,395,5163,2024-05-18 20:58:48,recruiter,interview,0.975
2720,1077,5607,2025-02-22 19:13:06,job_board,applied,0.676
2721,923,3334,2024-11-28 09:06:28,referral,applied,0.61
2722,1927,8004,2025-12-06 09:36:25,referral,applied,0.957
2723,1692,416,2025-09-20 11:13:16,job_board,interview,0.53
2724,1202,2764,2025-03-30 17:59:05,job_board,applied,0.961
2725,1792,6848,2025-10-02 01:25:19,job_board,applied,0.838
2726,659,2193,2024-08-05 06:47:21,linkedin,applied,0.694
2727,227,1790,2024-03-13 08:27:34,linkedin,offer,0.584
2728,1122,6573,2025-02-05 18:52:30,job_board,offer,0.393
2729,125,8029,2024-02-28 07:58:28,referral,applied,0.944
2730,1886,1661,2025-12-03 08:09:55,job_board,interview,0.752
2731,244,3761,2024-04-04 05:15:56,job_board,interview,0.681
2732,1713,8775,2025-09-07 19:39:56,job_board,applied,0.762
2733,1343,1302,2025-05-06 04:49:54,job_board,offer,0.909
2734,494,1247,2024-06-28 01:22:44,job_board,applied,0.538
2735,1066,2215,2025-02-20 13:42:28,job_board,screened,0.677
2736,1088,4317,2025-03-05 10:00:59,job_board,interview,0.865
2737,1476,7496,2025-07-17 08:20:15,job_board,applied,0.907
2738,854,3916,2024-10-30 02:15:11,job_board,applied,0.798
2739,1187,3365,2025-02-26 13:53:11,referral,applied,0.72
2740,832,7645,2024-10-09 15:59:20,referral,offer,0.595
2741,192,2307,2024-03-29 11:48:13,outbound,applied,0.504
2742,1422,3296,2025-06-27 20:34:07,linkedin,applied,0.756
2743,516,2241,2024-07-09 01:37:59,job_board,applied,0.8
2744,558,992,2024-07-02 20:52:54,referral,interview,0.654
2745,664,5249,2024-08-25 08:59:05,linkedin,applied,0.946
2746,1134,8719,2025-03-08 11:16:08,job_board,interview,0.449
2747,1416,2312,2025-06-18 02:13:48,referral,applied,0.676
2748,1630,649,2025-09-04 03:21:48,referral,screened,0.774
2749,1194,8418,2025-03-28 03:14:23,job_board,applied,0.944
2750,796,957,2024-09-26 04:18:55,referral,applied,0.515
2751,1894,445,2025-12-05 09:55:41,job_board,screened,0.504
2752,951,6631,2025-01-16 17:00:59,job_board,interview,0.655
2753,292,1403,2024-04-09 17:48:29,linkedin,applied,0.793
2754,1604,8964,2025-08-13 08:00:15,linkedin,screened,0.548
2755,1878,3861,2025-11-09 10:03:29,linkedin,screened,0.67
2756,582,6031,2024-08-15 03:00:41,referral,offer,0.431
2757,441,1875,2024-06-01 02:03:08,job_board,applied,0.936
2758,705,1906,2024-10-01 22:01:12,referral,applied,0.474
2759,687,7008,2024-09-05 00:19:03,recruiter,applied,0.51
2760,385,4590,2024-05-07 01:43:36,linkedin,screened,0.617
2761,70,8249,2024-02-11 08:53:41,linkedin,applied,0.437
2762,376,8293,2024-04-20 12:18:08,outbound,applied,0.952
2763,594,5402,2024-08-22 12:09:26,referral,applied,0.763
2764,377,7028,2024-05-09 12:50:51,job_board,screened,0.766
2765,400,7687,2024-05-18 18:07:39,referral,applied,0.477
2766,1887,5238,2025-11-19 08:28:49,job_board,applied,0.564
2767,435,7206,2024-06-12 14:30:39,job_board,applied,0.472
2768,1644,239,2025-09-08 05:50:45,referral,interview,0.4
2769,1145,1428,2025-03-08 12:49:24,linkedin,applied,0.62
2770,873,4270,2024-10-26 15:02:50,job_board,screened,0.639
2771,1562,704,2025-08-12 02:57:12,job_board,screened,0.775
2772,34,4156,2024-02-07 10:38:54,job_board,applied,0.629
2773,1490,5662,2025-07-27 15:47:30,outbound,applied,0.973
2774,833,3311,2024-10-18 16:29:20,linkedin,applied,0.657
2775,1659,8843,2025-09-12 03:10:32,linkedin,offer,0.633
2776,1925,7853,2025-12-29 05:19:12,job_board,interview,0.518
2777,1463,7488,2025-06-02 13:06:03,referral,applied,0.737
2778,229,6411,2024-04-08 12:52:28,job_board,applied,0.862
2779,1954,5547,2026-01-08 07:00:43,job_board,applied,0.959
2780,1520,5955,2025-08-03 19:40:24,linkedin,applied,0.44
2781,37,999,2024-02-23 14:21:07,linkedin,screened,0.367
2782,381,8440,2024-04-30 03:39:11,referral,interview,0.966
2783,1976,7018,2025-12-19 04:04:19,linkedin,applied,0.612
2784,1674,2607,2025-09-07 18:36:31,job_board,applied,0.774
2785,820,6147,2024-10-29 03:34:12,job_board,applied,0.948
2786,1913,3721,2025-12-22 10:45:09,referral,interview,0.365
2787,956,8405,2024-12-30 21:52:57,recruiter,interview,0.458
2788,1735,4818,2025-09-03 10:18:57,linkedin,screened,0.849
2789,1155,6385,2025-03-04 21:15:38,linkedin,applied,0.78
2790,1321,1701,2025-04-26 22:12:00,referral,screened,0.632
2791,18,932,2024-02-14 03:57:33,recruiter,applied,0.954
2792,1941,8104,2025-12-29 23:55:54,referral,screened,0.765
2793,364,5483,2024-05-22 09:27:43,job_board,interview,0.368
2794,427,5979,2024-06-11 17:19:30,outbound,interview,0.414
2795,892,3634,2024-11-07 13:50:05,referral,screened,0.907
2796,1511,5679,2025-08-02 06:29:16,outbound,screened,0.954
2797,1540,3793,2025-07-10 14:59:39,job_board,screened,0.505
2798,1254,5729,2025-03-26 15:04:07,recruiter,applied,0.491
2799,1741,5697,2025-09-10 01:52:45,recruiter,applied,0.377
2800,1388,1989,2025-05-07 11:46:54,linkedin,applied,0.423
2801,296,8098,2024-05-01 13:31:16,job_board,applied,0.503
2802,1568,8507,2025-07-17 22:34:39,job_board,screened,0.923
2803,526,6839,2024-06-23 04:03:31,recruiter,applied,0.435
2804,1040,183,2025-01-15 12:07:37,linkedin,applied,0.398
2805,1215,201,2025-03-28 00:34:29,job_board,applied,0.967
2806,785,7238,2024-09-26 06:14:39,referral,applied,0.419
2807,722,1323,2024-09-23 10:42:17,job_board,screened,0.458
2808,536,8798,2024-07-03 04:39:27,linkedin,screened,0.682
2809,596,3269,2024-07-21 19:23:40,referral,offer,0.521
2810,1973,1586,2025-12-24 11:41:11,referral,screened,0.612
2811,767,6163,2024-09-19 12:14:29,job_board,applied,0.613
2812,946,6172,2024-12-11 23:05:41,job_board,applied,0.712
2813,1404,5708,2025-06-14 02:27:21,recruiter,screened,0.362
2814,498,6915,2024-06-30 16:53:58,outbound,screened,0.861
2815,398,4534,2024-05-15 10:40:35,job_board,screened,0.574
2816,421,2835,2024-06-15 20:25:01,job_board,interview,0.978
2817,124,3872,2024-02-22 05:30:37,referral,applied,0.889
2818,903,5670,2024-12-16 17:56:59,linkedin,interview,0.361
2819,7,7107,2024-01-19 15:07:39,job_board,applied,0.879
2820,758,3888,2024-10-20 06:44:16,outbound,applied,0.477
2821,1054,862,2025-01-22 22:59:06,recruiter,applied,0.35
2822,517,3615,2024-07-08 06:57:57,referral,interview,0.378
2823,501,5356,2024-06-27 01:51:33,linkedin,screened,0.892
2824,1202,6962,2025-04-03 17:59:05,job_board,applied,0.572
2825,1124,7277,2025-02-13 09:41:42,job_board,offer,0.558
2826,1578,7108,2025-07-29 16:31:22,linkedin,interview,0.856
2827,1762,2452,2025-09-26 10:22:31,recruiter,screened,0.976
2828,497,209,2024-07-04 12:00:13,job_board,applied,0.916
2829,588,1821,2024-07-20 13:38:18,referral,applied,0.957
2830,1049,1079,2025-02-03 21:51:57,outbound,applied,0.406
2831,368,6062,2024-05-15 19:37:50,linkedin,applied,0.607
2832,1457,2438,2025-06-08 14:11:08,outbound,applied,0.504
2833,4,1581,2024-01-13 20:39:45,linkedin,applied,0.739
2834,735,4853,2024-09-03 03:43:41,outbound,offer,0.96
2835,1963,4395,2025-12-15 03:17:49,job_board,interview,0.959
2836,1468,6333,2025-07-15 02:40:32,job_board,applied,0.769
2837,1034,8306,2025-02-14 05:51:12,linkedin,applied,0.838
2838,8,756,2024-01-11 13:22:32,recruiter,applied,0.9
2839,1605,547,2025-08-15 08:21:41,job_board,offer,0.628
2840,892,7353,2024-11-04 13:50:05,outbound,interview,0.698
2841,1717,8183,2025-10-01 09:24:13,job_board,applied,0.901
2842,1568,3019,2025-08-14 22:34:39,outbound,interview,0.597
2843,1991,1714,2026-01-31 07:12:35,job_board,applied,0.586
2844,236,2691,2024-03-14 12:08:11,recruiter,screened,0.875
2845,1720,4342,2025-09-09 11:54:09,linkedin,applied,0.9
2846,1424,108,2025-06-25 01:55:17,outbound,interview,0.829
2847,589,1191,2024-08-05 14:08:43,job_board,applied,0.645
2848,1689,314,2025-09-11 01:45:59,job_board,applied,0.61
2849,1129,6389,2025-03-19 07:21:04,referral,applied,0.424
2850,1320,4004,2025-05-15 21:00:29,job_board,interview,0.553
2851,1926,8980,2025-12-06 08:13:05,job_board,interview,0.496
2852,1146,4003,2025-02-10 07:24:03,linkedin,interview,0.467
2853,1267,2719,2025-03-31 05:55:46,job_board,applied,0.823
2854,1731,2759,2025-09-30 13:37:04,job_board,offer,0.766
2855,1539,8323,2025-07-12 18:10:31,linkedin,applied,0.393
2856,1283,1694,2025-04-07 05:09:24,outbound,interview,0.453
2857,1814,6570,2025-11-11 15:30:28,job_board,applied,0.576
2858,1821,7916,2025-10-21 05:55:58,linkedin,screened,0.627
2859,1228,8689,2025-03-13 07:43:04,job_board,applied,0.886
2860,197,762,2024-03-13 14:49:52,job_board,screened,0.375
2861,1385,6047,2025-06-12 07:05:26,job_board,applied,0.491
2862,666,7298,2024-08-14 09:41:15,job_board,applied,0.908
2863,1177,6139,2025-03-14 11:20:48,linkedin,interview,0.583
2864,755,7570,2024-10-09 12:26:03,recruiter,applied,0.491
2865,678,8494,2024-09-03 22:18:51,job_board,screened,0.717
2866,1950,7927,2026-01-10 14:54:53,linkedin,applied,0.955
2867,498,6547,2024-06-25 16:53:58,linkedin,applied,0.939
2868,322,1747,2024-05-06 01:36:49,job_board,applied,0.681
2869,1268,7628,2025-04-07 15:57:11,job_board,screened,0.415
2870,1289,6163,2025-03-29 21:35:57,referral,interview,0.442
2871,1963,2562,2025-12-22 03:17:49,job_board,applied,0.548
2872,115,5819,2024-02-03 18:53:29,job_board,screened,0.893
2873,1833,1520,2025-11-07 20:21:13,job_board,applied,0.853
2874,1680,7504,2025-08-31 00:31:28,referral,applied,0.965
2875,420,5761,2024-06-08 17:33:35,job_board,interview,0.669
2876,1638,5797,2025-09-04 15:16:15,job_board,screened,0.715
2877,1686,2274,2025-09-07 12:47:08,referral,interview,0.549
2878,230,1364,2024-04-08 15:24:03,referral,applied,0.672
2879,43,3869,2024-02-01 07:04:40,job_board,applied,0.806
2880,1322,3150,2025-05-11 05:07:23,job_board,applied,0.375
2881,1179,7701,2025-03-16 19:51:51,referral,screened,0.909
2882,1727,8861,2025-09-25 23:08:25,job_board,applied,0.736
2883,1861,5680,2025-11-10 08:14:24,job_board,applied,0.547
2884,209,7177,2024-03-12 18:42:24,job_board,applied,0.553
2885,1919,8495,2025-12-24 20:37:40,recruiter,offer,0.975
2886,1707,6613,2025-09-30 04:50:34,referral,interview,0.538
2887,1207,3193,2025-02-27 08:47:32,outbound,screened,0.702
2888,723,2093,2024-10-07 11:50:42,linkedin,applied,0.577
2889,1262,2526,2025-04-27 21:13:44,outbound,screened,0.699
2890,1130,2829,2025-03-01 12:04:17,job_board,interview,0.617
2891,780,1924,2024-10-08 23:10:24,linkedin,applied,0.657
2892,157,6082,2024-02-27 12:25:21,job_board,screened,0.4
2893,1448,8788,2025-06-19 03:35:42,job_board,interview,0.39
2894,612,2326,2024-07-25 03:21:51,job_board,applied,0.888
2895,492,3867,2024-06-23 06:40:56,job_board,applied,0.885
2896,751,8474,2024-10-14 07:48:49,linkedin,applied,0.966
2897,68,8281,2024-02-09 06:09:37,job_board,applied,0.737
2898,784,233,2024-10-02 04:55:14,referral,applied,0.54
2899,1671,3105,2025-08-19 07:41:18,referral,screened,0.902
2900,1463,3142,2025-07-05 13:06:03,recruiter,screened,0.947
2901,121,2590,2024-02-21 21:24:45,job_board,interview,0.535
2902,661,8477,2024-08-30 00:24:37,job_board,applied,0.612
2903,1330,6938,2025-05-01 13:03:58,outbound,applied,0.669
2904,1863,581,2025-10-20 19:04:51,job_board,applied,0.623
2905,874,5563,2024-11-04 08:36:02,job_board,applied,0.718
2906,1977,5191,2026-01-13 10:52:10,job_board,interview,0.919
2907,87,4722,2024-01-31 03:13:40,job_board,screened,0.927
2908,1821,6498,2025-10-24 05:55:58,job_board,applied,0.415
2909,320,3962,2024-05-07 17:45:06,linkedin,screened,0.801
2910,1459,6407,2025-06-08 02:05:47,job_board,offer,0.431
2911,202,4198,2024-03-30 00:56:02,referral,applied,0.555
2912,1979,8507,2025-12-26 13:49:25,job_board,applied,0.6
2913,429,7511,2024-06-02 13:23:21,job_board,applied,0.923
2914,737,480,2024-09-26 14:32:45,referral,interview,0.579
2915,1271,1379,2025-03-31 21:22:39,recruiter,applied,0.729
2916,101,3597,2024-02-03 22:24:00,referral,applied,0.749
2917,1142,460,2025-02-26 19:00:12,linkedin,screened,0.577
2918,585,623,2024-07-10 23:51:23,job_board,interview,0.79
2919,866,54,2024-11-28 09:42:14,job_board,applied,0.682
2920,666,8097,2024-08-16 09:41:15,job_board,applied,0.554
2921,1687,4456,2025-09-19 14:39:03,referral,applied,0.637
2922,914,7032,2024-11-25 12:39:42,outbound,applied,0.478
2923,1507,7363,2025-07-27 11:42:20,referral,applied,0.371
2924,84,1492,2024-01-28 18:23:14,linkedin,applied,0.58
2925,1366,6039,2025-05-26 18:45:32,job_board,screened,0.928
2926,767,5569,2024-10-11 12:14:29,outbound,applied,0.589
2927,1198,8915,2025-03-26 09:59:10,referral,screened,0.908
2928,1694,7860,2025-08-18 23:20:07,job_board,screened,0.401
2929,1393,5490,2025-05-11 08:18:00,referral,screened,0.647
2930,708,6090,2024-09-27 22:26:28,outbound,screened,0.535
2931,454,4582,2024-06-04 12:51:28,linkedin,applied,0.613
2932,1775,5259,2025-10-24 16:53:46,referral,screened,0.79
2933,520,5235,2024-07-22 18:15:03,outbound,screened,0.545
2934,71,7960,2024-02-17 10:22:06,recruiter,applied,0.437
2935,597,7940,2024-07-20 10:59:45,linkedin,screened,0.376
2936,22,1992,2024-01-22 16:08:09,job_board,interview,0.54
2937,1483,132,2025-06-15 01:34:11,linkedin,applied,0.802
2938,1780,2346,2025-09-19 17:00:49,job_board,applied,0.646
2939,865,4199,2024-11-25 04:31:36,job_board,applied,0.972
2940,1228,1983,2025-03-23 07:43:04,recruiter,applied,0.494
2941,1920,3701,2025-12-23 08:01:32,job_board,applied,0.925
2942,1851,3906,2025-10-20 14:16:45,linkedin,screened,0.869
2943,81,8580,2024-01-27 00:23:25,outbound,interview,0.838
2944,139,3955,2024-02-28 05:15:06,linkedin,applied,0.789
2945,767,1686,2024-10-02 12:14:29,referral,applied,0.363
2946,559,3681,2024-07-17 21:04:28,linkedin,screened,0.835
2947,310,230,2024-03-27 18:36:55,recruiter,applied,0.481
2948,303,266,2024-04-04 21:25:01,linkedin,interview,0.539
2949,1633,5686,2025-08-06 22:20:05,job_board,screened,0.489
2950,388,2266,2024-04-30 11:40:54,linkedin,offer,0.621
2951,960,5626,2024-12-19 02:57:12,job_board,applied,0.485
2952,90,334,2024-02-20 16:55:50,job_board,applied,0.887
2953,1241,2875,2025-04-09 06:36:10,linkedin,applied,0.778
2954,1483,5163,2025-07-18 01:34:11,job_board,applied,0.756
2955,1196,4858,2025-03-06 11:57:49,job_board,applied,0.817
2956,570,5339,2024-07-28 19:59:04,referral,applied,0.55
2957,159,5371,2024-03-15 03:12:05,recruiter,interview,0.698
2958,801,2894,2024-10-14 22:08:05,linkedin,applied,0.755
2959,1568,3178,2025-07-12 22:34:39,job_board,screened,0.705
2960,240,3670,2024-03-23 07:21:52,outbound,applied,0.715
2961,1644,3785,2025-08-04 05:50:45,job_board,interview,0.389
2962,1827,7078,2025-10-20 21:45:08,referral,interview,0.637
2963,1215,1277,2025-03-12 00:34:29,job_board,applied,0.714
2964,1689,5051,2025-09-26 01:45:59,job_board,interview,0.418
2965,562,6940,2024-08-01 23:19:05,recruiter,applied,0.465
2966,1243,3071,2025-04-07 08:07:38,job_board,interview,0.708
2967,1449,3503,2025-07-09 09:29:50,linkedin,interview,0.46
2968,1430,6100,2025-06-29 23:43:51,job_board,applied,0.672
2969,1402,5810,2025-05-21 06:23:38,job_board,applied,0.489
2970,389,4986,2024-05-17 14:43:30,outbound,applied,0.462
2971,1826,3840,2025-10-28 18:03:30,job_board,screened,0.849
2972,1364,416,2025-04-26 12:26:08,job_board,interview,0.86
2973,235,1461,2024-02-29 17:47:12,job_board,applied,0.558
2974,1279,4386,2025-04-07 20:37:34,referral,screened,0.554
2975,1820,6306,2025-09-30 22:42:07,linkedin,screened,0.61
2976,48,1824,2024-02-13 02:09:45,job_board,screened,0.475
2977,1775,3757,2025-09-18 16:53:46,referral,interview,0.696
2978,661,2224,2024-08-14 00:24:37,job_board,applied,0.962
2979,596,1669,2024-07-16 19:23:40,outbound,applied,0.83
2980,976,8097,2025-01-07 01:50:37,linkedin,interview,0.526
2981,1433,8402,2025-06-28 03:11:08,job_board,applied,0.571
2982,207,8863,2024-02-24 02:25:00,job_board,applied,0.472
2983,528,8040,2024-07-17 18:48:07,job_board,screened,0.791
2984,1615,3636,2025-08-18 14:04:18,recruiter,applied,0.563
2985,471,6545,2024-07-07 06:24:03,referral,applied,0.902
2986,699,2554,2024-09-10 12:43:48,job_board,interview,0.805
2987,1284,5185,2025-05-01 16:40:07,linkedin,applied,0.576
2988,502,2273,2024-07-09 14:33:56,linkedin,applied,0.592
2989,101,5627,2024-02-27 22:24:00,job_board,screened,0.434
2990,1056,3799,2025-02-05 03:53:12,job_board,applied,0.646
2991,193,3242,2024-03-03 13:19:31,job_board,offer,0.938
2992,773,779,2024-10-05 14:57:39,job_board,screened,0.752
2993,1321,2367,2025-04-15 22:12:00,linkedin,applied,0.654
2994,1480,3964,2025-07-12 23:23:57,outbound,screened,0.607
2995,1904,5329,2025-11-12 16:55:47,linkedin,interview,0.736
2996,1744,7522,2025-10-15 19:04:33,referral,offer,0.921
2997,69,6661,2024-01-18 08:50:44,linkedin,applied,0.599
2998,974,4910,2024-12-20 01:17:46,job_board,screened,0.737
2999,46,4457,2024-01-20 00:08:42,job_board,applied,0.968
3000,1603,4217,2025-07-29 06:36:40,referral,applied,0.725
3001,150,8060,2024-02-05 12:44:09,referral,applied,0.786
3002,1555,7538,2025-08-22 12:26:07,job_board,applied,0.904
3003,4,3496,2024-01-31 20:39:45,referral,applied,0.637
3004,222,5083,2024-03-10 00:16:03,job_board,interview,0.388
3005,1857,3389,2025-11-02 21:44:18,job_board,applied,0.626
3006,373,5100,2024-04-28 18:42:27,job_board,screened,0.433
3007,949,3830,2024-12-26 05:13:54,linkedin,applied,0.91
3008,1041,7651,2025-01-28 19:43:18,job_board,applied,0.85
3009,1385,6338,2025-05-23 07:05:26,job_board,interview,0.831
3010,1871,1571,2025-11-07 17:35:07,referral,applied,0.612
3011,833,248,2024-10-19 16:29:20,job_board,applied,0.824
3012,1207,8644,2025-03-19 08:47:32,job_board,applied,0.714
3013,1995,3185,2026-01-03 20:12:28,job_board,screened,0.417
3014,217,1361,2024-03-21 05:58:05,recruiter,applied,0.448
3015,960,6687,2025-01-01 02:57:12,job_board,applied,0.871
3016,607,4264,2024-07-21 13:13:47,outbound,applied,0.902
3017,1879,4993,2025-12-06 23:55:08,job_board,screened,0.755
3018,1230,5731,2025-04-13 17:57:04,linkedin,screened,0.506
3019,1300,2789,2025-05-04 05:51:37,outbound,applied,0.92
3020,375,5108,2024-05-30 21:09:19,recruiter,applied,0.902
3021,1896,5911,2025-12-17 03:43:06,recruiter,applied,0.796
3022,135,5526,2024-03-06 13:04:51,recruiter,applied,0.831
3023,991,8111,2025-01-08 05:01:18,job_board,applied,0.419
3024,1399,3521,2025-05-15 14:09:40,referral,applied,0.826
3025,1758,4547,2025-10-18 20:22:21,linkedin,applied,0.902
3026,547,6755,2024-07-16 07:15:04,job_board,screened,0.777
3027,668,6654,2024-09-06 17:30:58,job_board,applied,0.938
3028,76,8968,2024-02-26 23:17:41,job_board,applied,0.407
3029,1323,1786,2025-05-22 19:44:23,linkedin,applied,0.449
3030,394,8285,2024-05-24 12:47:45,linkedin,screened,0.973
3031,1235,4257,2025-03-16 21:54:42,linkedin,offer,0.904
3032,170,1937,2024-02-13 23:55:02,job_board,interview,0.513
3033,974,2622,2025-01-20 01:17:46,linkedin,applied,0.936
3034,958,3168,2024-12-06 14:20:53,job_board,applied,0.382
3035,1003,8936,2025-01-21 07:22:24,recruiter,applied,0.635
3036,618,987,2024-08-02 14:22:21,referral,applied,0.472
3037,341,1969,2024-04-26 20:17:44,outbound,applied,0.932
3038,1552,6434,2025-08-16 22:28:57,recruiter,applied,0.978
3039,1813,8527,2025-10-19 22:26:36,job_board,interview,0.42
3040,554,713,2024-07-04 15:25:57,job_board,applied,0.906
3041,909,3679,2024-11-30 20:08:35,job_board,applied,0.391
3042,218,3681,2024-02-29 06:42:18,job_board,applied,0.941
3043,303,4486,2024-05-02 21:25:01,outbound,applied,0.93
3044,706,6872,2024-08-20 00:25:53,recruiter,applied,0.854
3045,1409,4716,2025-06-22 21:46:07,linkedin,interview,0.367
3046,1346,1248,2025-04-29 15:03:23,recruiter,screened,0.519
3047,1455,2177,2025-06-27 23:35:11,job_board,applied,0.687
3048,178,6648,2024-03-24 10:14:18,job_board,applied,0.632
3049,91,2151,2024-01-30 18:21:24,job_board,screened,0.628
3050,551,4472,2024-08-06 22:06:34,referral,applied,0.785
3051,666,3385,2024-08-23 09:41:15,outbound,applied,0.442
3052,1029,3951,2025-01-29 16:16:50,linkedin,applied,0.748
3053,1169,6707,2025-02-28 12:36:32,job_board,applied,0.444
3054,377,2190,2024-06-02 12:50:51,referral,applied,0.517
3055,1644,6307,2025-09-03 05:50:45,job_board,applied,0.723
3056,1494,6856,2025-07-03 08:14:12,job_board,screened,0.785
3057,622,8979,2024-07-24 08:15:16,linkedin,offer,0.495
3058,1292,4067,2025-05-07 13:56:42,linkedin,applied,0.545
3059,600,796,2024-08-12 08:57:05,referral,applied,0.83
3060,122,6005,2024-02-04 21:29:22,job_board,screened,0.714
3061,1474,6834,2025-06-27 23:43:26,job_board,applied,0.546
3062,173,283,2024-02-22 21:17:11,recruiter,applied,0.695
3063,439,1755,2024-05-26 11:26:56,referral,screened,0.432
3064,606,3091,2024-08-05 23:47:56,linkedin,screened,0.615
3065,1792,4600,2025-09-24 01:25:19,job_board,applied,0.846
3066,1173,4633,2025-02-25 01:28:38,job_board,applied,0.904
3067,1581,1768,2025-07-17 08:24:39,referral,interview,0.355
3068,1817,1799,2025-11-11 18:21:59,linkedin,applied,0.792
3069,1787,8425,2025-10-30 18:19:22,recruiter,offer,0.357
3070,1219,6469,2025-03-07 14:43:41,referral,applied,0.819
3071,708,4565,2024-09-13 22:26:28,recruiter,applied,0.885
3072,808,2982,2024-10-06 05:59:34,linkedin,interview,0.931
3073,332,4226,2024-04-29 10:31:44,linkedin,applied,0.409
3074,1178,8692,2025-03-08 14:49:39,recruiter,applied,0.357
3075,1171,2767,2025-02-13 09:43:27,job_board,screened,0.582
3076,1945,2974,2026-01-03 18:49:32,job_board,screened,0.51
3077,380,4041,2024-05-24 15:53:37,job_board,applied,0.609
3078,1514,1695,2025-06-28 20:00:03,referral,applied,0.455
3079,533,997,2024-06-30 05:47:00,linkedin,applied,0.835
3080,158,8036,2024-02-12 22:24:16,job_board,screened,0.763
3081,802,6158,2024-10-10 23:43:16,referral,applied,0.599
3082,1928,3028,2025-12-12 11:25:45,referral,interview,0.793
3083,926,5137,2024-12-19 01:23:43,referral,interview,0.567
3084,372,4465,2024-05-16 18:15:01,job_board,applied,0.71
3085,645,897,2024-08-03 18:20:45,job_board,applied,0.635
3086,1390,6792,2025-05-24 18:50:54,job_board,interview,0.559
3087,570,922,2024-08-08 19:59:04,job_board,screened,0.387
3088,464,5128,2024-07-03 07:05:23,job_board,interview,0.549
3089,494,2637,2024-07-14 01:22:44,referral,applied,0.644
3090,164,3930,2024-02-22 22:59:11,outbound,applied,0.541
3091,1381,4258,2025-05-24 05:08:54,referral,applied,0.962
3092,642,3917,2024-08-02 23:27:56,outbound,interview,0.467
3093,612,2005,2024-08-03 03:21:51,job_board,screened,0.594
3094,657,750,2024-08-12 18:11:47,referral,applied,0.782
3095,1389,1183,2025-05-14 16:02:29,job_board,interview,0.52
3096,1749,6545,2025-10-15 10:17:53,referral,offer,0.669
3097,1486,868,2025-07-15 03:39:09,linkedin,screened,0.803
3098,1136,4555,2025-03-15 22:34:01,referral,applied,0.956
3099,1429,2746,2025-06-01 23:19:08,job_board,applied,0.691
3100,454,6262,2024-06-06 12:51:28,job_board,offer,0.81
3101,1829,5667,2025-11-09 14:06:18,referral,screened,0.859
3102,1226,1655,2025-03-02 18:57:33,linkedin,applied,0.569
3103,1909,6106,2025-12-15 20:27:38,outbound,applied,0.639
3104,536,5926,2024-07-22 04:39:27,job_board,applied,0.895
3105,294,2546,2024-04-06 19:57:56,linkedin,offer,0.753
3106,1430,7575,2025-06-29 23:43:51,job_board,applied,0.361
3107,642,3966,2024-08-06 23:27:56,job_board,applied,0.916
3108,416,308,2024-05-20 06:38:08,job_board,applied,0.605
3109,1576,5657,2025-07-30 06:15:49,referral,applied,0.802
3110,1066,4054,2025-02-02 13:42:28,linkedin,applied,0.566
3111,1564,3241,2025-07-26 09:04:01,job_board,screened,0.682
3112,488,4058,2024-06-25 17:37:54,referral,screened,0.656
3113,142,8808,2024-03-17 07:37:23,referral,applied,0.393
3114,820,3494,2024-10-24 03:34:12,referral,applied,0.598
3115,1925,6235,2025-12-18 05:19:12,job_board,screened,0.507
3116,1172,7653,2025-03-15 14:05:35,referral,applied,0.727
3117,1713,5206,2025-09-21 19:39:56,recruiter,applied,0.954
3118,1687,8012,2025-08-29 14:39:03,job_board,applied,0.841
3119,1799,4482,2025-10-06 09:07:06,linkedin,interview,0.925
3120,918,2028,2024-12-01 17:23:04,outbound,applied,0.66
3121,409,4428,2024-05-18 11:53:25,recruiter,screened,0.382
3122,1800,1110,2025-10-31 11:56:43,job_board,applied,0.504
3123,1002,2626,2025-01-18 07:37:33,linkedin,applied,0.653
3124,641,1850,2024-09-06 23:08:51,job_board,applied,0.576
3125,882,696,2024-12-10 00:12:59,job_board,screened,0.64
3126,1566,1383,2025-08-10 15:20:04,referral,applied,0.899
3127,721,7542,2024-09-23 04:06:03,outbound,applied,0.358
3128,1664,7723,2025-08-13 00:26:23,job_board,screened,0.483
3129,455,8149,2024-05-26 14:06:07,job_board,screened,0.96
3130,636,225,2024-08-27 11:38:30,recruiter,applied,0.731
3131,280,8771,2024-04-29 10:53:33,outbound,screened,0.582
3132,1743,3084,2025-10-09 15:22:46,referral,applied,0.477
3133,1742,3636,2025-09-15 09:51:30,job_board,interview,0.62
3134,415,1624,2024-06-03 21:46:51,recruiter,interview,0.86
3135,1061,8518,2025-02-12 08:40:03,linkedin,interview,0.968
3136,1584,8988,2025-07-18 16:28:31,recruiter,applied,0.516
3137,1202,6322,2025-04-03 17:59:05,job_board,interview,0.857
3138,1291,677,2025-04-12 10:26:06,job_board,applied,0.374
3139,524,3800,2024-07-14 15:10:24,linkedin,applied,0.823
3140,59,2508,2024-01-30 01:29:30,outbound,interview,0.881
3141,1871,8267,2025-12-01 17:35:07,linkedin,applied,0.542
3142,1827,5863,2025-10-24 21:45:08,job_board,applied,0.795
3143,1873,8717,2025-11-30 09:28:18,referral,interview,0.956
3144,87,7512,2024-03-04 03:13:40,job_board,applied,0.768
3145,1343,4806,2025-04-20 04:49:54,job_board,applied,0.723
3146,502,2545,2024-06-26 14:33:56,recruiter,offer,0.402
3147,642,7017,2024-08-26 23:27:56,linkedin,applied,0.487
3148,826,6275,2024-11-11 19:45:40,job_board,applied,0.521
3149,466,6990,2024-06-25 17:53:54,referral,applied,0.454
3150,1190,8391,2025-03-21 18:54:30,referral,applied,0.408
3151,1191,5480,2025-03-08 20:43:34,job_board,applied,0.905
3152,1857,6003,2025-10-23 21:44:18,job_board,applied,0.473
3153,1666,3805,2025-09-18 14:20:01,referral,applied,0.894
3154,1405,4428,2025-05-10 14:04:04,referral,offer,0.94
3155,1934,1210,2026-01-01 15:32:57,job_board,applied,0.612
3156,857,1726,2024-10-17 16:12:16,job_board,applied,0.528
3157,137,8982,2024-02-19 02:02:03,job_board,applied,0.854
3158,1759,1608,2025-10-19 06:48:13,referral,applied,0.967
3159,669,645,2024-08-15 19:57:53,job_board,screened,0.442
3160,893,7188,2024-11-11 17:16:59,linkedin,applied,0.563
3161,783,1214,2024-09-25 04:31:27,outbound,offer,0.835
3162,1823,4155,2025-11-02 01:22:15,job_board,applied,0.353
3163,739,3374,2024-09-07 12:20:57,linkedin,applied,0.589
3164,1368,3749,2025-05-27 10:34:29,referral,applied,0.427
3165,1336,3587,2025-05-12 20:20:21,job_board,applied,0.863
3166,1112,326,2025-03-09 11:18:11,linkedin,screened,0.513
3167,1095,2405,2025-02-21 12:55:40,referral,applied,0.74
3168,145,5773,2024-02-22 10:17:46,job_board,screened,0.712
3169,1783,703,2025-09-25 20:33:50,job_board,applied,0.935
3170,668,2391,2024-08-24 17:30:58,linkedin,applied,0.399
3171,446,8095,2024-06-12 08:10:45,job_board,offer,0.653
3172,439,5892,2024-06-25 11:26:56,job_board,screened,0.914
3173,799,4620,2024-10-03 19:52:09,linkedin,applied,0.683
3174,1248,4915,2025-03-29 16:20:26,job_board,applied,0.955
3175,1083,8729,2025-03-02 17:51:55,recruiter,interview,0.502
3176,1671,444,2025-09-20 07:41:18,job_board,applied,0.652
3177,1634,7902,2025-09-07 22:30:28,job_board,screened,0.856
3178,672,4303,2024-08-14 09:57:44,outbound,applied,0.632
3179,1647,4447,2025-08-09 17:16:31,job_board,applied,0.508
3180,1364,2062,2025-05-11 12:26:08,job_board,screened,0.419
3181,1719,3494,2025-09-04 10:12:48,job_board,applied,0.884
3182,1,4884,2024-01-15 08:36:25,job_board,applied,0.44
3183,1039,2296,2025-02-22 08:57:35,recruiter,applied,0.434
3184,1251,3148,2025-04-07 03:48:44,job_board,applied,0.594
3185,484,8938,2024-06-15 15:51:54,recruiter,screened,0.935
3186,1311,7348,2025-05-06 07:34:08,referral,interview,0.714
3187,1453,5446,2025-07-03 23:43:43,outbound,applied,0.579
3188,278,2636,2024-04-03 23:31:01,linkedin,screened,0.928
3189,1910,7567,2025-11-16 03:05:05,job_board,applied,0.528
3190,1892,7723,2025-11-24 08:59:15,recruiter,applied,0.366
3191,571,8863,2024-07-21 22:19:09,linkedin,applied,0.576
3192,400,6014,2024-05-06 18:07:39,linkedin,applied,0.747
3193,397,2016,2024-05-22 06:51:45,job_board,applied,0.913
3194,74,3391,2024-02-19 19:29:08,referral,applied,0.743
3195,45,8324,2024-01-29 18:42:12,referral,applied,0.718
3196,625,930,2024-08-09 09:35:34,job_board,applied,0.804
3197,1333,7151,2025-05-20 21:08:32,job_board,screened,0.482
3198,1363,4512,2025-05-03 09:14:20,linkedin,applied,0.909
3199,1091,4092,2025-03-08 06:39:57,referral,screened,0.721
3200,1301,1443,2025-04-19 07:42:57,job_board,offer,0.685
3201,270,8540,2024-04-05 22:51:34,linkedin,applied,0.754
3202,1990,1882,2026-01-20 12:25:53,job_board,screened,0.411
3203,400,5310,2024-05-18 18:07:39,recruiter,screened,0.748
3204,734,4956,2024-08-30 03:11:28,linkedin,applied,0.425
3205,1325,3544,2025-05-13 02:49:34,linkedin,applied,0.666
3206,255,1312,2024-04-16 06:45:03,referral,applied,0.868
3207,873,1440,2024-11-23 15:02:50,referral,offer,0.442
3208,1868,5738,2025-11-20 14:15:26,job_board,applied,0.603
3209,467,6552,2024-05-28 09:16:08,recruiter,offer,0.748
3210,1240,2182,2025-04-12 12:34:44,job_board,interview,0.758
3211,1212,6967,2025-03-16 21:05:33,referral,interview,0.453
3212,155,6156,2024-02-19 16:03:34,job_board,screened,0.56
3213,106,1863,2024-02-17 05:26:55,job_board,applied,0.361
3214,293,3457,2024-04-01 18:27:38,linkedin,screened,0.852
3215,33,3347,2024-01-23 08:38:22,job_board,applied,0.862
3216,1064,4991,2025-02-22 01:26:27,job_board,applied,0.686
3217,522,496,2024-07-20 14:25:58,job_board,interview,0.966
3218,1197,8564,2025-03-18 22:39:21,recruiter,applied,0.419
3219,580,5016,2024-08-16 16:02:01,outbound,applied,0.752
3220,701,6174,2024-08-23 01:43:47,referral,applied,0.476
3221,209,5401,2024-03-31 18:42:24,recruiter,screened,0.57
3222,1591,3600,2025-08-08 08:56:02,referral,screened,0.378
3223,230,7635,2024-03-26 15:24:03,recruiter,applied,0.437
3224,1826,2914,2025-11-09 18:03:30,job_board,interview,0.58
3225,336,236,2024-05-11 20:10:49,job_board,interview,0.71
3226,1982,5049,2026-02-03 07:09:32,referral,offer,0.656
3227,1450,1077,2025-06-07 13:08:05,job_board,offer,0.965
3228,1647,7389,2025-08-11 17:16:31,referral,applied,0.854
3229,1613,285,2025-07-26 04:15:00,outbound,screened,0.383
3230,892,1884,2024-11-30 13:50:05,job_board,offer,0.367
3231,364,8501,2024-05-09 09:27:43,job_board,applied,0.921
3232,1354,2364,2025-05-21 08:57:01,recruiter,applied,0.682
3233,1314,4616,2025-04-24 13:20:29,referral,applied,0.971
3234,1615,7865,2025-08-09 14:04:18,outbound,applied,0.374
3235,468,2214,2024-07-04 14:06:42,linkedin,interview,0.929
3236,1639,2702,2025-08-11 04:13:45,job_board,applied,0.772
3237,1761,172,2025-10-18 09:35:30,outbound,screened,0.651
3238,1463,7222,2025-06-05 13:06:03,linkedin,applied,0.519
3239,538,869,2024-07-09 11:40:05,recruiter,applied,0.672
3240,494,8801,2024-06-09 01:22:44,job_board,applied,0.79
3241,260,6482,2024-03-10 06:59:09,job_board,screened,0.491
3242,1659,2823,2025-08-08 03:10:32,job_board,applied,0.872
3243,879,4323,2024-11-06 11:09:19,job_board,applied,0.886
3244,614,4656,2024-08-30 08:38:47,job_board,applied,0.753
3245,309,6610,2024-04-11 18:19:51,referral,applied,0.674
3246,989,3337,2025-01-18 08:05:30,job_board,screened,0.92
3247,397,2387,2024-05-25 06:51:45,outbound,screened,0.577
3248,1672,1191,2025-09-18 19:46:54,recruiter,screened,0.741
3249,679,3956,2024-09-17 23:35:11,job_board,offer,0.631
3250,892,4332,2024-11-01 13:50:05,job_board,applied,0.547
3251,1322,5615,2025-04-19 05:07:23,job_board,applied,0.934
3252,1399,7504,2025-06-09 14:09:40,recruiter,interview,0.51
3253,234,1911,2024-04-03 12:31:52,referral,interview,0.751
3254,153,2007,2024-03-21 06:27:57,job_board,offer,0.525
3255,569,2588,2024-08-05 18:12:35,job_board,applied,0.73
3256,1494,1473,2025-07-11 08:14:12,linkedin,applied,0.829
3257,1717,1275,2025-09-08 09:24:13,linkedin,applied,0.635
3258,1945,7197,2025-12-20 18:49:32,job_board,applied,0.624
3259,548,6407,2024-06-25 08:17:49,job_board,applied,0.66
3260,1528,7468,2025-07-31 10:29:26,recruiter,applied,0.687
3261,337,5241,2024-04-07 21:06:57,linkedin,screened,0.672
3262,379,7353,2024-05-19 05:57:28,job_board,applied,0.451
3263,1068,4003,2025-02-13 19:16:59,referral,applied,0.727
3264,196,7927,2024-04-02 01:04:10,job_board,screened,0.829
3265,67,5107,2024-02-24 04:39:19,referral,applied,0.811
3266,1991,302,2026-01-28 07:12:35,recruiter,applied,0.767
3267,1608,1529,2025-08-19 18:49:34,job_board,offer,0.598
3268,1352,4649,2025-05-04 19:19:25,job_board,interview,0.686
3269,445,7316,2024-06-21 23:02:01,referral,applied,0.847
3270,153,1324,2024-03-01 06:27:57,job_board,interview,0.437
3271,266,6800,2024-04-03 15:12:19,job_board,applied,0.653
3272,843,8003,2024-11-08 05:04:37,job_board,offer,0.644
3273,1617,1639,2025-08-06 06:51:03,job_board,applied,0.748
3274,1188,4988,2025-03-02 17:13:07,job_board,applied,0.805
3275,1686,7972,2025-08-16 12:47:08,recruiter,interview,0.487
3276,1819,2779,2025-10-17 22:24:28,recruiter,applied,0.467
3277,1470,3546,2025-07-10 14:22:35,referral,interview,0.446
3278,200,4047,2024-02-23 12:46:57,job_board,applied,0.752
3279,470,4173,2024-06-17 04:40:04,job_board,applied,0.726
3280,675,2991,2024-09-14 01:25:10,outbound,applied,0.463
3281,1054,4782,2025-02-22 22:59:06,outbound,applied,0.727
3282,1586,2431,2025-08-27 02:41:03,job_board,applied,0.844
3283,1939,7137,2025-12-13 23:41:49,linkedin,applied,0.444
3284,1967,6145,2025-12-26 07:11:21,outbound,interview,0.481
3285,956,1477,2024-12-16 21:52:57,job_board,interview,0.489
3286,1984,7657,2026-01-09 07:48:29,linkedin,interview,0.768
3287,1900,2386,2025-12-07 11:12:19,outbound,applied,0.914
3288,334,4761,2024-05-06 08:29:52,linkedin,offer,0.383
3289,1353,8428,2025-05-19 01:51:22,linkedin,applied,0.891
3290,878,6137,2024-11-13 20:18:00,job_board,screened,0.61
3291,1690,8441,2025-09-16 01:57:57,referral,applied,0.875
3292,1737,5425,2025-09-14 00:50:59,job_board,interview,0.874
3293,385,7281,2024-04-26 01:43:36,job_board,applied,0.756
3294,1208,4175,2025-04-09 14:43:04,job_board,interview,0.503
3295,1854,1516,2025-10-19 06:07:59,referral,applied,0.368
3296,1335,1596,2025-05-24 03:13:22,linkedin,screened,0.457
3297,1707,5355,2025-09-15 04:50:34,job_board,applied,0.552
3298,1447,1296,2025-07-09 22:53:27,job_board,interview,0.836
3299,1571,4014,2025-08-05 16:00:35,linkedin,applied,0.799
3300,1695,4170,2025-08-19 08:22:57,job_board,applied,0.68
3301,1883,727,2025-11-04 12:23:52,job_board,applied,0.37
3302,397,7622,2024-04-28 06:51:45,referral,offer,0.424
3303,1578,680,2025-08-02 16:31:22,job_board,interview,0.935
3304,768,2834,2024-10-13 17:07:38,job_board,applied,0.803
3305,1154,7712,2025-03-09 18:19:06,referral,applied,0.926
3306,1315,339,2025-05-12 17:37:51,job_board,applied,0.69
3307,1298,815,2025-04-23 14:50:05,job_board,screened,0.385
3308,394,7594,2024-04-29 12:47:45,job_board,applied,0.842
3309,1642,2443,2025-08-12 03:38:50,linkedin,screened,0.974
3310,1431,8198,2025-05-26 11:26:57,job_board,applied,0.672
3311,1499,1357,2025-07-29 15:32:59,linkedin,applied,0.405
3312,1233,1475,2025-04-09 04:38:16,recruiter,applied,0.753
3313,1184,5176,2025-02-19 16:21:51,referral,screened,0.827
3314,556,8581,2024-07-08 09:33:51,linkedin,interview,0.874
3315,1197,6841,2025-03-05 22:39:21,referral,interview,0.824
3316,562,5485,2024-08-01 23:19:05,job_board,applied,0.967
3317,1761,2387,2025-09-16 09:35:30,job_board,applied,0.592
3318,101,623,2024-03-08 22:24:00,recruiter,applied,0.817
3319,20,7039,2024-01-18 14:49:30,linkedin,applied,0.805
3320,1458,1059,2025-07-08 01:30:15,recruiter,offer,0.591
3321,1436,1575,2025-06-22 00:53:32,job_board,applied,0.912
3322,1120,3968,2025-02-17 14:03:25,job_board,applied,0.5
3323,1132,3211,2025-02-04 20:00:37,job_board,applied,0.777
3324,70,7800,2024-02-10 08:53:41,linkedin,applied,0.606
3325,1677,2186,2025-08-13 18:45:05,job_board,applied,0.526
3326,1695,5869,2025-09-18 08:22:57,referral,applied,0.422
3327,411,4090,2024-05-12 07:50:29,linkedin,screened,0.355
3328,32,2150,2024-02-21 08:12:20,linkedin,applied,0.491
3329,1051,8830,2025-01-15 16:21:35,job_board,applied,0.803
3330,506,7153,2024-06-26 12:44:49,job_board,interview,0.646
3331,256,6632,2024-03-24 18:43:46,referral,interview,0.832
3332,226,4131,2024-04-01 05:06:20,job_board,applied,0.961
3333,1319,1852,2025-04-19 13:34:48,job_board,applied,0.446
3334,719,5816,2024-09-27 10:55:13,job_board,applied,0.568
3335,1528,8698,2025-07-15 10:29:26,job_board,applied,0.48
3336,629,2395,2024-07-27 13:38:41,job_board,applied,0.719
3337,1248,6133,2025-04-18 16:20:26,job_board,screened,0.833
3338,545,7727,2024-07-02 15:07:04,linkedin,screened,0.485
3339,1110,4088,2025-02-16 05:33:11,outbound,applied,0.853
3340,1398,720,2025-06-02 04:35:24,recruiter,screened,0.375
3341,687,8247,2024-08-11 00:19:03,linkedin,applied,0.759
3342,1776,959,2025-10-17 16:54:17,outbound,applied,0.884
3343,1280,6866,2025-04-16 22:37:40,job_board,screened,0.928
3344,403,4308,2024-06-03 07:36:28,referral,interview,0.574
3345,1800,6563,2025-09-28 11:56:43,job_board,applied,0.418
3346,998,6348,2025-02-02 22:42:07,outbound,screened,0.666
3347,1443,1809,2025-05-27 18:49:47,referral,interview,0.643
3348,692,879,2024-09-22 19:56:28,referral,screened,0.744
3349,46,1152,2024-01-27 00:08:42,outbound,applied,0.716
3350,1127,1803,2025-02-05 16:36:25,linkedin,applied,0.475
3351,1018,7791,2025-01-15 12:20:20,job_board,interview,0.379
3352,1448,787,2025-06-19 03:35:42,job_board,applied,0.961
3353,1473,6122,2025-06-11 21:51:37,job_board,applied,0.61
3354,1377,3449,2025-05-13 11:57:10,linkedin,applied,0.712
3355,1009,7356,2025-01-14 17:02:42,recruiter,interview,0.373
3356,13,5389,2024-01-11 08:34:34,linkedin,screened,0.46
3357,1183,6892,2025-03-11 15:37:50,outbound,applied,0.66
3358,1900,7443,2025-11-08 11:12:19,linkedin,applied,0.635
3359,1824,8128,2025-10-14 09:16:35,linkedin,applied,0.506
3360,163,7214,2024-02-15 18:27:50,job_board,applied,0.856
3361,1748,3380,2025-09-07 08:41:06,job_board,offer,0.921
3362,289,8276,2024-04-09 15:59:53,linkedin,applied,0.533
3363,163,3152,2024-03-20 18:27:50,linkedin,screened,0.785
3364,53,5270,2024-01-28 19:22:44,job_board,applied,0.451
3365,1022,2132,2025-02-03 14:06:25,job_board,interview,0.416
3366,354,7310,2024-04-20 00:51:24,recruiter,applied,0.463
3367,1245,949,2025-04-11 01:56:32,referral,applied,0.443
3368,934,8656,2024-12-23 21:57:23,linkedin,applied,0.658
3369,1705,4347,2025-09-07 20:22:31,job_board,applied,0.482
3370,422,7635,2024-05-19 05:14:25,referral,applied,0.511
3371,532,4484,2024-07-16 00:14:56,job_board,applied,0.491
3372,1036,1261,2025-02-05 20:35:28,job_board,applied,0.755
3373,280,1031,2024-04-16 10:53:33,job_board,applied,0.931
3374,917,7952,2024-11-23 10:45:53,linkedin,screened,0.525
3375,1195,5432,2025-03-09 03:59:49,job_board,interview,0.504
3376,1235,1275,2025-04-10 21:54:42,outbound,screened,0.428
3377,936,3271,2024-12-31 12:07:21,referral,applied,0.971
3378,203,5148,2024-03-28 11:13:39,job_board,applied,0.869
3379,516,4107,2024-07-19 01:37:59,linkedin,interview,0.58
3380,143,667,2024-02-07 06:45:29,linkedin,interview,0.364
3381,1886,4591,2025-11-13 08:09:55,referral,applied,0.683
3382,1163,1567,2025-02-23 03:26:50,job_board,applied,0.472
3383,636,2795,2024-08-10 11:38:30,linkedin,applied,0.359
3384,604,6004,2024-08-05 15:08:12,recruiter,applied,0.597
3385,111,6166,2024-02-03 20:23:39,outbound,applied,0.767
3386,946,714,2025-01-05 23:05:41,job_board,applied,0.845
3387,118,4589,2024-02-20 11:46:59,recruiter,applied,0.513
3388,1404,2303,2025-05-11 02:27:21,job_board,applied,0.655
3389,403,3973,2024-06-05 07:36:28,linkedin,applied,0.809
3390,201,7245,2024-03-05 21:16:56,job_board,applied,0.973
3391,234,3687,2024-03-24 12:31:52,referral,applied,0.931
3392,57,5276,2024-02-01 16:42:06,job_board,applied,0.548
3393,790,214,2024-10-03 23:39:15,job_board,applied,0.61
3394,118,4432,2024-02-12 11:46:59,job_board,screened,0.935
3395,161,6942,2024-02-27 01:44:41,job_board,applied,0.705
3396,438,5839,2024-05-18 10:55:15,referral,applied,0.357
3397,1123,8699,2025-03-04 02:49:51,recruiter,screened,0.801
3398,441,7066,2024-06-14 02:03:08,job_board,applied,0.642
3399,817,1179,2024-10-25 03:27:05,job_board,screened,0.829
3400,859,546,2024-11-25 01:50:15,job_board,applied,0.926
3401,1196,2605,2025-03-17 11:57:49,referral,screened,0.584
3402,94,7318,2024-02-09 03:53:14,job_board,applied,0.643
3403,1979,7623,2026-01-16 13:49:25,job_board,applied,0.627
3404,186,6528,2024-03-21 23:00:55,outbound,interview,0.593
3405,1984,6379,2026-01-24 07:48:29,job_board,applied,0.654
3406,571,6020,2024-07-29 22:19:09,referral,applied,0.742
3407,835,2812,2024-11-06 08:07:25,job_board,screened,0.355
3408,134,6127,2024-03-17 06:00:57,outbound,interview,0.896
3409,735,5846,2024-09-27 03:43:41,job_board,offer,0.899
3410,1798,742,2025-10-24 17:49:43,outbound,applied,0.466
3411,1364,8256,2025-05-24 12:26:08,job_board,applied,0.425
3412,1247,6816,2025-04-23 21:29:43,outbound,applied,0.796
3413,736,1978,2024-10-08 11:58:19,job_board,screened,0.95
3414,1852,2588,2025-10-29 14:02:47,job_board,offer,0.444
3415,1557,6117,2025-08-11 19:43:40,outbound,applied,0.867
3416,505,2195,2024-07-10 12:16:16,referral,offer,0.949
3417,1204,7308,2025-03-20 08:15:32,job_board,screened,0.866
3418,793,4231,2024-10-14 01:01:58,job_board,applied,0.697
3419,399,858,2024-06-06 13:50:40,job_board,applied,0.931
3420,1312,6223,2025-05-15 08:47:29,job_board,screened,0.358
3421,830,8411,2024-11-15 15:22:09,referral,applied,0.893
3422,196,2988,2024-03-02 01:04:10,recruiter,screened,0.787
3423,1728,8634,2025-09-10 11:40:39,referral,interview,0.595
3424,1213,6485,2025-03-02 00:29:28,job_board,screened,0.892
3425,1107,6598,2025-03-04 16:02:00,referral,applied,0.815
3426,2000,3245,2026-01-30 14:30:53,outbound,screened,0.852
3427,1420,4641,2025-06-28 22:44:53,job_board,screened,0.53
3428,1959,2000,2026-01-08 04:20:06,job_board,interview,0.713
3429,1420,5436,2025-05-24 22:44:53,job_board,applied,0.576
3430,339,7736,2024-04-20 09:21:15,referral,screened,0.763
3431,965,5836,2024-12-28 06:47:36,recruiter,interview,0.816
3432,1019,7865,2025-02-06 15:42:41,job_board,applied,0.757
3433,591,1388,2024-07-29 22:12:26,job_board,applied,0.904
3434,619,5468,2024-09-01 15:13:02,job_board,applied,0.431
3435,1193,2654,2025-03-20 03:05:43,job_board,applied,0.698
3436,824,5075,2024-10-21 02:55:22,job_board,applied,0.688
3437,227,908,2024-04-10 08:27:34,linkedin,screened,0.822
3438,1163,3449,2025-03-07 03:26:50,referral,applied,0.655
3439,1195,3335,2025-03-06 03:59:49,referral,interview,0.51
3440,1634,4749,2025-08-17 22:30:28,job_board,applied,0.51
3441,206,6706,2024-03-26 01:31:37,job_board,applied,0.561
3442,915,5164,2024-11-16 21:11:22,linkedin,applied,0.612
3443,1804,7970,2025-10-31 09:06:49,linkedin,applied,0.782
3444,530,2560,2024-06-24 07:51:21,job_board,interview,0.615
3445,1488,3342,2025-07-14 06:28:02,linkedin,applied,0.489
3446,688,4251,2024-09-12 03:34:25,recruiter,screened,0.436
3447,363,5545,2024-05-12 06:42:22,outbound,screened,0.794
3448,1422,7650,2025-05-24 20:34:07,job_board,applied,0.42
3449,1570,5354,2025-08-06 05:41:38,job_board,applied,0.537
3450,1830,8630,2025-11-10 16:47:43,linkedin,applied,0.484
3451,1452,4253,2025-06-09 20:39:07,job_board,screened,0.403
3452,614,4766,2024-08-29 08:38:47,job_board,offer,0.907
3453,1457,6248,2025-06-05 14:11:08,referral,applied,0.395
3454,65,1321,2024-02-25 13:03:33,linkedin,screened,0.499
3455,671,1358,2024-08-21 05:17:58,linkedin,applied,0.457
3456,427,3004,2024-06-10 17:19:30,linkedin,interview,0.887
3457,1046,674,2025-01-22 19:50:25,job_board,interview,0.914
3458,1381,3734,2025-05-28 05:08:54,linkedin,applied,0.699
3459,1172,3133,2025-03-14 14:05:35,linkedin,screened,0.792
3460,363,5562,2024-05-08 06:42:22,linkedin,screened,0.881
3461,754,8724,2024-10-12 11:26:06,referral,screened,0.544
3462,181,5092,2024-03-26 12:08:39,referral,screened,0.676
3463,1121,8579,2025-02-07 16:20:34,linkedin,applied,0.355
3464,1487,5439,2025-07-19 05:59:47,referral,applied,0.507
3465,489,5698,2024-07-04 07:59:07,job_board,applied,0.68
3466,1056,7531,2025-02-07 03:53:12,job_board,applied,0.561
3467,1750,5209,2025-09-11 11:36:49,linkedin,interview,0.44
3468,229,8720,2024-03-25 12:52:28,job_board,offer,0.408
3469,1921,5699,2025-12-05 23:36:23,job_board,applied,0.886
3470,664,3018,2024-08-06 08:59:05,linkedin,interview,0.823
3471,654,3865,2024-08-07 03:19:47,referral,applied,0.845
3472,1429,5822,2025-05-21 23:19:08,job_board,interview,0.779
3473,685,2596,2024-08-23 17:28:03,outbound,applied,0.46
3474,813,6599,2024-10-06 02:15:37,referral,applied,0.814
3475,433,50,2024-06-20 03:00:04,referral,applied,0.7
3476,270,6565,2024-03-25 22:51:34,job_board,screened,0.36
3477,1730,173,2025-09-14 06:49:40,recruiter,applied,0.382
3478,195,1471,2024-03-21 22:20:23,job_board,applied,0.488
3479,327,8750,2024-04-07 03:57:38,outbound,applied,0.846
3480,1650,7469,2025-08-20 11:16:51,outbound,applied,0.728
3481,1598,6702,2025-07-27 23:01:25,job_board,interview,0.727
3482,432,8357,2024-06-05 02:21:09,job_board,applied,0.972
3483,1665,6212,2025-09-15 11:38:26,job_board,applied,0.662
3484,1451,956,2025-06-21 17:38:43,job_board,applied,0.64
3485,633,7600,2024-08-12 05:23:21,recruiter,interview,0.641
3486,159,2127,2024-02-11 03:12:05,linkedin,applied,0.546
3487,1554,5463,2025-08-20 09:46:49,recruiter,offer,0.488
3488,1362,8029,2025-05-15 07:15:49,recruiter,applied,0.395
3489,906,6009,2024-12-03 16:28:05,job_board,applied,0.547
3490,549,336,2024-07-17 09:18:30,linkedin,applied,0.424
3491,697,7112,2024-09-06 02:29:56,job_board,screened,0.444
3492,546,7206,2024-06-28 18:07:30,job_board,interview,0.716
3493,1787,1127,2025-10-10 18:19:22,referral,screened,0.491
3494,408,8479,2024-05-19 17:19:40,job_board,interview,0.455
3495,908,1689,2024-12-15 16:16:33,recruiter,screened,0.682
3496,1282,482,2025-04-12 06:49:33,linkedin,applied,0.356
3497,111,5004,2024-03-03 20:23:39,linkedin,applied,0.712
3498,1004,6090,2025-01-28 08:24:32,job_board,applied,0.593
3499,1270,872,2025-03-26 17:22:44,job_board,applied,0.531
3500,1056,1400,2025-02-23 03:53:12,job_board,interview,0.39
3501,1317,5935,2025-04-26 04:35:54,linkedin,applied,0.501
3502,977,737,2025-01-16 04:07:16,referral,screened,0.827
3503,1270,7490,2025-04-02 17:22:44,outbound,interview,0.616
3504,1956,2453,2026-01-06 13:57:14,job_board,interview,0.755
3505,721,7539,2024-10-03 04:06:03,job_board,applied,0.883
3506,714,6669,2024-08-23 16:49:10,job_board,applied,0.881
3507,1358,2910,2025-05-27 12:44:10,recruiter,screened,0.86
3508,180,7184,2024-03-18 19:37:37,linkedin,applied,0.439
3509,583,1825,2024-07-23 03:43:48,job_board,applied,0.79
3510,334,4343,2024-04-23 08:29:52,job_board,applied,0.465
3511,929,8629,2024-12-08 15:59:39,linkedin,screened,0.756
3512,244,8003,2024-03-24 05:15:56,linkedin,screened,0.622
3513,434,8212,2024-05-31 17:57:32,job_board,screened,0.94
3514,851,1345,2024-11-22 22:02:11,linkedin,screened,0.59
3515,1227,2822,2025-04-11 21:39:57,job_board,applied,0.863
3516,861,682,2024-11-28 10:49:47,job_board,interview,0.491
3517,1622,8048,2025-08-18 00:13:54,linkedin,interview,0.366
3518,1600,7066,2025-08-20 17:31:34,recruiter,screened,0.828
3519,196,7930,2024-02-18 01:04:10,job_board,applied,0.796
3520,1391,1035,2025-05-04 08:18:52,outbound,screened,0.47
3521,55,3043,2024-02-15 00:57:14,job_board,interview,0.484
3522,347,6442,2024-05-09 22:43:46,job_board,offer,0.915
3523,1523,3269,2025-07-03 02:51:00,linkedin,applied,0.624
3524,1166,2637,2025-03-12 15:10:28,recruiter,applied,0.708
3525,646,8388,2024-08-26 06:15:12,job_board,applied,0.421
3526,308,4812,2024-04-28 16:22:41,outbound,applied,0.418
3527,648,6677,2024-08-21 22:02:02,job_board,applied,0.826
3528,1559,6947,2025-08-13 04:32:58,referral,screened,0.547
3529,1130,5558,2025-03-09 12:04:17,linkedin,applied,0.812
3530,261,6658,2024-04-05 12:15:21,job_board,interview,0.413
3531,974,8577,2025-01-08 01:17:46,job_board,applied,0.359
3532,403,4493,2024-06-04 07:36:28,recruiter,applied,0.612
3533,244,7785,2024-03-11 05:15:56,job_board,applied,0.597
3534,174,604,2024-03-27 06:51:04,job_board,applied,0.958
3535,1521,673,2025-08-07 20:49:26,job_board,screened,0.369
3536,321,3527,2024-04-24 10:26:25,job_board,applied,0.739
3537,353,4490,2024-05-23 17:11:22,linkedin,screened,0.867
3538,1733,2970,2025-09-28 19:29:11,job_board,applied,0.569
3539,1653,8062,2025-08-24 01:45:45,job_board,offer,0.782
3540,1005,205,2025-01-18 20:06:10,linkedin,applied,0.847
3541,1529,1001,2025-07-28 12:26:02,job_board,interview,0.533
3542,46,5661,2024-01-24 00:08:42,job_board,applied,0.853
3543,335,651,2024-04-30 15:07:35,linkedin,applied,0.961
3544,708,1760,2024-09-06 22:26:28,recruiter,applied,0.547
3545,1517,7732,2025-07-22 01:24:53,recruiter,applied,0.473
3546,182,7344,2024-03-04 14:44:18,referral,applied,0.927
3547,1322,6997,2025-04-14 05:07:23,job_board,applied,0.363
3548,141,3098,2024-03-06 07:00:38,linkedin,offer,0.434
3549,1964,1505,2025-12-30 18:33:42,job_board,applied,0.594
3550,418,2864,2024-05-14 01:56:20,linkedin,applied,0.781
3551,1424,1630,2025-05-27 01:55:17,linkedin,applied,0.936
3552,1246,2145,2025-04-03 15:10:05,recruiter,applied,0.688
3553,781,7494,2024-10-21 00:36:01,referral,applied,0.843
3554,1527,2202,2025-07-12 09:02:56,recruiter,screened,0.52
3555,1241,1883,2025-04-16 06:36:10,job_board,screened,0.783
3556,901,2300,2024-12-12 02:56:58,job_board,applied,0.509
3557,1324,1296,2025-04-11 14:36:59,linkedin,interview,0.892
3558,574,7780,2024-07-12 07:50:00,recruiter,offer,0.576
3559,1492,8169,2025-07-18 05:25:53,job_board,offer,0.808
3560,1402,1808,2025-05-31 06:23:38,job_board,applied,0.594
3561,938,7246,2024-11-29 23:48:32,recruiter,applied,0.714
3562,1316,2432,2025-05-20 17:56:26,linkedin,interview,0.748
3563,1656,3635,2025-08-06 20:46:37,job_board,interview,0.496
3564,1285,8995,2025-04-12 22:08:51,linkedin,applied,0.538
3565,574,5635,2024-07-06 07:50:00,job_board,applied,0.514
3566,554,7283,2024-08-07 15:25:57,job_board,applied,0.625
3567,1927,3874,2025-12-12 09:36:25,referral,interview,0.381
3568,1617,5592,2025-08-22 06:51:03,job_board,applied,0.975
3569,621,2471,2024-08-26 04:00:56,outbound,interview,0.533
3570,1434,6611,2025-05-31 11:35:10,job_board,applied,0.625
3571,76,8882,2024-01-31 23:17:41,referral,applied,0.523
3572,1385,1410,2025-05-30 07:05:26,linkedin,screened,0.596
3573,401,4911,2024-06-09 00:50:20,linkedin,interview,0.92
3574,623,2419,2024-07-30 08:16:20,job_board,interview,0.788
3575,1855,5739,2025-11-03 08:52:48,outbound,interview,0.664
3576,279,4106,2024-03-27 09:40:23,linkedin,applied,0.78
3577,1581,3675,2025-07-23 08:24:39,outbound,interview,0.663
3578,807,3501,2024-10-04 00:47:26,job_board,interview,0.479
3579,879,4507,2024-11-14 11:09:19,linkedin,screened,0.536
3580,924,1857,2024-11-22 16:56:25,linkedin,applied,0.658
3581,1811,2590,2025-10-27 03:42:31,job_board,interview,0.814
3582,1001,632,2025-01-05 17:34:29,linkedin,interview,0.384
3583,494,3864,2024-06-29 01:22:44,job_board,interview,0.583
3584,15,5509,2024-01-15 06:44:33,recruiter,offer,0.433
3585,468,5651,2024-06-14 14:06:42,referral,interview,0.764
3586,318,1891,2024-04-04 11:54:14,job_board,applied,0.487
3587,258,7310,2024-03-17 13:55:21,outbound,applied,0.57
3588,1986,3744,2026-01-05 23:54:08,referral,interview,0.608
3589,885,7221,2024-11-29 03:16:21,linkedin,interview,0.617
3590,1999,7383,2026-01-19 03:52:44,job_board,interview,0.697
3591,1029,103,2025-01-22 16:16:50,job_board,offer,0.418
3592,439,423,2024-06-09 11:26:56,job_board,applied,0.859
3593,291,4815,2024-05-02 22:58:48,job_board,applied,0.694
3594,1520,7545,2025-08-03 19:40:24,job_board,screened,0.688
3595,230,3360,2024-03-16 15:24:03,outbound,interview,0.527
3596,104,5495,2024-02-16 17:50:18,referral,interview,0.353
3597,781,5464,2024-09-25 00:36:01,job_board,interview,0.734
3598,631,6862,2024-08-25 22:34:40,linkedin,applied,0.651
3599,466,7936,2024-07-01 17:53:54,outbound,applied,0.601
3600,1028,5122,2025-02-14 09:26:40,referral,interview,0.693
3601,1149,6976,2025-02-17 19:15:06,outbound,interview,0.796
3602,869,5420,2024-11-22 04:46:48,referral,applied,0.694
3603,1049,2977,2025-01-20 21:51:57,job_board,applied,0.622
3604,1337,5137,2025-04-17 17:45:54,referral,interview,0.974
3605,325,6653,2024-05-04 09:54:15,job_board,applied,0.72
3606,740,8056,2024-09-17 15:59:56,linkedin,applied,0.522
3607,27,913,2024-01-22 00:01:07,outbound,screened,0.492
3608,1938,3018,2025-12-19 22:02:58,referral,applied,0.649
3609,1290,1154,2025-04-14 21:38:38,referral,applied,0.434
3610,1606,1542,2025-07-31 08:32:00,job_board,screened,0.368
3611,1546,2031,2025-07-27 21:50:45,outbound,applied,0.702
3612,13,8120,2024-01-05 08:34:34,linkedin,screened,0.608
3613,977,3598,2025-01-20 04:07:16,job_board,interview,0.861
3614,1740,8274,2025-10-12 07:23:23,job_board,applied,0.353
3615,1152,4597,2025-03-06 05:32:12,recruiter,interview,0.8
3616,1196,172,2025-03-20 11:57:49,linkedin,interview,0.8
3617,1924,3581,2025-12-23 04:33:40,job_board,applied,0.877
3618,1500,6540,2025-07-10 10:43:05,job_board,applied,0.863
3619,1536,5651,2025-08-17 16:57:47,linkedin,interview,0.962
3620,1598,3315,2025-07-31 23:01:25,linkedin,applied,0.431
3621,668,1118,2024-09-05 17:30:58,job_board,offer,0.562
3622,1947,6819,2025-12-12 20:40:19,referral,interview,0.952
3623,1701,4694,2025-08-31 21:12:38,job_board,applied,0.873
3624,66,7119,2024-02-05 01:02:33,referral,applied,0.861
3625,1097,2452,2025-02-27 23:19:17,job_board,applied,0.709
3626,495,1412,2024-06-25 03:28:08,job_board,applied,0.948
3627,1044,3282,2025-02-18 22:19:51,job_board,applied,0.623
3628,1617,2154,2025-08-12 06:51:03,recruiter,screened,0.567
3629,1384,4580,2025-05-21 03:13:11,job_board,applied,0.972
3630,1600,4512,2025-08-12 17:31:34,referral,applied,0.566
3631,859,1194,2024-11-15 01:50:15,job_board,applied,0.92
3632,155,4210,2024-02-25 16:03:34,job_board,applied,0.592
3633,1762,3495,2025-10-05 10:22:31,job_board,interview,0.808
3634,159,4676,2024-02-10 03:12:05,job_board,applied,0.656
3635,335,6847,2024-04-11 15:07:35,referral,applied,0.724
3636,1446,4101,2025-06-01 20:01:28,referral,applied,0.919
3637,844,2499,2024-11-13 20:08:45,job_board,interview,0.805
3638,953,8132,2024-12-20 14:34:24,recruiter,applied,0.855
3639,130,6882,2024-02-20 18:12:04,job_board,applied,0.635
3640,342,8650,2024-05-02 01:04:41,linkedin,applied,0.414
3641,1411,2079,2025-05-28 04:08:30,referral,applied,0.93
3642,1133,5534,2025-02-08 20:22:26,job_board,interview,0.966
3643,541,6788,2024-07-14 11:40:14,job_board,applied,0.53
3644,801,8038,2024-10-08 22:08:05,job_board,applied,0.9
3645,851,1750,2024-11-08 22:02:11,outbound,applied,0.702
3646,1846,2272,2025-11-09 09:35:39,linkedin,screened,0.577
3647,1773,8561,2025-10-21 17:06:30,job_board,screened,0.366
3648,960,5098,2024-12-31 02:57:12,recruiter,applied,0.854
3649,373,1384,2024-05-28 18:42:27,linkedin,screened,0.97
3650,1136,1739,2025-03-21 22:34:01,job_board,applied,0.481
3651,5,8999,2024-02-01 10:50:13,job_board,applied,0.354
3652,1294,8091,2025-05-09 16:20:40,recruiter,screened,0.556
3653,1157,2061,2025-03-26 01:58:48,recruiter,offer,0.925
3654,1798,4973,2025-10-30 17:49:43,job_board,interview,0.896
3655,876,6392,2024-10-29 11:32:41,linkedin,screened,0.626
3656,1124,4017,2025-03-03 09:41:42,recruiter,interview,0.865
3657,110,2746,2024-02-01 15:25:06,linkedin,applied,0.534
3658,1650,6306,2025-08-18 11:16:51,outbound,applied,0.712
3659,593,740,2024-08-16 08:12:54,job_board,applied,0.773
3660,1515,1869,2025-07-21 04:29:11,referral,applied,0.421
3661,479,225,2024-06-28 19:41:31,outbound,applied,0.448
3662,696,8018,2024-08-30 12:15:03,job_board,interview,0.403
3663,522,1326,2024-07-24 14:25:58,outbound,applied,0.977
3664,1798,7824,2025-10-08 17:49:43,referral,screened,0.595
3665,1580,3673,2025-08-14 07:35:50,referral,applied,0.549
3666,1409,944,2025-06-14 21:46:07,linkedin,applied,0.568
3667,610,5222,2024-07-17 22:31:48,recruiter,offer,0.96
3668,1468,2862,2025-07-12 02:40:32,job_board,applied,0.366
3669,980,4307,2025-01-15 15:10:35,linkedin,applied,0.934
3670,1430,8805,2025-05-26 23:43:51,referral,applied,0.712
3671,532,5675,2024-06-30 00:14:56,job_board,applied,0.689
3672,1079,160,2025-01-24 00:02:42,referral,screened,0.568
3673,1902,863,2025-11-27 20:00:14,outbound,interview,0.368
3674,157,6940,2024-02-09 12:25:21,linkedin,interview,0.884
3675,1549,6088,2025-08-08 09:05:57,job_board,applied,0.682
3676,1396,4398,2025-05-08 18:33:26,linkedin,screened,0.353
3677,847,7067,2024-11-11 06:01:53,job_board,interview,0.793
3678,1820,2018,2025-11-01 22:42:07,job_board,screened,0.617
3679,1454,2076,2025-06-15 17:14:15,referral,applied,0.598
3680,1056,3663,2025-01-30 03:53:12,referral,screened,0.389
3681,630,7128,2024-08-25 17:02:45,job_board,offer,0.774
3682,1374,8843,2025-06-08 07:25:02,job_board,screened,0.758
3683,165,2251,2024-03-23 06:31:13,job_board,applied,0.96
3684,515,5563,2024-07-11 18:20:07,recruiter,screened,0.418
3685,862,3997,2024-10-27 11:21:12,recruiter,screened,0.946
3686,449,7928,2024-06-03 17:43:42,job_board,applied,0.651
3687,1130,7253,2025-02-08 12:04:17,linkedin,interview,0.384
3688,1744,1555,2025-09-05 19:04:33,referral,applied,0.826
3689,699,6185,2024-08-21 12:43:48,job_board,applied,0.61
3690,815,155,2024-11-02 20:46:50,linkedin,applied,0.407
3691,804,4534,2024-10-14 11:53:02,recruiter,interview,0.43
3692,1450,2404,2025-06-22 13:08:05,job_board,interview,0.957
3693,1429,3327,2025-05-30 23:19:08,job_board,applied,0.762
3694,469,2971,2024-05-28 14:16:53,recruiter,interview,0.95
3695,1791,5073,2025-10-13 00:01:29,outbound,applied,0.839
3696,1295,7639,2025-04-17 22:01:44,job_board,applied,0.744
3697,1789,4678,2025-09-24 05:46:24,job_board,offer,0.425
3698,1751,7794,2025-10-06 08:28:04,outbound,applied,0.634
3699,1152,8743,2025-02-20 05:32:12,referral,applied,0.502
3700,1408,2007,2025-06-02 14:08:48,job_board,applied,0.451
3701,1259,7436,2025-04-02 07:49:38,referral,interview,0.661
3702,1219,1955,2025-03-04 14:43:41,job_board,interview,0.547
3703,1066,1048,2025-02-28 13:42:28,job_board,screened,0.951
3704,463,1879,2024-06-20 18:24:29,job_board,screened,0.368
3705,743,3712,2024-09-12 05:18:03,linkedin,applied,0.368
3706,1411,1532,2025-05-23 04:08:30,job_board,applied,0.743
3707,1477,5286,2025-06-09 09:21:03,job_board,screened,0.409
3708,935,5371,2024-12-27 23:27:31,linkedin,interview,0.699
3709,223,6349,2024-03-10 02:27:03,job_board,applied,0.864
3710,269,8205,2024-03-22 16:12:16,outbound,interview,0.429
3711,1789,1597,2025-11-02 05:46:24,job_board,interview,0.394
3712,252,8822,2024-04-18 21:53:43,job_board,applied,0.949
3713,568,7477,2024-07-23 07:42:14,referral,applied,0.892
3714,126,484,2024-02-26 16:34:42,recruiter,interview,0.505
3715,438,5670,2024-06-20 10:55:15,job_board,applied,0.654
3716,1679,2323,2025-09-08 22:00:52,job_board,applied,0.447
3717,548,607,2024-07-07 08:17:49,outbound,applied,0.878
3718,1671,6134,2025-09-13 07:41:18,linkedin,offer,0.471
3719,1624,532,2025-08-03 19:12:52,referral,applied,0.873
3720,1401,1601,2025-05-30 20:08:37,referral,applied,0.506
3721,538,6176,2024-07-14 11:40:05,job_board,screened,0.419
3722,1995,753,2026-01-24 20:12:28,job_board,applied,0.484
3723,1220,6800,2025-03-31 23:18:25,job_board,applied,0.691
3724,1540,240,2025-07-08 14:59:39,job_board,applied,0.908
3725,687,2794,2024-09-18 00:19:03,outbound,applied,0.374
3726,1327,2308,2025-04-26 03:29:38,referral,screened,0.44
3727,1313,1458,2025-04-15 15:22:38,linkedin,offer,0.698
3728,1195,4792,2025-03-16 03:59:49,referral,screened,0.407
3729,1184,1979,2025-04-03 16:21:51,job_board,interview,0.569
3730,1407,1356,2025-06-16 20:20:09,referral,applied,0.585
3731,1996,3531,2026-01-21 01:11:23,referral,applied,0.657
3732,1739,4467,2025-09-25 12:48:49,job_board,screened,0.803
3733,622,5687,2024-08-12 08:15:16,recruiter,applied,0.505
3734,1778,769,2025-10-19 02:30:31,linkedin,applied,0.556
3735,700,1690,2024-09-22 16:28:23,linkedin,applied,0.623
3736,498,452,2024-06-13 16:53:58,referral,applied,0.597
3737,398,7122,2024-05-15 10:40:35,linkedin,interview,0.801
3738,1408,5033,2025-06-05 14:08:48,job_board,applied,0.379
3739,928,2240,2024-12-24 15:54:11,linkedin,interview,0.443
3740,1656,4790,2025-08-10 20:46:37,recruiter,applied,0.437
3741,1675,7287,2025-09-05 20:09:44,job_board,applied,0.687
3742,1077,6851,2025-02-23 19:13:06,referral,screened,0.404
3743,422,8317,2024-05-13 05:14:25,job_board,interview,0.397
3744,224,2074,2024-03-04 19:54:23,referral,applied,0.842
3745,1923,1478,2025-11-20 20:54:11,linkedin,screened,0.968
3746,615,6876,2024-08-26 17:33:39,job_board,interview,0.373
3747,27,8260,2024-02-20 00:01:07,referral,applied,0.458
3748,794,1578,2024-10-12 22:29:24,job_board,applied,0.671
3749,1611,6349,2025-08-31 15:54:32,outbound,applied,0.917
3750,183,5172,2024-03-12 16:39:03,job_board,screened,0.668
3751,1384,7985,2025-06-15 03:13:11,recruiter,interview,0.589
3752,832,1735,2024-10-11 15:59:20,job_board,offer,0.879
3753,1811,3122,2025-10-29 03:42:31,job_board,screened,0.835
3754,898,5590,2024-12-07 21:21:21,recruiter,offer,0.854
3755,1044,7773,2025-02-09 22:19:51,referral,applied,0.497
3756,914,7428,2024-12-05 12:39:42,referral,interview,0.76
3757,1362,4292,2025-05-04 07:15:49,linkedin,interview,0.465
3758,142,3332,2024-02-10 07:37:23,linkedin,applied,0.637
3759,99,1707,2024-02-20 16:40:13,linkedin,applied,0.879
3760,1165,3615,2025-03-09 06:41:58,job_board,applied,0.851
3761,789,8970,2024-10-09 13:03:18,job_board,screened,0.7
3762,335,2048,2024-04-07 15:07:35,referral,offer,0.835
3763,1542,8533,2025-07-23 04:46:22,referral,applied,0.392
3764,1499,2516,2025-07-27 15:32:59,job_board,applied,0.873
3765,218,1124,2024-03-26 06:42:18,job_board,screened,0.85
3766,369,6456,2024-05-22 00:46:19,job_board,applied,0.817
3767,1565,4106,2025-07-14 13:07:20,linkedin,applied,0.441
3768,957,6585,2024-12-25 11:56:18,job_board,screened,0.484
3769,617,8876,2024-08-11 11:23:26,job_board,applied,0.488
3770,1059,1333,2025-02-19 13:25:00,job_board,offer,0.781
3771,706,4937,2024-09-22 00:25:53,referral,screened,0.527
3772,188,2396,2024-02-20 05:30:10,recruiter,interview,0.433
3773,1295,4474,2025-05-05 22:01:44,job_board,screened,0.705
3774,1393,2308,2025-05-06 08:18:00,linkedin,interview,0.575
3775,157,1759,2024-02-29 12:25:21,outbound,applied,0.653
3776,499,4672,2024-06-18 17:31:51,recruiter,applied,0.81
3777,1250,3776,2025-03-28 22:19:15,job_board,interview,0.496
3778,1515,6901,2025-07-16 04:29:11,linkedin,screened,0.921
3779,1828,4484,2025-10-29 13:08:49,linkedin,applied,0.803
3780,1208,5432,2025-02-26 14:43:04,linkedin,interview,0.865
3781,188,6427,2024-02-21 05:30:10,linkedin,screened,0.61
3782,706,493,2024-09-19 00:25:53,job_board,interview,0.719
3783,506,4051,2024-06-15 12:44:49,job_board,applied,0.844
3784,1976,4722,2025-12-28 04:04:19,job_board,applied,0.38
3785,28,5715,2024-02-14 08:44:21,job_board,applied,0.581
3786,752,360,2024-09-11 13:30:54,recruiter,applied,0.422
3787,1036,914,2025-01-14 20:35:28,linkedin,applied,0.855
3788,599,7642,2024-08-03 22:26:06,job_board,applied,0.962
3789,1462,6875,2025-06-19 04:42:48,job_board,applied,0.919
3790,263,3787,2024-03-15 23:04:36,job_board,interview,0.929
3791,1853,30,2025-11-03 04:21:38,job_board,offer,0.586
3792,801,2331,2024-10-31 22:08:05,linkedin,interview,0.678
3793,737,5780,2024-10-11 14:32:45,recruiter,interview,0.595
3794,1847,6125,2025-10-14 13:10:07,job_board,applied,0.58
3795,298,7437,2024-04-24 04:16:34,linkedin,applied,0.359
3796,939,4971,2024-12-28 08:38:06,job_board,applied,0.722
3797,59,6902,2024-02-18 01:29:30,linkedin,interview,0.862
3798,1024,2124,2025-02-09 10:24:04,job_board,applied,0.6
3799,651,1326,2024-08-29 05:52:53,job_board,interview,0.886
3800,1481,3020,2025-07-20 20:50:34,referral,applied,0.631
3801,1025,7599,2025-01-18 16:27:24,job_board,applied,0.753
3802,1251,7980,2025-03-19 03:48:44,job_board,applied,0.357
3803,1802,713,2025-10-11 18:51:23,job_board,interview,0.741
3804,1901,1763,2025-11-15 11:31:21,job_board,applied,0.535
3805,433,598,2024-05-21 03:00:04,job_board,applied,0.855
3806,1005,6875,2024-12-31 20:06:10,job_board,applied,0.351
3807,1563,7404,2025-08-04 03:55:09,job_board,interview,0.419
3808,255,8346,2024-04-13 06:45:03,job_board,screened,0.865
3809,962,1643,2024-12-11 17:32:15,job_board,applied,0.631
3810,1115,4671,2025-02-27 01:02:26,job_board,interview,0.519
3811,1736,4024,2025-10-08 13:21:28,outbound,applied,0.362
3812,177,8791,2024-03-05 16:29:35,job_board,applied,0.576
3813,1727,8430,2025-09-02 23:08:25,job_board,screened,0.85
3814,476,7533,2024-06-29 14:22:08,job_board,interview,0.684
3815,1716,1881,2025-09-02 07:03:17,job_board,applied,0.424
3816,1310,3006,2025-04-09 02:24:53,job_board,screened,0.585
3817,803,7026,2024-10-15 02:58:05,linkedin,applied,0.567
3818,268,5479,2024-03-12 18:17:28,job_board,screened,0.417
3819,693,5260,2024-08-26 01:04:45,referral,applied,0.582
3820,1480,679,2025-07-15 23:23:57,job_board,interview,0.437
3821,415,3652,2024-05-11 21:46:51,job_board,interview,0.799
3822,1340,8778,2025-05-11 15:13:57,job_board,screened,0.493
3823,457,4134,2024-07-03 18:17:42,job_board,interview,0.532
3824,163,7951,2024-02-18 18:27:50,referral,applied,0.445
3825,1233,3693,2025-03-16 04:38:16,referral,screened,0.851
3826,1625,7629,2025-08-28 19:51:05,job_board,interview,0.936
3827,1924,7446,2025-12-23 04:33:40,job_board,applied,0.472
3828,1004,5599,2025-01-20 08:24:32,job_board,screened,0.682
3829,1212,7326,2025-03-29 21:05:33,job_board,applied,0.923
3830,1363,432,2025-05-23 09:14:20,referral,offer,0.944
3831,825,3361,2024-10-16 07:39:52,linkedin,applied,0.437
3832,73,802,2024-02-23 17:43:45,referral,interview,0.728
3833,485,6276,2024-06-15 13:17:52,job_board,applied,0.668
3834,759,2631,2024-10-06 16:37:45,job_board,applied,0.608
3835,1304,4787,2025-04-25 23:47:25,job_board,interview,0.863
3836,610,7584,2024-08-10 22:31:48,linkedin,applied,0.366
3837,422,6734,2024-06-14 05:14:25,job_board,applied,0.88
3838,1811,5999,2025-11-08 03:42:31,job_board,applied,0.498
3839,187,451,2024-03-20 00:49:18,referral,interview,0.441
3840,1577,5546,2025-08-09 11:11:32,referral,offer,0.747
3841,188,3025,2024-02-29 05:30:10,recruiter,applied,0.943
3842,641,8908,2024-08-28 23:08:51,referral,screened,0.677
3843,1701,3023,2025-08-20 21:12:38,job_board,applied,0.957
3844,1684,6745,2025-08-18 09:19:51,outbound,applied,0.737
3845,765,5372,2024-10-06 06:22:51,job_board,interview,0.726
3846,36,3020,2024-01-22 12:54:19,linkedin,applied,0.467
3847,1881,1869,2025-11-20 08:52:30,job_board,offer,0.443
3848,1778,2339,2025-10-31 02:30:31,linkedin,applied,0.747
3849,994,4786,2025-01-08 08:18:42,job_board,applied,0.389
3850,58,7974,2024-02-01 23:44:42,referral,applied,0.963
3851,1384,8819,2025-05-31 03:13:11,outbound,screened,0.525
3852,1567,2832,2025-08-13 18:24:22,job_board,applied,0.642
3853,1654,392,2025-09-17 12:50:12,job_board,applied,0.465
3854,1462,1987,2025-06-15 04:42:48,outbound,applied,0.634
3855,1749,4531,2025-10-16 10:17:53,referral,screened,0.496
3856,1021,3615,2025-01-14 12:42:00,job_board,screened,0.878
3857,326,1245,2024-05-01 18:34:32,job_board,interview,0.39
3858,1379,1559,2025-05-04 04:28:32,job_board,applied,0.612
3859,434,5242,2024-06-25 17:57:32,job_board,applied,0.834
3860,1260,2400,2025-04-22 12:24:10,referral,applied,0.907
3861,301,2168,2024-04-10 16:15:04,job_board,applied,0.959
3862,79,3392,2024-02-28 12:03:48,job_board,screened,0.386
3863,892,8123,2024-11-04 13:50:05,job_board,interview,0.433
3864,1185,7587,2025-03-07 07:08:44,linkedin,offer,0.506
3865,311,2862,2024-04-16 03:02:44,job_board,interview,0.952
3866,1570,6909,2025-08-10 05:41:38,outbound,screened,0.96
3867,1302,8625,2025-04-30 15:20:45,linkedin,offer,0.713
3868,1601,2525,2025-07-23 02:51:19,outbound,applied,0.812
3869,726,38,2024-09-30 06:32:21,job_board,screened,0.646
3870,1319,2083,2025-04-15 13:34:48,outbound,applied,0.92
3871,1929,7490,2026-01-04 00:26:09,linkedin,screened,0.419
3872,365,956,2024-05-05 04:15:32,job_board,applied,0.856
3873,1634,2356,2025-08-23 22:30:28,linkedin,applied,0.651
3874,1259,8585,2025-04-04 07:49:38,outbound,screened,0.637
3875,1449,1815,2025-06-13 09:29:50,outbound,screened,0.708
3876,1252,4313,2025-04-03 06:41:19,referral,applied,0.649
3877,1378,7958,2025-05-12 18:58:24,job_board,applied,0.888
3878,1560,7623,2025-08-19 05:51:13,job_board,applied,0.501
3879,80,2740,2024-02-15 16:56:17,linkedin,applied,0.43
3880,64,2250,2024-02-05 05:24:37,linkedin,applied,0.753
3881,168,5255,2024-03-12 12:19:13,job_board,applied,0.823
3882,1860,2905,2025-10-20 23:29:20,referral,applied,0.662
3883,865,6632,2024-11-15 04:31:36,outbound,applied,0.76
3884,1983,6090,2025-12-28 07:10:20,job_board,applied,0.653
3885,1830,3773,2025-10-12 16:47:43,referral,applied,0.875
3886,690,3688,2024-09-09 15:47:51,job_board,applied,0.798
3887,189,913,2024-03-07 05:35:58,job_board,applied,0.955
3888,1686,6245,2025-08-22 12:47:08,job_board,screened,0.732
3889,841,8302,2024-10-14 13:07:42,job_board,applied,0.775
3890,596,7885,2024-08-08 19:23:40,referral,applied,0.685
3891,1588,5828,2025-08-09 08:35:41,job_board,applied,0.693
3892,965,6552,2024-12-21 06:47:36,outbound,applied,0.399
3893,640,8032,2024-08-05 22:49:45,linkedin,applied,0.631
3894,793,1972,2024-10-24 01:01:58,linkedin,applied,0.499
3895,1859,6910,2025-11-27 12:40:36,referral,screened,0.96
3896,605,933,2024-08-26 18:14:35,outbound,applied,0.915
3897,1870,6966,2025-11-26 16:40:42,linkedin,applied,0.608
3898,1179,1971,2025-02-26 19:51:51,referral,screened,0.418
3899,114,5309,2024-02-29 07:40:16,job_board,interview,0.592
3900,226,20,2024-03-15 05:06:20,job_board,interview,0.976
3901,1233,56,2025-03-09 04:38:16,job_board,applied,0.393
3902,274,5843,2024-03-21 16:28:54,recruiter,applied,0.918
3903,292,7944,2024-04-11 17:48:29,outbound,applied,0.417
3904,926,993,2024-12-02 01:23:43,job_board,applied,0.701
3905,883,7479,2024-11-05 02:20:31,job_board,applied,0.897
3906,1883,6797,2025-12-04 12:23:52,recruiter,screened,0.74
3907,1796,6544,2025-09-24 06:41:04,linkedin,applied,0.46
3908,1860,2454,2025-11-29 23:29:20,job_board,screened,0.977
3909,147,7904,2024-02-22 23:09:35,job_board,applied,0.892
3910,1608,5485,2025-08-05 18:49:34,job_board,applied,0.445
3911,1875,1658,2025-11-07 23:33:21,recruiter,applied,0.676
3912,1224,7943,2025-03-31 03:54:48,referral,applied,0.759
3913,1989,2537,2026-02-03 09:11:29,job_board,screened,0.722
3914,1606,4481,2025-08-02 08:32:00,job_board,applied,0.573
3915,1341,1415,2025-05-29 23:00:37,referral,applied,0.865
3916,812,3509,2024-11-07 15:42:06,referral,applied,0.526
3917,713,5820,2024-10-03 15:56:14,job_board,applied,0.541
3918,791,8087,2024-10-17 13:20:25,outbound,applied,0.695
3919,503,3946,2024-06-09 17:28:44,job_board,screened,0.39
3920,1158,5562,2025-02-23 05:16:43,recruiter,applied,0.399
3921,866,924,2024-11-10 09:42:14,linkedin,interview,0.959
3922,595,2149,2024-08-16 16:23:40,job_board,screened,0.623
3923,360,5181,2024-04-15 22:08:54,job_board,interview,0.705
3924,1033,375,2025-02-03 18:11:12,job_board,applied,0.974
3925,41,3051,2024-02-08 04:03:25,job_board,applied,0.965
3926,748,539,2024-09-01 17:51:11,linkedin,screened,0.836
3927,126,4415,2024-02-22 16:34:42,linkedin,applied,0.719
3928,672,2366,2024-08-24 09:57:44,referral,applied,0.507
3929,1328,2353,2025-05-02 15:57:30,linkedin,applied,0.465
3930,1276,4156,2025-04-24 17:01:31,recruiter,applied,0.425
3931,42,1451,2024-01-14 04:11:11,referral,applied,0.586
3932,1417,6835,2025-06-16 19:24:51,job_board,applied,0.516
3933,603,4058,2024-07-18 20:44:48,linkedin,applied,0.882
3934,952,8126,2025-01-04 02:31:43,job_board,applied,0.929
3935,1353,2036,2025-05-06 01:51:22,recruiter,interview,0.731
3936,73,561,2024-02-09 17:43:45,job_board,interview,0.761
3937,350,3646,2024-04-23 01:43:51,job_board,offer,0.687
3938,331,946,2024-05-19 09:12:43,job_board,interview,0.42
3939,665,3441,2024-08-13 09:09:15,job_board,applied,0.89
3940,32,6944,2024-01-28 08:12:20,referral,applied,0.374
3941,63,8464,2024-02-22 22:44:17,job_board,applied,0.775
3942,1025,4122,2025-01-23 16:27:24,referral,applied,0.455
3943,225,1682,2024-02-28 03:08:29,job_board,screened,0.841
3944,872,3488,2024-10-30 02:50:14,referral,applied,0.76
3945,452,2578,2024-05-29 07:15:41,referral,applied,0.505
3946,1991,1085,2025-12-30 07:12:35,recruiter,applied,0.84
3947,253,7127,2024-04-16 03:55:00,linkedin,applied,0.844
3948,961,6581,2025-01-14 10:47:13,job_board,applied,0.665
3949,945,2663,2025-01-09 13:39:19,job_board,applied,0.696
3950,1478,4370,2025-07-02 10:00:31,job_board,applied,0.417
3951,254,4323,2024-03-22 04:13:22,job_board,applied,0.619
3952,1929,3877,2025-12-31 00:26:09,job_board,applied,0.766
3953,611,6858,2024-08-23 03:00:46,recruiter,applied,0.393
3954,70,6285,2024-02-18 08:53:41,linkedin,interview,0.576
3955,1448,40,2025-06-03 03:35:42,linkedin,screened,0.634
3956,1085,2018,2025-02-27 21:44:36,job_board,applied,0.798
3957,1308,8610,2025-04-30 20:24:51,linkedin,applied,0.583
3958,1823,3724,2025-11-03 01:22:15,linkedin,screened,0.933
3959,766,4166,2024-10-18 10:47:10,job_board,applied,0.856
3960,1816,6852,2025-10-12 16:32:51,job_board,offer,0.666
3961,1863,6836,2025-11-09 19:04:51,outbound,applied,0.799
3962,1096,5091,2025-02-08 17:44:28,job_board,applied,0.546
3963,1575,8288,2025-07-20 15:53:24,job_board,applied,0.66
3964,68,5309,2024-02-08 06:09:37,recruiter,applied,0.71
3965,1215,7892,2025-03-25 00:34:29,referral,interview,0.528
3966,161,4093,2024-02-21 01:44:41,job_board,applied,0.883
3967,874,1984,2024-11-24 08:36:02,job_board,applied,0.698
3968,1500,1000,2025-07-02 10:43:05,referral,offer,0.641
3969,121,4997,2024-03-08 21:24:45,referral,applied,0.549
3970,813,8023,2024-11-01 02:15:37,linkedin,screened,0.91
3971,826,3696,2024-10-22 19:45:40,outbound,applied,0.544
3972,477,6540,2024-07-02 18:10:12,recruiter,screened,0.428
3973,1091,4792,2025-02-04 06:39:57,referral,applied,0.405
3974,1617,7257,2025-08-21 06:51:03,referral,applied,0.892
3975,1983,7017,2026-01-20 07:10:20,linkedin,applied,0.551
3976,1813,6278,2025-10-08 22:26:36,job_board,applied,0.758
3977,1904,3191,2025-11-19 16:55:47,referral,screened,0.976
3978,408,3707,2024-05-06 17:19:40,job_board,applied,0.516
3979,225,4295,2024-03-08 03:08:29,job_board,applied,0.749
3980,366,7399,2024-05-18 12:35:10,job_board,screened,0.694
3981,1959,5472,2025-12-14 04:20:06,referral,screened,0.392
3982,438,1544,2024-06-23 10:55:15,recruiter,applied,0.568
3983,1510,2436,2025-07-11 01:17:20,referral,applied,0.43
3984,812,2805,2024-10-11 15:42:06,job_board,applied,0.502
3985,1364,5460,2025-05-14 12:26:08,linkedin,applied,0.891
3986,1506,6889,2025-07-18 22:12:36,job_board,applied,0.558
3987,1808,1341,2025-10-29 13:01:27,job_board,applied,0.367
3988,174,6507,2024-03-13 06:51:04,job_board,applied,0.909
3989,651,5595,2024-08-03 05:52:53,job_board,offer,0.931
3990,237,1862,2024-04-08 19:49:50,job_board,applied,0.692
3991,799,1290,2024-10-11 19:52:09,job_board,offer,0.573
3992,730,1323,2024-10-04 13:52:32,job_board,interview,0.862
3993,1742,6981,2025-10-02 09:51:30,job_board,applied,0.412
3994,1407,2120,2025-05-13 20:20:09,job_board,screened,0.736
3995,208,1747,2024-03-17 18:30:40,referral,applied,0.443
3996,892,3760,2024-12-07 13:50:05,job_board,applied,0.892
3997,1419,5816,2025-06-19 04:46:03,referral,applied,0.833
3998,1482,3983,2025-07-13 23:01:57,outbound,applied,0.917
3999,1620,5231,2025-09-05 21:39:56,outbound,offer,0.959
4000,450,3300,2024-06-14 00:53:54,referral,offer,0.852
4001,1771,3828,2025-09-26 02:56:39,job_board,interview,0.518
4002,1808,5265,2025-09-27 13:01:27,referral,screened,0.74
4003,439,5810,2024-06-24 11:26:56,job_board,applied,0.94
4004,1321,6638,2025-05-08 22:12:00,job_board,screened,0.47
4005,1359,7619,2025-06-02 15:14:24,referral,interview,0.471
4006,1759,2959,2025-10-16 06:48:13,linkedin,interview,0.821
4007,172,1082,2024-02-27 18:22:29,referral,offer,0.746
4008,465,836,2024-05-31 10:39:28,job_board,interview,0.635
4009,1722,6088,2025-09-30 03:17:23,job_board,offer,0.407
4010,72,3878,2024-02-24 10:28:41,job_board,offer,0.83
4011,964,3692,2025-01-02 16:09:36,recruiter,applied,0.563
4012,588,6603,2024-07-22 13:38:18,job_board,applied,0.923
4013,1249,6066,2025-04-18 18:52:16,linkedin,screened,0.725
4014,947,8229,2025-01-07 23:49:07,recruiter,screened,0.825
4015,1703,7876,2025-09-22 03:33:16,job_board,applied,0.464
4016,155,6748,2024-02-29 16:03:34,job_board,applied,0.776
4017,1013,5876,2025-02-14 12:07:58,job_board,applied,0.96
4018,1038,8073,2025-02-21 09:03:49,referral,screened,0.491
4019,1018,1439,2025-01-12 12:20:20,job_board,applied,0.817
4020,155,8598,2024-02-20 16:03:34,job_board,interview,0.607
4021,930,3746,2024-12-25 06:41:18,job_board,applied,0.413
4022,1762,2235,2025-09-19 10:22:31,job_board,applied,0.914
4023,1202,4946,2025-02-23 17:59:05,job_board,screened,0.624
4024,219,8046,2024-03-19 17:45:36,referral,interview,0.568
4025,1435,1142,2025-07-01 16:06:04,job_board,interview,0.849
4026,1858,1562,2025-11-25 00:15:05,linkedin,applied,0.358
4027,1611,5793,2025-08-01 15:54:32,job_board,applied,0.722
4028,188,6020,2024-02-26 05:30:10,outbound,applied,0.383
4029,60,6420,2024-01-31 02:56:23,job_board,applied,0.943
4030,353,8083,2024-05-24 17:11:22,referral,screened,0.917
4031,697,6863,2024-09-21 02:29:56,job_board,screened,0.758
4032,1851,7307,2025-11-22 14:16:45,referral,applied,0.682
4033,866,1080,2024-11-08 09:42:14,job_board,screened,0.841
4034,1941,3212,2025-12-01 23:55:54,referral,screened,0.794
4035,198,6347,2024-03-19 10:16:36,job_board,screened,0.62
4036,1524,7379,2025-08-08 09:01:05,linkedin,screened,0.452
4037,1504,3296,2025-07-06 07:05:07,referral,applied,0.881
4038,1919,5234,2025-11-27 20:37:40,outbound,offer,0.785
4039,1046,1902,2025-02-05 19:50:25,job_board,offer,0.548
4040,1212,7791,2025-03-07 21:05:33,outbound,offer,0.623
4041,4,4720,2024-02-08 20:39:45,recruiter,applied,0.809
4042,1764,859,2025-10-02 13:41:14,recruiter,screened,0.75
4043,1263,5155,2025-04-28 02:30:27,linkedin,applied,0.929
4044,1402,2384,2025-06-03 06:23:38,job_board,applied,0.369
4045,679,4111,2024-08-28 23:35:11,job_board,interview,0.746
4046,156,3124,2024-02-27 07:03:02,job_board,applied,0.592
4047,1454,7568,2025-06-30 17:14:15,linkedin,interview,0.532
4048,1466,7621,2025-06-14 05:05:55,job_board,applied,0.917
4049,360,1403,2024-05-06 22:08:54,job_board,applied,0.62
4050,1650,2916,2025-09-12 11:16:51,job_board,screened,0.617
4051,3,3665,2024-02-12 18:21:00,job_board,applied,0.525
4052,1306,7693,2025-04-03 13:22:23,referral,interview,0.819
4053,174,2404,2024-03-15 06:51:04,outbound,applied,0.628
4054,1504,6310,2025-07-27 07:05:07,job_board,applied,0.598
4055,881,440,2024-11-15 03:12:48,job_board,interview,0.786
4056,655,8633,2024-08-10 04:50:01,linkedin,applied,0.74
4057,1497,3052,2025-07-09 21:16:06,job_board,interview,0.976
4058,1607,2419,2025-08-30 19:19:23,referral,interview,0.546
4059,1208,6463,2025-03-05 14:43:04,referral,screened,0.938
4060,1467,5504,2025-06-17 13:30:06,job_board,interview,0.667
4061,30,4710,2024-02-21 07:30:16,linkedin,interview,0.367
4062,1644,8376,2025-09-02 05:50:45,job_board,screened,0.802
4063,1184,3769,2025-03-01 16:21:51,linkedin,applied,0.593
4064,315,4857,2024-04-27 10:20:44,job_board,applied,0.903
4065,965,4273,2024-12-19 06:47:36,linkedin,applied,0.609
4066,1255,1559,2025-04-16 21:21:06,job_board,applied,0.425
4067,1594,2813,2025-08-07 17:53:04,job_board,applied,0.776
4068,1037,5429,2025-02-18 00:53:34,referral,applied,0.566
4069,514,1100,2024-07-16 15:24:48,recruiter,screened,0.741
4070,509,6577,2024-06-17 10:45:34,job_board,applied,0.534
4071,1438,5314,2025-06-23 10:55:37,linkedin,screened,0.562
4072,1725,5847,2025-09-23 14:25:43,referral,applied,0.679
4073,1264,7339,2025-03-31 12:20:44,linkedin,applied,0.674
4074,1599,4353,2025-08-12 03:23:32,linkedin,applied,0.977
4075,1246,7102,2025-03-22 15:10:05,job_board,offer,0.69
4076,983,6740,2025-01-19 03:14:09,job_board,screened,0.731
4077,812,2101,2024-10-08 15:42:06,referral,applied,0.889
4078,979,2440,2025-01-03 12:12:18,linkedin,applied,0.355
4079,26,3909,2024-02-04 21:56:58,job_board,applied,0.943
4080,1158,858,2025-02-12 05:16:43,recruiter,interview,0.561
4081,376,4970,2024-06-01 12:18:08,job_board,applied,0.87
4082,1801,8213,2025-09-26 03:40:14,referral,screened,0.723
4083,1689,7223,2025-09-25 01:45:59,referral,applied,0.888
4084,989,6559,2025-01-20 08:05:30,referral,applied,0.591
4085,1234,1769,2025-03-26 10:46:54,job_board,applied,0.888
4086,76,7210,2024-02-07 23:17:41,job_board,applied,0.937
4087,1157,1191,2025-02-27 01:58:48,job_board,applied,0.538
4088,1701,3704,2025-09-20 21:12:38,referral,applied,0.741
4089,1052,8385,2025-01-31 21:43:34,job_board,applied,0.481
4090,1722,6847,2025-09-17 03:17:23,linkedin,applied,0.766
4091,154,1312,2024-03-13 07:31:51,job_board,applied,0.935
4092,1950,4700,2025-12-31 14:54:53,job_board,interview,0.758
4093,696,8902,2024-09-11 12:15:03,linkedin,screened,0.813
4094,55,4020,2024-02-08 00:57:14,outbound,interview,0.903
4095,1239,5391,2025-03-07 17:52:24,job_board,applied,0.778
4096,1229,3445,2025-03-05 10:04:17,linkedin,screened,0.509
4097,252,4491,2024-03-08 21:53:43,job_board,screened,0.767
4098,694,4668,2024-08-24 21:52:53,referral,applied,0.934
4099,1842,1701,2025-10-31 07:02:40,referral,applied,0.806
4100,379,8484,2024-04-30 05:57:28,job_board,offer,0.519
4101,146,7745,2024-02-27 13:26:50,outbound,applied,0.917
4102,1644,902,2025-09-12 05:50:45,outbound,offer,0.933
4103,1360,1550,2025-06-06 21:03:05,referral,applied,0.499
4104,998,5805,2025-01-23 22:42:07,outbound,applied,0.581
4105,603,3612,2024-07-20 20:44:48,job_board,interview,0.421
4106,1743,6115,2025-10-06 15:22:46,job_board,applied,0.934
4107,1728,433,2025-10-01 11:40:39,job_board,applied,0.714
4108,2,6764,2024-02-05 13:30:59,job_board,applied,0.555
4109,1654,203,2025-09-15 12:50:12,job_board,interview,0.522
4110,946,1773,2024-12-01 23:05:41,job_board,interview,0.706
4111,667,6567,2024-08-21 11:35:43,recruiter,applied,0.96
4112,697,3129,2024-09-10 02:29:56,job_board,applied,0.643
4113,925,1870,2024-11-26 20:02:45,linkedin,applied,0.968
4114,1148,7947,2025-02-25 17:49:08,job_board,screened,0.817
4115,1919,5408,2025-11-28 20:37:40,referral,offer,0.794
4116,51,2593,2024-01-22 13:41:10,job_board,applied,0.447
4117,1216,6511,2025-03-28 08:14:26,linkedin,applied,0.473
4118,132,1202,2024-03-01 20:17:58,job_board,screened,0.815
4119,13,4427,2024-01-07 08:34:34,job_board,applied,0.454
4120,607,1702,2024-08-15 13:13:47,recruiter,applied,0.697
4121,1555,5908,2025-08-17 12:26:07,job_board,applied,0.673
4122,692,2451,2024-08-12 19:56:28,job_board,interview,0.806
4123,723,2171,2024-09-27 11:50:42,job_board,screened,0.697
4124,1806,2304,2025-10-27 15:18:20,job_board,applied,0.487
4125,552,7361,2024-08-01 10:01:09,job_board,screened,0.842
4126,1536,7797,2025-08-16 16:57:47,job_board,applied,0.844
4127,1665,1857,2025-09-11 11:38:26,job_board,screened,0.375
4128,1296,1414,2025-04-15 02:20:46,job_board,applied,0.691
4129,1936,5316,2025-12-02 05:57:29,referral,interview,0.402
4130,1968,5780,2026-01-21 19:00:16,outbound,applied,0.423
4131,125,7523,2024-03-03 07:58:28,outbound,interview,0.386
4132,341,7397,2024-04-27 20:17:44,job_board,applied,0.829
4133,781,7139,2024-10-12 00:36:01,referral,applied,0.707
4134,1333,388,2025-05-08 21:08:32,linkedin,applied,0.669
4135,560,462,2024-07-02 09:06:49,recruiter,interview,0.484
4136,1275,1680,2025-04-02 04:36:01,linkedin,applied,0.364
4137,1796,3305,2025-10-05 06:41:04,job_board,offer,0.49
4138,13,6648,2024-01-31 08:34:34,recruiter,applied,0.551
4139,1736,7674,2025-09-17 13:21:28,job_board,applied,0.895
4140,973,6472,2025-01-02 22:26:59,job_board,applied,0.443
4141,1803,7659,2025-10-20 06:44:01,job_board,applied,0.482
4142,1361,3353,2025-06-04 00:48:33,job_board,interview,0.437
4143,86,5728,2024-01-29 19:15:52,outbound,applied,0.843
4144,1805,1224,2025-10-01 15:15:20,recruiter,interview,0.441
4145,101,977,2024-02-16 22:24:00,outbound,applied,0.414
4146,501,7433,2024-07-16 01:51:33,outbound,interview,0.671
4147,1103,3639,2025-03-10 22:16:41,job_board,screened,0.669
4148,1808,6544,2025-10-11 13:01:27,outbound,applied,0.63
4149,334,8651,2024-04-21 08:29:52,job_board,applied,0.889
4150,1077,5172,2025-02-26 19:13:06,job_board,screened,0.701
4151,226,959,2024-03-04 05:06:20,job_board,applied,0.365
4152,680,5915,2024-08-24 23:55:29,linkedin,applied,0.549
4153,521,7213,2024-07-07 02:22:21,job_board,applied,0.838
4154,856,2476,2024-10-28 18:47:20,linkedin,applied,0.439
4155,1419,3761,2025-06-04 04:46:03,referral,screened,0.883
4156,1442,5652,2025-07-08 10:39:29,job_board,interview,0.674
4157,1344,6703,2025-05-30 13:17:22,outbound,applied,0.558
4158,55,1631,2024-01-31 00:57:14,outbound,applied,0.489
4159,1571,489,2025-08-01 16:00:35,recruiter,applied,0.553
4160,1294,5739,2025-05-09 16:20:40,job_board,interview,0.384
4161,126,93,2024-02-10 16:34:42,job_board,offer,0.702
4162,1894,4070,2025-11-30 09:55:41,job_board,interview,0.511
4163,1533,2706,2025-07-12 19:32:07,job_board,applied,0.901
4164,1384,3948,2025-05-30 03:13:11,referral,screened,0.44
4165,982,7832,2024-12-17 23:51:24,referral,interview,0.642
4166,1590,8424,2025-07-27 06:06:59,job_board,applied,0.806
4167,626,6119,2024-08-25 20:14:29,recruiter,applied,0.824
4168,1450,3346,2025-06-28 13:08:05,job_board,applied,0.489
4169,1221,5507,2025-03-13 00:05:34,job_board,interview,0.95
4170,1221,1252,2025-03-10 00:05:34,job_board,screened,0.948
4171,1600,8980,2025-08-24 17:31:34,referral,applied,0.612
4172,347,7866,2024-05-24 22:43:46,referral,interview,0.639
4173,208,3126,2024-03-17 18:30:40,outbound,applied,0.561
4174,1111,220,2025-03-01 05:37:52,job_board,applied,0.6
4175,1615,7653,2025-08-26 14:04:18,recruiter,applied,0.848
4176,508,273,2024-07-22 07:27:34,job_board,applied,0.671
4177,1139,987,2025-02-15 13:08:45,referral,applied,0.914
4178,1915,53,2025-12-09 17:06:20,referral,applied,0.609
4179,1241,1537,2025-03-15 06:36:10,job_board,interview,0.787
4180,158,8263,2024-02-21 22:24:16,job_board,interview,0.813
4181,1758,4303,2025-09-28 20:22:21,referral,screened,0.561
4182,1953,1505,2026-01-13 04:22:56,job_board,applied,0.924
4183,1420,8636,2025-05-31 22:44:53,job_board,applied,0.671
4184,1222,3745,2025-03-02 01:56:42,job_board,applied,0.669
4185,1168,6331,2025-03-05 23:35:40,referral,applied,0.381
4186,1247,4902,2025-03-30 21:29:43,referral,applied,0.885
4187,673,1013,2024-09-08 21:55:20,recruiter,screened,0.734
4188,1290,6393,2025-03-27 21:38:38,linkedin,applied,0.494
4189,1021,8595,2025-02-14 12:42:00,outbound,interview,0.548
4190,1585,8791,2025-08-18 20:48:06,recruiter,applied,0.581
4191,1674,6892,2025-09-06 18:36:31,job_board,applied,0.876
4192,1420,6040,2025-06-22 22:44:53,job_board,screened,0.858
4193,1992,6630,2026-01-06 14:13:40,job_board,applied,0.691
4194,898,8723,2024-11-23 21:21:21,outbound,offer,0.844
4195,1513,4964,2025-07-09 08:33:03,outbound,applied,0.708
4196,686,8160,2024-08-23 00:08:45,outbound,applied,0.443
4197,1581,3542,2025-08-24 08:24:39,job_board,applied,0.49
4198,535,2853,2024-08-01 02:52:40,job_board,applied,0.554
4199,1399,990,2025-05-15 14:09:40,job_board,screened,0.493
4200,29,4162,2024-01-20 23:15:21,job_board,applied,0.917
4201,1534,5579,2025-07-07 06:18:50,job_board,interview,0.473
4202,582,3669,2024-07-16 03:00:41,outbound,applied,0.411
4203,487,1150,2024-07-15 07:39:26,outbound,applied,0.876
4204,669,3966,2024-08-13 19:57:53,job_board,applied,0.439
4205,848,5310,2024-10-14 08:35:59,linkedin,applied,0.353
4206,257,1061,2024-04-16 20:23:13,job_board,interview,0.778
4207,1112,4857,2025-03-02 11:18:11,job_board,applied,0.445
4208,248,3436,2024-04-06 09:21:44,outbound,applied,0.6
4209,1099,5369,2025-02-01 01:50:43,linkedin,applied,0.555
4210,738,55,2024-08-29 08:08:06,outbound,applied,0.956
4211,1195,7442,2025-03-22 03:59:49,job_board,applied,0.412
4212,303,3590,2024-04-18 21:25:01,job_board,applied,0.386
4213,1948,3701,2025-12-08 23:09:08,linkedin,applied,0.84
4214,30,997,2024-01-30 07:30:16,job_board,interview,0.56
4215,1711,3930,2025-10-02 03:01:56,recruiter,applied,0.705
4216,704,3577,2024-09-26 20:25:22,job_board,applied,0.356
4217,1656,540,2025-08-08 20:46:37,job_board,applied,0.973
4218,1193,5207,2025-02-22 03:05:43,referral,interview,0.761
4219,1661,2590,2025-08-20 07:00:14,job_board,applied,0.763
4220,1111,3207,2025-03-02 05:37:52,referral,applied,0.822
4221,1587,730,2025-08-21 07:05:09,job_board,offer,0.579
4222,1312,5763,2025-04-27 08:47:29,linkedin,applied,0.603
4223,1359,1276,2025-05-19 15:14:24,recruiter,applied,0.626
4224,1143,5351,2025-02-28 05:35:29,linkedin,applied,0.85
4225,514,3842,2024-07-02 15:24:48,referral,applied,0.403
4226,1698,6694,2025-08-24 02:47:06,job_board,applied,0.532
4227,1712,3665,2025-09-11 09:17:32,referral,interview,0.842
4228,1447,5900,2025-07-09 22:53:27,linkedin,interview,0.393
4229,560,8423,2024-07-22 09:06:49,linkedin,interview,0.947
4230,815,2333,2024-10-25 20:46:50,job_board,screened,0.698
4231,1450,1074,2025-07-11 13:08:05,outbound,interview,0.427
4232,374,5467,2024-04-19 19:21:07,job_board,offer,0.474
4233,222,1344,2024-03-27 00:16:03,referral,applied,0.48
4234,806,1974,2024-10-07 00:29:06,linkedin,screened,0.467
4235,1095,6758,2025-02-14 12:55:40,recruiter,interview,0.677
4236,1788,6165,2025-09-21 00:14:16,job_board,applied,0.86
4237,638,202,2024-08-10 22:33:40,job_board,applied,0.453
4238,433,5300,2024-06-06 03:00:04,job_board,applied,0.382
4239,1409,5859,2025-06-02 21:46:07,linkedin,screened,0.372
4240,1751,2902,2025-09-24 08:28:04,job_board,applied,0.429
4241,1711,6729,2025-10-03 03:01:56,job_board,interview,0.477
4242,1266,6490,2025-03-29 16:24:50,job_board,applied,0.608
4243,32,5661,2024-01-19 08:12:20,outbound,screened,0.818
4244,1306,2253,2025-04-27 13:22:23,job_board,applied,0.365
4245,229,2591,2024-03-13 12:52:28,job_board,interview,0.528
4246,1575,4925,2025-07-25 15:53:24,job_board,applied,0.366
4247,1852,933,2025-10-16 14:02:47,referral,interview,0.975
4248,1222,3699,2025-03-24 01:56:42,job_board,applied,0.787
4249,479,8948,2024-06-28 19:41:31,job_board,applied,0.475
4250,598,5780,2024-08-07 16:12:03,linkedin,screened,0.414
4251,1462,7735,2025-07-05 04:42:48,job_board,applied,0.528
4252,1520,2922,2025-07-27 19:40:24,job_board,applied,0.814
4253,1626,6576,2025-08-25 20:17:10,outbound,applied,0.978
4254,204,6617,2024-03-06 22:05:18,job_board,applied,0.518
4255,1482,1684,2025-07-17 23:01:57,job_board,interview,0.861
4256,1921,1988,2025-12-28 23:36:23,job_board,applied,0.873
4257,65,3879,2024-02-19 13:03:33,referral,screened,0.776
4258,863,5734,2024-10-21 13:52:17,job_board,applied,0.674
4259,1471,6389,2025-07-19 04:42:48,linkedin,applied,0.935
4260,1059,8788,2025-02-08 13:25:00,job_board,applied,0.764
4261,1924,913,2025-12-10 04:33:40,recruiter,interview,0.678
4262,1353,5766,2025-05-02 01:51:22,job_board,applied,0.735
4263,738,8616,2024-09-01 08:08:06,job_board,applied,0.837
4264,1245,1525,2025-04-17 01:56:32,job_board,screened,0.433
4265,1421,8598,2025-06-09 02:43:53,linkedin,interview,0.875
4266,1564,7579,2025-08-21 09:04:01,job_board,interview,0.885
4267,553,1355,2024-07-31 13:09:46,job_board,interview,0.572
4268,1833,1907,2025-11-11 20:21:13,referral,screened,0.391
4269,1995,1774,2026-01-16 20:12:28,job_board,applied,0.841
4270,432,829,2024-05-29 02:21:09,referral,screened,0.901
4271,417,3277,2024-05-25 18:53:56,job_board,applied,0.714
4272,770,3974,2024-09-10 10:21:24,job_board,screened,0.821
4273,612,4057,2024-08-20 03:21:51,linkedin,applied,0.831
4274,373,7495,2024-05-28 18:42:27,job_board,interview,0.533
4275,336,3967,2024-04-06 20:10:49,job_board,interview,0.421
4276,1420,1724,2025-06-24 22:44:53,referral,screened,0.903
4277,1911,6194,2025-12-13 07:41:01,linkedin,applied,0.508
4278,192,5769,2024-03-12 11:48:13,referral,applied,0.623
4279,1143,4232,2025-03-10 05:35:29,linkedin,applied,0.901
4280,560,5791,2024-06-30 09:06:49,job_board,screened,0.552
4281,494,1659,2024-07-20 01:22:44,job_board,applied,0.612
4282,1145,7013,2025-03-18 12:49:24,referral,applied,0.368
4283,270,2350,2024-04-14 22:51:34,linkedin,interview,0.398
4284,167,433,2024-02-24 10:28:44,job_board,interview,0.766
4285,1750,3701,2025-09-11 11:36:49,referral,applied,0.945
4286,893,2163,2024-11-13 17:16:59,linkedin,applied,0.427
4287,126,4674,2024-02-22 16:34:42,job_board,applied,0.923
4288,1754,4175,2025-10-22 09:04:20,job_board,applied,0.422
4289,1287,8308,2025-04-14 09:00:21,referral,interview,0.906
4290,1477,3747,2025-07-09 09:21:03,job_board,applied,0.91
4291,1221,866,2025-03-19 00:05:34,job_board,interview,0.369
4292,948,4619,2024-12-04 16:05:42,linkedin,offer,0.568
4293,1544,7240,2025-08-11 16:46:38,job_board,interview,0.485
4294,690,2388,2024-08-26 15:47:51,outbound,applied,0.97
4295,1364,2798,2025-05-21 12:26:08,linkedin,applied,0.536
4296,1765,1626,2025-09-30 09:04:28,job_board,interview,0.696
4297,1673,6544,2025-09-12 00:34:31,outbound,screened,0.617
4298,1110,1503,2025-03-05 05:33:11,referral,applied,0.681
4299,77,2325,2024-02-20 21:13:42,job_board,applied,0.775
4300,31,784,2024-02-19 08:09:36,referral,screened,0.576
4301,861,3467,2024-11-16 10:49:47,job_board,applied,0.915
4302,1326,7808,2025-05-05 07:24:28,linkedin,applied,0.496
4303,162,3990,2024-03-14 15:16:51,job_board,applied,0.894
4304,822,1064,2024-11-02 13:05:08,job_board,applied,0.705
4305,811,6757,2024-10-07 14:08:35,job_board,applied,0.933
4306,918,3196,2024-11-28 17:23:04,referral,screened,0.878
4307,1122,1497,2025-02-04 18:52:30,referral,offer,0.826
4308,559,178,2024-08-02 21:04:28,referral,applied,0.562
4309,1188,3119,2025-02-26 17:13:07,linkedin,applied,0.488
4310,906,1411,2024-11-11 16:28:05,job_board,applied,0.92
4311,1850,4757,2025-11-18 12:21:32,outbound,applied,0.444
4312,650,3891,2024-08-01 05:26:11,job_board,applied,0.368
4313,1844,5919,2025-11-22 21:49:46,linkedin,applied,0.878
4314,1925,2475,2025-11-29 05:19:12,job_board,applied,0.866
4315,620,685,2024-08-31 18:44:41,referral,interview,0.928
4316,815,1024,2024-10-28 20:46:50,recruiter,screened,0.819
4317,1399,853,2025-05-06 14:09:40,linkedin,applied,0.878
4318,918,2409,2024-12-20 17:23:04,job_board,applied,0.431
4319,1426,6467,2025-06-30 11:54:10,job_board,applied,0.733
4320,519,4926,2024-07-26 18:14:17,job_board,interview,0.927
4321,1915,3296,2025-12-23 17:06:20,referral,applied,0.92
4322,1397,2139,2025-05-16 04:05:56,referral,applied,0.916
4323,168,1491,2024-02-18 12:19:13,referral,applied,0.798
4324,487,1314,2024-06-18 07:39:26,job_board,interview,0.58
4325,1235,2369,2025-03-29 21:54:42,outbound,applied,0.472
4326,587,4494,2024-08-14 13:11:48,job_board,applied,0.4
4327,815,5384,2024-11-12 20:46:50,job_board,interview,0.411
4328,1294,8509,2025-04-19 16:20:40,job_board,applied,0.449
4329,695,8580,2024-09-03 07:24:14,outbound,applied,0.705
4330,1809,2362,2025-11-04 14:35:54,job_board,interview,0.369
4331,1235,6588,2025-04-15 21:54:42,referral,applied,0.461
4332,840,1177,2024-10-30 12:12:29,linkedin,screened,0.575
4333,560,7174,2024-07-24 09:06:49,referral,applied,0.755
4334,592,8363,2024-07-22 22:53:52,referral,applied,0.887
4335,72,5477,2024-02-01 10:28:41,linkedin,interview,0.607
4336,173,4847,2024-03-16 21:17:11,recruiter,interview,0.571
4337,1556,3341,2025-07-16 13:36:26,job_board,applied,0.677
4338,1538,7960,2025-07-17 16:31:19,job_board,interview,0.726
4339,174,8660,2024-02-16 06:51:04,job_board,applied,0.576
4340,1105,6362,2025-02-07 14:52:52,job_board,applied,0.757
4341,657,732,2024-08-31 18:11:47,job_board,screened,0.602
4342,1396,7913,2025-06-12 18:33:26,outbound,applied,0.473
4343,1190,7278,2025-03-06 18:54:30,linkedin,applied,0.884
4344,1600,3232,2025-08-29 17:31:34,linkedin,applied,0.48
4345,1248,2325,2025-03-30 16:20:26,job_board,interview,0.848
4346,400,6914,2024-05-09 18:07:39,job_board,applied,0.719
4347,1333,5471,2025-05-27 21:08:32,recruiter,applied,0.826
4348,1670,6769,2025-09-02 07:01:35,referral,applied,0.355
4349,1990,8842,2026-01-02 12:25:53,recruiter,applied,0.486
4350,1408,3322,2025-05-20 14:08:48,job_board,applied,0.628
4351,803,7581,2024-10-10 02:58:05,job_board,screened,0.896
4352,1019,4223,2025-01-07 15:42:41,job_board,applied,0.414
4353,275,7652,2024-04-24 15:13:58,linkedin,offer,0.707
4354,1274,2189,2025-04-18 02:19:30,job_board,applied,0.88
4355,276,7408,2024-04-26 17:16:07,job_board,screened,0.36
4356,521,6354,2024-06-26 02:22:21,linkedin,applied,0.373
4357,1021,4085,2025-02-10 12:42:00,job_board,applied,0.6
4358,957,8272,2025-01-04 11:56:18,job_board,applied,0.408
4359,768,3538,2024-09-26 17:07:38,linkedin,applied,0.404
4360,1295,6684,2025-04-13 22:01:44,job_board,applied,0.484
4361,1827,4667,2025-10-08 21:45:08,referral,applied,0.651
4362,1846,1275,2025-11-16 09:35:39,job_board,interview,0.56
4363,1022,2567,2025-02-09 14:06:25,recruiter,applied,0.963
4364,1104,7204,2025-02-20 22:19:20,outbound,screened,0.632
4365,904,4304,2024-12-15 02:49:50,recruiter,applied,0.713
4366,1795,7657,2025-10-19 20:41:16,linkedin,applied,0.587
4367,1725,1142,2025-09-26 14:25:43,linkedin,applied,0.415
4368,109,6920,2024-03-10 11:59:48,job_board,screened,0.614
4369,1593,8033,2025-08-02 17:30:28,referral,interview,0.634
4370,60,8930,2024-02-13 02:56:23,job_board,applied,0.95
4371,1428,6622,2025-06-15 18:13:01,referral,interview,0.913
4372,678,4247,2024-09-17 22:18:51,recruiter,applied,0.353
4373,1055,559,2025-02-14 23:55:16,job_board,offer,0.524
4374,1566,1848,2025-07-22 15:20:04,job_board,interview,0.713
4375,470,5940,2024-07-05 04:40:04,job_board,screened,0.795
4376,266,7945,2024-04-17 15:12:19,referral,interview,0.632
4377,1135,6829,2025-02-11 03:21:32,linkedin,interview,0.799
4378,1676,5465,2025-09-14 02:30:56,referral,applied,0.803
4379,232,7755,2024-03-09 17:25:19,linkedin,screened,0.798
4380,776,2771,2024-09-25 06:45:41,job_board,screened,0.509
4381,1074,2963,2025-02-07 05:31:31,job_board,screened,0.356
4382,455,793,2024-06-03 14:06:07,job_board,applied,0.472
4383,1703,5677,2025-09-25 03:33:16,job_board,interview,0.571
4384,1197,1648,2025-03-01 22:39:21,linkedin,applied,0.632
4385,1031,2485,2025-02-17 00:30:13,outbound,applied,0.406
4386,278,846,2024-03-17 23:31:01,job_board,interview,0.788
4387,137,7640,2024-02-15 02:02:03,referral,applied,0.44
4388,332,1856,2024-04-25 10:31:44,referral,applied,0.531
4389,63,7877,2024-02-06 22:44:17,linkedin,applied,0.553
4390,1070,2087,2025-02-26 04:52:43,job_board,screened,0.72
4391,1721,689,2025-09-20 18:06:26,job_board,applied,0.812
4392,1517,8806,2025-07-21 01:24:53,job_board,applied,0.545
4393,449,2566,2024-05-26 17:43:42,job_board,screened,0.878
4394,393,6497,2024-04-25 11:09:58,job_board,applied,0.574
4395,1052,926,2025-02-18 21:43:34,linkedin,applied,0.858
4396,1556,1679,2025-08-03 13:36:26,recruiter,applied,0.45
4397,1554,3589,2025-07-30 09:46:49,outbound,applied,0.576
4398,1044,6792,2025-02-02 22:19:51,linkedin,interview,0.717
4399,507,47,2024-07-21 15:44:38,referral,applied,0.668
4400,967,5695,2025-01-01 08:20:35,referral,screened,0.578
4401,1475,7046,2025-07-01 04:06:19,linkedin,applied,0.484
4402,1760,908,2025-10-05 17:12:03,linkedin,applied,0.668
4403,151,3884,2024-03-13 13:57:58,job_board,applied,0.408
4404,1549,8522,2025-07-18 09:05:57,linkedin,interview,0.599
4405,1498,4809,2025-06-20 05:15:45,job_board,screened,0.395
4406,427,6753,2024-06-22 17:19:30,job_board,applied,0.623
4407,128,6684,2024-02-19 22:21:50,job_board,screened,0.957
4408,618,3719,2024-08-14 14:22:21,referral,interview,0.656
4409,555,6411,2024-07-16 16:28:37,job_board,applied,0.72
4410,227,8531,2024-03-11 08:27:34,linkedin,interview,0.666
4411,514,2832,2024-06-22 15:24:48,referral,applied,0.487
4412,392,435,2024-05-24 09:35:54,job_board,applied,0.418
4413,1783,7045,2025-10-14 20:33:50,linkedin,applied,0.56
4414,172,2824,2024-03-10 18:22:29,outbound,applied,0.674
4415,1069,5767,2025-02-20 02:59:26,linkedin,interview,0.789
4416,653,1427,2024-08-12 18:31:52,job_board,interview,0.758
4417,1687,1964,2025-09-06 14:39:03,job_board,offer,0.682
4418,949,6816,2024-12-30 05:13:54,job_board,applied,0.574
4419,1165,264,2025-03-20 06:41:58,linkedin,offer,0.514
4420,792,4477,2024-09-24 21:59:02,job_board,applied,0.818
4421,1614,6806,2025-08-07 11:11:24,job_board,screened,0.911
4422,1336,4230,2025-04-24 20:20:21,referral,applied,0.748
4423,1103,1491,2025-02-08 22:16:41,job_board,interview,0.413
4424,793,5712,2024-11-02 01:01:58,referral,applied,0.851
4425,900,1014,2024-11-14 01:19:23,referral,applied,0.722
4426,506,5224,2024-07-14 12:44:49,job_board,screened,0.762
4427,1316,3784,2025-05-11 17:56:26,recruiter,applied,0.786
4428,591,4883,2024-08-13 22:12:26,job_board,interview,0.641
4429,573,8296,2024-07-12 07:22:13,referral,interview,0.671
4430,934,7966,2024-11-26 21:57:23,outbound,applied,0.547
4431,1838,6464,2025-10-14 05:52:34,referral,screened,0.744
4432,879,4449,2024-12-01 11:09:19,job_board,offer,0.661
4433,1817,7183,2025-09-30 18:21:59,referral,screened,0.566
4434,1054,904,2025-02-15 22:59:06,linkedin,applied,0.495
4435,146,2430,2024-02-21 13:26:50,linkedin,applied,0.746
4436,1168,4179,2025-03-25 23:35:40,job_board,interview,0.633
4437,1834,7516,2025-10-26 08:49:21,job_board,screened,0.478
4438,1765,3482,2025-10-05 09:04:28,job_board,applied,0.841
4439,364,3739,2024-05-06 09:27:43,linkedin,applied,0.69
4440,536,8561,2024-07-28 04:39:27,recruiter,interview,0.748
4441,1363,8815,2025-05-29 09:14:20,job_board,interview,0.704
4442,874,339,2024-12-04 08:36:02,outbound,applied,0.744
4443,1647,5128,2025-08-22 17:16:31,job_board,offer,0.406
4444,1041,6233,2025-02-17 19:43:18,outbound,applied,0.53
4445,483,5457,2024-06-02 09:26:29,job_board,applied,0.837
4446,664,8714,2024-09-01 08:59:05,job_board,applied,0.853
4447,226,8237,2024-03-25 05:06:20,job_board,applied,0.382
4448,573,2261,2024-07-08 07:22:13,linkedin,applied,0.812
4449,1513,8536,2025-07-03 08:33:03,job_board,applied,0.493
4450,445,3786,2024-06-30 23:02:01,job_board,applied,0.876
4451,885,159,2024-10-30 03:16:21,referral,applied,0.594
4452,360,3243,2024-05-07 22:08:54,job_board,applied,0.538
4453,974,2093,2025-01-18 01:17:46,job_board,applied,0.533
4454,1932,8330,2026-01-09 07:47:54,referral,screened,0.781
4455,1524,5529,2025-07-10 09:01:05,job_board,interview,0.779
4456,1529,2781,2025-07-29 12:26:02,job_board,applied,0.729
4457,508,33,2024-07-15 07:27:34,linkedin,applied,0.949
4458,615,3316,2024-08-28 17:33:39,referral,applied,0.544
4459,195,2858,2024-03-16 22:20:23,outbound,applied,0.737
4460,1843,4036,2025-10-20 21:46:52,job_board,applied,0.628
4461,1916,1767,2025-12-24 07:20:05,linkedin,applied,0.707
4462,678,4822,2024-09-19 22:18:51,job_board,screened,0.442
4463,1400,4712,2025-05-22 20:04:35,linkedin,interview,0.926
4464,423,6499,2024-05-29 12:38:24,outbound,offer,0.9
4465,1305,5376,2025-05-01 08:19:00,outbound,applied,0.952
4466,191,6526,2024-03-25 11:44:42,job_board,screened,0.815
4467,666,1702,2024-08-30 09:41:15,job_board,applied,0.793
4468,787,1233,2024-10-20 14:50:19,job_board,applied,0.383
4469,1992,4828,2026-01-31 14:13:40,job_board,interview,0.628
4470,935,8916,2024-12-02 23:27:31,job_board,offer,0.373
4471,446,3571,2024-06-02 08:10:45,job_board,applied,0.935
4472,95,6568,2024-02-29 04:53:18,job_board,screened,0.722
4473,357,8919,2024-05-10 08:24:08,outbound,screened,0.388
4474,485,854,2024-06-12 13:17:52,job_board,interview,0.727
4475,637,586,2024-08-20 14:23:44,linkedin,offer,0.757
4476,273,5946,2024-03-23 07:29:14,referral,applied,0.968
4477,1478,7567,2025-06-09 10:00:31,job_board,applied,0.764
4478,774,6026,2024-10-02 18:18:09,job_board,screened,0.859
4479,475,8996,2024-05-31 12:10:52,job_board,applied,0.839
4480,1052,339,2025-02-25 21:43:34,job_board,applied,0.805
4481,626,4875,2024-09-01 20:14:29,job_board,interview,0.418
4482,1368,6371,2025-05-05 10:34:29,job_board,screened,0.561
4483,1060,6126,2025-02-12 22:17:32,job_board,applied,0.825
4484,1865,309,2025-11-06 07:03:10,job_board,applied,0.913
4485,1300,1152,2025-04-28 05:51:37,job_board,applied,0.453
4486,734,8970,2024-09-20 03:11:28,referral,applied,0.35
4487,299,3158,2024-04-26 10:39:25,linkedin,screened,0.886
4488,204,1652,2024-03-26 22:05:18,job_board,applied,0.499
4489,1310,1634,2025-04-04 02:24:53,job_board,interview,0.682
4490,66,1548,2024-02-24 01:02:33,linkedin,offer,0.975
4491,763,5250,2024-09-18 19:18:05,linkedin,screened,0.82
4492,41,4532,2024-02-09 04:03:25,job_board,interview,0.452
4493,693,8479,2024-09-10 01:04:45,job_board,applied,0.934
4494,1768,4296,2025-10-14 01:28:51,job_board,screened,0.486
4495,159,267,2024-03-11 03:12:05,referral,applied,0.87
4496,1949,4767,2025-12-06 09:17:16,linkedin,interview,0.357
4497,1948,4451,2025-12-28 23:09:08,job_board,applied,0.498
4498,1728,2949,2025-09-11 11:40:39,referral,applied,0.42
4499,1387,6513,2025-05-21 00:10:39,outbound,applied,0.701
4500,357,8470,2024-04-20 08:24:08,job_board,applied,0.73
4501,200,3876,2024-03-17 12:46:57,job_board,applied,0.795
4502,1839,6529,2025-10-23 03:14:55,job_board,screened,0.535
4503,733,4850,2024-09-27 22:38:35,job_board,interview,0.948
4504,900,6536,2024-11-28 01:19:23,job_board,screened,0.359
4505,161,4077,2024-02-27 01:44:41,job_board,applied,0.551
4506,120,2336,2024-02-21 09:03:38,recruiter,screened,0.387
4507,1084,5378,2025-02-15 21:34:57,job_board,interview,0.581
4508,812,3530,2024-10-28 15:42:06,job_board,interview,0.946
4509,1401,618,2025-05-09 20:08:37,linkedin,applied,0.54
4510,1669,6670,2025-09-15 01:49:14,recruiter,screened,0.542
4511,114,4922,2024-02-04 07:40:16,referral,applied,0.535
4512,1941,5484,2025-12-08 23:55:54,linkedin,applied,0.87
4513,1845,4607,2025-11-14 06:32:00,job_board,applied,0.721
4514,1147,7977,2025-02-08 12:33:05,job_board,applied,0.613
4515,749,1637,2024-09-17 23:57:38,recruiter,offer,0.581
4516,334,722,2024-05-05 08:29:52,recruiter,interview,0.78
4517,470,4813,2024-07-01 04:40:04,job_board,screened,0.969
4518,1403,7831,2025-06-16 17:34:16,linkedin,applied,0.634
4519,260,4169,2024-04-09 06:59:09,job_board,interview,0.492
4520,1932,3774,2025-12-06 07:47:54,job_board,screened,0.6
4521,292,5339,2024-04-07 17:48:29,outbound,offer,0.463
4522,1510,3081,2025-06-26 01:17:20,referral,applied,0.767
4523,1700,5075,2025-09-22 19:54:47,job_board,offer,0.364
4524,592,8686,2024-07-11 22:53:52,job_board,applied,0.628
4525,961,3642,2024-12-13 10:47:13,referral,applied,0.368
4526,1154,4353,2025-03-24 18:19:06,job_board,applied,0.372
4527,1597,7031,2025-07-26 21:03:04,job_board,applied,0.589
4528,103,6055,2024-02-06 17:24:04,recruiter,applied,0.826
4529,455,3218,2024-06-07 14:06:07,recruiter,screened,0.771
4530,300,4721,2024-03-30 14:33:31,linkedin,interview,0.917
4531,636,4271,2024-08-25 11:38:30,outbound,interview,0.62
4532,1346,3583,2025-05-03 15:03:23,linkedin,applied,0.452
4533,826,3838,2024-10-18 19:45:40,linkedin,interview,0.398
4534,985,146,2025-01-11 15:24:58,referral,screened,0.505
4535,910,4373,2024-11-26 07:33:25,referral,interview,0.667
4536,11,2827,2024-01-12 23:54:28,referral,offer,0.525
4537,196,7202,2024-03-27 01:04:10,job_board,screened,0.828
4538,455,5673,2024-06-15 14:06:07,job_board,screened,0.766
4539,91,6387,2024-03-02 18:21:24,recruiter,interview,0.62
4540,1645,2395,2025-08-20 08:27:24,referral,applied,0.8
4541,1992,381,2026-02-06 14:13:40,job_board,applied,0.64
4542,970,3461,2025-01-21 14:52:47,recruiter,screened,0.378
4543,1334,4452,2025-04-16 01:58:55,linkedin,applied,0.815
4544,113,3889,2024-02-01 22:01:18,referral,applied,0.766
4545,110,1123,2024-03-01 15:25:06,recruiter,applied,0.678
4546,1210,1821,2025-03-10 18:15:57,linkedin,applied,0.442
4547,1546,6565,2025-08-10 21:50:45,job_board,screened,0.674
4548,1859,8129,2025-11-06 12:40:36,outbound,applied,0.514
4549,723,8881,2024-09-04 11:50:42,job_board,offer,0.962
4550,838,4566,2024-10-20 00:45:07,linkedin,screened,0.643
4551,1593,5570,2025-07-28 17:30:28,job_board,applied,0.845
4552,282,5459,2024-04-14 19:55:02,job_board,applied,0.71
4553,1900,3419,2025-11-08 11:12:19,linkedin,applied,0.867
4554,596,2961,2024-07-20 19:23:40,job_board,applied,0.642
4555,54,651,2024-02-18 20:02:57,recruiter,screened,0.714
4556,1581,329,2025-07-29 08:24:39,job_board,applied,0.654
4557,1929,2994,2025-12-20 00:26:09,job_board,interview,0.944
4558,964,3314,2024-12-23 16:09:36,job_board,interview,0.431
4559,332,4728,2024-04-05 10:31:44,linkedin,applied,0.57
4560,303,8738,2024-04-13 21:25:01,job_board,interview,0.697
4561,595,7928,2024-07-22 16:23:40,referral,offer,0.406
4562,1068,1752,2025-02-19 19:16:59,linkedin,applied,0.88
4563,1254,4617,2025-04-21 15:04:07,referral,screened,0.899
4564,1397,5012,2025-06-14 04:05:56,recruiter,applied,0.481
4565,1432,8860,2025-06-16 02:24:00,job_board,applied,0.942
4566,482,3645,2024-06-04 23:13:58,job_board,applied,0.737
4567,341,3323,2024-05-15 20:17:44,linkedin,applied,0.724
4568,1903,6850,2025-12-16 03:32:41,linkedin,screened,0.57
4569,274,5,2024-03-20 16:28:54,outbound,applied,0.709
4570,1020,866,2025-01-23 11:54:01,job_board,screened,0.513
4571,574,5658,2024-08-17 07:50:00,linkedin,screened,0.372
4572,1463,2994,2025-07-07 13:06:03,job_board,applied,0.813
4573,652,1973,2024-08-08 15:35:01,job_board,applied,0.953
4574,201,7441,2024-03-19 21:16:56,linkedin,interview,0.406
4575,637,2195,2024-08-09 14:23:44,job_board,interview,0.725
4576,202,238,2024-03-31 00:56:02,linkedin,offer,0.511
4577,343,157,2024-05-19 11:17:46,referral,interview,0.586
4578,946,8178,2025-01-05 23:05:41,linkedin,screened,0.528
4579,1942,4784,2025-12-13 04:53:45,job_board,applied,0.393
4580,407,123,2024-05-18 08:06:36,referral,applied,0.972
4581,1597,2228,2025-08-14 21:03:04,outbound,interview,0.712
4582,1041,2957,2025-02-22 19:43:18,job_board,interview,0.704
4583,1961,8949,2025-12-22 10:33:54,job_board,applied,0.714
4584,1041,4851,2025-02-04 19:43:18,linkedin,applied,0.402
4585,208,7521,2024-03-26 18:30:40,job_board,applied,0.599
4586,821,4041,2024-10-19 04:07:43,job_board,applied,0.932
4587,152,6491,2024-02-19 21:14:02,referral,applied,0.697
4588,444,332,2024-06-04 01:46:13,linkedin,interview,0.601
4589,1072,3186,2025-02-07 22:38:37,recruiter,applied,0.484
4590,1801,4141,2025-09-29 03:40:14,linkedin,applied,0.506
4591,1229,645,2025-03-05 10:04:17,linkedin,applied,0.857
4592,730,2393,2024-09-27 13:52:32,job_board,applied,0.753
4593,1271,6021,2025-05-01 21:22:39,referral,applied,0.557
4594,489,6163,2024-07-11 07:59:07,outbound,screened,0.916
4595,187,201,2024-03-27 00:49:18,referral,screened,0.363
4596,1468,2378,2025-07-11 02:40:32,linkedin,applied,0.83
4597,1688,3975,2025-09-20 15:37:18,recruiter,interview,0.684
4598,1225,2453,2025-03-03 12:14:02,recruiter,applied,0.914
4599,980,475,2025-01-24 15:10:35,job_board,applied,0.902
4600,916,343,2024-12-04 01:57:29,job_board,applied,0.551
4601,737,5038,2024-09-24 14:32:45,job_board,applied,0.372
4602,1940,3303,2026-01-07 16:38:19,job_board,applied,0.899
4603,1009,5036,2025-01-04 17:02:42,linkedin,applied,0.871
4604,1744,6360,2025-09-15 19:04:33,referral,applied,0.451
4605,81,4776,2024-01-23 00:23:25,referral,screened,0.686
4606,706,5011,2024-09-06 00:25:53,outbound,applied,0.587
4607,431,6432,2024-06-16 16:32:29,job_board,applied,0.808
4608,233,1645,2024-03-21 06:01:49,recruiter,offer,0.898
4609,1997,2054,2026-01-22 09:37:00,job_board,applied,0.743
4610,105,6538,2024-02-05 01:46:40,job_board,interview,0.948
4611,1106,2180,2025-02-08 15:43:52,linkedin,screened,0.383
4612,435,7866,2024-06-08 14:30:39,linkedin,applied,0.6
4613,158,3746,2024-02-08 22:24:16,job_board,interview,0.57
4614,1966,726,2025-12-28 15:16:18,job_board,offer,0.51
4615,586,6325,2024-08-24 01:42:41,outbound,screened,0.578
4616,704,3833,2024-09-11 20:25:22,outbound,applied,0.43
4617,370,1051,2024-04-22 05:04:52,linkedin,interview,0.666
4618,1373,1916,2025-05-16 17:53:27,job_board,applied,0.552
4619,1850,7973,2025-10-29 12:21:32,linkedin,applied,0.721
4620,679,4139,2024-09-08 23:35:11,job_board,applied,0.619
4621,1613,2270,2025-08-24 04:15:00,job_board,applied,0.353
4622,819,4883,2024-11-15 22:35:51,referral,applied,0.683
4623,1094,1151,2025-02-20 17:23:36,linkedin,interview,0.697
4624,1601,3523,2025-07-31 02:51:19,job_board,applied,0.882
4625,1904,5391,2025-11-13 16:55:47,job_board,applied,0.532
4626,1218,8613,2025-03-07 12:47:08,referral,applied,0.817
4627,746,2481,2024-09-27 15:34:42,referral,applied,0.902
4628,938,7442,2024-12-20 23:48:32,recruiter,interview,0.785
4629,1730,3679,2025-09-11 06:49:40,referral,screened,0.42
4630,707,8025,2024-09-21 21:30:30,referral,applied,0.615
4631,936,551,2024-12-01 12:07:21,linkedin,offer,0.602
4632,1551,1226,2025-08-09 15:27:21,job_board,screened,0.507
4633,1698,4185,2025-09-15 02:47:06,job_board,applied,0.564
4634,894,7094,2024-11-07 19:37:19,linkedin,applied,0.792
4635,1802,2734,2025-11-04 18:51:23,outbound,screened,0.588
4636,1725,1078,2025-10-03 14:25:43,linkedin,interview,0.476
4637,926,1529,2024-12-23 01:23:43,job_board,applied,0.853
4638,555,2608,2024-07-27 16:28:37,job_board,applied,0.594
4639,357,3477,2024-04-21 08:24:08,job_board,applied,0.618
4640,242,5172,2024-04-14 16:32:46,outbound,interview,0.403
4641,385,6931,2024-04-29 01:43:36,job_board,interview,0.846
4642,138,1157,2024-03-10 03:43:50,referral,applied,0.403
4643,578,6873,2024-07-28 18:28:34,referral,applied,0.71
4644,1983,8883,2026-01-20 07:10:20,job_board,interview,0.829
4645,446,3245,2024-05-19 08:10:45,job_board,interview,0.429
4646,770,1851,2024-09-24 10:21:24,referral,applied,0.541
4647,777,8769,2024-09-13 23:03:02,referral,screened,0.973
4648,1040,8200,2025-02-12 12:07:37,job_board,applied,0.631
4649,1014,1133,2025-01-13 12:16:28,outbound,interview,0.715
4650,1163,7604,2025-02-25 03:26:50,recruiter,applied,0.894
4651,175,7693,2024-02-16 12:57:11,recruiter,screened,0.917
4652,643,2731,2024-08-02 13:16:37,linkedin,interview,0.565
4653,1820,8811,2025-10-24 22:42:07,linkedin,screened,0.881
4654,1953,1712,2025-12-18 04:22:56,linkedin,offer,0.555
4655,5,5157,2024-01-03 10:50:13,outbound,applied,0.859
4656,1261,6328,2025-04-24 20:24:46,job_board,interview,0.851
4657,277,542,2024-03-25 23:26:54,job_board,interview,0.716
4658,1072,8279,2025-01-20 22:38:37,linkedin,applied,0.759
4659,17,8290,2024-01-08 02:22:26,referral,applied,0.709
4660,1513,3393,2025-07-14 08:33:03,linkedin,applied,0.419
4661,1974,3933,2026-01-09 14:32:11,recruiter,screened,0.626
4662,247,3327,2024-03-09 23:22:25,job_board,applied,0.426
4663,822,1547,2024-10-18 13:05:08,linkedin,applied,0.384
4664,389,7959,2024-05-08 14:43:30,job_board,screened,0.66
4665,393,8023,2024-04-27 11:09:58,job_board,applied,0.517
4666,1586,5161,2025-08-15 02:41:03,job_board,applied,0.571
4667,238,3842,2024-03-16 03:06:15,recruiter,applied,0.745
4668,249,6100,2024-04-05 17:29:38,recruiter,applied,0.643
4669,741,4495,2024-08-29 22:48:57,referral,applied,0.707
4670,618,6780,2024-07-21 14:22:21,referral,screened,0.774
4671,1952,5140,2026-01-08 22:25:36,job_board,applied,0.772
4672,789,1569,2024-10-02 13:03:18,linkedin,screened,0.785
4673,1098,8160,2025-02-10 03:51:04,linkedin,applied,0.637
4674,207,3845,2024-03-11 02:25:00,job_board,interview,0.796
4675,709,4534,2024-09-18 13:28:16,job_board,screened,0.519
4676,413,5963,2024-06-04 23:23:46,job_board,interview,0.831
4677,730,7994,2024-09-27 13:52:32,linkedin,interview,0.85
4678,608,3773,2024-08-25 02:40:00,outbound,screened,0.915
4679,235,1533,2024-03-23 17:47:12,job_board,applied,0.944
4680,1110,952,2025-02-08 05:33:11,outbound,applied,0.678
4681,1035,5551,2025-02-04 13:26:53,job_board,applied,0.686
4682,1038,3774,2025-01-23 09:03:49,referral,applied,0.589
4683,849,4730,2024-11-01 17:00:22,referral,interview,0.84
4684,1050,7632,2025-01-15 02:55:18,outbound,applied,0.52
4685,1458,2926,2025-06-18 01:30:15,job_board,offer,0.753
4686,523,5825,2024-07-13 01:27:29,recruiter,screened,0.704
4687,384,1913,2024-05-05 00:26:43,linkedin,applied,0.526
4688,1356,6260,2025-04-26 18:43:06,job_board,applied,0.513
4689,275,630,2024-03-18 15:13:58,outbound,interview,0.451
4690,703,1855,2024-08-21 20:01:28,referral,screened,0.812
4691,1163,2356,2025-02-26 03:26:50,referral,interview,0.868
4692,1169,1694,2025-03-28 12:36:32,job_board,screened,0.465
4693,1485,6126,2025-07-02 17:45:09,referral,screened,0.922
4694,944,3567,2025-01-08 23:35:38,outbound,interview,0.48
4695,996,2504,2024-12-30 20:54:16,job_board,applied,0.417
4696,89,2412,2024-03-05 16:15:38,job_board,applied,0.903
4697,1581,6553,2025-08-24 08:24:39,referral,applied,0.932
4698,474,4932,2024-06-01 13:49:24,job_board,applied,0.453
4699,1683,7877,2025-08-13 22:41:41,recruiter,applied,0.462
4700,1290,4544,2025-04-24 21:38:38,outbound,interview,0.535
4701,1834,6249,2025-10-17 08:49:21,outbound,screened,0.388
4702,1751,8273,2025-10-05 08:28:04,job_board,applied,0.614
4703,757,7246,2024-10-05 10:09:20,job_board,applied,0.803
4704,788,6811,2024-09-20 09:36:51,linkedin,screened,0.403
4705,1809,5159,2025-11-03 14:35:54,job_board,applied,0.54
4706,1767,7838,2025-10-23 15:17:46,linkedin,applied,0.575
4707,1419,8520,2025-06-05 04:46:03,job_board,applied,0.943
4708,1848,1074,2025-11-22 16:58:32,outbound,screened,0.819
4709,1250,6867,2025-04-08 22:19:15,referral,screened,0.582
4710,50,123,2024-02-14 12:22:18,job_board,applied,0.48
4711,1108,2905,2025-02-09 01:28:41,recruiter,interview,0.898
4712,741,7293,2024-09-26 22:48:57,recruiter,applied,0.53
4713,40,6511,2024-02-22 14:40:03,job_board,offer,0.744
4714,1112,5534,2025-03-03 11:18:11,linkedin,applied,0.786
4715,1121,6047,2025-02-28 16:20:34,job_board,applied,0.847
4716,1464,1412,2025-06-20 09:30:13,referral,applied,0.739
4717,1558,6763,2025-07-15 00:48:08,linkedin,applied,0.603
4718,646,904,2024-08-13 06:15:12,job_board,applied,0.444
4719,1977,2875,2026-01-20 10:52:10,outbound,applied,0.476
4720,884,764,2024-11-20 11:13:05,referral,applied,0.72
4721,867,4587,2024-10-23 10:10:02,job_board,offer,0.656
4722,362,7746,2024-04-26 04:23:06,linkedin,applied,0.591
4723,1981,7924,2026-01-07 21:35:33,outbound,applied,0.685
4724,789,91,2024-09-20 13:03:18,linkedin,applied,0.891
4725,343,8782,2024-04-30 11:17:46,job_board,screened,0.377
4726,1693,1857,2025-09-26 17:06:39,job_board,applied,0.437
4727,1917,3240,2025-12-17 13:51:15,referral,applied,0.351
4728,429,2534,2024-06-23 13:23:21,linkedin,screened,0.551
4729,1180,4381,2025-04-02 21:57:46,linkedin,applied,0.455
4730,1811,71,2025-10-01 03:42:31,job_board,offer,0.526
4731,1326,2978,2025-04-28 07:24:28,linkedin,applied,0.397
4732,874,2739,2024-10-31 08:36:02,linkedin,applied,0.567
4733,1148,6462,2025-03-10 17:49:08,referral,applied,0.602
4734,204,7730,2024-02-22 22:05:18,job_board,applied,0.933
4735,1966,350,2026-01-08 15:16:18,referral,applied,0.71
4736,1027,3692,2025-01-24 07:39:30,job_board,applied,0.883
4737,89,8585,2024-01-30 16:15:38,job_board,applied,0.743
4738,676,8340,2024-08-16 15:42:44,linkedin,applied,0.632
4739,821,4945,2024-10-31 04:07:43,recruiter,applied,0.912
4740,1990,6760,2026-01-15 12:25:53,outbound,screened,0.837
4741,1751,2439,2025-10-16 08:28:04,job_board,screened,0.367
4742,608,7234,2024-08-30 02:40:00,job_board,applied,0.489
4743,335,336,2024-05-01 15:07:35,job_board,applied,0.979
4744,86,4623,2024-02-20 19:15:52,job_board,interview,0.835
4745,1140,5047,2025-02-27 14:07:26,job_board,applied,0.61
4746,891,1552,2024-11-17 11:39:58,outbound,applied,0.723
4747,1048,5276,2025-02-11 05:10:37,job_board,applied,0.836
4748,546,8451,2024-06-24 18:07:30,job_board,interview,0.597
4749,1615,6258,2025-08-30 14:04:18,recruiter,applied,0.378
4750,1034,1295,2025-02-08 05:51:12,outbound,screened,0.739
4751,1837,4729,2025-10-17 22:21:32,referral,screened,0.423
4752,480,6351,2024-06-01 01:07:52,referral,screened,0.503
4753,518,4642,2024-06-22 09:54:14,recruiter,applied,0.677
4754,1173,1385,2025-03-17 01:28:38,referral,screened,0.852
4755,1387,2738,2025-06-01 00:10:39,job_board,applied,0.492
4756,591,4125,2024-08-09 22:12:26,referral,applied,0.471
4757,1096,1747,2025-01-25 17:44:28,job_board,applied,0.618
4758,1022,3817,2025-01-05 14:06:25,recruiter,screened,0.436
4759,1326,2260,2025-05-19 07:24:28,referral,screened,0.507
4760,1273,1260,2025-04-11 00:53:10,linkedin,applied,0.539
4761,401,3373,2024-05-12 00:50:20,linkedin,applied,0.842
4762,228,157,2024-03-01 10:26:14,job_board,interview,0.768
4763,546,6961,2024-06-28 18:07:30,recruiter,applied,0.578
4764,253,362,2024-04-08 03:55:00,referral,screened,0.946
4765,1100,1065,2025-03-01 09:53:36,linkedin,screened,0.524
4766,1025,2720,2025-01-18 16:27:24,referral,applied,0.67
4767,6,5794,2024-01-12 12:59:26,job_board,interview,0.74
4768,1650,4001,2025-08-18 11:16:51,job_board,applied,0.952
4769,1433,342,2025-06-07 03:11:08,job_board,interview,0.889
4770,934,3019,2024-12-31 21:57:23,outbound,applied,0.585
4771,324,388,2024-04-20 09:32:35,job_board,applied,0.666
4772,322,3837,2024-05-05 01:36:49,job_board,applied,0.638
4773,1863,2463,2025-11-24 19:04:51,referral,applied,0.542
4774,473,8074,2024-06-24 03:48:12,job_board,applied,0.653
4775,1722,3215,2025-09-05 03:17:23,referral,offer,0.406
4776,1327,5307,2025-05-27 03:29:38,job_board,applied,0.384
4777,1247,1709,2025-04-08 21:29:43,job_board,interview,0.393
4778,1672,4327,2025-09-10 19:46:54,outbound,applied,0.435
4779,1783,7977,2025-11-02 20:33:50,job_board,interview,0.529
4780,541,226,2024-07-20 11:40:14,job_board,interview,0.753
4781,1975,2743,2026-01-12 16:09:37,job_board,interview,0.88
4782,257,3215,2024-04-14 20:23:13,job_board,screened,0.842
4783,1550,4216,2025-07-14 10:27:39,job_board,applied,0.556
4784,773,3718,2024-10-25 14:57:39,outbound,applied,0.377
4785,1254,8948,2025-03-27 15:04:07,referral,offer,0.384
4786,1671,1281,2025-09-22 07:41:18,job_board,applied,0.853
4787,899,2286,2024-11-30 05:14:06,referral,offer,0.899
4788,164,4240,2024-03-19 22:59:11,linkedin,interview,0.937
4789,1628,5570,2025-08-12 03:30:30,job_board,applied,0.959
4790,264,735,2024-04-14 12:38:30,recruiter,screened,0.885
4791,1409,6719,2025-06-03 21:46:07,job_board,screened,0.574
4792,881,4746,2024-11-25 03:12:48,referral,screened,0.649
4793,946,2440,2024-12-25 23:05:41,referral,applied,0.874
4794,525,3424,2024-08-02 02:39:10,referral,applied,0.916
4795,1001,518,2025-01-30 17:34:29,referral,applied,0.577
4796,375,5981,2024-04-29 21:09:19,referral,interview,0.746
4797,458,7123,2024-06-18 02:19:18,linkedin,interview,0.463
4798,947,8986,2024-12-17 23:49:07,job_board,applied,0.351
4799,1578,2602,2025-08-14 16:31:22,outbound,applied,0.574
4800,1028,2449,2025-01-28 09:26:40,job_board,applied,0.93
4801,1757,2892,2025-09-19 19:43:00,job_board,interview,0.763
4802,549,1185,2024-07-05 09:18:30,referral,screened,0.914
4803,33,3733,2024-01-29 08:38:22,outbound,screened,0.576
4804,617,1125,2024-08-10 11:23:26,linkedin,applied,0.38
4805,224,352,2024-04-03 19:54:23,outbound,applied,0.576
4806,1047,3058,2025-02-09 22:04:46,outbound,interview,0.62
4807,1983,7663,2026-01-23 07:10:20,job_board,applied,0.773
4808,978,8739,2024-12-22 07:18:51,job_board,screened,0.959
4809,357,7770,2024-04-22 08:24:08,outbound,screened,0.546
4810,1168,8622,2025-02-12 23:35:40,job_board,applied,0.827
4811,1474,7843,2025-06-08 23:43:26,linkedin,applied,0.909
4812,1742,5886,2025-09-09 09:51:30,linkedin,applied,0.506
4813,962,1644,2025-01-06 17:32:15,job_board,screened,0.842
4814,849,7302,2024-11-02 17:00:22,job_board,applied,0.951
4815,1043,8786,2025-01-30 22:02:50,job_board,screened,0.84
4816,428,4470,2024-06-13 00:08:54,job_board,applied,0.6
4817,217,5954,2024-03-14 05:58:05,job_board,interview,0.717
4818,1544,3455,2025-07-07 16:46:38,job_board,screened,0.82
4819,276,5337,2024-03-16 17:16:07,linkedin,applied,0.859
4820,1379,189,2025-05-09 04:28:32,job_board,applied,0.796
4821,1156,6501,2025-02-26 21:57:12,recruiter,offer,0.966
4822,943,4686,2025-01-07 03:05:12,referral,applied,0.893
4823,756,6804,2024-09-13 03:06:57,linkedin,applied,0.486
4824,1968,3372,2026-01-14 19:00:16,job_board,applied,0.98
4825,1595,3746,2025-07-20 03:42:39,job_board,interview,0.794
4826,328,1315,2024-04-07 14:39:16,job_board,applied,0.925
4827,1944,5256,2025-12-16 11:32:49,linkedin,screened,0.663
4828,260,8285,2024-04-07 06:59:09,linkedin,screened,0.913
4829,1625,5267,2025-09-03 19:51:05,job_board,offer,0.97
4830,854,8066,2024-11-17 02:15:11,job_board,applied,0.868
4831,812,71,2024-11-07 15:42:06,referral,screened,0.853
4832,1009,6639,2025-01-20 17:02:42,job_board,applied,0.486
4833,965,88,2024-12-21 06:47:36,recruiter,applied,0.435
4834,253,3871,2024-03-24 03:55:00,outbound,interview,0.835
4835,314,4237,2024-04-08 23:05:54,job_board,screened,0.795
4836,1472,4215,2025-06-21 20:54:38,job_board,screened,0.743
4837,1392,5027,2025-05-09 08:07:18,job_board,applied,0.631
4838,786,6908,2024-10-20 17:34:04,referral,applied,0.391
4839,895,6365,2024-12-12 16:45:56,linkedin,screened,0.71
4840,767,469,2024-09-13 12:14:29,referral,interview,0.685
4841,1715,6775,2025-08-26 06:37:05,linkedin,applied,0.802
4842,139,3581,2024-03-10 05:15:06,linkedin,screened,0.406
4843,1305,5273,2025-05-14 08:19:00,linkedin,interview,0.604
4844,617,8270,2024-07-20 11:23:26,referral,applied,0.615
4845,342,2560,2024-05-06 01:04:41,linkedin,applied,0.643
4846,315,5475,2024-04-15 10:20:44,job_board,applied,0.371
4847,822,5574,2024-11-07 13:05:08,job_board,offer,0.719
4848,291,4531,2024-04-12 22:58:48,linkedin,applied,0.472
4849,1354,2339,2025-05-01 08:57:01,job_board,applied,0.925
4850,656,6731,2024-08-13 13:14:28,job_board,screened,0.748
4851,1716,7359,2025-09-20 07:03:17,referral,applied,0.874
4852,292,8505,2024-04-02 17:48:29,referral,offer,0.66
4853,702,3810,2024-08-20 02:37:51,job_board,offer,0.584
4854,766,1188,2024-10-02 10:47:10,referral,applied,0.513
4855,1339,8055,2025-05-17 11:43:12,job_board,interview,0.6
4856,593,5490,2024-08-16 08:12:54,job_board,applied,0.93
4857,348,1152,2024-05-08 18:37:32,recruiter,applied,0.933
4858,812,6997,2024-10-16 15:42:06,job_board,applied,0.942
4859,1810,6350,2025-11-05 00:07:54,job_board,screened,0.833
4860,1629,7493,2025-08-19 03:13:38,job_board,screened,0.463
4861,1151,3864,2025-03-10 01:55:55,recruiter,applied,0.802
4862,1992,4261,2026-02-05 14:13:40,job_board,applied,0.561
4863,1538,1147,2025-08-17 16:31:19,job_board,applied,0.618
4864,1532,3864,2025-07-21 10:55:59,job_board,applied,0.641
4865,794,5032,2024-10-13 22:29:24,job_board,applied,0.511
4866,992,7805,2025-01-31 14:09:38,job_board,applied,0.481
4867,1882,1907,2025-11-24 00:54:45,job_board,screened,0.415
4868,1853,400,2025-11-18 04:21:38,job_board,applied,0.628
4869,1441,2632,2025-05-28 09:40:49,linkedin,applied,0.723
4870,195,1811,2024-03-25 22:20:23,job_board,interview,0.906
4871,308,4106,2024-03-30 16:22:41,linkedin,applied,0.361
4872,914,6359,2024-11-30 12:39:42,recruiter,applied,0.379
4873,1101,3280,2025-02-02 10:08:11,linkedin,applied,0.818
4874,1248,3081,2025-04-22 16:20:26,linkedin,applied,0.848
4875,544,3499,2024-06-29 08:12:20,linkedin,applied,0.372
4876,1561,8798,2025-08-03 12:10:49,job_board,interview,0.83
4877,1667,3574,2025-08-15 14:39:16,job_board,applied,0.702
4878,418,6450,2024-05-06 01:56:20,job_board,applied,0.551
4879,1566,153,2025-07-22 15:20:04,outbound,screened,0.761
4880,302,1001,2024-03-27 20:04:22,job_board,offer,0.543
4881,990,3306,2025-01-03 15:54:56,referral,applied,0.627
4882,1756,4798,2025-09-17 18:06:23,linkedin,offer,0.657
4883,604,3542,2024-08-15 15:08:12,job_board,applied,0.535
4884,1371,2410,2025-05-05 01:49:44,linkedin,applied,0.557
4885,1706,5335,2025-09-11 03:59:20,referral,applied,0.911
4886,982,2341,2024-12-16 23:51:24,referral,screened,0.607
4887,1701,4329,2025-09-29 21:12:38,job_board,applied,0.525
4888,1276,997,2025-04-10 17:01:31,job_board,applied,0.669
4889,1011,1553,2025-01-17 07:49:27,referral,applied,0.434
4890,237,8155,2024-03-14 19:49:50,linkedin,interview,0.706
4891,1435,5292,2025-05-23 16:06:04,linkedin,interview,0.88
4892,622,2755,2024-08-01 08:15:16,linkedin,screened,0.653
4893,572,316,2024-08-11 17:36:15,job_board,screened,0.36
4894,1840,7021,2025-10-26 11:03:17,referral,screened,0.919
4895,698,3000,2024-09-21 12:01:01,referral,applied,0.823
4896,720,4102,2024-08-31 22:24:28,job_board,applied,0.96
4897,1889,5582,2025-11-17 17:26:19,referral,screened,0.858
4898,580,672,2024-08-05 16:02:01,job_board,applied,0.892
4899,1473,5616,2025-06-09 21:51:37,outbound,applied,0.927
4900,1041,8979,2025-01-26 19:43:18,linkedin,applied,0.51
4901,145,1624,2024-03-14 10:17:46,linkedin,applied,0.971
4902,1164,8427,2025-03-05 05:52:11,job_board,screened,0.51
4903,916,3053,2024-12-26 01:57:29,referral,screened,0.965
4904,1452,72,2025-06-03 20:39:07,linkedin,applied,0.851
4905,792,4120,2024-11-03 21:59:02,referral,applied,0.812
4906,481,1823,2024-07-10 02:33:21,job_board,applied,0.495
4907,462,3703,2024-06-09 15:42:33,referral,screened,0.543
4908,1057,1536,2025-02-09 05:13:27,referral,offer,0.448
4909,1990,6169,2025-12-30 12:25:53,linkedin,applied,0.536
4910,902,3284,2024-11-14 04:07:55,linkedin,applied,0.929
4911,272,6662,2024-03-31 00:17:07,outbound,applied,0.639
4912,1645,1893,2025-08-18 08:27:24,job_board,screened,0.953
4913,629,368,2024-08-19 13:38:41,referral,interview,0.723
4914,849,2926,2024-11-22 17:00:22,linkedin,interview,0.36
4915,1698,6708,2025-08-20 02:47:06,job_board,applied,0.563
4916,222,8850,2024-04-03 00:16:03,linkedin,screened,0.565
4917,265,7907,2024-03-23 20:28:44,job_board,screened,0.618
4918,403,75,2024-05-29 07:36:28,recruiter,interview,0.772
4919,753,8226,2024-10-15 02:05:50,recruiter,applied,0.519
4920,1716,3591,2025-09-26 07:03:17,recruiter,screened,0.606
4921,1269,504,2025-03-22 16:10:15,job_board,interview,0.979
4922,1552,2143,2025-08-03 22:28:57,linkedin,screened,0.578
4923,674,7954,2024-08-12 22:01:38,job_board,applied,0.668
4924,826,5399,2024-10-16 19:45:40,job_board,screened,0.673
4925,818,1474,2024-10-28 04:56:04,job_board,applied,0.473
4926,228,7184,2024-03-24 10:26:14,linkedin,applied,0.662
4927,1101,3046,2025-03-10 10:08:11,job_board,screened,0.489
4928,665,1076,2024-08-17 09:09:15,job_board,applied,0.418
4929,1906,3435,2025-12-25 06:29:42,referral,interview,0.859
4930,1383,6905,2025-05-20 11:17:20,linkedin,applied,0.8
4931,1742,2691,2025-09-14 09:51:30,job_board,applied,0.52
4932,391,1448,2024-05-22 01:28:18,job_board,screened,0.435
4933,224,2653,2024-03-24 19:54:23,job_board,screened,0.969
4934,874,7157,2024-12-01 08:36:02,referral,applied,0.927
4935,1139,1525,2025-03-21 13:08:45,referral,screened,0.578
4936,1120,4153,2025-03-01 14:03:25,job_board,applied,0.756
4937,1307,5932,2025-04-30 13:34:57,referral,applied,0.531
4938,1665,563,2025-08-21 11:38:26,job_board,applied,0.587
4939,652,5225,2024-08-08 15:35:01,job_board,interview,0.689
4940,584,7034,2024-08-05 10:15:51,job_board,screened,0.52
4941,529,5522,2024-07-21 07:32:12,referral,applied,0.405
4942,727,1666,2024-09-10 12:47:03,recruiter,applied,0.804
4943,1196,4693,2025-03-16 11:57:49,job_board,screened,0.47
4944,1606,8123,2025-08-15 08:32:00,referral,screened,0.539
4945,830,1988,2024-10-28 15:22:09,linkedin,applied,0.952
4946,837,1447,2024-10-12 10:51:43,referral,interview,0.73
4947,1811,5277,2025-10-20 03:42:31,job_board,applied,0.494
4948,687,3761,2024-08-20 00:19:03,job_board,applied,0.53
4949,328,5884,2024-04-08 14:39:16,job_board,screened,0.491
4950,690,5432,2024-09-01 15:47:51,linkedin,applied,0.898
4951,83,468,2024-02-24 15:03:39,recruiter,applied,0.854
4952,732,6526,2024-10-01 17:20:24,job_board,applied,0.695
4953,1800,8890,2025-10-09 11:56:43,referral,applied,0.431
4954,1621,1245,2025-08-21 21:51:00,job_board,screened,0.815
4955,1793,5219,2025-09-30 13:51:55,job_board,screened,0.885
4956,601,3365,2024-07-26 09:07:13,job_board,screened,0.682
4957,834,5745,2024-10-28 01:43:10,job_board,interview,0.483
4958,1697,5309,2025-09-04 12:41:05,outbound,offer,0.788
4959,1508,5128,2025-07-21 05:59:34,job_board,applied,0.556
4960,371,1255,2024-05-21 18:14:44,outbound,screened,0.927
4961,1692,6217,2025-09-09 11:13:16,recruiter,offer,0.873
4962,206,6048,2024-02-23 01:31:37,linkedin,interview,0.606
4963,510,5912,2024-07-18 15:27:30,job_board,applied,0.375
4964,1066,1730,2025-02-06 13:42:28,job_board,offer,0.947
4965,1309,7193,2025-05-10 11:51:59,recruiter,applied,0.951
4966,1597,1935,2025-07-31 21:03:04,recruiter,applied,0.656
4967,1475,1454,2025-07-04 04:06:19,outbound,applied,0.354
4968,569,2952,2024-07-15 18:12:35,job_board,screened,0.805
4969,715,1474,2024-09-15 17:21:03,job_board,applied,0.527
4970,1444,3005,2025-07-01 19:55:32,job_board,screened,0.822
4971,1892,1977,2025-11-28 08:59:15,job_board,screened,0.368
4972,1736,716,2025-10-12 13:21:28,job_board,applied,0.739
4973,1935,8672,2025-12-13 16:42:57,outbound,applied,0.942
4974,1351,6102,2025-04-26 11:44:24,outbound,applied,0.677
4975,974,3214,2025-01-05 01:17:46,referral,applied,0.946
4976,1534,3435,2025-08-09 06:18:50,recruiter,applied,0.805
4977,152,2846,2024-02-28 21:14:02,linkedin,applied,0.726
4978,1873,6741,2025-11-19 09:28:18,job_board,applied,0.883
4979,1838,2064,2025-11-13 05:52:34,linkedin,applied,0.93
4980,1010,818,2025-01-13 06:04:35,job_board,interview,0.891
4981,1046,4333,2025-02-14 19:50:25,job_board,applied,0.928
4982,1060,2000,2025-02-26 22:17:32,job_board,applied,0.39
4983,278,8148,2024-03-23 23:31:01,linkedin,applied,0.484
4984,412,3227,2024-05-11 12:39:45,job_board,applied,0.518
4985,1465,6068,2025-07-16 18:56:53,job_board,interview,0.955
4986,66,3559,2024-02-29 01:02:33,linkedin,applied,0.924
4987,1375,1690,2025-06-11 12:26:56,recruiter,screened,0.861
4988,611,2859,2024-08-25 03:00:46,linkedin,applied,0.852
4989,280,7537,2024-03-28 10:53:33,job_board,offer,0.631
4990,1193,713,2025-03-18 03:05:43,recruiter,applied,0.413
4991,550,8510,2024-08-09 13:20:19,job_board,applied,0.77
4992,895,191,2024-12-03 16:45:56,job_board,screened,0.679
4993,1729,6418,2025-09-18 16:07:52,job_board,interview,0.604
4994,1396,6218,2025-06-01 18:33:26,job_board,applied,0.579
4995,1940,5343,2025-12-08 16:38:19,referral,offer,0.452
4996,795,605,2024-10-07 01:00:54,outbound,interview,0.605
4997,811,6046,2024-10-30 14:08:35,referral,applied,0.932
4998,1375,624,2025-06-11 12:26:56,referral,applied,0.474
4999,270,6624,2024-03-15 22:51:34,referral,applied,0.727
5000,1715,6981,2025-09-11 06:37:05,linkedin,applied,0.743
5001,704,7735,2024-09-16 20:25:22,job_board,screened,0.591
5002,940,3497,2024-12-18 09:55:38,job_board,applied,0.52
5003,1016,5929,2025-02-09 07:30:20,linkedin,offer,0.448
5004,134,1665,2024-03-02 06:00:57,job_board,applied,0.612
5005,601,4784,2024-07-29 09:07:13,job_board,applied,0.667
5006,280,6485,2024-04-19 10:53:33,job_board,applied,0.373
5007,1223,1643,2025-03-16 03:18:29,outbound,applied,0.932
5008,1413,7482,2025-05-31 10:04:43,job_board,applied,0.351
5009,16,3369,2024-01-18 02:19:31,job_board,applied,0.38
5010,17,8329,2024-02-19 02:22:26,job_board,screened,0.771
5011,1633,762,2025-08-18 22:20:05,job_board,screened,0.847
5012,670,2016,2024-09-16 21:51:47,recruiter,applied,0.638
5013,1690,6557,2025-09-10 01:57:57,referral,applied,0.553
5014,1317,1754,2025-04-13 04:35:54,linkedin,applied,0.8
5015,1568,8931,2025-08-14 22:34:39,job_board,applied,0.898
5016,769,8467,2024-09-18 01:45:58,referral,interview,0.548
5017,607,864,2024-08-24 13:13:47,referral,applied,0.737
5018,1446,7611,2025-07-08 20:01:28,job_board,applied,0.916
5019,1265,3962,2025-04-13 13:32:15,job_board,interview,0.768
5020,1141,7577,2025-02-23 18:59:29,job_board,screened,0.402
5021,731,6301,2024-09-17 15:56:29,job_board,interview,0.451
5022,1228,2818,2025-04-05 07:43:04,linkedin,screened,0.856
5023,779,270,2024-10-01 16:24:19,linkedin,applied,0.651
5024,1781,2854,2025-09-21 20:22:21,job_board,interview,0.496
5025,1419,3957,2025-06-10 04:46:03,job_board,applied,0.403
5026,795,4814,2024-10-25 01:00:54,job_board,offer,0.399
5027,1688,7153,2025-08-21 15:37:18,referral,applied,0.674
5028,143,7352,2024-02-20 06:45:29,job_board,applied,0.813
5029,1662,2639,2025-08-28 08:24:24,recruiter,applied,0.612
5030,830,1750,2024-11-02 15:22:09,linkedin,applied,0.601
5031,463,5938,2024-06-14 18:24:29,recruiter,interview,0.352
5032,1661,6686,2025-09-09 07:00:14,outbound,applied,0.58
5033,1317,5467,2025-05-06 04:35:54,linkedin,offer,0.468
5034,149,5551,2024-03-08 10:15:57,linkedin,applied,0.6
5035,535,6301,2024-06-25 02:52:40,job_board,offer,0.378
5036,903,3681,2024-12-18 17:56:59,referral,applied,0.701
5037,1257,2162,2025-04-04 14:24:08,referral,applied,0.715
5038,1613,7106,2025-08-13 04:15:00,referral,screened,0.881
5039,735,1516,2024-10-01 03:43:41,job_board,applied,0.455
5040,1618,515,2025-08-13 23:01:21,job_board,applied,0.733
5041,1580,153,2025-08-19 07:35:50,linkedin,interview,0.882
5042,757,3556,2024-10-12 10:09:20,job_board,screened,0.927
5043,1875,4324,2025-11-17 23:33:21,job_board,offer,0.461
5044,1889,4881,2025-11-26 17:26:19,linkedin,interview,0.746
5045,580,1682,2024-08-16 16:02:01,linkedin,applied,0.446
5046,1114,3845,2025-03-03 00:48:25,recruiter,applied,0.472
5047,1738,5861,2025-10-02 08:01:04,recruiter,interview,0.801
5048,1078,2612,2025-02-20 21:52:30,job_board,applied,0.879
5049,1481,4943,2025-07-16 20:50:34,referral,applied,0.579
5050,1599,2471,2025-08-23 03:23:32,job_board,applied,0.852
5051,1133,7504,2025-03-10 20:22:26,referral,offer,0.781
5052,720,3992,2024-09-10 22:24:28,outbound,applied,0.577
5053,1050,7218,2025-02-15 02:55:18,recruiter,applied,0.526
5054,1665,3043,2025-09-01 11:38:26,recruiter,interview,0.809
5055,639,3251,2024-09-03 22:47:06,referral,screened,0.88
5056,1689,6824,2025-09-07 01:45:59,job_board,applied,0.407
5057,407,2667,2024-05-05 08:06:36,job_board,interview,0.647
5058,925,6473,2024-12-25 20:02:45,referral,applied,0.523
5059,167,740,2024-03-03 10:28:44,job_board,applied,0.422
5060,1709,7574,2025-08-22 19:15:57,job_board,applied,0.465
5061,1425,6808,2025-06-23 04:57:31,job_board,applied,0.862
5062,237,5064,2024-03-02 19:49:50,job_board,applied,0.78
5063,445,4466,2024-05-22 23:02:01,recruiter,applied,0.96
5064,1056,3360,2025-02-15 03:53:12,job_board,applied,0.559
5065,991,3027,2024-12-29 05:01:18,job_board,interview,0.925
5066,226,2794,2024-03-10 05:06:20,outbound,screened,0.405
5067,1780,6333,2025-10-07 17:00:49,referral,applied,0.9
5068,922,1817,2024-12-30 20:46:34,linkedin,interview,0.382
5069,1343,2467,2025-05-14 04:49:54,linkedin,screened,0.462
5070,1506,3511,2025-08-02 22:12:36,job_board,applied,0.856
5071,339,4303,2024-05-09 09:21:15,job_board,screened,0.939
5072,667,2413,2024-08-17 11:35:43,job_board,applied,0.722
5073,1469,3924,2025-06-29 06:38:24,recruiter,applied,0.892
5074,1548,7262,2025-07-23 07:25:57,job_board,interview,0.427
5075,430,2433,2024-05-21 14:44:11,linkedin,offer,0.894
5076,640,1561,2024-08-20 22:49:45,linkedin,applied,0.529
5077,1560,7114,2025-08-17 05:51:13,linkedin,interview,0.942
5078,688,2431,2024-09-15 03:34:25,referral,interview,0.619
5079,156,6367,2024-02-18 07:03:02,referral,screened,0.842
5080,996,8572,2025-01-04 20:54:16,referral,screened,0.789
5081,284,4676,2024-04-25 00:40:47,job_board,applied,0.361
5082,1188,4918,2025-03-19 17:13:07,job_board,screened,0.486
5083,1869,6222,2025-11-12 16:25:13,linkedin,applied,0.708
5084,202,1129,2024-03-29 00:56:02,referral,applied,0.491
5085,561,805,2024-07-01 22:24:22,recruiter,offer,0.848
5086,1133,1636,2025-03-08 20:22:26,job_board,screened,0.867
5087,302,3869,2024-04-14 20:04:22,job_board,offer,0.363
5088,1070,7559,2025-02-08 04:52:43,referral,applied,0.73
5089,430,5402,2024-06-10 14:44:11,job_board,offer,0.975
5090,1272,7734,2025-03-31 22:47:49,linkedin,applied,0.685
5091,723,3545,2024-10-02 11:50:42,job_board,applied,0.883
5092,1852,7256,2025-10-17 14:02:47,referral,applied,0.42
5093,1676,6428,2025-09-07 02:30:56,job_board,applied,0.809
5094,1988,906,2026-01-13 20:18:42,job_board,screened,0.48
5095,306,4700,2024-05-08 16:23:49,referral,screened,0.528
5096,1897,5707,2025-12-05 08:08:51,referral,interview,0.662
5097,32,3446,2024-01-27 08:12:20,recruiter,applied,0.942
5098,439,6939,2024-06-02 11:26:56,outbound,screened,0.779
5099,1730,3739,2025-09-07 06:49:40,referral,applied,0.932
5100,1725,6388,2025-08-27 14:25:43,outbound,applied,0.815
5101,600,6447,2024-08-02 08:57:05,outbound,applied,0.824
5102,1684,1987,2025-08-14 09:19:51,recruiter,applied,0.89
5103,154,593,2024-03-06 07:31:51,job_board,interview,0.556
5104,673,7900,2024-09-15 21:55:20,outbound,interview,0.848
5105,56,7544,2024-01-18 09:27:07,job_board,screened,0.881
5106,1035,8581,2025-02-21 13:26:53,job_board,applied,0.817
5107,1800,517,2025-09-28 11:56:43,outbound,interview,0.78
5108,1227,6290,2025-03-22 21:39:57,referral,applied,0.469
5109,1047,1195,2025-02-09 22:04:46,linkedin,applied,0.954
5110,397,4360,2024-05-23 06:51:45,job_board,screened,0.529
5111,1221,7292,2025-03-18 00:05:34,job_board,applied,0.612
5112,649,2283,2024-08-01 01:50:58,referral,screened,0.394
5113,1233,3371,2025-04-08 04:38:16,referral,applied,0.364
5114,262,4421,2024-03-30 16:57:10,job_board,applied,0.456
5115,1045,4135,2025-01-23 16:06:55,job_board,applied,0.741
5116,996,182,2025-01-13 20:54:16,referral,applied,0.536
5117,1539,3355,2025-07-24 18:10:31,job_board,interview,0.904
5118,1819,7608,2025-10-26 22:24:28,outbound,interview,0.363
5119,1813,838,2025-10-22 22:26:36,referral,applied,0.473
5120,684,3133,2024-09-05 14:55:59,job_board,applied,0.401
5121,1283,5478,2025-05-06 05:09:24,referral,applied,0.414
5122,1307,3452,2025-05-13 13:34:57,job_board,interview,0.5
5123,1688,6202,2025-08-15 15:37:18,linkedin,applied,0.895
5124,1615,2407,2025-08-22 14:04:18,job_board,applied,0.889
5125,20,1710,2024-01-15 14:49:30,job_board,applied,0.556
5126,1602,8310,2025-07-24 02:51:57,outbound,screened,0.398
5127,961,6769,2024-12-12 10:47:13,job_board,applied,0.78
5128,1901,2694,2025-12-05 11:31:21,recruiter,applied,0.789
5129,1209,899,2025-04-10 15:39:27,job_board,applied,0.932
5130,774,3953,2024-10-17 18:18:09,job_board,applied,0.929
5131,403,6974,2024-05-05 07:36:28,recruiter,interview,0.513
5132,1899,5517,2025-11-16 01:39:34,recruiter,screened,0.907
5133,321,6313,2024-05-07 10:26:25,job_board,applied,0.685
5134,181,4733,2024-03-13 12:08:39,job_board,applied,0.926
5135,273,8210,2024-04-06 07:29:14,recruiter,applied,0.776
5136,1104,1079,2025-02-03 22:19:20,job_board,interview,0.643
5137,570,7322,2024-08-08 19:59:04,linkedin,screened,0.714
5138,1162,8701,2025-03-20 01:30:35,referral,applied,0.498
5139,1647,7601,2025-08-17 17:16:31,linkedin,screened,0.708
5140,583,2524,2024-08-23 03:43:48,outbound,screened,0.521
5141,56,8620,2024-02-04 09:27:07,linkedin,applied,0.628
5142,719,8680,2024-08-24 10:55:13,job_board,applied,0.537
5143,1205,7600,2025-04-09 08:36:21,recruiter,applied,0.629
5144,1457,2861,2025-06-07 14:11:08,job_board,offer,0.891
5145,137,7168,2024-02-07 02:02:03,job_board,applied,0.707
5146,1757,7715,2025-09-30 19:43:00,linkedin,applied,0.381
5147,1187,1766,2025-03-18 13:53:11,job_board,applied,0.79
5148,964,2331,2025-01-07 16:09:36,job_board,applied,0.767
5149,505,6796,2024-07-24 12:16:16,outbound,screened,0.406
5150,1918,7287,2025-12-06 16:17:29,linkedin,interview,0.547
5151,315,5695,2024-04-02 10:20:44,referral,applied,0.51
5152,898,4872,2024-11-25 21:21:21,job_board,screened,0.64
5153,932,8655,2024-12-29 13:53:11,job_board,applied,0.591
5154,1094,3065,2025-01-23 17:23:36,job_board,applied,0.872
5155,463,6481,2024-06-04 18:24:29,outbound,screened,0.596
5156,1888,8590,2025-12-01 11:47:16,job_board,interview,0.424
5157,757,2337,2024-09-14 10:09:20,linkedin,applied,0.529
5158,1425,645,2025-06-07 04:57:31,recruiter,applied,0.438
5159,1267,1478,2025-03-28 05:55:46,linkedin,offer,0.555
5160,406,6003,2024-05-06 07:05:06,job_board,applied,0.886
5161,1873,2533,2025-11-25 09:28:18,referral,screened,0.686
5162,921,6425,2024-12-22 13:33:45,referral,offer,0.576
5163,1236,4322,2025-03-06 21:21:21,referral,applied,0.915
5164,1292,7746,2025-04-21 13:56:42,linkedin,interview,0.639
5165,1015,5873,2025-01-21 02:48:31,linkedin,screened,0.811
5166,1277,5326,2025-04-07 19:17:02,job_board,applied,0.478
5167,1115,1936,2025-03-01 01:02:26,job_board,screened,0.582
5168,1482,2929,2025-07-09 23:01:57,referral,screened,0.669
5169,945,2096,2024-12-07 13:39:19,job_board,applied,0.673
5170,1625,556,2025-09-09 19:51:05,outbound,applied,0.855
5171,1126,2717,2025-02-12 05:31:05,outbound,applied,0.715
5172,1998,8547,2026-01-23 20:51:24,outbound,applied,0.915
5173,1141,7266,2025-02-12 18:59:29,job_board,screened,0.928
5174,1181,2121,2025-03-16 22:45:11,linkedin,applied,0.623
5175,985,3289,2024-12-18 15:24:58,job_board,interview,0.78
5176,795,6517,2024-10-04 01:00:54,job_board,interview,0.844
5177,1577,706,2025-08-03 11:11:32,outbound,offer,0.58
5178,1270,6488,2025-03-25 17:22:44,job_board,interview,0.528
5179,782,4906,2024-10-08 04:23:31,linkedin,applied,0.904
5180,1614,6409,2025-08-20 11:11:24,job_board,applied,0.724
5181,218,54,2024-04-07 06:42:18,linkedin,applied,0.469
5182,125,8412,2024-02-16 07:58:28,recruiter,screened,0.714
5183,1287,6064,2025-04-28 09:00:21,job_board,applied,0.49
5184,917,1547,2024-11-26 10:45:53,job_board,screened,0.642
5185,1593,7579,2025-08-30 17:30:28,job_board,applied,0.778
5186,1329,265,2025-05-26 22:36:00,linkedin,applied,0.873
5187,1561,1498,2025-08-13 12:10:49,job_board,applied,0.604
5188,531,7115,2024-06-29 08:21:06,linkedin,interview,0.412
5189,505,7602,2024-07-25 12:16:16,referral,applied,0.838
5190,503,880,2024-06-26 17:28:44,linkedin,screened,0.769
5191,1295,6112,2025-04-09 22:01:44,linkedin,applied,0.742
5192,1349,7279,2025-05-09 01:11:58,linkedin,offer,0.544
5193,1998,887,2026-01-06 20:51:24,job_board,applied,0.378
5194,434,673,2024-05-29 17:57:32,outbound,applied,0.725
5195,210,2052,2024-03-10 20:34:29,outbound,applied,0.84
5196,1917,1992,2025-12-29 13:51:15,referral,screened,0.541
5197,1046,2047,2025-02-03 19:50:25,linkedin,applied,0.781
5198,734,7138,2024-09-30 03:11:28,referral,applied,0.431
5199,611,1852,2024-08-24 03:00:46,referral,interview,0.81
5200,1768,4781,2025-10-28 01:28:51,referral,interview,0.888
5201,1583,3011,2025-08-09 13:28:50,linkedin,applied,0.595
5202,350,2878,2024-05-09 01:43:51,recruiter,applied,0.435
5203,650,8170,2024-09-10 05:26:11,referral,offer,0.656
5204,1741,2872,2025-10-03 01:52:45,job_board,applied,0.718
5205,1468,2018,2025-06-16 02:40:32,referral,applied,0.423
5206,1631,2050,2025-08-26 20:14:02,recruiter,screened,0.473
5207,321,8341,2024-04-26 10:26:25,job_board,screened,0.391
5208,1159,7521,2025-03-08 11:57:31,linkedin,screened,0.883
5209,134,4947,2024-03-02 06:00:57,linkedin,interview,0.589
5210,901,4954,2024-11-26 02:56:58,job_board,applied,0.701
5211,209,4654,2024-02-29 18:42:24,linkedin,offer,0.786
5212,537,5281,2024-07-08 06:00:39,linkedin,offer,0.51
5213,521,6065,2024-07-21 02:22:21,recruiter,applied,0.832
5214,378,532,2024-06-02 16:39:47,referral,applied,0.454
5215,1700,7252,2025-09-16 19:54:47,outbound,applied,0.973
5216,743,6800,2024-10-04 05:18:03,job_board,applied,0.645
5217,301,8619,2024-04-01 16:15:04,job_board,applied,0.661
5218,1977,3850,2026-01-22 10:52:10,job_board,screened,0.7
5219,67,25,2024-02-04 04:39:19,referral,applied,0.533
5220,297,3355,2024-04-24 03:58:52,job_board,interview,0.637
5221,1707,3584,2025-09-18 04:50:34,linkedin,applied,0.375
5222,903,5503,2024-12-11 17:56:59,job_board,interview,0.876
5223,750,1612,2024-10-04 09:32:29,referral,applied,0.943
5224,611,712,2024-08-16 03:00:46,recruiter,applied,0.586
5225,1178,1366,2025-03-06 14:49:39,job_board,offer,0.882
5226,718,6160,2024-09-28 08:07:52,job_board,interview,0.757
5227,168,1324,2024-03-13 12:19:13,job_board,applied,0.54
5228,1928,5709,2025-11-28 11:25:45,recruiter,applied,0.489
5229,1815,6388,2025-10-11 16:28:14,recruiter,applied,0.708
5230,353,5118,2024-04-25 17:11:22,outbound,applied,0.517
5231,1009,461,2025-01-14 17:02:42,outbound,applied,0.781
5232,908,1027,2024-12-12 16:16:33,referral,screened,0.515
5233,180,7531,2024-02-14 19:37:37,referral,applied,0.89
5234,798,5594,2024-10-03 16:46:06,referral,screened,0.898
5235,1268,6774,2025-04-11 15:57:11,job_board,applied,0.66
5236,209,8466,2024-03-01 18:42:24,linkedin,interview,0.717
5237,732,3684,2024-09-04 17:20:24,linkedin,applied,0.577
5238,503,8076,2024-06-28 17:28:44,linkedin,applied,0.902
5239,707,3830,2024-09-15 21:30:30,job_board,screened,0.91
5240,1260,8139,2025-04-02 12:24:10,job_board,applied,0.742
5241,817,6106,2024-11-14 03:27:05,recruiter,interview,0.426
5242,1536,2005,2025-07-22 16:57:47,job_board,screened,0.675
5243,1017,97,2025-02-16 10:10:24,job_board,applied,0.784
5244,1384,8240,2025-05-27 03:13:11,job_board,applied,0.938
5245,1239,3485,2025-03-22 17:52:24,job_board,interview,0.938
5246,1634,7763,2025-08-05 22:30:28,job_board,interview,0.841
5247,293,1622,2024-04-24 18:27:38,job_board,applied,0.358
5248,1982,4131,2026-01-14 07:09:32,referral,screened,0.608
5249,1509,1628,2025-08-05 12:36:39,job_board,applied,0.938
5250,397,1073,2024-06-07 06:51:45,job_board,applied,0.587
5251,55,4956,2024-02-06 00:57:14,linkedin,screened,0.731
5252,52,3980,2024-01-24 18:12:47,job_board,offer,0.874
5253,1399,2214,2025-05-21 14:09:40,job_board,applied,0.477
5254,846,3026,2024-10-16 01:08:32,outbound,applied,0.474
5255,367,3377,2024-04-24 13:02:49,outbound,applied,0.933
5256,636,1993,2024-08-14 11:38:30,referral,applied,0.877
5257,894,6456,2024-11-07 19:37:19,job_board,applied,0.625
5258,83,2661,2024-02-27 15:03:39,recruiter,interview,0.928
5259,1124,5587,2025-03-11 09:41:42,job_board,applied,0.705
5260,73,6641,2024-01-24 17:43:45,job_board,applied,0.488
5261,1295,2971,2025-04-09 22:01:44,job_board,applied,0.573
5262,123,582,2024-03-08 04:33:04,referral,applied,0.863
5263,1583,447,2025-07-28 13:28:50,referral,applied,0.695
5264,507,5287,2024-06-22 15:44:38,linkedin,applied,0.366
5265,1033,240,2025-02-10 18:11:12,referral,screened,0.671
5266,772,1113,2024-09-29 12:58:35,job_board,applied,0.358
5267,1761,4388,2025-10-20 09:35:30,linkedin,applied,0.454
5268,1589,2571,2025-08-09 21:59:26,job_board,applied,0.761
5269,1911,3794,2025-11-23 07:41:01,linkedin,interview,0.742
5270,1431,6309,2025-05-25 11:26:57,job_board,offer,0.691
5271,1953,7169,2026-01-02 04:22:56,job_board,screened,0.741
5272,451,3468,2024-06-09 04:45:35,recruiter,applied,0.61
5273,640,739,2024-08-16 22:49:45,linkedin,applied,0.354
5274,1620,1779,2025-08-26 21:39:56,job_board,applied,0.765
5275,65,7650,2024-01-28 13:03:33,linkedin,interview,0.805
5276,358,121,2024-05-28 23:00:57,job_board,applied,0.704
5277,1432,1913,2025-06-12 02:24:00,job_board,applied,0.733
5278,800,8711,2024-10-31 10:21:15,job_board,applied,0.467
5279,504,3157,2024-07-14 21:23:47,recruiter,applied,0.509
5280,607,302,2024-08-12 13:13:47,referral,applied,0.691
5281,1536,7740,2025-07-08 16:57:47,job_board,applied,0.532
5282,961,6648,2025-01-10 10:47:13,referral,applied,0.492
5283,11,7539,2024-01-06 23:54:28,linkedin,applied,0.842
5284,1034,6084,2025-02-11 05:51:12,referral,screened,0.738
5285,1555,4635,2025-08-19 12:26:07,job_board,applied,0.414
5286,333,6378,2024-04-29 07:15:17,recruiter,applied,0.878
5287,141,735,2024-03-17 07:00:38,recruiter,applied,0.686
5288,1256,926,2025-04-13 10:07:29,job_board,applied,0.823
5289,1759,5315,2025-10-04 06:48:13,linkedin,applied,0.695
5290,142,4220,2024-02-26 07:37:23,job_board,applied,0.649
5291,1303,6856,2025-04-07 21:40:21,job_board,offer,0.798
5292,1558,8405,2025-07-12 00:48:08,job_board,screened,0.648
5293,324,2361,2024-04-05 09:32:35,linkedin,applied,0.754
5294,521,2989,2024-07-26 02:22:21,linkedin,applied,0.708
5295,1016,1648,2025-01-10 07:30:20,recruiter,interview,0.801
5296,1222,7241,2025-03-29 01:56:42,linkedin,screened,0.844
5297,1011,4474,2025-01-14 07:49:27,linkedin,applied,0.796
5298,368,3098,2024-05-04 19:37:50,linkedin,applied,0.931
5299,1759,6744,2025-10-11 06:48:13,job_board,applied,0.942
5300,842,4191,2024-11-19 19:41:39,outbound,interview,0.418
5301,1065,4545,2025-01-21 03:09:07,job_board,screened,0.734
5302,1072,7498,2025-02-11 22:38:37,referral,interview,0.717
5303,1101,2156,2025-02-01 10:08:11,job_board,interview,0.38
5304,580,5904,2024-07-17 16:02:01,linkedin,applied,0.592
5305,638,7821,2024-08-28 22:33:40,recruiter,applied,0.517
5306,278,7903,2024-03-16 23:31:01,job_board,applied,0.615
5307,1458,7849,2025-06-11 01:30:15,recruiter,interview,0.836
5308,628,1907,2024-08-18 07:50:37,outbound,screened,0.533
5309,101,5925,2024-02-02 22:24:00,referral,applied,0.932
5310,94,5166,2024-02-09 03:53:14,outbound,applied,0.904
5311,1936,669,2025-12-23 05:57:29,job_board,screened,0.749
5312,856,4838,2024-11-24 18:47:20,job_board,interview,0.972
5313,1213,2090,2025-03-01 00:29:28,job_board,applied,0.359
5314,1069,4661,2025-02-09 02:59:26,job_board,interview,0.571
5315,1692,5568,2025-09-13 11:13:16,job_board,applied,0.506
5316,1776,6278,2025-10-09 16:54:17,job_board,applied,0.44
5317,1563,7032,2025-07-11 03:55:09,linkedin,interview,0.834
5318,1965,5265,2026-01-11 21:34:34,referral,applied,0.672
5319,437,4269,2024-05-25 07:31:50,outbound,applied,0.931
5320,899,8757,2024-11-10 05:14:06,job_board,applied,0.6
5321,579,2737,2024-07-28 11:08:49,referral,screened,0.954
5322,1666,2671,2025-08-17 14:20:01,linkedin,interview,0.752
5323,557,7961,2024-07-27 18:48:59,linkedin,applied,0.582
5324,1589,8686,2025-08-10 21:59:26,outbound,screened,0.759
5325,452,3432,2024-05-29 07:15:41,referral,applied,0.91
5326,1386,7754,2025-06-12 14:57:14,recruiter,applied,0.385
5327,32,8247,2024-02-18 08:12:20,job_board,applied,0.625
5328,1578,7665,2025-07-28 16:31:22,job_board,applied,0.383
5329,1654,4792,2025-09-16 12:50:12,outbound,applied,0.743
5330,1127,6835,2025-02-16 16:36:25,job_board,applied,0.358
5331,1076,5529,2025-02-10 16:11:48,job_board,applied,0.674
5332,919,315,2024-12-11 05:13:14,recruiter,screened,0.474
5333,1183,1125,2025-03-02 15:37:50,job_board,interview,0.474
5334,1131,8461,2025-03-02 15:36:02,linkedin,screened,0.817
5335,984,2409,2024-12-21 13:24:28,job_board,screened,0.457
5336,1042,1574,2025-02-07 21:03:57,job_board,applied,0.386
5337,249,8773,2024-04-16 17:29:38,job_board,applied,0.594
5338,932,3053,2024-12-06 13:53:11,job_board,applied,0.632
5339,873,6469,2024-10-27 15:02:50,job_board,applied,0.571
5340,1791,7094,2025-10-18 00:01:29,outbound,applied,0.676
5341,588,4294,2024-07-24 13:38:18,referral,applied,0.58
5342,1937,5703,2025-12-30 18:32:22,job_board,applied,0.536
5343,1785,4693,2025-10-04 01:19:20,referral,applied,0.669
5344,1567,4093,2025-07-13 18:24:22,job_board,applied,0.37
5345,1403,791,2025-05-19 17:34:16,job_board,applied,0.363
5346,634,942,2024-08-31 19:11:41,job_board,screened,0.9
5347,326,7050,2024-04-02 18:34:32,linkedin,screened,0.769
5348,1580,7669,2025-08-23 07:35:50,outbound,applied,0.567
5349,1404,643,2025-05-17 02:27:21,job_board,applied,0.572
5350,1664,2780,2025-08-20 00:26:23,job_board,applied,0.575
5351,1097,3483,2025-02-26 23:19:17,referral,applied,0.895
5352,1797,363,2025-11-03 16:49:25,outbound,screened,0.962
5353,164,3696,2024-02-18 22:59:11,referral,applied,0.539
5354,220,8559,2024-04-06 20:45:50,job_board,applied,0.79
5355,140,5428,2024-03-08 05:55:59,outbound,applied,0.507
5356,644,8198,2024-07-29 16:53:26,job_board,applied,0.814
5357,295,3740,2024-04-10 08:34:44,referral,offer,0.949
5358,82,6799,2024-01-31 10:23:44,job_board,applied,0.373
5359,1621,8647,2025-07-30 21:51:00,job_board,interview,0.39
5360,313,4848,2024-05-07 19:09:30,referral,applied,0.852
5361,1660,7182,2025-09-13 06:23:16,referral,applied,0.635
5362,1286,1757,2025-05-04 10:05:00,job_board,applied,0.7
5363,1217,8634,2025-03-27 19:01:24,job_board,interview,0.595
5364,234,8882,2024-03-31 12:31:52,referral,applied,0.384
5365,32,4669,2024-02-06 08:12:20,linkedin,screened,0.604
5366,280,910,2024-03-18 10:53:33,job_board,applied,0.444
5367,635,2721,2024-07-31 21:11:06,linkedin,screened,0.554
5368,1913,2738,2025-12-23 10:45:09,recruiter,screened,0.459
5369,802,8832,2024-10-21 23:43:16,referral,applied,0.889
5370,467,531,2024-06-09 09:16:08,outbound,applied,0.508
5371,569,732,2024-08-08 18:12:35,linkedin,applied,0.718
5372,670,7505,2024-08-28 21:51:47,linkedin,applied,0.971
5373,1163,8344,2025-03-27 03:26:50,job_board,screened,0.974
5374,1613,2313,2025-08-16 04:15:00,job_board,offer,0.762
5375,125,863,2024-03-01 07:58:28,referral,screened,0.544
5376,1550,8532,2025-08-21 10:27:39,job_board,screened,0.668
5377,40,7263,2024-01-30 14:40:03,job_board,interview,0.67
5378,644,6543,2024-09-07 16:53:26,linkedin,interview,0.902
5379,1176,7020,2025-03-23 13:07:45,linkedin,offer,0.802
5380,210,8526,2024-02-23 20:34:29,job_board,applied,0.906
5381,530,5938,2024-06-22 07:51:21,job_board,interview,0.36
5382,1278,903,2025-03-27 11:34:48,referral,screened,0.963
5383,1374,7043,2025-05-17 07:25:02,job_board,applied,0.78
5384,166,769,2024-03-17 10:07:59,job_board,interview,0.936
5385,1556,793,2025-08-10 13:36:26,linkedin,interview,0.848
5386,817,4352,2024-11-04 03:27:05,recruiter,applied,0.794
5387,1223,3362,2025-03-17 03:18:29,job_board,applied,0.396
5388,426,5105,2024-05-12 08:24:00,referral,screened,0.441
5389,1980,3029,2025-12-22 20:50:04,job_board,applied,0.482
5390,1523,7603,2025-07-05 02:51:00,recruiter,screened,0.659
5391,1286,8834,2025-03-30 10:05:00,job_board,applied,0.837
5392,372,8686,2024-05-30 18:15:01,job_board,interview,0.498
5393,1546,4253,2025-07-14 21:50:45,job_board,applied,0.968
5394,755,4751,2024-09-18 12:26:03,job_board,applied,0.769
5395,1283,447,2025-05-01 05:09:24,referral,screened,0.816
5396,1301,7918,2025-04-10 07:42:57,job_board,applied,0.918
5397,1611,2334,2025-08-25 15:54:32,referral,screened,0.674
5398,1673,2228,2025-08-31 00:34:31,linkedin,interview,0.441
5399,782,7597,2024-10-20 04:23:31,job_board,applied,0.619
5400,163,8827,2024-02-22 18:27:50,job_board,interview,0.684
5401,869,8025,2024-11-29 04:46:48,job_board,interview,0.962
5402,801,210,2024-10-25 22:08:05,referral,screened,0.395
5403,671,8347,2024-08-19 05:17:58,job_board,applied,0.557
5404,978,3798,2025-01-14 07:18:51,referral,applied,0.82
5405,1153,1298,2025-03-14 18:17:30,outbound,applied,0.794
5406,1247,1353,2025-04-24 21:29:43,recruiter,applied,0.876
5407,750,6193,2024-09-17 09:32:29,recruiter,applied,0.953
5408,1233,7270,2025-04-16 04:38:16,job_board,interview,0.705
5409,1976,3622,2026-01-22 04:04:19,outbound,applied,0.888
5410,1302,5412,2025-04-20 15:20:45,outbound,applied,0.956
5411,1207,6620,2025-03-28 08:47:32,linkedin,interview,0.432
5412,572,3798,2024-07-30 17:36:15,job_board,screened,0.72
5413,672,7420,2024-09-19 09:57:44,job_board,interview,0.636
5414,104,2624,2024-01-27 17:50:18,job_board,screened,0.836
5415,1017,2352,2025-02-06 10:10:24,job_board,applied,0.476
5416,149,4302,2024-03-13 10:15:57,linkedin,applied,0.891
5417,1562,4504,2025-07-11 02:57:12,linkedin,screened,0.632
5418,1915,2833,2025-12-06 17:06:20,job_board,interview,0.58
5419,1613,2946,2025-08-25 04:15:00,job_board,applied,0.801
5420,314,2727,2024-05-04 23:05:54,referral,interview,0.559
5421,1275,4104,2025-03-26 04:36:01,job_board,interview,0.911
5422,862,6236,2024-10-29 11:21:12,job_board,applied,0.902
5423,5,2616,2024-01-26 10:50:13,job_board,applied,0.37
5424,1434,6159,2025-06-17 11:35:10,job_board,applied,0.466
5425,1738,3057,2025-09-06 08:01:04,outbound,interview,0.814
5426,924,1722,2024-12-25 16:56:25,referral,applied,0.69
5427,1820,2451,2025-10-22 22:42:07,job_board,applied,0.402
5428,112,7373,2024-02-14 09:23:18,linkedin,applied,0.608
5429,1744,2686,2025-10-09 19:04:33,referral,interview,0.372
5430,1363,5844,2025-05-18 09:14:20,job_board,interview,0.513
5431,1343,5202,2025-05-02 04:49:54,outbound,applied,0.461
5432,1007,6231,2025-01-20 08:05:03,job_board,screened,0.87
5433,55,5403,2024-01-20 00:57:14,job_board,screened,0.89
5434,905,8957,2024-12-15 15:13:36,recruiter,applied,0.87
5435,1902,8287,2025-11-21 20:00:14,linkedin,applied,0.367
5436,925,2910,2024-12-04 20:02:45,referral,applied,0.821
5437,136,3516,2024-02-09 17:29:39,job_board,offer,0.731
5438,989,3296,2025-01-07 08:05:30,job_board,offer,0.783
5439,299,5918,2024-04-01 10:39:25,referral,interview,0.38
5440,843,4398,2024-10-14 05:04:37,job_board,offer,0.48
5441,1256,8690,2025-04-16 10:07:29,job_board,interview,0.482
5442,134,6436,2024-02-18 06:00:57,referral,offer,0.452
5443,924,4198,2024-12-19 16:56:25,linkedin,screened,0.711
5444,1012,2851,2025-01-12 09:19:00,job_board,offer,0.561
5445,1510,7013,2025-07-18 01:17:20,linkedin,applied,0.638
5446,136,7466,2024-02-11 17:29:39,job_board,applied,0.803
5447,1267,8728,2025-04-01 05:55:46,job_board,applied,0.693
5448,1244,4922,2025-04-22 14:38:23,linkedin,applied,0.637
5449,9,7108,2024-01-26 21:58:27,job_board,applied,0.923
5450,240,7945,2024-03-01 07:21:52,linkedin,applied,0.752
5451,1286,725,2025-05-07 10:05:00,job_board,applied,0.783
5452,1721,1319,2025-09-30 18:06:26,job_board,screened,0.463
5453,1717,1739,2025-09-10 09:24:13,outbound,applied,0.73
5454,1538,2065,2025-07-15 16:31:19,job_board,interview,0.675
5455,1705,2654,2025-09-08 20:22:31,linkedin,applied,0.944
5456,1214,34,2025-04-01 04:02:24,referral,screened,0.817
5457,315,6176,2024-04-19 10:20:44,linkedin,interview,0.878
5458,1063,5464,2025-01-24 00:44:37,job_board,applied,0.765
5459,695,6043,2024-08-21 07:24:14,referral,interview,0.556
5460,511,7062,2024-07-27 02:45:54,referral,applied,0.767
5461,240,1235,2024-03-12 07:21:52,linkedin,applied,0.96
5462,40,2939,2024-02-06 14:40:03,linkedin,applied,0.553
5463,1503,4045,2025-07-21 00:03:41,job_board,interview,0.458
5464,341,2398,2024-04-13 20:17:44,job_board,applied,0.547
5465,1256,3797,2025-03-23 10:07:29,job_board,offer,0.841
5466,606,4180,2024-07-29 23:47:56,outbound,screened,0.404
5467,969,6209,2025-01-09 13:24:28,job_board,applied,0.936
5468,795,1986,2024-10-30 01:00:54,recruiter,interview,0.8
5469,600,2349,2024-07-31 08:57:05,referral,applied,0.733
5470,962,2565,2024-12-20 17:32:15,job_board,applied,0.461
5471,1575,2140,2025-07-26 15:53:24,referral,applied,0.693
5472,1009,7439,2025-02-04 17:02:42,linkedin,applied,0.36
5473,1583,5371,2025-08-09 13:28:50,job_board,screened,0.708
5474,1822,7234,2025-10-29 16:10:46,job_board,applied,0.538
5475,983,746,2024-12-27 03:14:09,outbound,applied,0.688
5476,1606,6365,2025-08-18 08:32:00,job_board,screened,0.578
5477,249,6020,2024-03-18 17:29:38,job_board,screened,0.628
5478,1132,7081,2025-03-14 20:00:37,job_board,applied,0.702
5479,931,3955,2024-12-15 10:31:45,linkedin,interview,0.951
5480,12,6692,2024-01-11 07:40:29,linkedin,applied,0.969
5481,1793,4828,2025-10-21 13:51:55,linkedin,applied,0.736
5482,1484,7267,2025-06-13 13:51:35,job_board,applied,0.439
5483,1169,7218,2025-03-21 12:36:32,job_board,offer,0.379
5484,1392,7596,2025-05-23 08:07:18,recruiter,interview,0.976
5485,1509,1629,2025-07-30 12:36:39,referral,applied,0.748
5486,1556,6461,2025-08-20 13:36:26,job_board,screened,0.727
5487,590,1890,2024-08-02 17:03:39,referral,screened,0.376
5488,836,4280,2024-10-15 02:16:53,outbound,applied,0.943
5489,687,8110,2024-08-14 00:19:03,outbound,applied,0.45
5490,1823,1136,2025-10-17 01:22:15,job_board,interview,0.69
5491,235,6669,2024-03-07 17:47:12,referral,applied,0.54
5492,1815,2746,2025-11-01 16:28:14,job_board,interview,0.592
5493,686,2365,2024-08-11 00:08:45,linkedin,applied,0.558
5494,1558,451,2025-08-11 00:48:08,linkedin,applied,0.515
5495,340,6487,2024-04-15 16:57:32,linkedin,screened,0.514
5496,1687,7470,2025-08-20 14:39:03,job_board,applied,0.402
5497,1078,4115,2025-01-21 21:52:30,job_board,applied,0.364
5498,1970,1763,2026-01-18 12:48:29,referral,applied,0.605
5499,788,5556,2024-10-20 09:36:51,job_board,screened,0.402
5500,1990,8787,2026-02-03 12:25:53,job_board,applied,0.568
5501,1672,7080,2025-09-03 19:46:54,linkedin,applied,0.502
5502,17,6832,2024-02-01 02:22:26,job_board,screened,0.664
5503,766,403,2024-09-10 10:47:10,job_board,applied,0.747
5504,812,8098,2024-09-28 15:42:06,linkedin,applied,0.595
5505,425,5501,2024-06-05 00:41:56,job_board,applied,0.639
5506,1757,5847,2025-10-03 19:43:00,linkedin,screened,0.973
5507,169,3047,2024-03-17 19:29:33,referral,interview,0.626
5508,518,7936,2024-07-09 09:54:14,referral,applied,0.612
5509,506,4646,2024-06-12 12:44:49,job_board,applied,0.708
5510,837,2227,2024-11-08 10:51:43,job_board,applied,0.369
5511,1395,3274,2025-05-10 12:23:56,linkedin,screened,0.659
5512,14,1985,2024-02-12 14:40:31,linkedin,interview,0.376
5513,1253,8470,2025-04-05 06:54:20,job_board,applied,0.524
5514,810,7214,2024-10-16 16:04:45,job_board,interview,0.841
5515,1240,5375,2025-03-09 12:34:44,job_board,interview,0.48
5516,124,6930,2024-02-13 05:30:37,linkedin,applied,0.659
5517,1717,7620,2025-08-24 09:24:13,referral,interview,0.787
5518,1155,3141,2025-02-13 21:15:38,referral,applied,0.966
5519,506,2311,2024-07-07 12:44:49,linkedin,applied,0.754
5520,1580,8214,2025-08-05 07:35:50,job_board,interview,0.906
5521,942,3282,2024-12-23 13:16:25,job_board,applied,0.479
5522,781,366,2024-10-22 00:36:01,job_board,applied,0.398
5523,337,7084,2024-05-12 21:06:57,linkedin,applied,0.66
5524,982,2013,2025-01-24 23:51:24,job_board,applied,0.709
5525,438,2110,2024-05-18 10:55:15,recruiter,interview,0.553
5526,1468,6325,2025-06-07 02:40:32,job_board,applied,0.803
5527,742,9000,2024-10-08 23:12:21,job_board,applied,0.697
5528,237,804,2024-04-08 19:49:50,job_board,interview,0.721
5529,1415,5941,2025-05-14 01:11:59,outbound,applied,0.915
5530,1691,2999,2025-08-17 03:47:53,referral,applied,0.455
5531,1668,8072,2025-08-22 16:34:28,job_board,offer,0.555
5532,970,8100,2025-01-06 14:52:47,job_board,applied,0.829
5533,615,941,2024-07-21 17:33:39,job_board,interview,0.662
5534,443,424,2024-06-06 11:20:45,job_board,interview,0.909
5535,796,3725,2024-10-02 04:18:55,job_board,applied,0.449
5536,203,573,2024-04-02 11:13:39,job_board,applied,0.637
5537,1776,3024,2025-10-24 16:54:17,linkedin,applied,0.835
5538,499,1563,2024-06-30 17:31:51,referral,applied,0.745
5539,1561,8739,2025-07-15 12:10:49,linkedin,applied,0.442
5540,771,6379,2024-09-22 04:14:10,referral,applied,0.79
5541,1381,1303,2025-05-10 05:08:54,job_board,applied,0.694
5542,1822,5587,2025-11-09 16:10:46,recruiter,screened,0.963
5543,815,6734,2024-10-26 20:46:50,job_board,screened,0.75
5544,1930,7287,2025-12-09 06:22:28,recruiter,applied,0.552
5545,683,5678,2024-08-09 23:43:50,recruiter,screened,0.691
5546,510,5278,2024-07-19 15:27:30,job_board,applied,0.434
5547,1447,7663,2025-06-22 22:53:27,job_board,applied,0.821
5548,282,2255,2024-03-26 19:55:02,job_board,interview,0.891
5549,187,8796,2024-03-27 00:49:18,referral,interview,0.719
5550,737,1920,2024-10-01 14:32:45,job_board,interview,0.707
5551,1087,7254,2025-01-25 09:16:59,linkedin,applied,0.419
5552,937,8696,2024-11-24 20:15:41,recruiter,interview,0.464
5553,122,2270,2024-01-30 21:29:22,job_board,screened,0.954
5554,1097,5866,2025-02-05 23:19:17,job_board,applied,0.6
5555,1247,7509,2025-03-29 21:29:43,recruiter,applied,0.839
5556,570,2697,2024-08-14 19:59:04,job_board,screened,0.912
5557,1137,4741,2025-03-16 00:32:20,referral,interview,0.408
5558,710,7210,2024-10-04 02:41:12,referral,applied,0.911
5559,120,5880,2024-03-12 09:03:38,linkedin,screened,0.458
5560,1489,7276,2025-06-13 09:58:20,referral,offer,0.836
5561,840,2524,2024-11-16 12:12:29,job_board,applied,0.519
5562,1968,4571,2026-01-22 19:00:16,referral,applied,0.884
5563,385,7345,2024-05-21 01:43:36,job_board,applied,0.639
5564,16,2030,2024-02-18 02:19:31,referral,applied,0.643
5565,1597,4001,2025-08-07 21:03:04,job_board,offer,0.716
5566,1725,4742,2025-09-29 14:25:43,job_board,applied,0.887
5567,1827,7276,2025-11-07 21:45:08,job_board,interview,0.538
5568,1980,6764,2025-12-30 20:50:04,referral,interview,0.966
5569,630,3846,2024-08-27 17:02:45,referral,offer,0.876
5570,1358,8586,2025-05-15 12:44:10,job_board,applied,0.593
5571,59,5549,2024-01-23 01:29:30,job_board,applied,0.367
5572,835,5567,2024-10-13 08:07:25,referral,applied,0.461
5573,1796,927,2025-10-25 06:41:04,job_board,applied,0.701
5574,1269,2054,2025-04-26 16:10:15,outbound,interview,0.873
5575,1690,833,2025-09-20 01:57:57,recruiter,applied,0.944
5576,1893,150,2025-12-17 13:57:17,job_board,interview,0.59
5577,1594,8577,2025-08-27 17:53:04,linkedin,offer,0.376
5578,1375,2537,2025-05-07 12:26:56,job_board,screened,0.794
5579,713,6535,2024-09-23 15:56:14,referral,interview,0.546
5580,1064,4714,2025-01-26 01:26:27,linkedin,applied,0.724
5581,160,1555,2024-03-11 07:00:10,linkedin,applied,0.603
5582,1155,7315,2025-02-28 21:15:38,job_board,applied,0.748
5583,1950,5380,2026-01-11 14:54:53,linkedin,applied,0.507
5584,296,6775,2024-03-28 13:31:16,job_board,screened,0.449
5585,987,7031,2024-12-27 18:39:44,referral,applied,0.458
5586,1799,7378,2025-10-21 09:07:06,referral,screened,0.928
5587,714,5389,2024-09-15 16:49:10,referral,interview,0.896
5588,1179,1459,2025-03-26 19:51:51,job_board,applied,0.887
5589,1555,4037,2025-08-18 12:26:07,linkedin,applied,0.736
5590,1577,6610,2025-07-25 11:11:32,job_board,applied,0.608
5591,1342,7518,2025-05-17 00:58:13,job_board,screened,0.492
5592,126,4721,2024-03-05 16:34:42,job_board,applied,0.761
5593,84,457,2024-03-01 18:23:14,job_board,applied,0.552
5594,1510,8914,2025-07-10 01:17:20,job_board,interview,0.725
5595,1917,5701,2025-11-17 13:51:15,job_board,screened,0.575
5596,536,5025,2024-07-07 04:39:27,referral,applied,0.359
5597,1113,4258,2025-02-06 19:16:45,linkedin,screened,0.741
5598,143,3889,2024-02-06 06:45:29,job_board,interview,0.973
5599,377,5834,2024-04-28 12:50:51,linkedin,screened,0.648
5600,970,5633,2024-12-21 14:52:47,referral,offer,0.446
5601,32,2615,2024-01-13 08:12:20,job_board,interview,0.821
5602,1178,3524,2025-03-22 14:49:39,job_board,applied,0.668
5603,1105,1463,2025-02-24 14:52:52,linkedin,applied,0.798
5604,186,2840,2024-02-21 23:00:55,referral,screened,0.905
5605,1189,8768,2025-03-10 02:35:44,job_board,applied,0.525
5606,911,2254,2024-12-19 17:23:13,job_board,offer,0.512
5607,200,7779,2024-03-01 12:46:57,linkedin,applied,0.645
5608,438,3973,2024-05-25 10:55:15,linkedin,applied,0.405
5609,1090,8181,2025-02-24 03:44:48,outbound,applied,0.414
5610,1622,5145,2025-08-14 00:13:54,job_board,screened,0.67
5611,864,6919,2024-11-16 21:07:55,job_board,applied,0.599
5612,1265,3492,2025-03-28 13:32:15,job_board,applied,0.602
5613,876,585,2024-10-23 11:32:41,referral,interview,0.756
5614,1723,3207,2025-09-18 05:19:16,referral,interview,0.936
5615,1951,5652,2025-12-21 17:50:56,referral,applied,0.94
5616,846,2102,2024-11-20 01:08:32,outbound,screened,0.604
5617,592,3433,2024-08-12 22:53:52,referral,interview,0.759
5618,1152,383,2025-02-24 05:32:12,job_board,interview,0.601
5619,1769,3009,2025-09-20 06:35:07,job_board,applied,0.819
5620,1199,879,2025-03-18 16:35:57,referral,applied,0.668
5621,690,2243,2024-09-15 15:47:51,job_board,applied,0.429
5622,1553,3459,2025-07-22 01:37:38,job_board,applied,0.695
5623,360,1626,2024-05-12 22:08:54,job_board,offer,0.975
5624,546,722,2024-06-25 18:07:30,referral,interview,0.521
5625,305,1256,2024-04-26 08:16:53,job_board,applied,0.834
5626,1826,5886,2025-11-09 18:03:30,job_board,screened,0.53
5627,1882,1091,2025-11-11 00:54:45,job_board,applied,0.807
5628,1918,308,2025-12-16 16:17:29,referral,applied,0.649
5629,47,6405,2024-02-15 02:02:08,outbound,applied,0.8
5630,1799,4180,2025-10-04 09:07:06,referral,screened,0.875
5631,439,8374,2024-05-22 11:26:56,recruiter,interview,0.362
5632,1905,3453,2025-11-29 18:34:01,job_board,applied,0.755
5633,681,3423,2024-09-16 08:07:02,job_board,screened,0.392
5634,613,448,2024-08-03 21:34:42,linkedin,screened,0.948
5635,1314,955,2025-04-15 13:20:29,job_board,interview,0.675
5636,1581,7560,2025-07-27 08:24:39,job_board,applied,0.534
5637,752,1991,2024-09-14 13:30:54,referral,applied,0.775
5638,1649,655,2025-08-28 05:26:37,job_board,applied,0.78
5639,41,6723,2024-02-11 04:03:25,linkedin,screened,0.639
5640,1798,8986,2025-10-05 17:49:43,linkedin,applied,0.917
5641,1034,3137,2025-01-24 05:51:12,recruiter,screened,0.957
5642,1074,3464,2025-02-10 05:31:31,job_board,screened,0.639
5643,1769,5966,2025-09-29 06:35:07,job_board,applied,0.8
5644,110,978,2024-02-15 15:25:06,job_board,applied,0.354
5645,1774,1851,2025-09-20 12:20:52,outbound,applied,0.543
5646,407,7857,2024-05-18 08:06:36,job_board,offer,0.876
5647,1984,6811,2026-01-27 07:48:29,job_board,screened,0.428
5648,1439,1306,2025-06-12 17:25:03,job_board,interview,0.372
5649,685,5897,2024-08-30 17:28:03,recruiter,applied,0.781
5650,133,8609,2024-02-28 23:50:31,linkedin,screened,0.586
5651,245,2001,2024-03-21 09:26:48,outbound,screened,0.909
5652,244,1941,2024-03-22 05:15:56,linkedin,applied,0.958
5653,140,8388,2024-02-14 05:55:59,linkedin,applied,0.568
5654,1232,8648,2025-04-06 22:55:57,job_board,screened,0.963
5655,1735,4704,2025-09-22 10:18:57,job_board,applied,0.788
5656,1600,4316,2025-07-20 17:31:34,job_board,applied,0.63
5657,1497,1979,2025-07-12 21:16:06,job_board,applied,0.695
5658,1961,504,2025-12-23 10:33:54,referral,applied,0.918
5659,1256,5101,2025-03-16 10:07:29,job_board,interview,0.412
5660,190,1359,2024-03-10 08:59:57,referral,applied,0.571
5661,994,3738,2024-12-27 08:18:42,linkedin,applied,0.591
5662,1517,8439,2025-07-06 01:24:53,job_board,screened,0.608
5663,915,8255,2024-12-10 21:11:22,job_board,applied,0.733
5664,615,4158,2024-08-11 17:33:39,linkedin,applied,0.472
5665,988,2789,2025-01-03 04:43:45,outbound,applied,0.716
5666,1563,8785,2025-08-19 03:55:09,linkedin,interview,0.941
5667,728,7977,2024-10-09 06:25:06,job_board,applied,0.651
5668,707,5434,2024-08-23 21:30:30,outbound,applied,0.613
5669,950,6682,2024-12-14 14:34:56,job_board,screened,0.424
5670,839,3957,2024-10-11 07:26:37,job_board,applied,0.813
5671,421,6120,2024-05-12 20:25:01,job_board,applied,0.788
5672,560,4990,2024-07-16 09:06:49,job_board,applied,0.76
5673,236,1655,2024-03-02 12:08:11,recruiter,applied,0.954
5674,1504,623,2025-07-31 07:05:07,outbound,applied,0.597
5675,423,776,2024-06-06 12:38:24,job_board,applied,0.707
5676,1958,7196,2025-12-09 03:00:00,linkedin,offer,0.92
5677,1942,7780,2025-12-12 04:53:45,job_board,applied,0.81
5678,1345,4620,2025-05-22 12:58:06,job_board,applied,0.756
5679,1982,5135,2026-01-02 07:09:32,job_board,applied,0.765
5680,1728,8269,2025-09-16 11:40:39,job_board,offer,0.523
5681,1504,8688,2025-06-24 07:05:07,job_board,applied,0.412
5682,712,6438,2024-09-29 13:28:57,linkedin,applied,0.376
5683,1675,4648,2025-08-13 20:09:44,outbound,applied,0.768
5684,682,4048,2024-08-13 17:36:41,linkedin,applied,0.655
5685,208,5323,2024-03-03 18:30:40,job_board,interview,0.908
5686,1132,6738,2025-02-19 20:00:37,job_board,applied,0.367
5687,247,8974,2024-03-21 23:22:25,referral,applied,0.749
5688,185,5971,2024-03-17 18:49:33,referral,applied,0.46
5689,186,6444,2024-03-15 23:00:55,outbound,applied,0.632
5690,1823,231,2025-10-03 01:22:15,referral,screened,0.884
5691,127,3241,2024-02-04 18:27:34,job_board,applied,0.599
5692,790,2517,2024-10-02 23:39:15,outbound,offer,0.672
5693,1495,7451,2025-07-03 08:56:02,linkedin,offer,0.838
5694,1605,2300,2025-08-24 08:21:41,outbound,applied,0.362
5695,113,2660,2024-03-11 22:01:18,linkedin,applied,0.354
5696,1788,5879,2025-10-02 00:14:16,job_board,screened,0.836
5697,1899,4726,2025-12-07 01:39:34,job_board,applied,0.604
5698,1940,3669,2025-12-10 16:38:19,linkedin,applied,0.883
5699,1309,2142,2025-05-17 11:51:59,linkedin,interview,0.861
5700,1025,8074,2025-02-03 16:27:24,referral,applied,0.825
5701,342,8953,2024-04-11 01:04:41,job_board,applied,0.961
5702,248,584,2024-03-09 09:21:44,job_board,applied,0.679
5703,1636,8411,2025-08-20 00:51:01,job_board,applied,0.45
5704,1701,7418,2025-09-07 21:12:38,job_board,applied,0.585
5705,1648,7865,2025-08-14 21:22:29,linkedin,interview,0.908
5706,1237,3962,2025-03-09 03:28:23,job_board,applied,0.767
5707,1128,3611,2025-03-16 21:59:31,job_board,applied,0.728
5708,388,5514,2024-05-23 11:40:54,job_board,screened,0.386
5709,182,6557,2024-03-26 14:44:18,job_board,interview,0.793
5710,402,8408,2024-05-12 02:08:32,referral,interview,0.774
5711,802,2348,2024-10-18 23:43:16,job_board,applied,0.846
5712,603,8700,2024-08-11 20:44:48,linkedin,screened,0.828
5713,1098,3510,2025-02-07 03:51:04,job_board,applied,0.613
5714,1564,5974,2025-08-08 09:04:01,linkedin,applied,0.424
5715,1488,7241,2025-07-07 06:28:02,job_board,applied,0.51
5716,1657,5886,2025-09-13 21:10:09,recruiter,applied,0.528
5717,598,508,2024-08-21 16:12:03,outbound,applied,0.952
5718,1872,7900,2025-12-03 04:23:15,recruiter,applied,0.567
5719,1747,446,2025-09-30 21:54:58,linkedin,applied,0.427
5720,698,4841,2024-08-17 12:01:01,referral,applied,0.957
5721,502,5950,2024-07-12 14:33:56,job_board,applied,0.817
5722,1776,2255,2025-10-06 16:54:17,job_board,applied,0.572
5723,1997,6972,2026-01-29 09:37:00,job_board,interview,0.354
5724,931,5380,2024-12-22 10:31:45,job_board,applied,0.353
5725,231,3452,2024-03-02 16:20:10,job_board,interview,0.638
5726,1213,1392,2025-03-06 00:29:28,job_board,applied,0.894
5727,1666,6073,2025-09-12 14:20:01,job_board,applied,0.76
5728,938,903,2024-12-19 23:48:32,linkedin,applied,0.377
5729,265,8127,2024-03-20 20:28:44,linkedin,applied,0.45
5730,1472,1034,2025-07-14 20:54:38,linkedin,applied,0.807
5731,1519,900,2025-08-06 13:59:16,job_board,applied,0.63
5732,1750,1848,2025-09-16 11:36:49,recruiter,interview,0.799
5733,1725,7475,2025-09-07 14:25:43,job_board,offer,0.919
5734,956,7610,2024-12-12 21:52:57,job_board,applied,0.812
5735,626,5236,2024-08-17 20:14:29,job_board,applied,0.763
5736,332,7156,2024-05-09 10:31:44,job_board,applied,0.882
5737,203,3802,2024-03-04 11:13:39,job_board,offer,0.628
5738,1654,8968,2025-08-06 12:50:12,recruiter,interview,0.758
5739,2000,466,2025-12-31 14:30:53,outbound,applied,0.863
5740,1287,5514,2025-04-07 09:00:21,referral,interview,0.894
5741,1943,3457,2026-01-03 11:19:14,job_board,screened,0.585
5742,615,3193,2024-08-04 17:33:39,referral,applied,0.562
5743,1514,7146,2025-07-28 20:00:03,job_board,screened,0.485
5744,794,6912,2024-10-31 22:29:24,linkedin,applied,0.896
5745,773,4878,2024-10-23 14:57:39,job_board,interview,0.714
5746,1281,7846,2025-04-06 03:14:01,job_board,applied,0.71
5747,269,1587,2024-04-07 16:12:16,job_board,applied,0.502
5748,825,692,2024-11-06 07:39:52,linkedin,interview,0.573
5749,837,2090,2024-10-18 10:51:43,referral,applied,0.4
5750,862,865,2024-11-17 11:21:12,outbound,applied,0.55
5751,1441,7629,2025-06-01 09:40:49,referral,applied,0.963
5752,557,4626,2024-07-24 18:48:59,job_board,screened,0.734
5753,305,3897,2024-04-11 08:16:53,job_board,applied,0.778
5754,1222,4472,2025-03-18 01:56:42,linkedin,applied,0.737
5755,34,860,2024-01-24 10:38:54,job_board,offer,0.763
5756,1977,5837,2026-01-09 10:52:10,job_board,interview,0.923
5757,1809,8760,2025-10-15 14:35:54,job_board,applied,0.934
5758,766,1282,2024-09-20 10:47:10,job_board,interview,0.377
5759,1400,2282,2025-05-16 20:04:35,referral,applied,0.519
5760,1038,6995,2025-01-31 09:03:49,referral,applied,0.46
5761,1388,7169,2025-06-16 11:46:54,job_board,applied,0.922
5762,439,2535,2024-06-13 11:26:56,job_board,screened,0.851
5763,1895,116,2025-11-09 02:22:05,job_board,interview,0.935
5764,1763,6473,2025-09-17 07:29:37,job_board,interview,0.374
5765,1042,2309,2025-02-13 21:03:57,job_board,screened,0.732
5766,1755,7280,2025-10-02 21:22:03,referral,applied,0.381
5767,637,3035,2024-08-21 14:23:44,job_board,applied,0.459
5768,1572,8793,2025-07-28 20:35:33,job_board,applied,0.866
5769,1819,7735,2025-10-25 22:24:28,job_board,applied,0.745
5770,1393,616,2025-05-31 08:18:00,referral,interview,0.686
5771,1972,6732,2026-01-10 20:41:54,job_board,screened,0.367
5772,429,6469,2024-06-23 13:23:21,job_board,applied,0.528
5773,41,2773,2024-02-21 04:03:25,job_board,applied,0.574
5774,1054,8261,2025-02-20 22:59:06,outbound,applied,0.619
5775,662,7088,2024-09-03 19:46:13,job_board,applied,0.429
5776,1279,2391,2025-04-22 20:37:34,job_board,applied,0.504
5777,725,7291,2024-09-06 01:21:18,linkedin,applied,0.773
5778,1738,6393,2025-10-07 08:01:04,recruiter,applied,0.746
5779,223,4609,2024-03-09 02:27:03,referral,applied,0.573
5780,1928,8014,2025-11-27 11:25:45,job_board,applied,0.572
5781,444,4571,2024-06-24 01:46:13,linkedin,screened,0.867
5782,654,2436,2024-08-18 03:19:47,job_board,applied,0.526
5783,49,4586,2024-02-03 06:54:27,outbound,applied,0.391
5784,1358,4353,2025-05-22 12:44:10,referral,applied,0.552
5785,1393,1507,2025-06-05 08:18:00,referral,interview,0.446
5786,1859,5156,2025-10-21 12:40:36,job_board,screened,0.527
5787,214,7315,2024-03-11 05:19:01,job_board,interview,0.549
5788,965,7912,2025-01-15 06:47:36,job_board,applied,0.475
5789,1776,6432,2025-10-21 16:54:17,job_board,applied,0.536
5790,61,4407,2024-02-12 04:15:12,outbound,applied,0.747
5791,1168,7645,2025-03-02 23:35:40,job_board,applied,0.708
5792,460,8377,2024-06-06 04:23:51,outbound,offer,0.39
5793,713,7342,2024-09-13 15:56:14,linkedin,applied,0.534
5794,1512,7132,2025-07-03 15:19:12,referral,screened,0.635
5795,1618,7069,2025-09-05 23:01:21,linkedin,screened,0.367
5796,12,4404,2024-01-12 07:40:29,job_board,applied,0.958
5797,1302,7024,2025-04-23 15:20:45,referral,interview,0.499
5798,789,3444,2024-10-22 13:03:18,referral,interview,0.755
5799,1507,8501,2025-07-01 11:42:20,referral,applied,0.422
5800,1683,7953,2025-09-26 22:41:41,job_board,applied,0.59
5801,1756,5449,2025-10-03 18:06:23,job_board,applied,0.363
5802,205,6473,2024-02-28 22:22:54,referral,applied,0.435
5803,1616,7452,2025-07-26 00:44:35,job_board,screened,0.429
5804,1929,5198,2025-12-07 00:26:09,job_board,interview,0.745
5805,1559,7213,2025-07-22 04:32:58,job_board,applied,0.364
5806,754,6640,2024-09-06 11:26:06,referral,applied,0.557
5807,1460,2433,2025-06-27 09:52:07,job_board,applied,0.467
5808,136,1370,2024-02-25 17:29:39,referral,interview,0.772
5809,755,5092,2024-09-07 12:26:03,referral,interview,0.375
5810,1649,4,2025-09-11 05:26:37,linkedin,interview,0.743
5811,1304,6568,2025-04-21 23:47:25,recruiter,interview,0.721
5812,531,6156,2024-07-16 08:21:06,job_board,offer,0.421
5813,1132,932,2025-03-01 20:00:37,linkedin,applied,0.79
5814,4,2789,2024-02-07 20:39:45,job_board,applied,0.483
5815,1927,4776,2025-12-02 09:36:25,job_board,applied,0.409
5816,1102,6531,2025-01-27 11:18:25,referral,interview,0.392
5817,1002,26,2025-01-07 07:37:33,job_board,interview,0.961
5818,667,4998,2024-09-04 11:35:43,job_board,applied,0.527
5819,444,2163,2024-06-17 01:46:13,referral,screened,0.887
5820,658,3577,2024-08-14 03:42:04,outbound,applied,0.681
5821,916,4378,2024-12-27 01:57:29,job_board,applied,0.889
5822,852,1793,2024-11-14 07:50:03,job_board,applied,0.854
5823,830,2763,2024-10-19 15:22:09,linkedin,interview,0.515
5824,1017,3709,2025-02-16 10:10:24,referral,interview,0.656
5825,938,6940,2024-12-03 23:48:32,referral,interview,0.491
5826,620,2580,2024-07-21 18:44:41,linkedin,applied,0.577
5827,1163,5737,2025-03-27 03:26:50,recruiter,interview,0.961
5828,493,3255,2024-06-25 23:53:29,job_board,screened,0.597
5829,1897,2408,2025-12-13 08:08:51,job_board,screened,0.427
5830,1335,999,2025-05-24 03:13:22,linkedin,interview,0.683
5831,563,154,2024-08-12 00:12:02,job_board,applied,0.8
5832,1386,3097,2025-06-05 14:57:14,job_board,applied,0.559
5833,1939,2293,2025-11-29 23:41:49,job_board,applied,0.641
5834,1530,6771,2025-07-26 04:47:18,linkedin,applied,0.864
5835,1560,4672,2025-08-21 05:51:13,job_board,screened,0.545
5836,437,507,2024-06-18 07:31:50,job_board,applied,0.897
5837,366,6861,2024-05-24 12:35:10,job_board,applied,0.835
5838,1124,3575,2025-03-08 09:41:42,referral,interview,0.828
5839,561,5431,2024-07-13 22:24:22,job_board,applied,0.903
5840,241,1131,2024-04-05 14:03:59,referral,applied,0.737
5841,1819,503,2025-10-28 22:24:28,linkedin,applied,0.627
5842,691,928,2024-09-06 17:49:03,job_board,applied,0.894
5843,1603,4199,2025-07-28 06:36:40,job_board,screened,0.724
5844,1464,7959,2025-06-06 09:30:13,referral,applied,0.544
5845,287,8636,2024-04-05 23:41:39,outbound,applied,0.491
5846,376,7224,2024-04-30 12:18:08,job_board,screened,0.577
5847,1170,8137,2025-03-11 19:49:08,job_board,applied,0.825
5848,1248,6917,2025-03-26 16:20:26,job_board,interview,0.485
5849,554,6682,2024-07-02 15:25:57,job_board,applied,0.772
5850,307,3795,2024-03-27 07:23:38,linkedin,offer,0.618
5851,1260,2555,2025-04-30 12:24:10,referral,interview,0.452
5852,473,5665,2024-06-02 03:48:12,job_board,screened,0.755
5853,348,200,2024-05-22 18:37:32,job_board,interview,0.966
5854,757,1615,2024-09-30 10:09:20,recruiter,applied,0.37
5855,704,4108,2024-09-25 20:25:22,job_board,applied,0.751
5856,805,5696,2024-11-04 00:05:34,job_board,offer,0.447
5857,778,3370,2024-09-19 13:18:43,job_board,interview,0.369
5858,1132,6932,2025-02-27 20:00:37,linkedin,applied,0.473
5859,1076,6083,2025-02-19 16:11:48,recruiter,offer,0.441
5860,75,2341,2024-02-14 21:03:28,recruiter,applied,0.522
5861,479,636,2024-07-10 19:41:31,job_board,applied,0.742
5862,1010,2456,2025-01-09 06:04:35,referral,applied,0.911
5863,1456,8311,2025-06-05 11:17:28,referral,offer,0.398
5864,61,2070,2024-02-21 04:15:12,job_board,screened,0.501
5865,1619,6623,2025-08-25 02:56:32,linkedin,applied,0.364
5866,189,6167,2024-03-28 05:35:58,linkedin,screened,0.663
5867,1280,8739,2025-04-01 22:37:40,job_board,applied,0.578
5868,438,8309,2024-05-17 10:55:15,job_board,applied,0.924
5869,1807,7788,2025-10-28 09:36:03,job_board,applied,0.429
5870,1387,2790,2025-06-06 00:10:39,linkedin,applied,0.66
5871,1581,3873,2025-08-13 08:24:39,linkedin,applied,0.876
5872,1624,4405,2025-07-30 19:12:52,outbound,applied,0.806
5873,89,5963,2024-03-01 16:15:38,job_board,applied,0.736
5874,1694,1301,2025-08-27 23:20:07,referral,applied,0.781
5875,170,7611,2024-03-02 23:55:02,job_board,interview,0.877
5876,1086,5790,2025-01-23 01:23:12,linkedin,applied,0.643
5877,1320,1835,2025-05-13 21:00:29,linkedin,applied,0.652
5878,1800,450,2025-10-30 11:56:43,job_board,applied,0.424
5879,1444,87,2025-06-02 19:55:32,job_board,applied,0.961
5880,1424,3246,2025-05-20 01:55:17,job_board,offer,0.927
5881,1936,2769,2025-12-25 05:57:29,referral,applied,0.772
5882,33,1357,2024-02-03 08:38:22,job_board,screened,0.677
5883,7,3938,2024-02-10 15:07:39,referral,applied,0.712
5884,381,210,2024-05-04 03:39:11,job_board,interview,0.46
5885,474,5622,2024-06-30 13:49:24,referral,screened,0.786
5886,1000,3976,2025-02-04 04:15:41,linkedin,applied,0.809
5887,1664,2371,2025-09-16 00:26:23,referral,screened,0.737
5888,786,4118,2024-09-19 17:34:04,linkedin,screened,0.354
5889,1784,3979,2025-10-17 20:55:27,recruiter,offer,0.397
5890,1282,7581,2025-04-08 06:49:33,job_board,interview,0.441
5891,929,5839,2024-12-14 15:59:39,job_board,applied,0.799
5892,1587,2108,2025-08-16 07:05:09,job_board,screened,0.619
5893,968,7420,2025-01-23 02:35:56,outbound,offer,0.861
5894,86,2981,2024-02-11 19:15:52,referral,screened,0.957
5895,1708,2043,2025-09-04 11:04:20,referral,screened,0.675
5896,266,6536,2024-03-20 15:12:19,outbound,interview,0.549
5897,920,7200,2024-12-19 11:30:53,job_board,interview,0.715
5898,312,62,2024-04-11 18:37:41,job_board,offer,0.555
5899,1575,8453,2025-08-13 15:53:24,job_board,applied,0.598
5900,1275,5671,2025-04-03 04:36:01,recruiter,applied,0.393
5901,1898,3687,2025-12-12 10:34:46,job_board,interview,0.561
5902,1733,6792,2025-09-26 19:29:11,job_board,screened,0.963
5903,524,4968,2024-07-09 15:10:24,outbound,applied,0.821
5904,506,8595,2024-07-25 12:44:49,linkedin,applied,0.939
5905,549,90,2024-07-17 09:18:30,referral,applied,0.548
5906,308,4814,2024-04-19 16:22:41,referral,screened,0.489
5907,1878,6392,2025-10-29 10:03:29,recruiter,applied,0.395
5908,166,302,2024-03-10 10:07:59,job_board,offer,0.702
5909,849,7849,2024-11-23 17:00:22,linkedin,screened,0.861
5910,564,3144,2024-07-28 21:00:15,recruiter,applied,0.965
5911,32,180,2024-01-27 08:12:20,job_board,screened,0.481
5912,1662,3477,2025-09-05 08:24:24,outbound,applied,0.394
5913,1005,7594,2025-01-23 20:06:10,recruiter,applied,0.63
5914,1756,8632,2025-09-19 18:06:23,job_board,applied,0.6
5915,1234,1342,2025-03-12 10:46:54,job_board,screened,0.736
5916,992,3511,2025-02-01 14:09:38,job_board,interview,0.715
5917,490,7579,2024-07-02 08:02:29,linkedin,applied,0.715
5918,1183,191,2025-03-29 15:37:50,outbound,applied,0.956
5919,1455,4878,2025-06-13 23:35:11,job_board,applied,0.86
5920,56,4882,2024-02-26 09:27:07,referral,screened,0.662
5921,466,3332,2024-06-19 17:53:54,referral,interview,0.472
5922,724,2873,2024-10-01 12:54:04,job_board,applied,0.878
5923,240,8472,2024-04-03 07:21:52,job_board,screened,0.385
5924,169,3225,2024-03-22 19:29:33,job_board,applied,0.581
5925,499,5512,2024-07-04 17:31:51,job_board,screened,0.557
5926,682,6796,2024-09-12 17:36:41,outbound,screened,0.372
5927,1068,348,2025-01-18 19:16:59,recruiter,applied,0.567
5928,1628,7458,2025-08-22 03:30:30,linkedin,screened,0.48
5929,1712,6895,2025-09-28 09:17:32,job_board,interview,0.751
5930,764,1739,2024-10-15 00:04:34,referral,interview,0.534
5931,1059,1642,2025-02-09 13:25:00,job_board,applied,0.933
5932,29,5102,2024-02-20 23:15:21,job_board,interview,0.812
5933,1698,8310,2025-08-29 02:47:06,job_board,applied,0.431
5934,470,8023,2024-07-01 04:40:04,linkedin,applied,0.841
5935,129,1499,2024-02-15 12:04:26,job_board,interview,0.936
5936,1205,5417,2025-03-07 08:36:21,job_board,screened,0.38
5937,746,4389,2024-10-06 15:34:42,job_board,screened,0.605
5938,823,6209,2024-11-08 13:37:37,referral,applied,0.913
5939,871,4704,2024-12-01 22:36:30,job_board,applied,0.45
5940,1257,5150,2025-04-04 14:24:08,job_board,applied,0.863
5941,1604,5075,2025-08-26 08:00:15,linkedin,applied,0.429
5942,1144,165,2025-03-13 09:28:42,job_board,screened,0.508
5943,1222,4800,2025-04-09 01:56:42,referral,interview,0.766
5944,1618,1348,2025-08-09 23:01:21,recruiter,screened,0.367
5945,1571,3952,2025-08-03 16:00:35,outbound,applied,0.844
5946,345,4885,2024-05-10 16:05:09,outbound,screened,0.774
5947,678,6416,2024-08-26 22:18:51,recruiter,applied,0.947
5948,988,7638,2025-02-04 04:43:45,job_board,applied,0.354
5949,1869,1401,2025-11-26 16:25:13,recruiter,offer,0.473
5950,1214,5268,2025-02-26 04:02:24,job_board,applied,0.613
5951,1628,7086,2025-08-15 03:30:30,job_board,screened,0.802
5952,1590,2951,2025-08-11 06:06:59,job_board,applied,0.657
5953,1831,338,2025-11-06 01:20:18,linkedin,applied,0.419
5954,1037,8335,2025-02-03 00:53:34,job_board,applied,0.382
5955,526,7579,2024-07-16 04:03:31,job_board,interview,0.568
5956,823,6381,2024-10-29 13:37:37,job_board,applied,0.45
5957,14,6749,2024-01-10 14:40:31,job_board,applied,0.461
5958,1368,2704,2025-05-11 10:34:29,recruiter,applied,0.536
5959,1231,7159,2025-03-15 19:22:21,outbound,applied,0.717
5960,331,8949,2024-04-21 09:12:43,referral,applied,0.844
5961,986,2673,2024-12-26 19:09:50,job_board,applied,0.481
5962,1433,4257,2025-07-02 03:11:08,recruiter,applied,0.621
5963,1558,7648,2025-07-15 00:48:08,job_board,screened,0.806
5964,1552,1988,2025-07-22 22:28:57,job_board,applied,0.892
5965,195,6221,2024-03-06 22:20:23,job_board,screened,0.482
5966,748,260,2024-09-28 17:51:11,job_board,interview,0.879
5967,1191,8717,2025-02-28 20:43:34,linkedin,screened,0.624
5968,211,635,2024-03-25 05:44:48,outbound,applied,0.758
5969,398,181,2024-04-30 10:40:35,job_board,interview,0.643
5970,1886,3746,2025-11-03 08:09:55,outbound,screened,0.819
5971,1030,7115,2025-01-16 22:25:30,outbound,interview,0.804
5972,1157,1877,2025-02-19 01:58:48,job_board,applied,0.676
5973,317,5610,2024-04-25 01:03:17,job_board,screened,0.951
5974,1268,3044,2025-04-26 15:57:11,job_board,applied,0.919
5975,1825,8902,2025-11-08 17:57:46,linkedin,applied,0.563
5976,1920,4256,2025-11-26 08:01:32,linkedin,applied,0.426
5977,367,3988,2024-05-07 13:02:49,linkedin,screened,0.443
5978,444,178,2024-05-25 01:46:13,referral,applied,0.513
5979,1151,2517,2025-03-08 01:55:55,job_board,applied,0.762
5980,1774,160,2025-09-29 12:20:52,referral,applied,0.468
5981,12,7918,2024-02-02 07:40:29,linkedin,screened,0.704
5982,451,4299,2024-06-23 04:45:35,outbound,applied,0.822
5983,313,2932,2024-04-25 19:09:30,linkedin,applied,0.481
5984,1580,2217,2025-07-15 07:35:50,job_board,applied,0.544
5985,999,6326,2025-02-09 03:55:31,referral,interview,0.378
5986,1429,5782,2025-06-06 23:19:08,linkedin,applied,0.422
5987,82,2987,2024-02-16 10:23:44,referral,applied,0.586
5988,265,2559,2024-04-10 20:28:44,job_board,applied,0.523
5989,1086,8512,2025-02-15 01:23:12,job_board,applied,0.484
5990,840,530,2024-11-23 12:12:29,job_board,interview,0.556
5991,369,4735,2024-05-27 00:46:19,linkedin,screened,0.419
5992,522,8699,2024-07-15 14:25:58,outbound,interview,0.808
5993,1454,2879,2025-06-25 17:14:15,linkedin,applied,0.724
5994,28,534,2024-01-24 08:44:21,job_board,applied,0.515
5995,1737,7402,2025-09-19 00:50:59,job_board,applied,0.435
5996,319,8136,2024-03-30 13:22:46,referral,applied,0.376
5997,1518,563,2025-07-31 02:32:22,job_board,applied,0.778
5998,1260,3405,2025-03-23 12:24:10,referral,screened,0.484
5999,127,844,2024-02-10 18:27:34,job_board,applied,0.622
6000,1529,8097,2025-07-26 12:26:02,job_board,interview,0.722
6001,993,7531,2025-01-22 20:46:02,job_board,interview,0.574
6002,603,7335,2024-07-15 20:44:48,recruiter,screened,0.373
6003,223,2911,2024-03-31 02:27:03,referral,applied,0.68
6004,231,6433,2024-03-04 16:20:10,referral,applied,0.942
6005,819,1589,2024-10-30 22:35:51,linkedin,applied,0.431
6006,590,1329,2024-08-15 17:03:39,linkedin,interview,0.587
6007,1680,5285,2025-08-21 00:31:28,referral,screened,0.548
6008,1086,8707,2025-02-08 01:23:12,job_board,applied,0.502
6009,83,2292,2024-02-12 15:03:39,job_board,applied,0.748
6010,1754,4217,2025-10-02 09:04:20,linkedin,offer,0.583
6011,504,8885,2024-07-16 21:23:47,job_board,applied,0.548
6012,1214,3827,2025-04-09 04:02:24,job_board,interview,0.457
6013,1654,7386,2025-08-24 12:50:12,recruiter,applied,0.579
6014,1336,6165,2025-05-12 20:20:21,outbound,interview,0.975
6015,812,8003,2024-11-08 15:42:06,referral,applied,0.897
6016,15,3015,2024-02-01 06:44:33,outbound,applied,0.41
6017,471,7503,2024-05-30 06:24:03,job_board,screened,0.748
6018,1139,7415,2025-02-19 13:08:45,linkedin,applied,0.654
6019,1899,7973,2025-12-06 01:39:34,referral,applied,0.778
6020,72,8150,2024-03-01 10:28:41,referral,applied,0.942
6021,312,3042,2024-04-06 18:37:41,job_board,applied,0.407
6022,717,7445,2024-09-01 05:41:22,recruiter,applied,0.699
6023,1578,6061,2025-08-12 16:31:22,referral,interview,0.394
6024,1901,814,2025-11-12 11:31:21,job_board,screened,0.584
6025,357,8163,2024-05-26 08:24:08,linkedin,screened,0.634
6026,1161,6491,2025-03-22 14:38:53,job_board,interview,0.403
6027,1927,6174,2025-12-17 09:36:25,referral,applied,0.503
6028,1998,614,2026-01-14 20:51:24,job_board,screened,0.711
6029,1573,8975,2025-07-31 21:06:56,job_board,applied,0.492
6030,1558,8719,2025-08-03 00:48:08,job_board,applied,0.803
6031,553,7790,2024-08-04 13:09:46,job_board,offer,0.77
6032,619,3033,2024-08-21 15:13:02,linkedin,interview,0.663
6033,1968,639,2026-01-01 19:00:16,recruiter,applied,0.702
6034,1246,6683,2025-04-08 15:10:05,job_board,applied,0.554
6035,229,4515,2024-03-23 12:52:28,referral,applied,0.696
6036,139,2277,2024-02-08 05:15:06,recruiter,applied,0.552
6037,1720,2480,2025-09-06 11:54:09,job_board,applied,0.921
6038,260,6071,2024-03-19 06:59:09,recruiter,applied,0.403
6039,1399,7876,2025-05-30 14:09:40,job_board,applied,0.478
6040,644,5201,2024-09-09 16:53:26,job_board,applied,0.509
6041,348,8436,2024-05-13 18:37:32,linkedin,interview,0.846
6042,229,5084,2024-03-27 12:52:28,job_board,interview,0.635
6043,1093,5100,2025-02-14 12:18:21,referral,screened,0.7
6044,1608,3252,2025-08-06 18:49:34,job_board,screened,0.536
6045,24,524,2024-01-17 14:03:26,job_board,screened,0.519
6046,1408,2315,2025-06-20 14:08:48,referral,interview,0.759
6047,1147,3121,2025-02-08 12:33:05,referral,applied,0.782
6048,1589,5586,2025-08-26 21:59:26,job_board,screened,0.676
6049,1165,1698,2025-02-20 06:41:58,linkedin,applied,0.793
6050,253,4583,2024-04-11 03:55:00,linkedin,screened,0.837
6051,818,4764,2024-11-09 04:56:04,linkedin,applied,0.414
6052,1975,4598,2026-01-27 16:09:37,referral,screened,0.498
6053,1649,8864,2025-09-17 05:26:37,outbound,applied,0.742
6054,703,1688,2024-09-07 20:01:28,linkedin,interview,0.901
6055,1862,3090,2025-11-13 13:33:11,job_board,applied,0.861
6056,15,3306,2024-01-06 06:44:33,outbound,applied,0.717
6057,1068,6606,2025-02-23 19:16:59,referral,applied,0.63
6058,1548,5954,2025-08-03 07:25:57,outbound,screened,0.37
6059,1348,7480,2025-04-22 23:54:48,job_board,applied,0.931
6060,358,4773,2024-04-29 23:00:57,job_board,screened,0.819
6061,292,7472,2024-04-29 17:48:29,linkedin,applied,0.529
6062,1488,250,2025-06-30 06:28:02,job_board,interview,0.669
6063,1997,1346,2026-01-11 09:37:00,recruiter,applied,0.501
6064,1529,5482,2025-07-13 12:26:02,outbound,applied,0.927
6065,1716,2138,2025-08-31 07:03:17,job_board,interview,0.633
6066,1821,2645,2025-10-26 05:55:58,outbound,offer,0.888
6067,1899,2010,2025-11-19 01:39:34,linkedin,applied,0.74
6068,1580,1244,2025-08-10 07:35:50,job_board,applied,0.681
6069,1557,2676,2025-07-31 19:43:40,outbound,screened,0.921
6070,1580,8250,2025-08-13 07:35:50,recruiter,applied,0.437
6071,646,422,2024-08-24 06:15:12,job_board,applied,0.391
6072,1081,8946,2025-01-23 15:34:01,linkedin,applied,0.768
6073,444,4855,2024-05-18 01:46:13,job_board,screened,0.927
6074,1062,6932,2025-01-29 17:04:19,outbound,applied,0.434
6075,1023,6669,2025-01-21 07:47:08,job_board,applied,0.503
6076,137,555,2024-02-23 02:02:03,referral,screened,0.602
6077,166,2348,2024-03-12 10:07:59,job_board,interview,0.937
6078,1902,7832,2025-12-20 20:00:14,recruiter,interview,0.887
6079,1104,5759,2025-02-28 22:19:20,linkedin,offer,0.962
6080,66,3348,2024-02-02 01:02:33,linkedin,applied,0.837
6081,740,4911,2024-09-08 15:59:56,recruiter,screened,0.569
6082,1783,3875,2025-10-05 20:33:50,outbound,applied,0.383
6083,1456,893,2025-06-10 11:17:28,job_board,applied,0.738
6084,1648,8427,2025-08-29 21:22:29,recruiter,offer,0.914
6085,1252,2159,2025-04-13 06:41:19,job_board,applied,0.631
6086,1401,7770,2025-05-17 20:08:37,linkedin,screened,0.597
6087,494,2174,2024-07-04 01:22:44,linkedin,applied,0.849
6088,1684,5444,2025-08-30 09:19:51,referral,interview,0.602
6089,1467,4399,2025-06-25 13:30:06,outbound,applied,0.812
6090,479,7951,2024-06-10 19:41:31,job_board,applied,0.481
6091,623,5651,2024-08-15 08:16:20,referral,applied,0.749
6092,1535,5353,2025-07-08 05:18:49,job_board,interview,0.709
6093,498,2713,2024-06-29 16:53:58,recruiter,applied,0.626
6094,1339,7791,2025-05-08 11:43:12,job_board,applied,0.557
6095,838,1145,2024-10-29 00:45:07,linkedin,applied,0.738
6096,575,4557,2024-08-15 09:48:47,linkedin,applied,0.947
6097,316,2423,2024-05-02 13:37:47,outbound,applied,0.544
6098,1444,4128,2025-06-19 19:55:32,referral,applied,0.385
6099,651,362,2024-09-07 05:52:53,job_board,applied,0.903
6100,1113,6224,2025-02-26 19:16:45,linkedin,applied,0.362
6101,520,6738,2024-07-13 18:15:03,job_board,applied,0.39
6102,295,6283,2024-04-13 08:34:44,linkedin,applied,0.44
6103,44,6294,2024-01-24 08:36:05,job_board,applied,0.821
6104,1879,337,2025-11-11 23:55:08,linkedin,applied,0.393
6105,602,6036,2024-08-26 12:22:06,linkedin,applied,0.662
6106,1153,2962,2025-03-11 18:17:30,linkedin,applied,0.437
6107,934,5561,2024-11-26 21:57:23,job_board,interview,0.7
6108,740,5790,2024-09-08 15:59:56,outbound,applied,0.656
6109,1660,2680,2025-09-18 06:23:16,referral,applied,0.546
6110,1822,1210,2025-10-11 16:10:46,job_board,applied,0.71
6111,361,1040,2024-05-11 02:19:28,job_board,applied,0.543
6112,63,4019,2024-01-30 22:44:17,job_board,screened,0.88
6113,655,5392,2024-08-31 04:50:01,job_board,interview,0.934
6114,207,71,2024-03-31 02:25:00,job_board,applied,0.677
6115,59,6594,2024-02-03 01:29:30,outbound,offer,0.428
6116,1611,2241,2025-07-24 15:54:32,linkedin,screened,0.553
6117,151,7298,2024-02-21 13:57:58,job_board,applied,0.867
6118,141,6295,2024-02-03 07:00:38,recruiter,screened,0.481
6119,713,6539,2024-09-01 15:56:14,job_board,screened,0.43
6120,1136,1870,2025-02-22 22:34:01,referral,interview,0.957
6121,1000,5928,2025-01-02 04:15:41,linkedin,screened,0.697
6122,1492,6102,2025-06-16 05:25:53,outbound,screened,0.641
6123,1497,7420,2025-07-01 21:16:06,job_board,screened,0.932
6124,34,5112,2024-01-11 10:38:54,linkedin,screened,0.688
6125,1527,6856,2025-07-12 09:02:56,linkedin,applied,0.662
6126,86,4162,2024-01-26 19:15:52,job_board,applied,0.539
6127,1828,8505,2025-10-28 13:08:49,outbound,offer,0.776
6128,612,6380,2024-08-22 03:21:51,job_board,applied,0.8
6129,1816,55,2025-11-07 16:32:51,job_board,applied,0.435
6130,1999,7110,2026-01-27 03:52:44,job_board,interview,0.842
6131,203,1321,2024-02-24 11:13:39,job_board,interview,0.629
6132,762,595,2024-09-11 09:03:30,job_board,interview,0.614
6133,225,5218,2024-03-31 03:08:29,job_board,applied,0.92
6134,1937,4444,2025-12-30 18:32:22,outbound,applied,0.449
6135,994,3610,2025-01-05 08:18:42,job_board,applied,0.659
6136,1676,3740,2025-09-25 02:30:56,referral,applied,0.634
6137,1179,3065,2025-03-16 19:51:51,outbound,screened,0.729
6138,1696,8261,2025-09-05 12:39:32,recruiter,screened,0.49
6139,1196,6714,2025-03-21 11:57:49,job_board,applied,0.506
6140,97,7132,2024-01-23 11:17:41,referral,screened,0.382
6141,973,4821,2025-01-16 22:26:59,outbound,screened,0.86
6142,1310,6724,2025-04-13 02:24:53,outbound,interview,0.41
6143,1963,4739,2025-12-08 03:17:49,referral,applied,0.736
6144,1666,8161,2025-09-06 14:20:01,linkedin,applied,0.369
6145,1018,449,2025-01-03 12:20:20,outbound,interview,0.722
6146,1612,7132,2025-07-25 21:21:53,outbound,screened,0.494
6147,1871,4152,2025-10-28 17:35:07,job_board,applied,0.769
6148,1752,2913,2025-10-19 09:26:50,linkedin,applied,0.833
6149,1977,5473,2026-01-31 10:52:10,referral,applied,0.967
6150,719,8243,2024-09-10 10:55:13,linkedin,applied,0.82
6151,889,2521,2024-11-15 09:37:58,job_board,applied,0.946
6152,29,4312,2024-01-28 23:15:21,job_board,interview,0.937
6153,268,2151,2024-04-09 18:17:28,outbound,applied,0.527
6154,1634,7363,2025-08-25 22:30:28,linkedin,offer,0.602
6155,652,4956,2024-08-12 15:35:01,linkedin,applied,0.61
6156,878,2633,2024-11-04 20:18:00,referral,applied,0.568
6157,718,8208,2024-09-13 08:07:52,outbound,offer,0.816
6158,1854,2030,2025-10-28 06:07:59,job_board,screened,0.592
6159,1777,1048,2025-10-07 18:37:37,job_board,applied,0.93
6160,1479,2317,2025-06-10 20:32:19,referral,applied,0.702
6161,1924,2783,2025-11-28 04:33:40,recruiter,screened,0.543
6162,1094,2329,2025-03-07 17:23:36,job_board,screened,0.882
6163,340,524,2024-04-23 16:57:32,referral,screened,0.781
6164,1270,8880,2025-04-09 17:22:44,recruiter,interview,0.55
6165,41,2929,2024-01-20 04:03:25,job_board,applied,0.914
6166,840,8637,2024-11-19 12:12:29,job_board,applied,0.632
6167,1662,6254,2025-08-19 08:24:24,referral,applied,0.417
6168,361,7206,2024-04-29 02:19:28,job_board,applied,0.863
6169,1118,2869,2025-02-17 13:54:06,outbound,screened,0.794
6170,1555,5903,2025-08-14 12:26:07,job_board,applied,0.374
6171,1503,3587,2025-07-25 00:03:41,referral,applied,0.436
6172,1184,3276,2025-02-26 16:21:51,recruiter,interview,0.913
6173,664,8420,2024-08-13 08:59:05,job_board,applied,0.376
6174,485,7735,2024-06-14 13:17:52,outbound,applied,0.697
6175,318,3124,2024-04-06 11:54:14,recruiter,screened,0.387
6176,1474,33,2025-06-28 23:43:26,job_board,screened,0.874
6177,530,4856,2024-07-01 07:51:21,job_board,interview,0.45
6178,1300,8631,2025-04-04 05:51:37,outbound,applied,0.728
6179,97,8403,2024-02-27 11:17:41,referral,screened,0.971
6180,584,4270,2024-07-25 10:15:51,job_board,screened,0.769
6181,772,4577,2024-09-22 12:58:35,outbound,applied,0.603
6182,1546,7747,2025-07-13 21:50:45,linkedin,applied,0.581
6183,199,1532,2024-03-26 23:53:38,job_board,interview,0.949
6184,941,2470,2024-12-25 10:21:37,job_board,offer,0.72
6185,928,1288,2024-12-04 15:54:11,outbound,applied,0.978
6186,644,5302,2024-09-03 16:53:26,job_board,applied,0.389
6187,1599,8091,2025-08-02 03:23:32,job_board,applied,0.861
6188,1961,2817,2025-12-18 10:33:54,job_board,screened,0.467
6189,96,7971,2024-02-09 05:12:38,job_board,screened,0.565
6190,1865,4597,2025-10-21 07:03:10,job_board,applied,0.759
6191,1794,2260,2025-10-12 14:12:06,outbound,screened,0.858
6192,1685,8636,2025-09-17 12:44:29,recruiter,screened,0.708
6193,247,5609,2024-03-22 23:22:25,linkedin,screened,0.416
6194,776,4918,2024-10-09 06:45:41,referral,interview,0.353
6195,1312,1499,2025-04-21 08:47:29,outbound,interview,0.9
6196,409,4974,2024-06-08 11:53:25,referral,applied,0.523
6197,482,2084,2024-07-15 23:13:58,job_board,interview,0.773
6198,1127,3790,2025-02-26 16:36:25,job_board,applied,0.839
6199,1690,8286,2025-09-16 01:57:57,job_board,interview,0.792
6200,326,8957,2024-04-29 18:34:32,job_board,interview,0.414
6201,21,3616,2024-02-15 14:43:56,recruiter,applied,0.838
6202,1992,2883,2026-02-05 14:13:40,job_board,applied,0.913
6203,843,1877,2024-11-21 05:04:37,outbound,screened,0.85
6204,153,1883,2024-02-09 06:27:57,job_board,screened,0.671
6205,1924,4718,2025-12-09 04:33:40,job_board,screened,0.476
6206,547,8702,2024-07-17 07:15:04,outbound,applied,0.744
6207,226,7660,2024-04-01 05:06:20,linkedin,applied,0.791
6208,1337,2608,2025-05-12 17:45:54,job_board,applied,0.521
6209,1522,7497,2025-07-19 21:51:20,referral,screened,0.754
6210,254,4240,2024-03-30 04:13:22,referral,applied,0.901
6211,1454,5959,2025-06-24 17:14:15,job_board,applied,0.59
6212,756,2295,2024-10-02 03:06:57,linkedin,applied,0.685
6213,639,7322,2024-08-29 22:47:06,referral,applied,0.802
6214,1334,4195,2025-05-04 01:58:55,referral,offer,0.817
6215,121,7016,2024-02-25 21:24:45,job_board,applied,0.756
6216,337,2235,2024-04-11 21:06:57,referral,applied,0.683
6217,1667,8673,2025-08-31 14:39:16,referral,applied,0.793
6218,1972,3796,2025-12-30 20:41:54,job_board,applied,0.883
6219,1810,5903,2025-09-29 00:07:54,outbound,applied,0.915
6220,1567,4817,2025-07-20 18:24:22,job_board,interview,0.62
6221,256,5382,2024-04-19 18:43:46,referral,interview,0.799
6222,618,2311,2024-08-13 14:22:21,job_board,screened,0.604
6223,1696,8151,2025-08-18 12:39:32,job_board,interview,0.892
6224,1427,1877,2025-06-25 16:40:19,linkedin,applied,0.873
6225,1667,3254,2025-08-14 14:39:16,job_board,screened,0.824
6226,822,3877,2024-10-31 13:05:08,recruiter,interview,0.658
6227,1155,4436,2025-02-10 21:15:38,linkedin,interview,0.689
6228,1474,2034,2025-07-13 23:43:26,recruiter,applied,0.855
6229,1568,7733,2025-08-08 22:34:39,linkedin,applied,0.38
6230,1452,5542,2025-07-05 20:39:07,linkedin,screened,0.708
6231,79,8811,2024-02-01 12:03:48,job_board,applied,0.501
6232,406,3162,2024-06-10 07:05:06,linkedin,applied,0.73
6233,993,3792,2025-02-01 20:46:02,job_board,applied,0.65
6234,1399,5134,2025-05-27 14:09:40,linkedin,screened,0.752
6235,1934,5309,2025-12-22 15:32:57,job_board,interview,0.409
6236,602,1554,2024-07-30 12:22:06,job_board,applied,0.934
6237,1551,7540,2025-08-12 15:27:21,linkedin,offer,0.718
6238,1329,8954,2025-05-11 22:36:00,outbound,screened,0.535
6239,537,4669,2024-06-28 06:00:39,outbound,interview,0.852
6240,347,3407,2024-04-28 22:43:46,linkedin,screened,0.78
6241,1248,3641,2025-03-30 16:20:26,recruiter,screened,0.632
6242,657,556,2024-08-19 18:11:47,linkedin,screened,0.526
6243,426,584,2024-06-07 08:24:00,referral,interview,0.551
6244,438,3369,2024-05-27 10:55:15,job_board,applied,0.382
6245,445,1909,2024-05-26 23:02:01,outbound,applied,0.592
6246,183,2661,2024-03-06 16:39:03,referral,interview,0.673
6247,379,2983,2024-05-07 05:57:28,referral,applied,0.88
6248,1952,1614,2026-01-11 22:25:36,outbound,interview,0.758
6249,380,3615,2024-05-23 15:53:37,linkedin,applied,0.487
6250,818,330,2024-10-13 04:56:04,job_board,interview,0.957
6251,999,6986,2025-01-26 03:55:31,job_board,applied,0.49
6252,1405,6248,2025-06-05 14:04:04,job_board,offer,0.739
6253,620,1502,2024-08-29 18:44:41,linkedin,interview,0.557
6254,1654,1474,2025-09-08 12:50:12,job_board,applied,0.427
6255,1556,652,2025-08-03 13:36:26,referral,applied,0.869
6256,1017,1663,2025-01-14 10:10:24,referral,applied,0.721
6257,1789,5291,2025-09-30 05:46:24,linkedin,screened,0.681
6258,697,681,2024-08-31 02:29:56,referral,applied,0.539
6259,976,73,2025-01-24 01:50:37,recruiter,applied,0.841
6260,1197,5139,2025-04-02 22:39:21,referral,applied,0.887
6261,383,8378,2024-06-03 18:34:52,referral,interview,0.877
6262,164,4220,2024-03-24 22:59:11,job_board,applied,0.396
6263,1996,2305,2026-01-20 01:11:23,job_board,applied,0.475
6264,97,7483,2024-02-19 11:17:41,job_board,applied,0.428
6265,95,7503,2024-01-26 04:53:18,referral,interview,0.542
6266,204,7524,2024-02-28 22:05:18,job_board,screened,0.421
6267,1100,3416,2025-02-06 09:53:36,job_board,applied,0.461
6268,537,365,2024-06-29 06:00:39,recruiter,applied,0.795
6269,440,8990,2024-06-17 18:46:44,job_board,screened,0.771
6270,1721,8058,2025-09-30 18:06:26,linkedin,applied,0.528
6271,1876,4512,2025-10-25 01:50:15,linkedin,interview,0.869
6272,1752,7064,2025-10-07 09:26:50,job_board,applied,0.771
6273,650,8666,2024-08-12 05:26:11,job_board,interview,0.622
6274,171,523,2024-03-04 03:49:52,linkedin,applied,0.364
6275,1917,4220,2025-12-01 13:51:15,job_board,applied,0.763
6276,1092,7755,2025-01-29 08:59:11,job_board,applied,0.843
6277,1946,6429,2026-01-03 23:14:32,referral,screened,0.491
6278,335,991,2024-04-19 15:07:35,referral,screened,0.425
6279,1886,573,2025-11-20 08:09:55,job_board,applied,0.549
6280,620,2927,2024-08-15 18:44:41,job_board,applied,0.792
6281,1586,4005,2025-08-09 02:41:03,job_board,applied,0.956
6282,221,1113,2024-03-04 21:29:19,recruiter,screened,0.597
6283,1483,2438,2025-07-12 01:34:11,recruiter,applied,0.873
6284,947,4611,2024-12-08 23:49:07,linkedin,applied,0.829
6285,1906,7139,2025-12-18 06:29:42,job_board,applied,0.909
6286,296,5105,2024-04-21 13:31:16,job_board,applied,0.768
6287,448,4792,2024-06-03 15:32:36,recruiter,applied,0.946
6288,1273,6677,2025-04-06 00:53:10,linkedin,applied,0.928
6289,1620,5761,2025-08-03 21:39:56,job_board,applied,0.371
6290,1777,2035,2025-10-07 18:37:37,job_board,applied,0.675
6291,227,2285,2024-03-06 08:27:34,referral,screened,0.556
6292,14,1043,2024-01-26 14:40:31,referral,applied,0.883
6293,724,1052,2024-08-31 12:54:04,referral,applied,0.608
6294,196,7466,2024-03-28 01:04:10,recruiter,applied,0.926
6295,804,6126,2024-09-29 11:53:02,job_board,interview,0.922
6296,954,5774,2025-01-05 15:54:38,linkedin,applied,0.579
6297,1991,3981,2026-01-15 07:12:35,job_board,interview,0.712
6298,67,816,2024-02-01 04:39:19,referral,interview,0.367
6299,642,3754,2024-08-04 23:27:56,referral,screened,0.575
6300,678,1385,2024-09-05 22:18:51,outbound,applied,0.765
6301,1110,8676,2025-03-04 05:33:11,job_board,screened,0.483
6302,641,3626,2024-08-25 23:08:51,job_board,applied,0.45
6303,1267,1065,2025-03-21 05:55:46,linkedin,applied,0.951
6304,1699,2550,2025-09-25 14:51:42,job_board,applied,0.718
6305,1356,5795,2025-06-03 18:43:06,job_board,applied,0.706
6306,1322,4060,2025-05-11 05:07:23,job_board,interview,0.867
6307,241,543,2024-03-02 14:03:59,referral,offer,0.701
6308,1775,3257,2025-10-10 16:53:46,referral,screened,0.757
6309,1119,6165,2025-02-14 02:00:34,referral,applied,0.544
6310,330,4781,2024-05-03 10:05:49,job_board,applied,0.588
6311,1270,5037,2025-04-23 17:22:44,linkedin,screened,0.522
6312,974,5948,2025-01-23 01:17:46,job_board,applied,0.727
6313,1807,6543,2025-11-05 09:36:03,recruiter,applied,0.725
6314,1296,3849,2025-05-12 02:20:46,job_board,applied,0.454
6315,1915,6758,2025-11-17 17:06:20,referral,interview,0.831
6316,1950,8151,2025-12-07 14:54:53,outbound,applied,0.472
6317,471,1189,2024-07-03 06:24:03,referral,applied,0.782
6318,585,6556,2024-08-11 23:51:23,linkedin,interview,0.39
6319,422,2473,2024-06-09 05:14:25,linkedin,offer,0.929
6320,462,973,2024-06-02 15:42:33,referral,applied,0.388
6321,1368,2272,2025-05-16 10:34:29,job_board,applied,0.391
6322,1899,8369,2025-12-05 01:39:34,referral,interview,0.404
6323,979,5473,2025-01-13 12:12:18,linkedin,screened,0.636
6324,1617,4126,2025-09-02 06:51:03,linkedin,screened,0.697
6325,1488,2326,2025-06-29 06:28:02,referral,offer,0.445
6326,522,4797,2024-07-23 14:25:58,job_board,applied,0.823
6327,1697,4643,2025-09-01 12:41:05,job_board,applied,0.428
6328,958,3668,2025-01-08 14:20:53,job_board,screened,0.941
6329,22,3980,2024-01-08 16:08:09,outbound,applied,0.624
6330,1432,6513,2025-05-29 02:24:00,outbound,applied,0.692
6331,1758,5271,2025-09-10 20:22:21,referral,interview,0.832
6332,491,258,2024-06-14 09:01:10,linkedin,applied,0.873
6333,531,3163,2024-07-13 08:21:06,job_board,interview,0.852
6334,1465,561,2025-07-11 18:56:53,referral,screened,0.562
6335,1939,8325,2025-11-27 23:41:49,linkedin,applied,0.819
6336,521,2900,2024-07-12 02:22:21,referral,applied,0.405
6337,861,8686,2024-10-22 10:49:47,job_board,screened,0.746
6338,1359,2248,2025-05-01 15:14:24,job_board,applied,0.574
6339,1705,3158,2025-08-24 20:22:31,job_board,applied,0.361
6340,68,3699,2024-02-12 06:09:37,job_board,applied,0.849
6341,400,8229,2024-05-26 18:07:39,referral,offer,0.904
6342,1789,811,2025-10-03 05:46:24,job_board,interview,0.43
6343,1051,7138,2025-02-13 16:21:35,job_board,interview,0.454
6344,1517,5910,2025-07-16 01:24:53,referral,offer,0.431
6345,127,2036,2024-03-04 18:27:34,job_board,applied,0.98
6346,182,7590,2024-03-09 14:44:18,recruiter,interview,0.385
6347,1470,5066,2025-07-17 14:22:35,referral,applied,0.788
6348,752,4536,2024-10-02 13:30:54,referral,screened,0.375
6349,1885,3399,2025-12-15 03:12:22,referral,interview,0.759
6350,862,3766,2024-11-26 11:21:12,linkedin,screened,0.961
6351,1687,7209,2025-08-24 14:39:03,outbound,applied,0.459
6352,1087,8729,2025-02-06 09:16:59,linkedin,interview,0.785
6353,1361,8046,2025-05-10 00:48:33,job_board,applied,0.792
6354,1308,3015,2025-04-29 20:24:51,job_board,interview,0.556
6355,238,5602,2024-03-26 03:06:15,referral,applied,0.907
6356,1589,8987,2025-08-07 21:59:26,job_board,offer,0.789
6357,1968,5672,2025-12-13 19:00:16,job_board,applied,0.485
6358,774,22,2024-10-02 18:18:09,job_board,applied,0.44
6359,688,6492,2024-08-19 03:34:25,job_board,applied,0.881
6360,1195,5143,2025-04-04 03:59:49,job_board,applied,0.372
6361,1266,4456,2025-04-27 16:24:50,linkedin,interview,0.897
6362,767,329,2024-09-17 12:14:29,outbound,offer,0.409
6363,546,4236,2024-07-12 18:07:30,job_board,screened,0.899
6364,1943,7112,2025-12-27 11:19:14,outbound,applied,0.511
6365,1655,5069,2025-08-27 19:55:17,job_board,applied,0.859
6366,1144,2422,2025-02-14 09:28:42,job_board,interview,0.98
6367,757,7366,2024-10-08 10:09:20,job_board,screened,0.527
6368,705,4035,2024-09-27 22:01:12,job_board,screened,0.883
6369,782,5827,2024-10-22 04:23:31,linkedin,applied,0.846
6370,1186,131,2025-03-06 07:10:09,job_board,interview,0.846
6371,9,1296,2024-02-10 21:58:27,job_board,applied,0.556
6372,1315,1805,2025-05-15 17:37:51,linkedin,applied,0.871
6373,1151,1264,2025-03-21 01:55:55,referral,applied,0.946
6374,290,3834,2024-04-25 18:47:06,linkedin,applied,0.358
6375,502,3744,2024-06-21 14:33:56,outbound,applied,0.858
6376,555,726,2024-07-20 16:28:37,linkedin,applied,0.404
6377,1844,5932,2025-11-08 21:49:46,outbound,applied,0.48
6378,1870,4348,2025-11-26 16:40:42,linkedin,applied,0.59
6379,1567,3520,2025-07-16 18:24:22,job_board,applied,0.972
6380,1364,2187,2025-04-28 12:26:08,job_board,applied,0.807
6381,1905,3436,2025-12-25 18:34:01,referral,applied,0.974
6382,1469,1470,2025-07-05 06:38:24,referral,applied,0.596
6383,780,8060,2024-09-27 23:10:24,job_board,interview,0.806
6384,717,4631,2024-10-06 05:41:22,job_board,applied,0.772
6385,1324,7815,2025-04-28 14:36:59,job_board,interview,0.353
6386,818,7704,2024-10-30 04:56:04,job_board,offer,0.409
6387,904,4281,2024-12-19 02:49:50,referral,applied,0.358
6388,1945,3581,2026-01-06 18:49:32,job_board,applied,0.646
6389,1819,6465,2025-10-28 22:24:28,job_board,applied,0.713
6390,1213,3456,2025-03-22 00:29:28,job_board,screened,0.376
6391,649,4069,2024-08-11 01:50:58,job_board,applied,0.506
6392,885,3689,2024-11-05 03:16:21,referral,applied,0.845
6393,658,5429,2024-08-04 03:42:04,job_board,applied,0.427
6394,839,487,2024-10-11 07:26:37,referral,applied,0.782
6395,732,2471,2024-09-17 17:20:24,job_board,applied,0.636
6396,891,6127,2024-11-15 11:39:58,referral,interview,0.401
6397,996,4478,2025-01-19 20:54:16,job_board,interview,0.813
6398,1286,6231,2025-04-17 10:05:00,referral,interview,0.884
6399,1776,5783,2025-10-18 16:54:17,job_board,screened,0.686
6400,1058,2993,2025-01-23 09:07:04,linkedin,offer,0.693
6401,415,3977,2024-05-11 21:46:51,linkedin,applied,0.385
6402,371,623,2024-04-23 18:14:44,referral,applied,0.95
6403,1303,6835,2025-05-02 21:40:21,job_board,applied,0.903
6404,1997,3993,2026-02-08 09:37:00,job_board,interview,0.976
6405,612,2406,2024-08-03 03:21:51,job_board,interview,0.816
6406,177,4806,2024-02-19 16:29:35,job_board,applied,0.742
6407,166,116,2024-03-23 10:07:59,referral,applied,0.9
6408,549,3739,2024-07-05 09:18:30,outbound,applied,0.941
6409,1908,8229,2025-12-12 20:25:36,referral,applied,0.929
6410,1562,3450,2025-08-19 02:57:12,job_board,interview,0.373
6411,1572,3250,2025-08-22 20:35:33,job_board,applied,0.837
6412,666,4050,2024-08-15 09:41:15,job_board,interview,0.584
6413,1905,2269,2025-11-13 18:34:01,job_board,screened,0.862
6414,816,1982,2024-10-17 22:23:14,job_board,applied,0.388
6415,801,4285,2024-11-02 22:08:05,linkedin,applied,0.679
6416,1876,5958,2025-11-15 01:50:15,job_board,applied,0.968
6417,1514,2245,2025-08-04 20:00:03,referral,interview,0.729
6418,578,1908,2024-08-13 18:28:34,recruiter,applied,0.385
6419,1303,6600,2025-04-23 21:40:21,recruiter,screened,0.955
6420,701,4502,2024-09-24 01:43:47,job_board,applied,0.528
6421,1239,2762,2025-04-18 17:52:24,referral,applied,0.935
6422,275,7622,2024-04-14 15:13:58,linkedin,interview,0.494
6423,81,8926,2024-02-22 00:23:25,job_board,applied,0.659
6424,1928,7632,2025-12-12 11:25:45,referral,interview,0.43
6425,144,2487,2024-03-19 07:02:41,recruiter,applied,0.905
6426,803,8784,2024-10-09 02:58:05,linkedin,applied,0.768
6427,391,3257,2024-05-28 01:28:18,linkedin,screened,0.419
6428,30,711,2024-02-21 07:30:16,referral,applied,0.882
6429,1500,4846,2025-07-30 10:43:05,referral,screened,0.975
6430,567,8601,2024-08-11 20:17:10,job_board,applied,0.95
6431,1597,30,2025-07-27 21:03:04,linkedin,applied,0.377
6432,1100,74,2025-03-11 09:53:36,linkedin,applied,0.85
6433,1295,38,2025-04-06 22:01:44,job_board,applied,0.933
6434,1338,7566,2025-04-28 05:08:17,linkedin,applied,0.977
6435,385,2104,2024-05-14 01:43:36,job_board,screened,0.944
6436,912,4461,2024-11-19 10:41:13,linkedin,applied,0.902
6437,1556,735,2025-08-10 13:36:26,referral,interview,0.92
6438,469,8497,2024-07-06 14:16:53,job_board,applied,0.486
6439,227,6841,2024-03-09 08:27:34,job_board,screened,0.952
6440,830,5128,2024-10-20 15:22:09,outbound,applied,0.835
6441,1789,7847,2025-10-09 05:46:24,outbound,screened,0.543
6442,644,1838,2024-07-31 16:53:26,job_board,applied,0.637
6443,770,3720,2024-09-17 10:21:24,job_board,interview,0.551
6444,253,8733,2024-04-17 03:55:00,job_board,applied,0.786
6445,1455,4649,2025-07-09 23:35:11,recruiter,screened,0.429
6446,676,2741,2024-08-29 15:42:44,job_board,applied,0.544
6447,339,5515,2024-05-10 09:21:15,job_board,applied,0.806
6448,205,8421,2024-02-23 22:22:54,job_board,screened,0.847
6449,629,854,2024-07-25 13:38:41,job_board,interview,0.664
6450,407,8953,2024-06-09 08:06:36,recruiter,applied,0.736
6451,991,4229,2024-12-24 05:01:18,referral,applied,0.821
6452,853,803,2024-11-14 21:01:11,outbound,applied,0.649
6453,993,8635,2025-02-05 20:46:02,recruiter,applied,0.742
6454,734,5132,2024-10-02 03:11:28,recruiter,applied,0.431
6455,195,1871,2024-03-05 22:20:23,linkedin,applied,0.952
6456,1555,1647,2025-08-02 12:26:07,linkedin,interview,0.485
6457,1097,757,2025-02-20 23:19:17,referral,interview,0.634
6458,369,4765,2024-05-07 00:46:19,linkedin,applied,0.923
6459,151,2526,2024-03-18 13:57:58,linkedin,applied,0.59
6460,1880,2857,2025-10-31 01:54:24,recruiter,applied,0.483
6461,1848,4932,2025-11-24 16:58:32,linkedin,interview,0.884
6462,378,8627,2024-05-27 16:39:47,referral,applied,0.423
6463,844,7817,2024-10-16 20:08:45,job_board,offer,0.866
6464,1165,947,2025-03-08 06:41:58,recruiter,applied,0.435
6465,879,3194,2024-11-22 11:09:19,referral,interview,0.367
6466,1673,1990,2025-09-24 00:34:31,recruiter,applied,0.481
6467,1154,3104,2025-03-25 18:19:06,job_board,screened,0.556
6468,531,8121,2024-07-11 08:21:06,referral,applied,0.605
6469,1564,3088,2025-07-19 09:04:01,linkedin,applied,0.854
6470,1750,5825,2025-10-12 11:36:49,job_board,applied,0.9
6471,140,7569,2024-03-03 05:55:59,job_board,applied,0.573
6472,1703,2458,2025-09-12 03:33:16,linkedin,applied,0.455
6473,1406,4224,2025-06-13 00:14:53,referral,screened,0.597
6474,1836,7320,2025-10-10 21:43:28,outbound,interview,0.837
6475,1822,2983,2025-10-05 16:10:46,referral,applied,0.955
6476,100,6018,2024-02-14 14:56:54,job_board,screened,0.538
6477,879,1593,2024-11-11 11:09:19,job_board,applied,0.371
6478,143,8271,2024-02-11 06:45:29,recruiter,applied,0.903
6479,27,1131,2024-01-18 00:01:07,outbound,screened,0.559
6480,1835,6205,2025-10-28 20:32:04,recruiter,offer,0.755
6481,495,8768,2024-06-09 03:28:08,linkedin,applied,0.439
6482,122,1284,2024-03-02 21:29:22,job_board,screened,0.636
6483,1883,4378,2025-11-04 12:23:52,linkedin,interview,0.621
6484,816,8542,2024-10-29 22:23:14,job_board,applied,0.731
6485,237,650,2024-03-15 19:49:50,recruiter,screened,0.739
6486,510,2762,2024-06-19 15:27:30,referral,interview,0.638
6487,28,8158,2024-02-04 08:44:21,job_board,screened,0.965
6488,1355,1203,2025-05-20 10:40:58,outbound,offer,0.961
6489,1872,8587,2025-12-04 04:23:15,linkedin,applied,0.481
6490,783,6717,2024-10-05 04:31:27,recruiter,applied,0.632
6491,1727,2135,2025-10-06 23:08:25,job_board,interview,0.634
6492,687,1864,2024-09-01 00:19:03,linkedin,applied,0.61
6493,921,2845,2024-12-26 13:33:45,job_board,applied,0.371
6494,428,4767,2024-05-23 00:08:54,job_board,applied,0.729
6495,11,8645,2024-02-06 23:54:28,job_board,applied,0.525
6496,327,7135,2024-04-12 03:57:38,linkedin,applied,0.357
6497,1168,142,2025-02-12 23:35:40,job_board,applied,0.778
6498,199,5303,2024-02-24 23:53:38,outbound,offer,0.895
6499,1634,2919,2025-08-18 22:30:28,recruiter,applied,0.371
6500,1835,4771,2025-10-12 20:32:04,outbound,applied,0.871
6501,573,3871,2024-08-10 07:22:13,job_board,offer,0.736
6502,542,5301,2024-06-27 21:15:10,linkedin,applied,0.56
6503,346,6934,2024-05-23 09:28:22,linkedin,applied,0.721
6504,820,2140,2024-10-18 03:34:12,referral,applied,0.671
6505,1810,3310,2025-10-19 00:07:54,recruiter,screened,0.756
6506,781,419,2024-10-19 00:36:01,job_board,interview,0.677
6507,1536,3046,2025-08-04 16:57:47,job_board,screened,0.622
6508,644,8900,2024-09-03 16:53:26,job_board,applied,0.365
6509,897,6565,2024-12-19 17:06:10,job_board,screened,0.573
6510,987,6086,2025-01-01 18:39:44,job_board,applied,0.553
6511,1811,7644,2025-10-27 03:42:31,referral,applied,0.476
6512,998,5124,2025-01-24 22:42:07,job_board,interview,0.531
6513,1217,840,2025-04-03 19:01:24,referral,applied,0.96
6514,1709,5924,2025-09-02 19:15:57,job_board,applied,0.488
6515,1889,1283,2025-12-14 17:26:19,job_board,screened,0.412
6516,1790,1757,2025-10-01 17:42:39,job_board,interview,0.896
6517,207,5938,2024-03-24 02:25:00,job_board,interview,0.674
6518,225,8316,2024-04-06 03:08:29,recruiter,applied,0.93
6519,873,2830,2024-10-26 15:02:50,job_board,applied,0.373
6520,703,2702,2024-09-09 20:01:28,job_board,applied,0.695
6521,1359,6016,2025-06-07 15:14:24,job_board,interview,0.544
6522,865,2817,2024-10-24 04:31:36,linkedin,applied,0.575
6523,816,1566,2024-11-04 22:23:14,referral,applied,0.817
6524,181,2075,2024-03-23 12:08:39,job_board,screened,0.818
6525,700,7237,2024-08-26 16:28:23,job_board,interview,0.649
6526,1143,5519,2025-03-10 05:35:29,linkedin,applied,0.372
6527,1391,2893,2025-06-17 08:18:52,job_board,applied,0.939
6528,338,8969,2024-04-23 23:17:27,job_board,applied,0.355
6529,1212,3017,2025-02-28 21:05:33,job_board,applied,0.682
6530,1146,6178,2025-02-19 07:24:03,linkedin,interview,0.477
6531,566,1610,2024-08-14 13:44:43,job_board,applied,0.662
6532,1780,8455,2025-10-30 17:00:49,referral,screened,0.399
6533,889,1903,2024-12-07 09:37:58,outbound,screened,0.364
6534,528,3877,2024-07-15 18:48:07,job_board,screened,0.883
6535,1414,5386,2025-05-25 23:56:52,job_board,applied,0.487
6536,378,4688,2024-05-16 16:39:47,recruiter,applied,0.511
6537,1254,5235,2025-04-22 15:04:07,linkedin,applied,0.362
6538,1365,6969,2025-05-31 13:54:23,recruiter,applied,0.86
6539,907,7420,2024-11-12 17:22:17,referral,screened,0.705
6540,408,3055,2024-06-02 17:19:40,job_board,applied,0.86
6541,521,5673,2024-07-28 02:22:21,referral,interview,0.629
6542,444,5125,2024-05-23 01:46:13,linkedin,offer,0.754
6543,230,3851,2024-03-25 15:24:03,referral,applied,0.682
6544,1996,4555,2026-01-26 01:11:23,job_board,applied,0.839
6545,1681,7231,2025-09-05 09:12:28,referral,applied,0.565
6546,1044,6116,2025-02-13 22:19:51,job_board,applied,0.423
6547,1641,150,2025-09-17 01:06:49,job_board,screened,0.497
6548,1315,578,2025-05-05 17:37:51,job_board,applied,0.701
6549,1227,6317,2025-03-02 21:39:57,linkedin,applied,0.525
6550,1435,4786,2025-06-13 16:06:04,referral,offer,0.455
6551,1143,4889,2025-03-02 05:35:29,job_board,applied,0.909
6552,1121,7620,2025-02-12 16:20:34,recruiter,screened,0.553
6553,273,1989,2024-04-16 07:29:14,job_board,applied,0.372
6554,1221,2294,2025-03-26 00:05:34,linkedin,applied,0.712
6555,894,5738,2024-11-05 19:37:19,job_board,applied,0.818
6556,493,7033,2024-07-10 23:53:29,job_board,offer,0.458
6557,968,8880,2024-12-13 02:35:56,job_board,screened,0.664
6558,1667,8363,2025-09-17 14:39:16,referral,applied,0.416
6559,923,3119,2024-12-15 09:06:28,referral,interview,0.472
6560,953,1601,2025-01-17 14:34:24,job_board,applied,0.513
6561,485,5747,2024-06-18 13:17:52,job_board,applied,0.851
6562,1612,1688,2025-08-03 21:21:53,job_board,applied,0.464
6563,248,3955,2024-03-26 09:21:44,job_board,interview,0.408
6564,1675,2716,2025-09-16 20:09:44,job_board,applied,0.583
6565,1863,3532,2025-11-16 19:04:51,job_board,applied,0.969
6566,355,7971,2024-05-04 04:22:19,job_board,applied,0.69
6567,1113,2765,2025-02-14 19:16:45,referral,applied,0.682
6568,1172,7672,2025-03-20 14:05:35,job_board,applied,0.85
6569,1726,2061,2025-09-03 16:02:17,job_board,applied,0.646
6570,653,2689,2024-07-31 18:31:52,job_board,offer,0.804
6571,1344,2121,2025-04-29 13:17:22,job_board,applied,0.392
6572,199,6734,2024-02-28 23:53:38,job_board,interview,0.524
6573,1641,6969,2025-08-12 01:06:49,job_board,screened,0.618
6574,1516,316,2025-07-10 15:17:08,job_board,applied,0.559
6575,432,2915,2024-06-14 02:21:09,job_board,applied,0.371
6576,251,8434,2024-03-16 19:09:24,referral,applied,0.661
6577,213,4767,2024-03-01 00:47:37,job_board,screened,0.517
6578,1659,1599,2025-08-24 03:10:32,linkedin,applied,0.632
6579,1228,1922,2025-04-14 07:43:04,linkedin,applied,0.894
6580,743,4188,2024-10-11 05:18:03,job_board,applied,0.424
6581,1099,1913,2025-01-26 01:50:43,linkedin,interview,0.667
6582,1117,3928,2025-01-30 13:50:08,referral,applied,0.583
6583,193,5284,2024-03-01 13:19:31,outbound,screened,0.543
6584,880,4195,2024-10-31 14:58:50,linkedin,screened,0.598
6585,1223,5245,2025-04-06 03:18:29,job_board,applied,0.426
6586,1215,509,2025-03-05 00:34:29,job_board,applied,0.709
6587,364,4548,2024-04-20 09:27:43,linkedin,screened,0.629
6588,1857,494,2025-10-26 21:44:18,linkedin,screened,0.911
6589,217,6239,2024-03-22 05:58:05,job_board,applied,0.383
6590,1725,4719,2025-09-01 14:25:43,job_board,applied,0.791
6591,1971,5734,2025-12-26 16:35:38,outbound,applied,0.374
6592,1502,3016,2025-07-11 15:38:03,linkedin,applied,0.643
6593,1112,1801,2025-03-12 11:18:11,linkedin,interview,0.571
6594,386,6097,2024-05-30 12:28:22,job_board,applied,0.487
6595,660,500,2024-08-11 08:12:18,job_board,applied,0.971
6596,1098,4351,2025-02-07 03:51:04,referral,applied,0.68
6597,197,2428,2024-02-21 14:49:52,job_board,applied,0.926
6598,1416,3198,2025-05-27 02:13:48,job_board,applied,0.7
6599,1834,3882,2025-11-03 08:49:21,outbound,offer,0.956
6600,1485,4128,2025-07-05 17:45:09,job_board,offer,0.949
6601,1886,1875,2025-11-17 08:09:55,linkedin,interview,0.393
6602,949,1134,2024-12-03 05:13:54,job_board,applied,0.523
6603,514,4342,2024-07-24 15:24:48,job_board,applied,0.923
6604,34,2551,2024-01-27 10:38:54,job_board,offer,0.554
6605,871,331,2024-11-30 22:36:30,job_board,screened,0.656
6606,231,7714,2024-03-31 16:20:10,job_board,applied,0.488
6607,1292,4295,2025-05-02 13:56:42,job_board,applied,0.876
6608,1605,801,2025-08-08 08:21:41,job_board,applied,0.564
6609,223,3164,2024-03-02 02:27:03,linkedin,interview,0.72
6610,1034,1070,2025-01-19 05:51:12,linkedin,interview,0.658
6611,1074,8632,2025-02-18 05:31:31,job_board,screened,0.755
6612,623,4353,2024-08-17 08:16:20,job_board,applied,0.762
6613,438,7891,2024-05-19 10:55:15,referral,applied,0.471
6614,1428,3078,2025-06-24 18:13:01,outbound,applied,0.502
6615,451,8561,2024-05-21 04:45:35,referral,screened,0.551
6616,64,8403,2024-02-06 05:24:37,linkedin,screened,0.85
6617,1207,5930,2025-03-05 08:47:32,job_board,applied,0.611
6618,136,3767,2024-02-09 17:29:39,referral,applied,0.745
6619,621,8748,2024-08-12 04:00:56,referral,applied,0.582
6620,175,5153,2024-02-26 12:57:11,job_board,screened,0.351
6621,1101,1706,2025-02-15 10:08:11,job_board,applied,0.691
6622,436,635,2024-06-25 14:50:41,job_board,interview,0.577
6623,525,4792,2024-07-23 02:39:10,referral,screened,0.876
6624,800,2231,2024-10-07 10:21:15,job_board,applied,0.874
6625,976,6689,2025-01-08 01:50:37,recruiter,applied,0.761
6626,1439,4945,2025-06-09 17:25:03,job_board,interview,0.413
6627,1865,4342,2025-10-31 07:03:10,job_board,screened,0.76
6628,1207,2538,2025-03-17 08:47:32,recruiter,screened,0.631
6629,970,1924,2024-12-19 14:52:47,linkedin,interview,0.949
6630,1168,1810,2025-02-21 23:35:40,job_board,interview,0.675
6631,1003,5885,2025-01-24 07:22:24,outbound,applied,0.516
6632,12,7057,2024-02-06 07:40:29,outbound,screened,0.729
6633,986,8741,2025-01-16 19:09:50,referral,applied,0.695
6634,1488,6092,2025-07-27 06:28:02,referral,applied,0.579
6635,1714,4709,2025-09-01 20:56:38,linkedin,applied,0.788
6636,184,6210,2024-02-20 16:54:14,referral,applied,0.665
6637,1364,2233,2025-05-23 12:26:08,job_board,applied,0.635
6638,221,7892,2024-03-21 21:29:19,linkedin,applied,0.96
6639,62,365,2024-02-22 17:47:50,recruiter,screened,0.686
6640,92,8151,2024-01-27 18:49:07,recruiter,interview,0.662
6641,236,938,2024-03-10 12:08:11,referral,screened,0.862
6642,169,8514,2024-02-28 19:29:33,referral,applied,0.819
6643,1156,6996,2025-03-17 21:57:12,referral,screened,0.436
6644,1842,3778,2025-10-18 07:02:40,job_board,interview,0.671
6645,1521,4368,2025-08-09 20:49:26,linkedin,interview,0.554
6646,1463,2648,2025-06-05 13:06:03,job_board,screened,0.755
6647,235,1878,2024-04-10 17:47:12,job_board,interview,0.585
6648,1877,2822,2025-11-26 14:19:52,job_board,applied,0.752
6649,1006,7741,2025-01-07 07:30:24,outbound,offer,0.657
6650,63,2285,2024-02-28 22:44:17,job_board,interview,0.655
6651,1285,3925,2025-03-27 22:08:51,job_board,applied,0.953
6652,1410,6169,2025-05-29 16:40:41,job_board,applied,0.923
6653,802,7162,2024-10-25 23:43:16,recruiter,applied,0.97
6654,1431,2739,2025-06-03 11:26:57,recruiter,applied,0.758
6655,1388,7302,2025-05-20 11:46:54,job_board,screened,0.799
6656,1162,1576,2025-02-23 01:30:35,linkedin,interview,0.471
6657,686,6462,2024-08-18 00:08:45,job_board,applied,0.393
6658,1998,988,2026-01-25 20:51:24,referral,screened,0.501
6659,1247,8754,2025-03-31 21:29:43,job_board,interview,0.566
6660,925,899,2024-12-25 20:02:45,linkedin,applied,0.401
6661,1532,8073,2025-07-26 10:55:59,job_board,offer,0.625
6662,486,6846,2024-06-27 02:09:52,outbound,interview,0.611
6663,1912,1129,2025-11-21 09:26:42,referral,applied,0.734
6664,1472,6973,2025-06-17 20:54:38,linkedin,screened,0.902
6665,1278,3094,2025-03-24 11:34:48,job_board,interview,0.917
6666,533,8843,2024-08-03 05:47:00,referral,applied,0.756
6667,704,8589,2024-09-21 20:25:22,referral,screened,0.921
6668,1900,8354,2025-11-19 11:12:19,job_board,applied,0.49
6669,1443,5901,2025-06-14 18:49:47,job_board,offer,0.696
6670,223,8072,2024-03-22 02:27:03,outbound,screened,0.912
6671,1609,3994,2025-08-02 04:31:02,job_board,applied,0.94
6672,238,530,2024-03-06 03:06:15,referral,interview,0.977
6673,830,7760,2024-11-17 15:22:09,recruiter,applied,0.86
6674,835,430,2024-10-25 08:07:25,job_board,applied,0.392
6675,726,5751,2024-09-28 06:32:21,linkedin,interview,0.846
6676,991,4867,2025-01-20 05:01:18,referral,applied,0.425
6677,305,3336,2024-04-12 08:16:53,referral,interview,0.861
6678,1323,6654,2025-05-07 19:44:23,job_board,applied,0.453
6679,1354,2442,2025-05-04 08:57:01,recruiter,applied,0.813
6680,1704,8378,2025-08-31 11:36:43,outbound,screened,0.887
6681,890,7660,2024-12-02 09:40:30,outbound,applied,0.437
6682,1062,8270,2025-02-19 17:04:19,linkedin,screened,0.365
6683,266,7621,2024-04-13 15:12:19,job_board,applied,0.83
6684,695,7442,2024-09-13 07:24:14,job_board,screened,0.71
6685,1123,8265,2025-03-12 02:49:51,job_board,offer,0.569
6686,833,8267,2024-10-20 16:29:20,linkedin,screened,0.593
6687,1980,7061,2025-12-20 20:50:04,linkedin,applied,0.407
6688,555,7180,2024-07-10 16:28:37,job_board,interview,0.826
6689,103,1663,2024-02-22 17:24:04,outbound,applied,0.917
6690,1735,1571,2025-09-24 10:18:57,linkedin,applied,0.458
6691,1032,3497,2025-01-20 04:10:30,job_board,applied,0.699
6692,143,3293,2024-03-10 06:45:29,job_board,screened,0.831
6693,1872,2953,2025-12-05 04:23:15,recruiter,screened,0.55
6694,415,2681,2024-05-09 21:46:51,job_board,applied,0.945
6695,1919,2321,2025-11-18 20:37:40,referral,applied,0.538
6696,689,5112,2024-09-11 14:54:07,referral,screened,0.967
6697,684,7153,2024-08-31 14:55:59,job_board,screened,0.417
6698,424,7295,2024-06-06 18:14:18,referral,applied,0.385
6699,344,1122,2024-05-10 15:23:23,linkedin,applied,0.658
6700,1601,4871,2025-07-22 02:51:19,outbound,screened,0.365
6701,842,4313,2024-11-13 19:41:39,linkedin,applied,0.85
6702,1113,7198,2025-02-04 19:16:45,job_board,applied,0.808
6703,638,7791,2024-08-24 22:33:40,job_board,applied,0.356
6704,848,2983,2024-11-26 08:35:59,job_board,screened,0.406
6705,966,7101,2025-01-01 13:13:55,referral,applied,0.638
6706,621,5361,2024-08-05 04:00:56,job_board,applied,0.962
6707,1192,2407,2025-04-02 00:39:20,recruiter,applied,0.871
6708,931,5047,2024-12-10 10:31:45,linkedin,applied,0.576
6709,1537,320,2025-07-30 14:17:31,recruiter,applied,0.548
6710,1556,488,2025-07-18 13:36:26,job_board,applied,0.809
6711,1269,3725,2025-04-13 16:10:15,referral,applied,0.542
6712,207,8626,2024-02-25 02:25:00,linkedin,applied,0.793
6713,1785,5342,2025-10-28 01:19:20,job_board,applied,0.376
6714,1392,6045,2025-06-01 08:07:18,referral,applied,0.87
6715,1472,7693,2025-06-25 20:54:38,job_board,applied,0.467
6716,1299,4033,2025-05-03 09:14:52,recruiter,applied,0.579
6717,1038,4755,2025-02-06 09:03:49,linkedin,screened,0.8
6718,1128,2513,2025-02-20 21:59:31,recruiter,applied,0.488
6719,239,2393,2024-03-15 04:14:25,job_board,applied,0.978
6720,1838,8260,2025-10-11 05:52:34,linkedin,applied,0.567
6721,1608,6217,2025-07-31 18:49:34,job_board,applied,0.705
6722,1820,1188,2025-10-18 22:42:07,job_board,applied,0.892
6723,1429,3615,2025-06-06 23:19:08,linkedin,offer,0.963
6724,530,6952,2024-08-03 07:51:21,job_board,applied,0.92
6725,673,7428,2024-08-21 21:55:20,outbound,applied,0.925
6726,1734,5932,2025-09-18 21:10:19,job_board,interview,0.808
6727,464,214,2024-05-25 07:05:23,recruiter,interview,0.414
6728,1230,3373,2025-03-06 17:57:04,referral,applied,0.502
6729,1317,3772,2025-04-29 04:35:54,referral,applied,0.776
6730,367,1640,2024-05-02 13:02:49,linkedin,applied,0.762
6731,169,3800,2024-03-10 19:29:33,job_board,screened,0.75
6732,68,3310,2024-02-23 06:09:37,recruiter,applied,0.429
6733,1575,5288,2025-07-15 15:53:24,job_board,applied,0.514
6734,582,2817,2024-07-17 03:00:41,job_board,applied,0.744
6735,454,3228,2024-06-14 12:51:28,outbound,applied,0.645
6736,1819,7820,2025-10-04 22:24:28,job_board,applied,0.75
6737,1187,3620,2025-03-04 13:53:11,job_board,applied,0.507
6738,49,1719,2024-02-13 06:54:27,linkedin,interview,0.687
6739,608,6615,2024-07-18 02:40:00,linkedin,applied,0.367
6740,951,2364,2024-12-30 17:00:59,linkedin,applied,0.379
6741,955,1542,2024-12-08 17:01:09,job_board,applied,0.541
6742,1568,6876,2025-08-14 22:34:39,linkedin,applied,0.358
6743,1602,2146,2025-08-22 02:51:57,outbound,applied,0.604
6744,64,63,2024-01-18 05:24:37,linkedin,applied,0.549
6745,575,922,2024-07-30 09:48:47,referral,applied,0.664
6746,1201,6688,2025-03-16 12:14:58,linkedin,applied,0.409
6747,67,2320,2024-02-29 04:39:19,linkedin,interview,0.634
6748,1142,3550,2025-02-07 19:00:12,recruiter,applied,0.456
6749,155,4549,2024-03-07 16:03:34,referral,offer,0.625
6750,1147,2495,2025-03-04 12:33:05,job_board,interview,0.476
6751,149,1703,2024-03-19 10:15:57,job_board,applied,0.767
6752,1478,632,2025-07-11 10:00:31,job_board,applied,0.473
6753,919,663,2024-11-28 05:13:14,outbound,offer,0.371
6754,1903,8234,2025-11-12 03:32:41,job_board,applied,0.968
6755,167,8968,2024-03-07 10:28:44,job_board,applied,0.788
6756,1740,5761,2025-10-08 07:23:23,job_board,applied,0.838
6757,826,4097,2024-10-30 19:45:40,linkedin,applied,0.382
6758,976,7297,2025-01-11 01:50:37,recruiter,applied,0.765
6759,1396,7484,2025-05-28 18:33:26,job_board,screened,0.685
6760,1245,3981,2025-03-27 01:56:32,job_board,screened,0.93
6761,1760,6649,2025-10-22 17:12:03,referral,applied,0.789
6762,1663,873,2025-08-14 11:47:05,linkedin,applied,0.48
6763,443,1489,2024-06-09 11:20:45,outbound,screened,0.451
6764,550,7616,2024-08-04 13:20:19,recruiter,applied,0.493
6765,1754,4611,2025-09-19 09:04:20,referral,applied,0.733
6766,1621,7338,2025-08-15 21:51:00,job_board,offer,0.63
6767,1957,5111,2026-01-05 11:01:06,linkedin,interview,0.953
6768,1832,1051,2025-10-11 17:37:09,job_board,interview,0.824
6769,1252,1421,2025-03-25 06:41:19,job_board,applied,0.425
6770,1925,4795,2025-12-22 05:19:12,job_board,applied,0.949
6771,1475,1008,2025-06-10 04:06:19,job_board,interview,0.827
6772,1775,7610,2025-10-04 16:53:46,job_board,applied,0.368
6773,967,2370,2025-01-07 08:20:35,job_board,screened,0.919
6774,1931,6259,2026-01-02 11:40:22,linkedin,applied,0.764
6775,150,2352,2024-02-11 12:44:09,recruiter,screened,0.582
6776,1816,6969,2025-10-24 16:32:51,recruiter,applied,0.385
6777,1920,2499,2025-12-20 08:01:32,outbound,applied,0.856
6778,1579,4651,2025-07-31 21:04:59,outbound,screened,0.484
6779,1891,2273,2025-11-21 17:53:16,job_board,offer,0.647
6780,842,7878,2024-10-31 19:41:39,referral,applied,0.952
6781,646,4922,2024-09-05 06:15:12,referral,interview,0.829
6782,268,4701,2024-04-08 18:17:28,linkedin,applied,0.7
6783,392,2650,2024-05-12 09:35:54,job_board,screened,0.588
6784,1734,1648,2025-08-28 21:10:19,referral,offer,0.766
6785,131,6945,2024-02-18 19:52:56,job_board,applied,0.728
6786,401,480,2024-06-04 00:50:20,job_board,screened,0.504
6787,996,472,2025-01-12 20:54:16,recruiter,applied,0.855
6788,720,5900,2024-09-09 22:24:28,linkedin,applied,0.425
6789,1850,5594,2025-11-14 12:21:32,job_board,applied,0.483
6790,60,2951,2024-02-27 02:56:23,job_board,screened,0.441
6791,82,6953,2024-01-26 10:23:44,referral,applied,0.733
6792,545,535,2024-08-05 15:07:04,job_board,offer,0.373
6793,1224,3935,2025-03-16 03:54:48,outbound,applied,0.953
6794,712,8163,2024-09-17 13:28:57,linkedin,applied,0.743
6795,1672,2874,2025-08-22 19:46:54,job_board,screened,0.917
6796,192,7062,2024-02-17 11:48:13,recruiter,applied,0.427
6797,760,2728,2024-09-23 22:34:38,job_board,applied,0.482
6798,1299,2085,2025-05-09 09:14:52,job_board,screened,0.825
6799,1224,2951,2025-04-11 03:54:48,outbound,applied,0.882
6800,1036,2613,2025-01-25 20:35:28,referral,applied,0.519
6801,888,1057,2024-11-27 22:40:16,referral,applied,0.805
6802,189,8189,2024-03-21 05:35:58,referral,interview,0.882
6803,131,5230,2024-02-23 19:52:56,linkedin,applied,0.54
6804,110,8657,2024-03-02 15:25:06,job_board,interview,0.57
6805,1009,5612,2025-01-06 17:02:42,job_board,interview,0.607
6806,1770,8034,2025-10-27 21:09:53,outbound,screened,0.829
6807,179,3508,2024-03-10 15:18:13,referral,applied,0.574
6808,131,1692,2024-02-08 19:52:56,referral,screened,0.417
6809,1370,8603,2025-05-31 17:22:24,job_board,applied,0.703
6810,1001,7426,2025-02-07 17:34:29,linkedin,screened,0.384
6811,621,8203,2024-08-06 04:00:56,job_board,interview,0.702
6812,36,8309,2024-01-30 12:54:19,job_board,applied,0.538
6813,1606,2681,2025-08-30 08:32:00,job_board,applied,0.784
6814,1319,4911,2025-05-03 13:34:48,outbound,screened,0.466
6815,1175,6592,2025-03-02 05:36:17,linkedin,applied,0.821
6816,469,7918,2024-06-23 14:16:53,referral,offer,0.935
6817,1871,1047,2025-10-28 17:35:07,job_board,applied,0.818
6818,126,8392,2024-02-15 16:34:42,job_board,applied,0.539
6819,1476,6821,2025-07-14 08:20:15,job_board,applied,0.693
6820,1456,4263,2025-06-03 11:17:28,job_board,applied,0.878
6821,1450,6622,2025-06-22 13:08:05,job_board,offer,0.847
6822,1204,2546,2025-03-26 08:15:32,linkedin,interview,0.385
6823,610,3210,2024-08-09 22:31:48,recruiter,applied,0.389
6824,912,1796,2024-11-30 10:41:13,linkedin,applied,0.42
6825,884,3483,2024-12-08 11:13:05,job_board,interview,0.639
6826,1733,2782,2025-10-02 19:29:11,job_board,applied,0.464
6827,1492,5275,2025-07-22 05:25:53,recruiter,applied,0.792
6828,953,3906,2024-12-08 14:34:24,outbound,applied,0.916
6829,1445,2522,2025-07-09 12:04:14,job_board,interview,0.364
6830,1939,3479,2025-12-19 23:41:49,recruiter,interview,0.818
6831,1385,5155,2025-06-02 07:05:26,job_board,screened,0.374
6832,713,7133,2024-09-07 15:56:14,job_board,applied,0.399
6833,16,7989,2024-02-01 02:19:31,referral,applied,0.623
6834,1757,2387,2025-10-11 19:43:00,job_board,applied,0.98
6835,35,4004,2024-02-03 12:53:51,job_board,screened,0.537
6836,1019,6419,2025-01-28 15:42:41,job_board,applied,0.673
6837,135,1838,2024-02-18 13:04:51,outbound,applied,0.966
6838,1759,6622,2025-10-25 06:48:13,recruiter,screened,0.747
6839,64,5023,2024-01-24 05:24:37,recruiter,applied,0.579
6840,1368,1240,2025-05-12 10:34:29,job_board,applied,0.556
6841,1546,5876,2025-08-13 21:50:45,linkedin,applied,0.528
6842,1466,1443,2025-06-24 05:05:55,job_board,applied,0.402
6843,1094,4734,2025-01-23 17:23:36,outbound,applied,0.415
6844,1182,2792,2025-02-22 12:19:58,job_board,applied,0.81
6845,1010,213,2025-02-10 06:04:35,referral,applied,0.7
6846,1515,6077,2025-08-10 04:29:11,job_board,interview,0.431
6847,172,6024,2024-02-22 18:22:29,linkedin,applied,0.604
6848,1781,2454,2025-09-28 20:22:21,referral,interview,0.497
6849,1550,333,2025-07-18 10:27:39,referral,applied,0.614
6850,1938,7934,2026-01-07 22:02:58,job_board,applied,0.743
6851,186,3757,2024-02-15 23:00:55,job_board,offer,0.428
6852,419,7693,2024-05-10 10:35:57,job_board,screened,0.803
6853,444,3730,2024-06-03 01:46:13,job_board,screened,0.375
6854,825,6677,2024-11-18 07:39:52,job_board,interview,0.357
6855,1638,7618,2025-08-05 15:16:15,linkedin,interview,0.884
6856,1574,6146,2025-07-27 10:10:49,job_board,interview,0.799
6857,1386,7765,2025-05-10 14:57:14,job_board,applied,0.403
6858,793,581,2024-10-05 01:01:58,linkedin,screened,0.388
6859,186,6976,2024-03-16 23:00:55,referral,offer,0.872
6860,1389,6464,2025-05-11 16:02:29,referral,interview,0.407
6861,148,7378,2024-02-23 03:41:51,job_board,applied,0.819
6862,409,5712,2024-05-09 11:53:25,outbound,interview,0.743
6863,813,1970,2024-09-29 02:15:37,referral,applied,0.88
6864,1554,5459,2025-07-31 09:46:49,job_board,applied,0.636
6865,1207,6447,2025-03-11 08:47:32,recruiter,applied,0.714
6866,208,8950,2024-03-26 18:30:40,job_board,offer,0.437
6867,494,6744,2024-06-07 01:22:44,referral,interview,0.907
6868,1699,7571,2025-08-21 14:51:42,job_board,interview,0.577
6869,1171,7003,2025-03-26 09:43:27,job_board,applied,0.493
6870,1316,921,2025-04-25 17:56:26,job_board,applied,0.369
6871,719,7154,2024-09-30 10:55:13,outbound,applied,0.635
6872,1631,6350,2025-08-04 20:14:02,linkedin,applied,0.351
6873,1178,1470,2025-03-03 14:49:39,linkedin,applied,0.739
6874,163,1690,2024-03-11 18:27:50,job_board,applied,0.815
6875,1452,2313,2025-06-07 20:39:07,referral,interview,0.421
6876,577,5280,2024-07-16 13:45:55,referral,screened,0.644
6877,1687,7054,2025-08-19 14:39:03,referral,applied,0.64
6878,1277,7924,2025-04-06 19:17:02,job_board,screened,0.436
6879,392,1327,2024-05-25 09:35:54,outbound,interview,0.671
6880,59,8831,2024-01-28 01:29:30,referral,screened,0.765
6881,171,1116,2024-02-16 03:49:52,linkedin,applied,0.793
6882,493,5285,2024-07-04 23:53:29,referral,applied,0.431
6883,237,8794,2024-03-30 19:49:50,outbound,applied,0.809
6884,1317,3745,2025-04-26 04:35:54,job_board,applied,0.768
6885,331,8711,2024-04-16 09:12:43,job_board,interview,0.445
6886,893,5693,2024-12-02 17:16:59,recruiter,applied,0.475
6887,649,3031,2024-08-31 01:50:58,referral,applied,0.553
6888,1316,7883,2025-05-02 17:56:26,job_board,interview,0.813
6889,58,78,2024-01-31 23:44:42,recruiter,applied,0.557
6890,805,6879,2024-10-17 00:05:34,job_board,applied,0.827
6891,1666,3585,2025-08-15 14:20:01,outbound,applied,0.772
6892,493,6440,2024-06-06 23:53:29,job_board,applied,0.81
6893,1699,233,2025-08-31 14:51:42,job_board,interview,0.397
6894,344,8146,2024-05-02 15:23:23,job_board,interview,0.629
6895,1427,1291,2025-06-17 16:40:19,linkedin,applied,0.458
6896,565,5455,2024-07-13 13:13:46,job_board,applied,0.399
6897,713,2018,2024-09-21 15:56:14,job_board,screened,0.535
6898,1045,8316,2025-01-25 16:06:55,job_board,applied,0.754
6899,1414,7553,2025-06-08 23:56:52,linkedin,applied,0.807
6900,1054,7530,2025-01-18 22:59:06,job_board,interview,0.921
6901,1150,3378,2025-02-23 01:37:53,job_board,offer,0.803
6902,579,1637,2024-07-16 11:08:49,job_board,applied,0.403
6903,1325,74,2025-05-10 02:49:34,job_board,interview,0.796
6904,142,1826,2024-03-05 07:37:23,outbound,applied,0.403
6905,176,5732,2024-02-13 15:34:39,linkedin,interview,0.873
6906,320,3067,2024-04-16 17:45:06,job_board,applied,0.374
6907,1750,636,2025-10-03 11:36:49,outbound,applied,0.697
6908,1227,8994,2025-04-03 21:39:57,job_board,interview,0.866
6909,698,8047,2024-09-19 12:01:01,job_board,offer,0.579
6910,1251,3941,2025-04-17 03:48:44,job_board,interview,0.612
6911,539,2209,2024-06-28 15:22:44,linkedin,applied,0.765
6912,1466,4008,2025-07-01 05:05:55,linkedin,interview,0.553
6913,782,2140,2024-10-22 04:23:31,job_board,applied,0.946
6914,1238,655,2025-03-31 08:07:50,referral,applied,0.475
6915,495,3574,2024-07-17 03:28:08,job_board,interview,0.374
6916,71,1473,2024-02-22 10:22:06,linkedin,interview,0.942
6917,1989,968,2026-02-05 09:11:29,recruiter,interview,0.641
6918,1307,8851,2025-05-14 13:34:57,recruiter,applied,0.86
6919,1293,209,2025-03-30 14:33:53,referral,applied,0.773
6920,1207,7460,2025-03-14 08:47:32,job_board,applied,0.843
6921,1793,8230,2025-11-01 13:51:55,job_board,applied,0.573
6922,38,3890,2024-01-14 01:54:00,job_board,screened,0.946
6923,1903,7773,2025-11-10 03:32:41,job_board,applied,0.517
6924,919,4564,2024-11-28 05:13:14,job_board,applied,0.743
6925,1163,8247,2025-02-28 03:26:50,referral,screened,0.683
6926,1876,7460,2025-11-21 01:50:15,job_board,applied,0.391
6927,1602,6090,2025-08-14 02:51:57,outbound,screened,0.863
6928,701,5167,2024-09-18 01:43:47,linkedin,interview,0.408
6929,1811,118,2025-10-08 03:42:31,job_board,applied,0.835
6930,167,2537,2024-03-02 10:28:44,linkedin,applied,0.633
6931,301,8759,2024-04-08 16:15:04,linkedin,offer,0.784
6932,455,8293,2024-06-29 14:06:07,job_board,interview,0.594
6933,539,6379,2024-08-01 15:22:44,linkedin,screened,0.769
6934,1347,4451,2025-05-27 16:25:08,linkedin,interview,0.752
6935,804,3738,2024-10-01 11:53:02,job_board,applied,0.601
6936,1701,3771,2025-08-23 21:12:38,referral,applied,0.888
6937,1246,6593,2025-04-04 15:10:05,job_board,applied,0.945
6938,1211,2397,2025-03-28 18:42:41,job_board,applied,0.947
6939,1537,5104,2025-08-11 14:17:31,recruiter,screened,0.859
6940,821,5640,2024-11-07 04:07:43,recruiter,offer,0.461
6941,691,6046,2024-08-21 17:49:03,outbound,screened,0.958
6942,217,1494,2024-03-11 05:58:05,job_board,screened,0.713
6943,1686,7417,2025-09-26 12:47:08,job_board,interview,0.486
6944,466,3902,2024-06-24 17:53:54,referral,applied,0.724
6945,1309,8426,2025-05-17 11:51:59,job_board,screened,0.731
6946,1582,3992,2025-07-24 18:33:42,outbound,screened,0.621
6947,745,7170,2024-09-10 22:45:35,job_board,applied,0.42
6948,328,1003,2024-05-02 14:39:16,recruiter,applied,0.769
6949,1362,8063,2025-05-16 07:15:49,job_board,applied,0.457
6950,651,243,2024-09-12 05:52:53,job_board,applied,0.515
6951,1705,5108,2025-08-20 20:22:31,job_board,offer,0.847
6952,891,6734,2024-11-28 11:39:58,job_board,interview,0.77
6953,672,3046,2024-09-18 09:57:44,job_board,applied,0.445
6954,1455,8611,2025-06-21 23:35:11,referral,applied,0.707
6955,774,6028,2024-09-18 18:18:09,linkedin,applied,0.516
6956,1594,8121,2025-07-20 17:53:04,linkedin,applied,0.805
6957,1384,5007,2025-05-21 03:13:11,outbound,applied,0.57
6958,1769,6362,2025-10-20 06:35:07,recruiter,applied,0.475
6959,860,506,2024-11-16 05:21:35,job_board,screened,0.564
6960,174,592,2024-02-16 06:51:04,linkedin,applied,0.904
6961,356,5183,2024-05-13 05:40:19,job_board,applied,0.38
6962,11,3346,2024-02-12 23:54:28,referral,applied,0.811
6963,1709,3757,2025-09-19 19:15:57,linkedin,interview,0.938
6964,487,5530,2024-06-15 07:39:26,outbound,interview,0.512
6965,404,3327,2024-04-30 09:20:12,job_board,interview,0.452
6966,1213,8966,2025-03-23 00:29:28,job_board,screened,0.941
6967,493,6521,2024-07-09 23:53:29,linkedin,applied,0.606
6968,1959,5437,2026-01-14 04:20:06,linkedin,screened,0.48
6969,1736,7966,2025-10-01 13:21:28,linkedin,applied,0.549
6970,902,216,2024-11-27 04:07:55,job_board,applied,0.676
6971,1284,1775,2025-04-18 16:40:07,job_board,applied,0.613
6972,774,7460,2024-09-20 18:18:09,job_board,screened,0.684
6973,864,7155,2024-11-18 21:07:55,job_board,interview,0.594
6974,961,5253,2025-01-06 10:47:13,job_board,applied,0.684
6975,764,1527,2024-09-09 00:04:34,job_board,screened,0.919
6976,874,2665,2024-11-04 08:36:02,outbound,applied,0.866
6977,367,5189,2024-04-24 13:02:49,job_board,applied,0.725
6978,1304,759,2025-05-14 23:47:25,job_board,interview,0.615
6979,136,7634,2024-02-05 17:29:39,job_board,applied,0.884
6980,1819,2971,2025-10-23 22:24:28,outbound,applied,0.573
6981,1819,8153,2025-10-14 22:24:28,job_board,applied,0.905
6982,417,4808,2024-06-15 18:53:56,referral,applied,0.469
6983,90,2777,2024-01-31 16:55:50,job_board,applied,0.52
6984,959,373,2025-01-17 11:03:13,job_board,screened,0.728
6985,124,7370,2024-02-08 05:30:37,linkedin,applied,0.79
6986,807,5960,2024-09-27 00:47:26,job_board,applied,0.93
6987,1505,7910,2025-07-08 15:23:42,outbound,applied,0.617
6988,620,1962,2024-08-11 18:44:41,job_board,applied,0.609
6989,1788,1555,2025-10-19 00:14:16,referral,applied,0.393
6990,29,2118,2024-02-01 23:15:21,job_board,screened,0.778
6991,1420,3463,2025-06-08 22:44:53,job_board,applied,0.845
6992,1008,3387,2025-01-14 11:44:45,referral,applied,0.356
6993,485,6987,2024-07-10 13:17:52,recruiter,applied,0.754
6994,861,8586,2024-11-10 10:49:47,job_board,interview,0.538
6995,542,133,2024-07-10 21:15:10,referral,applied,0.822
6996,1241,4807,2025-03-12 06:36:10,job_board,applied,0.395
6997,1923,5632,2025-12-07 20:54:11,outbound,applied,0.66
6998,1003,2154,2025-01-18 07:22:24,recruiter,screened,0.899
6999,1401,3732,2025-05-06 20:08:37,job_board,applied,0.968
7000,1223,6590,2025-04-06 03:18:29,linkedin,screened,0.804
7001,1656,4658,2025-09-09 20:46:37,linkedin,screened,0.403
7002,1126,573,2025-02-12 05:31:05,linkedin,screened,0.692
7003,893,3766,2024-11-27 17:16:59,job_board,applied,0.683
7004,239,2932,2024-03-07 04:14:25,outbound,applied,0.658
7005,1554,1759,2025-07-14 09:46:49,job_board,applied,0.646
7006,1796,932,2025-10-23 06:41:04,job_board,applied,0.363
7007,1962,3137,2025-12-15 12:37:19,job_board,applied,0.783
7008,1460,7747,2025-07-11 09:52:07,referral,applied,0.728
7009,714,7750,2024-08-29 16:49:10,referral,applied,0.695
7010,1407,1406,2025-06-08 20:20:09,job_board,applied,0.8
7011,642,5499,2024-08-14 23:27:56,job_board,applied,0.698
7012,1798,6636,2025-09-26 17:49:43,job_board,applied,0.619
7013,86,4296,2024-01-22 19:15:52,linkedin,applied,0.561
7014,1797,316,2025-09-29 16:49:25,linkedin,screened,0.599
7015,1475,6355,2025-07-12 04:06:19,job_board,applied,0.677
7016,1779,1493,2025-11-02 14:02:53,job_board,applied,0.586
7017,482,1654,2024-06-15 23:13:58,job_board,applied,0.627
7018,1017,2560,2025-01-15 10:10:24,referral,interview,0.752
7019,508,752,2024-07-23 07:27:34,job_board,applied,0.699
7020,1422,8426,2025-06-03 20:34:07,linkedin,screened,0.625
7021,1265,4938,2025-04-01 13:32:15,linkedin,screened,0.899
7022,1384,7337,2025-05-26 03:13:11,referral,applied,0.566
7023,1478,104,2025-06-24 10:00:31,job_board,applied,0.519
7024,90,1705,2024-02-04 16:55:50,referral,applied,0.564
7025,815,1334,2024-11-09 20:46:50,job_board,screened,0.744
7026,506,645,2024-07-13 12:44:49,outbound,applied,0.355
7027,1890,6454,2025-11-09 04:54:18,outbound,screened,0.579
7028,1059,1500,2025-02-10 13:25:00,job_board,applied,0.378
7029,324,8115,2024-05-10 09:32:35,job_board,screened,0.846
7030,785,6728,2024-10-07 06:14:39,job_board,applied,0.583
7031,1055,2568,2025-01-20 23:55:16,linkedin,screened,0.453
7032,650,2427,2024-08-20 05:26:11,job_board,screened,0.663
7033,1235,3444,2025-03-26 21:54:42,job_board,screened,0.58
7034,1539,4857,2025-07-14 18:10:31,job_board,offer,0.934
7035,1235,6130,2025-04-12 21:54:42,job_board,applied,0.772
7036,1158,4035,2025-02-11 05:16:43,referral,interview,0.651
7037,1314,7244,2025-04-13 13:20:29,job_board,applied,0.96
7038,576,6921,2024-07-11 06:26:05,job_board,interview,0.81
7039,1268,2342,2025-03-22 15:57:11,linkedin,screened,0.473
7040,103,3566,2024-02-06 17:24:04,job_board,offer,0.643
7041,1584,7436,2025-07-26 16:28:31,job_board,applied,0.665
7042,761,6531,2024-10-13 01:56:52,job_board,applied,0.926
7043,1629,8755,2025-08-10 03:13:38,linkedin,applied,0.701
7044,508,873,2024-06-23 07:27:34,linkedin,interview,0.782
7045,1955,792,2025-12-21 21:06:59,linkedin,applied,0.453
7046,1041,4550,2025-01-15 19:43:18,referral,applied,0.605
7047,1880,2019,2025-12-02 01:54:24,referral,screened,0.464
7048,585,6663,2024-08-15 23:51:23,job_board,offer,0.633
7049,1040,6536,2025-01-13 12:07:37,recruiter,screened,0.898
7050,1428,4002,2025-06-14 18:13:01,recruiter,applied,0.888
7051,1412,331,2025-06-07 09:06:07,linkedin,interview,0.445
7052,506,3161,2024-07-24 12:44:49,linkedin,interview,0.611
7053,805,2557,2024-10-27 00:05:34,referral,applied,0.95
7054,461,3563,2024-07-02 04:47:51,referral,interview,0.43
7055,1302,7601,2025-05-07 15:20:45,linkedin,screened,0.45
7056,831,6653,2024-11-02 23:36:51,job_board,screened,0.408
7057,15,6135,2024-02-17 06:44:33,outbound,applied,0.679
7058,586,133,2024-08-07 01:42:41,job_board,offer,0.978
7059,736,5767,2024-10-04 11:58:19,recruiter,applied,0.909
7060,1122,4682,2025-02-20 18:52:30,job_board,applied,0.492
7061,1830,5508,2025-10-08 16:47:43,referral,applied,0.859
7062,1968,3666,2026-01-10 19:00:16,job_board,applied,0.367
7063,1351,4518,2025-04-28 11:44:24,referral,applied,0.729
7064,1809,3023,2025-10-19 14:35:54,linkedin,applied,0.9
7065,35,6901,2024-02-11 12:53:51,linkedin,screened,0.573
7066,1721,3602,2025-10-02 18:06:26,linkedin,applied,0.594
7067,1046,7788,2025-01-21 19:50:25,referral,applied,0.761
7068,746,8328,2024-10-10 15:34:42,referral,applied,0.901
7069,732,7160,2024-09-07 17:20:24,job_board,applied,0.692
7070,699,4729,2024-09-19 12:43:48,recruiter,screened,0.942
7071,1618,4345,2025-09-02 23:01:21,referral,applied,0.719
7072,918,4690,2024-12-14 17:23:04,job_board,screened,0.567
7073,230,7007,2024-03-18 15:24:03,linkedin,applied,0.882
7074,1803,7759,2025-10-22 06:44:01,referral,applied,0.864
7075,1209,6799,2025-03-14 15:39:27,outbound,applied,0.757
7076,782,6446,2024-09-20 04:23:31,job_board,offer,0.436
7077,1425,4102,2025-06-07 04:57:31,job_board,applied,0.352
7078,702,2304,2024-08-16 02:37:51,referral,applied,0.383
7079,1191,3007,2025-03-03 20:43:34,job_board,interview,0.509
7080,16,8978,2024-02-19 02:19:31,outbound,applied,0.5
7081,549,3692,2024-06-28 09:18:30,referral,screened,0.739
7082,685,4340,2024-08-12 17:28:03,job_board,screened,0.622
7083,1587,4439,2025-08-29 07:05:09,job_board,applied,0.366
7084,1509,3160,2025-07-25 12:36:39,linkedin,applied,0.895
7085,1588,1323,2025-07-30 08:35:41,outbound,screened,0.724
7086,958,1974,2024-12-10 14:20:53,job_board,applied,0.597
7087,722,1967,2024-09-16 10:42:17,referral,applied,0.593
7088,1057,1791,2025-02-26 05:13:27,job_board,applied,0.417
7089,534,917,2024-06-23 17:10:10,job_board,screened,0.672
7090,1058,8407,2025-02-28 09:07:04,job_board,interview,0.974
7091,1328,651,2025-04-19 15:57:30,job_board,applied,0.679
7092,1939,1059,2026-01-09 23:41:49,job_board,applied,0.359
7093,736,5096,2024-09-01 11:58:19,job_board,applied,0.74
7094,227,8273,2024-03-09 08:27:34,recruiter,screened,0.355
7095,691,6283,2024-08-13 17:49:03,referral,applied,0.925
7096,1653,1180,2025-08-25 01:45:45,job_board,applied,0.675
7097,902,5523,2024-12-06 04:07:55,job_board,interview,0.785
7098,834,5345,2024-10-15 01:43:10,job_board,applied,0.901
7099,917,6543,2024-11-15 10:45:53,job_board,applied,0.845
7100,506,2624,2024-06-16 12:44:49,linkedin,offer,0.693
7101,1660,3659,2025-08-27 06:23:16,referral,applied,0.604
7102,1343,8699,2025-05-12 04:49:54,recruiter,applied,0.932
7103,1906,7193,2025-12-12 06:29:42,job_board,applied,0.365
7104,197,2317,2024-03-31 14:49:52,job_board,interview,0.606
7105,1427,6730,2025-06-02 16:40:19,linkedin,screened,0.665
7106,162,7737,2024-03-06 15:16:51,referral,applied,0.899
7107,177,6400,2024-02-19 16:29:35,outbound,applied,0.454
7108,1691,5647,2025-08-31 03:47:53,job_board,applied,0.791
7109,676,6895,2024-08-17 15:42:44,job_board,applied,0.771
7110,632,4851,2024-08-01 23:00:52,job_board,screened,0.955
7111,380,2084,2024-04-26 15:53:37,job_board,screened,0.897
7112,217,4380,2024-02-26 05:58:05,outbound,screened,0.655
7113,1327,5125,2025-04-26 03:29:38,linkedin,applied,0.408
7114,1047,6852,2025-01-14 22:04:46,recruiter,applied,0.879
7115,1197,6975,2025-03-09 22:39:21,job_board,applied,0.506
7116,309,1183,2024-03-28 18:19:51,job_board,applied,0.825
7117,1965,890,2025-12-25 21:34:34,linkedin,interview,0.704
7118,16,1431,2024-02-11 02:19:31,job_board,applied,0.38
7119,896,2224,2024-11-14 01:09:08,job_board,offer,0.352
7120,1044,2497,2025-01-14 22:19:51,job_board,screened,0.43
7121,211,4418,2024-03-04 05:44:48,job_board,interview,0.522
7122,1158,6429,2025-03-01 05:16:43,job_board,screened,0.523
7123,1197,3728,2025-03-21 22:39:21,job_board,applied,0.49
7124,1062,4057,2025-02-13 17:04:19,linkedin,applied,0.898
7125,734,8229,2024-08-29 03:11:28,referral,applied,0.686
7126,1860,6769,2025-11-28 23:29:20,job_board,screened,0.424
7127,356,6756,2024-05-03 05:40:19,job_board,offer,0.416
7128,1489,6753,2025-06-27 09:58:20,job_board,applied,0.722
7129,742,368,2024-10-09 23:12:21,referral,screened,0.774
7130,775,6601,2024-09-20 21:36:52,outbound,offer,0.8
7131,477,4188,2024-07-03 18:10:12,job_board,applied,0.762
7132,1350,5675,2025-06-04 08:08:08,referral,applied,0.749
7133,395,6864,2024-05-08 20:58:48,referral,applied,0.843
7134,746,459,2024-09-19 15:34:42,job_board,applied,0.399
7135,968,6022,2025-01-06 02:35:56,recruiter,applied,0.76
7136,20,7950,2024-02-12 14:49:30,recruiter,applied,0.465
7137,1621,4839,2025-09-09 21:51:00,job_board,applied,0.473
7138,663,5916,2024-08-29 23:32:28,referral,interview,0.838
7139,1772,767,2025-10-19 03:11:36,job_board,interview,0.978
7140,1298,6789,2025-05-07 14:50:05,linkedin,applied,0.552
7141,521,8237,2024-07-12 02:22:21,job_board,applied,0.675
7142,1325,3185,2025-05-17 02:49:34,job_board,applied,0.792
7143,897,3736,2024-11-30 17:06:10,outbound,applied,0.947
7144,974,4659,2025-01-08 01:17:46,job_board,applied,0.757
7145,1686,1307,2025-09-24 12:47:08,recruiter,screened,0.795
7146,1283,816,2025-04-10 05:09:24,linkedin,applied,0.53
7147,1978,760,2025-12-26 20:01:41,linkedin,applied,0.584
7148,1857,1431,2025-11-17 21:44:18,job_board,applied,0.916
7149,1700,7064,2025-09-14 19:54:47,job_board,applied,0.376
7150,932,5667,2024-12-17 13:53:11,linkedin,screened,0.7
7151,989,5515,2025-01-06 08:05:30,job_board,interview,0.436
7152,1765,678,2025-10-17 09:04:28,linkedin,applied,0.377
7153,1741,2266,2025-09-24 01:52:45,referral,screened,0.439
7154,742,8424,2024-09-27 23:12:21,linkedin,screened,0.644
7155,1414,4798,2025-05-14 23:56:52,linkedin,interview,0.736
7156,1199,725,2025-04-04 16:35:57,outbound,applied,0.453
7157,228,8519,2024-04-02 10:26:14,referral,applied,0.673
7158,247,5092,2024-03-26 23:22:25,linkedin,applied,0.963
7159,169,4439,2024-02-18 19:29:33,referral,applied,0.689
7160,513,5369,2024-07-28 07:04:54,referral,offer,0.389
7161,1873,3516,2025-11-17 09:28:18,recruiter,applied,0.505
7162,635,6164,2024-08-14 21:11:06,linkedin,interview,0.375
7163,1849,2771,2025-11-23 07:26:54,linkedin,applied,0.72
7164,881,3190,2024-12-06 03:12:48,outbound,applied,0.903
7165,917,1641,2024-11-26 10:45:53,job_board,screened,0.839
7166,512,1763,2024-07-13 09:53:40,recruiter,applied,0.379
7167,1324,8194,2025-04-25 14:36:59,job_board,applied,0.84
7168,1179,1813,2025-02-17 19:51:51,job_board,applied,0.671
7169,610,1546,2024-08-04 22:31:48,job_board,applied,0.887
7170,1570,4284,2025-07-22 05:41:38,outbound,offer,0.6
7171,1403,492,2025-05-31 17:34:16,referral,applied,0.606
7172,1423,3693,2025-06-04 21:34:23,referral,applied,0.972
7173,893,1285,2024-11-10 17:16:59,outbound,applied,0.567
7174,1295,2322,2025-04-18 22:01:44,linkedin,screened,0.474
7175,697,1643,2024-09-17 02:29:56,job_board,applied,0.964
7176,1999,7796,2026-01-27 03:52:44,linkedin,applied,0.92
7177,882,3824,2024-11-25 00:12:59,referral,screened,0.42
7178,549,18,2024-06-30 09:18:30,linkedin,interview,0.486
7179,912,8187,2024-11-17 10:41:13,job_board,applied,0.889
7180,1883,8983,2025-11-28 12:23:52,job_board,applied,0.488
7181,1886,1214,2025-11-23 08:09:55,job_board,screened,0.549
7182,712,898,2024-09-19 13:28:57,job_board,applied,0.569
7183,1770,1316,2025-10-02 21:09:53,outbound,applied,0.564
7184,612,2435,2024-07-22 03:21:51,linkedin,applied,0.496
7185,389,3937,2024-05-08 14:43:30,referral,interview,0.463
7186,444,7141,2024-06-16 01:46:13,linkedin,applied,0.578
7187,557,8134,2024-08-12 18:48:59,referral,applied,0.67
7188,586,7724,2024-08-05 01:42:41,referral,screened,0.365
7189,599,8345,2024-07-31 22:26:06,job_board,offer,0.376
7190,767,492,2024-09-25 12:14:29,recruiter,applied,0.697
7191,24,8558,2024-01-09 14:03:26,referral,screened,0.462
7192,755,5892,2024-09-12 12:26:03,recruiter,applied,0.452
7193,1061,1142,2025-01-31 08:40:03,job_board,applied,0.391
7194,802,8942,2024-10-20 23:43:16,job_board,applied,0.849
7195,966,6350,2025-01-06 13:13:55,outbound,applied,0.53
7196,451,6772,2024-06-03 04:45:35,linkedin,applied,0.669
7197,250,5827,2024-03-28 18:07:52,job_board,applied,0.68
7198,1801,7052,2025-10-05 03:40:14,recruiter,offer,0.508
7199,1981,275,2025-12-23 21:35:33,job_board,applied,0.864
7200,816,5009,2024-10-12 22:23:14,job_board,applied,0.962
7201,1523,6051,2025-07-06 02:51:00,job_board,interview,0.624
7202,282,7763,2024-04-09 19:55:02,referral,applied,0.973
7203,367,6273,2024-05-21 13:02:49,referral,applied,0.48
7204,1040,2233,2025-01-18 12:07:37,linkedin,applied,0.83
7205,1411,5910,2025-05-13 04:08:30,job_board,applied,0.679
7206,1403,2222,2025-05-09 17:34:16,linkedin,applied,0.693
7207,682,1942,2024-08-19 17:36:41,referral,offer,0.922
7208,1754,5562,2025-09-15 09:04:20,job_board,applied,0.952
7209,1266,2992,2025-05-03 16:24:50,referral,screened,0.352
7210,634,2990,2024-08-04 19:11:41,job_board,screened,0.5
7211,941,4984,2024-12-27 10:21:37,linkedin,interview,0.535
7212,597,1749,2024-08-13 10:59:45,referral,applied,0.646
7213,278,1246,2024-03-26 23:31:01,linkedin,applied,0.723
7214,12,3930,2024-01-10 07:40:29,job_board,screened,0.886
7215,921,1429,2024-11-25 13:33:45,job_board,interview,0.973
7216,13,6622,2024-02-12 08:34:34,referral,applied,0.639
7217,1924,6289,2025-12-08 04:33:40,referral,screened,0.548
7218,1756,8494,2025-09-10 18:06:23,job_board,screened,0.829
7219,1497,1492,2025-07-16 21:16:06,referral,applied,0.794
7220,1501,6730,2025-07-08 13:53:08,job_board,screened,0.426
7221,1254,151,2025-03-22 15:04:07,referral,screened,0.758
7222,1465,5566,2025-06-09 18:56:53,referral,interview,0.875
7223,1688,1666,2025-09-17 15:37:18,job_board,applied,0.395
7224,1026,6501,2025-01-21 04:39:54,outbound,applied,0.693
7225,1658,680,2025-08-08 00:03:04,job_board,screened,0.36
7226,475,377,2024-07-03 12:10:52,linkedin,applied,0.528
7227,1777,2540,2025-09-26 18:37:37,outbound,offer,0.383
7228,1414,3151,2025-06-26 23:56:52,linkedin,interview,0.959
7229,218,6843,2024-03-22 06:42:18,job_board,applied,0.73
7230,364,1726,2024-05-10 09:27:43,linkedin,applied,0.976
7231,259,7075,2024-04-09 15:12:31,outbound,applied,0.907
7232,485,4454,2024-06-12 13:17:52,recruiter,applied,0.604
7233,1598,643,2025-08-18 23:01:25,outbound,applied,0.677
7234,1654,8581,2025-08-13 12:50:12,job_board,interview,0.8
7235,1991,5133,2026-01-07 07:12:35,referral,applied,0.488
7236,258,7658,2024-04-03 13:55:21,referral,applied,0.389
7237,1126,793,2025-02-19 05:31:05,recruiter,applied,0.881
7238,1644,4065,2025-09-13 05:50:45,job_board,applied,0.735
7239,1929,1684,2025-11-24 00:26:09,job_board,screened,0.935
7240,197,4637,2024-02-22 14:49:52,linkedin,applied,0.795
7241,1326,7058,2025-04-12 07:24:28,referral,applied,0.527
7242,160,7643,2024-03-19 07:00:10,job_board,applied,0.518
7243,171,8749,2024-02-29 03:49:52,outbound,screened,0.561
7244,1670,2363,2025-09-18 07:01:35,job_board,interview,0.467
7245,1853,2445,2025-11-09 04:21:38,job_board,applied,0.656
7246,371,6901,2024-05-26 18:14:44,job_board,applied,0.513
7247,1679,6991,2025-09-17 22:00:52,job_board,screened,0.893
7248,1824,2970,2025-10-07 09:16:35,recruiter,applied,0.841
7249,1072,3079,2025-03-03 22:38:37,recruiter,applied,0.484
7250,343,1758,2024-05-01 11:17:46,referral,interview,0.673
7251,1488,7062,2025-07-09 06:28:02,job_board,applied,0.914
7252,1097,1001,2025-02-03 23:19:17,referral,screened,0.428
7253,704,5133,2024-09-22 20:25:22,recruiter,screened,0.849
7254,1731,3474,2025-08-30 13:37:04,linkedin,applied,0.504
7255,1232,4917,2025-03-08 22:55:57,job_board,screened,0.566
7256,529,8312,2024-06-30 07:32:12,outbound,applied,0.7
7257,827,7279,2024-11-10 22:56:27,job_board,applied,0.863
7258,619,8141,2024-08-25 15:13:02,outbound,screened,0.472
7259,1055,6266,2025-01-25 23:55:16,job_board,offer,0.933
7260,543,3856,2024-07-17 21:51:20,linkedin,applied,0.642
7261,1274,8737,2025-04-09 02:19:30,outbound,applied,0.552
7262,897,5048,2024-11-29 17:06:10,job_board,screened,0.485
7263,108,3265,2024-01-26 07:17:28,referral,applied,0.55
7264,12,7705,2024-01-23 07:40:29,job_board,applied,0.548
7265,193,8596,2024-03-09 13:19:31,recruiter,interview,0.861
7266,322,4301,2024-04-01 01:36:49,referral,applied,0.611
7267,165,7449,2024-03-10 06:31:13,job_board,interview,0.554
7268,1324,4434,2025-04-28 14:36:59,linkedin,applied,0.446
7269,1190,4442,2025-03-03 18:54:30,linkedin,screened,0.744
7270,42,4759,2024-02-16 04:11:11,referral,interview,0.59
7271,826,4508,2024-11-10 19:45:40,linkedin,applied,0.869
7272,588,8035,2024-07-22 13:38:18,job_board,interview,0.443
7273,1001,8118,2025-02-07 17:34:29,job_board,screened,0.72
7274,1171,7136,2025-02-13 09:43:27,linkedin,applied,0.389
7275,1001,5288,2025-01-22 17:34:29,job_board,applied,0.429
7276,798,1017,2024-10-23 16:46:06,recruiter,applied,0.968
7277,81,3041,2024-01-30 00:23:25,recruiter,interview,0.79
7278,1586,1274,2025-08-02 02:41:03,referral,applied,0.68
7279,1593,373,2025-08-18 17:30:28,linkedin,screened,0.417
7280,1720,5692,2025-09-09 11:54:09,linkedin,applied,0.358
7281,1402,2697,2025-05-20 06:23:38,job_board,applied,0.513
7282,655,706,2024-08-29 04:50:01,job_board,screened,0.657
7283,1376,1957,2025-05-06 13:35:39,linkedin,applied,0.397
7284,1803,596,2025-10-21 06:44:01,referral,applied,0.574
7285,69,1162,2024-01-29 08:50:44,job_board,interview,0.514
7286,1015,4476,2025-01-17 02:48:31,job_board,offer,0.931
7287,1304,6054,2025-04-20 23:47:25,job_board,interview,0.742
7288,1971,7094,2026-01-14 16:35:38,job_board,applied,0.698
7289,1001,3562,2025-01-07 17:34:29,referral,applied,0.657
7290,1760,6666,2025-10-12 17:12:03,linkedin,interview,0.445
7291,1522,852,2025-07-13 21:51:20,recruiter,screened,0.589
7292,1580,1157,2025-08-24 07:35:50,job_board,screened,0.734
7293,194,2943,2024-03-05 19:31:45,linkedin,applied,0.881
7294,1009,5734,2025-01-19 17:02:42,referral,screened,0.952
7295,1494,1264,2025-07-20 08:14:12,linkedin,applied,0.772
7296,250,14,2024-03-06 18:07:52,job_board,interview,0.824
7297,1924,5388,2025-12-28 04:33:40,job_board,applied,0.674
7298,1369,3670,2025-05-10 13:59:57,job_board,interview,0.474
7299,1702,3843,2025-09-25 23:43:15,outbound,screened,0.781
7300,1266,3785,2025-04-05 16:24:50,job_board,interview,0.809
7301,1789,8408,2025-09-29 05:46:24,job_board,interview,0.5
7302,1801,1038,2025-09-29 03:40:14,referral,applied,0.912
7303,152,5479,2024-03-12 21:14:02,linkedin,applied,0.671
7304,1875,6897,2025-10-25 23:33:21,referral,applied,0.782
7305,1060,6887,2025-02-12 22:17:32,referral,screened,0.678
7306,978,767,2025-01-12 07:18:51,job_board,interview,0.714
7307,494,3016,2024-06-17 01:22:44,job_board,applied,0.814
7308,809,8644,2024-10-30 10:29:24,job_board,screened,0.492
7309,1090,6791,2025-02-08 03:44:48,job_board,applied,0.846
7310,1066,8307,2025-02-21 13:42:28,job_board,applied,0.565
7311,1414,6614,2025-05-28 23:56:52,recruiter,applied,0.701
7312,1359,622,2025-05-29 15:14:24,job_board,screened,0.732
7313,1494,8919,2025-07-06 08:14:12,linkedin,screened,0.938
7314,1157,7516,2025-03-02 01:58:48,outbound,offer,0.462
7315,1984,5951,2026-01-29 07:48:29,job_board,interview,0.618
7316,1758,9,2025-09-14 20:22:21,job_board,applied,0.417
7317,1916,8246,2025-12-03 07:20:05,job_board,applied,0.62
7318,1449,8017,2025-05-29 09:29:50,job_board,applied,0.808
7319,495,7803,2024-06-09 03:28:08,linkedin,screened,0.551
7320,1930,2687,2025-11-30 06:22:28,recruiter,interview,0.749
7321,1832,8269,2025-11-08 17:37:09,recruiter,interview,0.817
7322,594,73,2024-08-16 12:09:26,job_board,applied,0.696
7323,1769,5159,2025-10-21 06:35:07,job_board,screened,0.877
7324,1045,6919,2025-02-25 16:06:55,linkedin,applied,0.39
7325,1447,2016,2025-06-20 22:53:27,job_board,applied,0.803
7326,685,8709,2024-08-18 17:28:03,job_board,applied,0.891
7327,516,5266,2024-07-06 01:37:59,job_board,interview,0.829
7328,805,1470,2024-10-19 00:05:34,job_board,applied,0.607
7329,377,8296,2024-05-23 12:50:51,job_board,screened,0.548
7330,283,1138,2024-04-07 22:54:35,referral,applied,0.461
7331,872,8758,2024-10-21 02:50:14,referral,interview,0.609
7332,1896,8815,2025-12-13 03:43:06,referral,offer,0.54
7333,79,8516,2024-02-14 12:03:48,job_board,applied,0.757
7334,655,2901,2024-08-04 04:50:01,job_board,applied,0.475
7335,568,3970,2024-08-15 07:42:14,job_board,applied,0.353
7336,416,6821,2024-05-25 06:38:08,job_board,screened,0.836
7337,147,7239,2024-03-10 23:09:35,outbound,screened,0.826
7338,352,1881,2024-05-15 12:19:50,job_board,applied,0.504
7339,1050,4398,2025-01-26 02:55:18,job_board,applied,0.756
7340,854,3460,2024-11-24 02:15:11,linkedin,offer,0.852
7341,1234,6226,2025-04-14 10:46:54,job_board,applied,0.575
7342,1713,6957,2025-10-04 19:39:56,job_board,screened,0.685
7343,223,3884,2024-03-06 02:27:03,job_board,interview,0.526
7344,661,8027,2024-08-10 00:24:37,job_board,interview,0.533
7345,1748,2724,2025-09-30 08:41:06,job_board,offer,0.605
7346,472,6808,2024-06-08 18:15:59,recruiter,screened,0.71
7347,194,3978,2024-03-16 19:31:45,referral,applied,0.819
7348,480,952,2024-07-01 01:07:52,job_board,screened,0.552
7349,793,2763,2024-09-22 01:01:58,linkedin,interview,0.631
7350,512,7542,2024-07-17 09:53:40,recruiter,applied,0.957
7351,1002,3809,2025-01-03 07:37:33,job_board,applied,0.929
7352,409,7093,2024-05-27 11:53:25,referral,applied,0.42
7353,1165,6100,2025-03-07 06:41:58,job_board,applied,0.82
7354,1732,3720,2025-08-27 16:20:38,referral,applied,0.74
7355,639,1807,2024-08-04 22:47:06,job_board,screened,0.743
7356,1085,6504,2025-02-14 21:44:36,job_board,applied,0.749
7357,1427,6091,2025-06-04 16:40:19,referral,applied,0.625
7358,133,2823,2024-02-22 23:50:31,referral,applied,0.868
7359,683,663,2024-09-09 23:43:50,outbound,applied,0.761
7360,1269,3506,2025-04-21 16:10:15,outbound,applied,0.802
7361,506,15,2024-07-09 12:44:49,linkedin,screened,0.872
7362,824,6955,2024-11-07 02:55:22,linkedin,applied,0.622
7363,907,2098,2024-12-19 17:22:17,recruiter,applied,0.424
7364,1874,3544,2025-11-01 18:23:05,referral,screened,0.415
7365,227,1822,2024-04-08 08:27:34,linkedin,applied,0.755
7366,1269,8230,2025-04-11 16:10:15,linkedin,applied,0.664
7367,1933,7499,2026-01-06 09:24:02,job_board,applied,0.859
7368,1811,8415,2025-10-27 03:42:31,job_board,applied,0.379
7369,1101,6805,2025-02-12 10:08:11,linkedin,interview,0.385
7370,777,1109,2024-09-14 23:03:02,job_board,applied,0.834
7371,289,5998,2024-03-24 15:59:53,job_board,applied,0.976
7372,524,4105,2024-07-14 15:10:24,linkedin,interview,0.884
7373,1593,6357,2025-08-17 17:30:28,job_board,interview,0.614
7374,54,6231,2024-01-19 20:02:57,job_board,applied,0.902
7375,1441,5967,2025-07-05 09:40:49,linkedin,screened,0.373
7376,1860,5646,2025-11-01 23:29:20,job_board,offer,0.812
7377,862,7439,2024-11-20 11:21:12,referral,interview,0.459
7378,1619,7831,2025-08-30 02:56:32,job_board,interview,0.529
7379,1968,4806,2026-01-12 19:00:16,job_board,interview,0.57
7380,1524,13,2025-08-09 09:01:05,linkedin,applied,0.462
7381,1002,159,2025-02-03 07:37:33,linkedin,applied,0.667
7382,1129,310,2025-02-10 07:21:04,job_board,applied,0.618
7383,426,7770,2024-05-28 08:24:00,referral,applied,0.685
7384,264,4102,2024-04-05 12:38:30,outbound,offer,0.582
7385,1583,4234,2025-08-07 13:28:50,job_board,applied,0.408
7386,1039,2548,2025-02-03 08:57:35,linkedin,applied,0.858
7387,1858,8356,2025-10-25 00:15:05,recruiter,applied,0.859
7388,1486,2158,2025-07-26 03:39:09,job_board,screened,0.806
7389,525,8038,2024-07-19 02:39:10,job_board,applied,0.765
7390,1926,6031,2025-12-26 08:13:05,job_board,applied,0.651
7391,14,3595,2024-01-19 14:40:31,job_board,applied,0.817
7392,192,5956,2024-03-17 11:48:13,referral,applied,0.897
7393,1219,8398,2025-03-12 14:43:41,job_board,interview,0.827
7394,1209,592,2025-03-23 15:39:27,job_board,applied,0.511
7395,1466,528,2025-06-14 05:05:55,job_board,interview,0.478
7396,1295,1544,2025-05-09 22:01:44,outbound,screened,0.707
7397,522,5961,2024-07-08 14:25:58,job_board,applied,0.599
7398,297,4720,2024-04-15 03:58:52,referral,applied,0.568
7399,1928,6134,2025-12-16 11:25:45,linkedin,applied,0.94
7400,677,3639,2024-08-18 07:38:24,job_board,screened,0.815
7401,336,7562,2024-05-13 20:10:49,job_board,applied,0.666
7402,139,4219,2024-02-15 05:15:06,referral,applied,0.567
7403,1603,4243,2025-08-31 06:36:40,job_board,screened,0.516
7404,1690,4334,2025-09-22 01:57:57,recruiter,interview,0.978
7405,1753,2166,2025-09-20 15:04:39,job_board,screened,0.537
7406,1706,8779,2025-09-14 03:59:20,job_board,applied,0.883
7407,342,398,2024-04-22 01:04:41,job_board,screened,0.433
7408,29,230,2024-01-15 23:15:21,job_board,screened,0.832
7409,1003,4206,2025-01-11 07:22:24,job_board,screened,0.66
7410,1016,6203,2025-02-11 07:30:20,job_board,screened,0.635
7411,57,4080,2024-01-27 16:42:06,job_board,applied,0.86
7412,1753,7121,2025-10-18 15:04:39,job_board,applied,0.384
7413,1284,3208,2025-04-26 16:40:07,job_board,applied,0.356
7414,1364,2087,2025-05-15 12:26:08,job_board,applied,0.416
7415,1093,5728,2025-02-20 12:18:21,referral,applied,0.379
7416,1987,2199,2026-01-31 12:54:51,job_board,applied,0.937
7417,1557,4783,2025-07-12 19:43:40,referral,screened,0.425
7418,1157,5733,2025-03-18 01:58:48,linkedin,interview,0.846
7419,1003,1040,2025-01-24 07:22:24,linkedin,applied,0.826
7420,1670,2056,2025-09-23 07:01:35,linkedin,applied,0.351
7421,708,434,2024-09-26 22:26:28,job_board,screened,0.526
7422,1723,1908,2025-10-04 05:19:16,job_board,screened,0.859
7423,274,8017,2024-03-16 16:28:54,referral,screened,0.76
7424,73,112,2024-02-06 17:43:45,linkedin,applied,0.838
7425,103,6680,2024-03-05 17:24:04,linkedin,applied,0.873
7426,734,1593,2024-09-09 03:11:28,job_board,screened,0.37
7427,1058,4169,2025-01-26 09:07:04,linkedin,applied,0.773
7428,1793,71,2025-10-22 13:51:55,job_board,interview,0.372
7429,1838,4465,2025-10-22 05:52:34,job_board,applied,0.935
7430,63,8397,2024-02-10 22:44:17,linkedin,applied,0.619
7431,1533,1031,2025-07-19 19:32:07,recruiter,interview,0.551
7432,403,2802,2024-05-20 07:36:28,outbound,screened,0.459
7433,787,2372,2024-09-23 14:50:19,job_board,screened,0.777
7434,1717,6330,2025-09-30 09:24:13,job_board,applied,0.866
7435,1968,7423,2025-12-16 19:00:16,job_board,offer,0.418
7436,1588,2438,2025-07-24 08:35:41,job_board,applied,0.969
7437,369,1138,2024-04-28 00:46:19,job_board,screened,0.401
7438,76,8002,2024-01-29 23:17:41,job_board,applied,0.844
7439,1996,939,2025-12-30 01:11:23,job_board,applied,0.393
7440,471,7724,2024-07-10 06:24:03,linkedin,applied,0.481
7441,461,5024,2024-06-17 04:47:51,job_board,screened,0.449
7442,1044,7037,2025-02-02 22:19:51,job_board,screened,0.457
7443,337,7563,2024-04-12 21:06:57,job_board,offer,0.89
7444,1332,6226,2025-05-13 04:22:18,linkedin,screened,0.768
7445,1717,3413,2025-08-28 09:24:13,job_board,interview,0.962
7446,693,2916,2024-08-24 01:04:45,outbound,applied,0.49
7447,938,5813,2024-12-19 23:48:32,outbound,applied,0.47
7448,1800,4644,2025-11-07 11:56:43,job_board,interview,0.454
7449,1784,8120,2025-10-15 20:55:27,linkedin,applied,0.876
7450,187,6875,2024-03-08 00:49:18,job_board,screened,0.559
7451,1497,8022,2025-07-16 21:16:06,outbound,offer,0.727
7452,40,3578,2024-02-12 14:40:03,recruiter,interview,0.569
7453,314,4211,2024-04-18 23:05:54,job_board,offer,0.691
7454,1255,7938,2025-03-30 21:21:06,job_board,applied,0.785
7455,244,2661,2024-04-12 05:15:56,recruiter,screened,0.425
7456,369,7429,2024-05-01 00:46:19,recruiter,applied,0.919
7457,894,5161,2024-11-05 19:37:19,referral,applied,0.544
7458,832,3756,2024-10-20 15:59:20,job_board,screened,0.454
7459,1124,8318,2025-03-08 09:41:42,referral,interview,0.846
7460,1841,2390,2025-10-12 22:54:51,referral,applied,0.978
7461,847,6128,2024-10-31 06:01:53,job_board,interview,0.559
7462,613,3202,2024-07-19 21:34:42,outbound,applied,0.609
7463,424,8597,2024-06-16 18:14:18,job_board,applied,0.468
7464,1754,4921,2025-09-22 09:04:20,linkedin,applied,0.365
7465,436,5213,2024-05-24 14:50:41,referral,applied,0.435
7466,9,2850,2024-02-03 21:58:27,job_board,applied,0.952
7467,1020,192,2025-02-16 11:54:01,job_board,interview,0.907
7468,1464,8927,2025-06-04 09:30:13,referral,applied,0.853
7469,29,4032,2024-02-17 23:15:21,job_board,applied,0.943
7470,1274,5949,2025-04-08 02:19:30,job_board,applied,0.748
7471,878,8130,2024-10-31 20:18:00,linkedin,applied,0.598
7472,1554,3186,2025-07-12 09:46:49,referral,applied,0.514
7473,67,304,2024-02-05 04:39:19,job_board,applied,0.828
7474,1795,7026,2025-10-02 20:41:16,referral,screened,0.784
7475,1747,5562,2025-09-15 21:54:58,job_board,applied,0.658
7476,1374,5795,2025-05-07 07:25:02,job_board,applied,0.742
7477,1241,3402,2025-03-15 06:36:10,recruiter,screened,0.755
7478,1409,8176,2025-06-15 21:46:07,referral,screened,0.628
7479,321,3633,2024-04-17 10:26:25,job_board,applied,0.479
7480,1794,315,2025-10-28 14:12:06,job_board,screened,0.487
7481,1538,5109,2025-07-29 16:31:19,job_board,applied,0.43
7482,1511,6995,2025-06-28 06:29:16,linkedin,applied,0.432
7483,986,3705,2025-01-04 19:09:50,linkedin,applied,0.6
7484,282,4098,2024-03-19 19:55:02,referral,interview,0.489
7485,1022,8282,2025-01-19 14:06:25,linkedin,applied,0.38
7486,1090,5292,2025-03-01 03:44:48,referral,applied,0.565
7487,513,2734,2024-06-28 07:04:54,linkedin,applied,0.433
7488,1849,3251,2025-10-23 07:26:54,linkedin,interview,0.794
7489,788,6834,2024-09-25 09:36:51,referral,applied,0.668
7490,1909,6721,2025-11-18 20:27:38,job_board,interview,0.372
7491,1757,829,2025-09-20 19:43:00,outbound,offer,0.452
7492,150,6964,2024-03-16 12:44:09,linkedin,screened,0.364
7493,295,2996,2024-04-15 08:34:44,referral,interview,0.511
7494,786,1204,2024-10-21 17:34:04,outbound,applied,0.453
7495,1248,1421,2025-03-19 16:20:26,referral,applied,0.415
7496,228,7942,2024-03-25 10:26:14,job_board,applied,0.476
7497,434,1979,2024-06-19 17:57:32,linkedin,applied,0.783
7498,1713,4624,2025-09-26 19:39:56,job_board,screened,0.364
7499,890,5081,2024-12-03 09:40:30,recruiter,applied,0.461
7500,1112,4489,2025-03-02 11:18:11,job_board,applied,0.689
7501,1067,3079,2025-03-02 17:47:54,linkedin,interview,0.546
7502,1939,228,2025-12-14 23:41:49,job_board,applied,0.647
7503,244,439,2024-03-18 05:15:56,job_board,applied,0.972
7504,1043,4331,2025-01-15 22:02:50,job_board,applied,0.52
7505,158,7771,2024-02-15 22:24:16,job_board,screened,0.895
7506,93,7587,2024-02-09 20:42:41,outbound,applied,0.354
7507,969,6079,2024-12-16 13:24:28,referral,interview,0.579
7508,1808,2545,2025-10-31 13:01:27,linkedin,applied,0.527
7509,819,8597,2024-10-17 22:35:51,linkedin,applied,0.762
7510,1435,3446,2025-06-04 16:06:04,job_board,applied,0.967
7511,1842,7205,2025-11-20 07:02:40,linkedin,applied,0.727
7512,13,1229,2024-01-06 08:34:34,recruiter,applied,0.675
7513,1396,5035,2025-05-31 18:33:26,job_board,interview,0.802
7514,1798,1969,2025-10-19 17:49:43,job_board,applied,0.353
7515,1794,4144,2025-11-04 14:12:06,job_board,applied,0.828
7516,1472,7035,2025-06-24 20:54:38,recruiter,applied,0.414
7517,1857,8520,2025-11-26 21:44:18,recruiter,applied,0.933
7518,1204,610,2025-03-26 08:15:32,outbound,applied,0.919
7519,39,3816,2024-01-28 12:09:41,job_board,applied,0.583
7520,1965,649,2025-12-31 21:34:34,referral,applied,0.354
7521,1760,4905,2025-10-01 17:12:03,linkedin,applied,0.517
7522,381,8960,2024-05-18 03:39:11,job_board,applied,0.862
7523,1917,3004,2025-11-28 13:51:15,job_board,applied,0.565
7524,1304,3433,2025-04-15 23:47:25,job_board,applied,0.606
7525,906,2526,2024-12-11 16:28:05,linkedin,applied,0.768
7526,1638,7626,2025-09-15 15:16:15,referral,applied,0.527
7527,1272,7610,2025-04-15 22:47:49,referral,applied,0.747
7528,1578,7286,2025-07-28 16:31:22,job_board,applied,0.63
7529,692,2224,2024-08-13 19:56:28,job_board,interview,0.98
7530,780,1945,2024-10-27 23:10:24,linkedin,screened,0.96
7531,198,1297,2024-03-31 10:16:36,job_board,offer,0.671
7532,1779,1704,2025-09-28 14:02:53,outbound,applied,0.612
7533,526,6553,2024-07-24 04:03:31,referral,applied,0.363
7534,275,4931,2024-04-14 15:13:58,job_board,offer,0.561
7535,162,7571,2024-03-21 15:16:51,referral,applied,0.808
7536,773,5921,2024-10-04 14:57:39,job_board,applied,0.833
7537,974,8350,2024-12-26 01:17:46,referral,interview,0.453
7538,1669,472,2025-08-25 01:49:14,referral,screened,0.918
7539,1308,6004,2025-05-05 20:24:51,job_board,interview,0.453
7540,1613,1065,2025-08-03 04:15:00,job_board,applied,0.898
7541,11,3136,2024-01-31 23:54:28,job_board,applied,0.613
7542,59,4088,2024-02-21 01:29:30,recruiter,screened,0.498
7543,458,4597,2024-05-26 02:19:18,referral,applied,0.796
7544,772,1899,2024-10-04 12:58:35,referral,screened,0.891
7545,148,1677,2024-02-16 03:41:51,recruiter,interview,0.957
7546,1736,1333,2025-09-20 13:21:28,referral,applied,0.832
7547,1932,1909,2025-12-04 07:47:54,job_board,interview,0.955
7548,970,6216,2024-12-27 14:52:47,linkedin,applied,0.598
7549,1607,8067,2025-07-27 19:19:23,recruiter,applied,0.92
7550,382,3071,2024-05-08 07:31:16,recruiter,interview,0.647
7551,62,7640,2024-02-13 17:47:50,job_board,interview,0.428
7552,1798,7338,2025-10-06 17:49:43,referral,applied,0.958
7553,1628,2511,2025-09-05 03:30:30,job_board,interview,0.446
7554,1516,1733,2025-07-24 15:17:08,job_board,applied,0.41
7555,1655,3424,2025-09-19 19:55:17,job_board,applied,0.546
7556,1421,1050,2025-06-15 02:43:53,job_board,applied,0.701
7557,1611,8630,2025-08-02 15:54:32,job_board,applied,0.552
7558,1935,7306,2025-12-21 16:42:57,job_board,applied,0.727
7559,1757,3528,2025-10-10 19:43:00,referral,interview,0.727
7560,1781,4589,2025-10-10 20:22:21,job_board,screened,0.822
7561,937,2948,2024-11-27 20:15:41,referral,applied,0.961
7562,1638,24,2025-08-10 15:16:15,job_board,interview,0.744
7563,479,1806,2024-06-10 19:41:31,outbound,applied,0.506
7564,629,438,2024-08-11 13:38:41,linkedin,applied,0.367
7565,1741,3669,2025-10-11 01:52:45,referral,applied,0.742
7566,727,3753,2024-08-26 12:47:03,job_board,applied,0.579
7567,1670,3273,2025-09-21 07:01:35,job_board,interview,0.579
7568,991,6181,2025-01-15 05:01:18,linkedin,applied,0.558
7569,550,6614,2024-08-08 13:20:19,job_board,applied,0.617
7570,824,4965,2024-11-04 02:55:22,outbound,screened,0.656
7571,1162,3123,2025-03-03 01:30:35,outbound,applied,0.773
7572,127,3140,2024-02-05 18:27:34,job_board,applied,0.834
7573,1114,4125,2025-03-03 00:48:25,job_board,applied,0.639
7574,211,6602,2024-03-21 05:44:48,outbound,applied,0.404
7575,976,2893,2025-01-01 01:50:37,job_board,applied,0.628
7576,647,6419,2024-09-03 06:42:08,referral,screened,0.916
7577,1218,2875,2025-03-31 12:47:08,job_board,applied,0.921
7578,1679,4900,2025-08-24 22:00:52,referral,applied,0.958
7579,168,2262,2024-02-16 12:19:13,referral,applied,0.849
7580,171,810,2024-03-11 03:49:52,referral,applied,0.793
7581,910,4484,2024-11-17 07:33:25,job_board,screened,0.694
7582,1508,6351,2025-07-16 05:59:34,job_board,offer,0.561
7583,560,3862,2024-08-13 09:06:49,job_board,applied,0.862
7584,1566,7006,2025-08-13 15:20:04,job_board,applied,0.462
7585,5,519,2024-01-16 10:50:13,job_board,screened,0.814
7586,590,413,2024-08-23 17:03:39,referral,applied,0.692
7587,1039,8375,2025-02-20 08:57:35,referral,applied,0.719
7588,1253,5099,2025-04-06 06:54:20,job_board,applied,0.596
7589,730,3140,2024-08-28 13:52:32,job_board,applied,0.705
7590,1765,5813,2025-10-25 09:04:28,outbound,applied,0.845
7591,863,6818,2024-11-23 13:52:17,referral,applied,0.654
7592,1272,7944,2025-05-03 22:47:49,job_board,screened,0.858
7593,223,8163,2024-04-08 02:27:03,job_board,interview,0.365
7594,1859,3175,2025-11-09 12:40:36,job_board,screened,0.855
7595,1012,103,2025-01-02 09:19:00,job_board,applied,0.911
7596,941,3671,2024-12-15 10:21:37,job_board,offer,0.935
7597,541,1110,2024-07-10 11:40:14,job_board,applied,0.64
7598,1216,4645,2025-03-12 08:14:26,linkedin,applied,0.627
7599,2,1715,2024-02-06 13:30:59,job_board,applied,0.586
7600,904,6036,2024-12-14 02:49:50,linkedin,applied,0.402
7601,1561,7973,2025-07-10 12:10:49,job_board,screened,0.901
7602,1556,1805,2025-08-19 13:36:26,outbound,applied,0.509
7603,1256,4912,2025-03-29 10:07:29,referral,applied,0.446
7604,749,8615,2024-09-07 23:57:38,job_board,interview,0.832
7605,1056,2799,2025-01-26 03:53:12,linkedin,applied,0.437
7606,338,7126,2024-04-08 23:17:27,linkedin,applied,0.832
7607,1245,398,2025-03-17 01:56:32,linkedin,screened,0.875
7608,433,5716,2024-05-26 03:00:04,outbound,applied,0.512
7609,648,320,2024-08-01 22:02:02,job_board,applied,0.414
7610,1469,647,2025-06-11 06:38:24,job_board,applied,0.582
7611,247,5198,2024-03-15 23:22:25,job_board,applied,0.434
7612,661,7853,2024-09-07 00:24:37,outbound,screened,0.719
7613,714,6329,2024-08-30 16:49:10,job_board,applied,0.917
7614,1893,3715,2025-12-15 13:57:17,recruiter,applied,0.677
7615,1578,3471,2025-08-26 16:31:22,referral,offer,0.498
7616,745,4241,2024-09-14 22:45:35,job_board,applied,0.726
7617,1217,2589,2025-02-27 19:01:24,job_board,interview,0.407
7618,480,146,2024-06-14 01:07:52,job_board,screened,0.543
7619,1583,7260,2025-07-21 13:28:50,referral,applied,0.926
7620,690,4768,2024-08-12 15:47:51,recruiter,applied,0.886
7621,1805,7790,2025-11-01 15:15:20,recruiter,applied,0.835
7622,1782,5232,2025-09-23 20:23:14,linkedin,applied,0.779
7623,500,3452,2024-07-11 18:43:30,job_board,applied,0.812
7624,819,552,2024-11-01 22:35:51,recruiter,applied,0.752
7625,1829,6734,2025-10-25 14:06:18,recruiter,interview,0.708
7626,193,5457,2024-03-02 13:19:31,outbound,applied,0.382
7627,1326,7826,2025-04-29 07:24:28,job_board,interview,0.412
7628,1033,2203,2025-01-21 18:11:12,job_board,applied,0.496
7629,1122,3426,2025-02-15 18:52:30,referral,applied,0.695
7630,1145,2175,2025-02-19 12:49:24,job_board,screened,0.489
7631,1007,1447,2025-02-13 08:05:03,referral,applied,0.644
7632,686,8020,2024-09-21 00:08:45,referral,applied,0.717
7633,938,3316,2025-01-02 23:48:32,recruiter,applied,0.822
7634,1957,47,2026-01-11 11:01:06,job_board,interview,0.702
7635,148,560,2024-02-16 03:41:51,job_board,applied,0.776
7636,322,3058,2024-05-10 01:36:49,job_board,applied,0.635
7637,110,321,2024-02-15 15:25:06,job_board,interview,0.931
7638,1252,7991,2025-03-21 06:41:19,job_board,applied,0.831
7639,662,7425,2024-09-06 19:46:13,outbound,screened,0.631
7640,90,8158,2024-03-05 16:55:50,outbound,applied,0.464
7641,408,7675,2024-06-07 17:19:40,linkedin,applied,0.797
7642,521,443,2024-06-16 02:22:21,job_board,applied,0.631
7643,174,5826,2024-02-17 06:51:04,outbound,interview,0.492
7644,1534,7685,2025-07-08 06:18:50,referral,interview,0.729
7645,49,7711,2024-02-25 06:54:27,job_board,applied,0.594
7646,1766,4136,2025-10-08 12:30:52,referral,applied,0.84
7647,1957,8420,2026-01-10 11:01:06,job_board,offer,0.528
7648,1835,1510,2025-10-13 20:32:04,job_board,applied,0.646
7649,425,6178,2024-05-31 00:41:56,job_board,applied,0.573
7650,457,2401,2024-06-05 18:17:42,referral,screened,0.885
7651,1970,8205,2026-01-04 12:48:29,referral,screened,0.618
7652,1246,8067,2025-04-10 15:10:05,linkedin,screened,0.498
7653,1090,8277,2025-02-14 03:44:48,job_board,applied,0.893
7654,1730,566,2025-08-30 06:49:40,job_board,applied,0.934
7655,384,2471,2024-05-28 00:26:43,referral,applied,0.583
7656,813,3517,2024-11-08 02:15:37,job_board,applied,0.903
7657,291,8550,2024-04-13 22:58:48,linkedin,interview,0.659
7658,1598,5981,2025-07-27 23:01:25,job_board,applied,0.812
7659,402,8855,2024-06-05 02:08:32,linkedin,applied,0.522
7660,264,7801,2024-04-06 12:38:30,linkedin,screened,0.451
7661,728,2518,2024-10-03 06:25:06,outbound,applied,0.677
7662,1129,1702,2025-03-02 07:21:04,referral,screened,0.604
7663,410,5648,2024-06-02 16:26:21,job_board,applied,0.35
7664,1801,7051,2025-10-30 03:40:14,job_board,applied,0.379
7665,1657,1982,2025-08-08 21:10:09,linkedin,interview,0.745
7666,1840,6041,2025-10-19 11:03:17,recruiter,applied,0.568
7667,735,3544,2024-09-17 03:43:41,job_board,interview,0.371
7668,778,7032,2024-10-15 13:18:43,job_board,offer,0.621
7669,1054,5617,2025-01-25 22:59:06,job_board,screened,0.428
7670,1820,6269,2025-10-20 22:42:07,job_board,applied,0.445
7671,1003,337,2024-12-31 07:22:24,outbound,applied,0.829
7672,777,7587,2024-10-11 23:03:02,recruiter,applied,0.399
7673,1320,5818,2025-05-08 21:00:29,job_board,screened,0.64
7674,266,1808,2024-04-05 15:12:19,linkedin,offer,0.556
7675,1995,4375,2026-01-21 20:12:28,linkedin,applied,0.967
7676,1378,2514,2025-06-13 18:58:24,outbound,interview,0.364
7677,888,1114,2024-11-01 22:40:16,linkedin,applied,0.637
7678,181,4282,2024-03-17 12:08:39,job_board,applied,0.79
7679,646,6162,2024-08-25 06:15:12,linkedin,screened,0.944
7680,1147,7068,2025-02-28 12:33:05,job_board,screened,0.549
7681,1949,8483,2025-12-09 09:17:16,outbound,screened,0.75
7682,975,5657,2025-01-27 00:11:19,recruiter,interview,0.511
7683,1996,21,2026-02-10 01:11:23,job_board,applied,0.747
7684,1036,3584,2025-01-24 20:35:28,referral,screened,0.405
7685,1562,3940,2025-08-11 02:57:12,job_board,applied,0.53
7686,197,8837,2024-02-22 14:49:52,job_board,applied,0.63
7687,1596,1136,2025-07-19 14:03:41,job_board,interview,0.388
7688,485,7956,2024-07-16 13:17:52,linkedin,screened,0.473
7689,815,1864,2024-11-07 20:46:50,linkedin,applied,0.416
7690,647,6019,2024-07-29 06:42:08,job_board,screened,0.945
7691,1078,4425,2025-01-22 21:52:30,outbound,interview,0.673
7692,1229,8750,2025-03-08 10:04:17,referral,applied,0.72
7693,704,2622,2024-08-17 20:25:22,job_board,screened,0.866
7694,115,4282,2024-02-13 18:53:29,job_board,applied,0.566
7695,1238,5843,2025-03-23 08:07:50,linkedin,interview,0.413
7696,841,1681,2024-11-09 13:07:42,job_board,offer,0.456
7697,1652,2377,2025-08-13 01:26:02,recruiter,applied,0.783
7698,1391,6753,2025-06-12 08:18:52,linkedin,applied,0.947
7699,749,6987,2024-10-06 23:57:38,linkedin,screened,0.634
7700,104,6068,2024-02-25 17:50:18,job_board,applied,0.544
7701,1071,1652,2025-03-02 20:56:56,job_board,screened,0.905
7702,1591,1933,2025-07-26 08:56:02,job_board,applied,0.6
7703,1550,8166,2025-08-12 10:27:39,job_board,applied,0.431
7704,670,8102,2024-08-24 21:51:47,recruiter,applied,0.513
7705,418,3602,2024-05-22 01:56:20,referral,applied,0.842
7706,148,4967,2024-03-06 03:41:51,job_board,applied,0.893
7707,1221,500,2025-03-14 00:05:34,job_board,screened,0.848
7708,526,5901,2024-06-19 04:03:31,job_board,applied,0.97
7709,1552,898,2025-07-23 22:28:57,job_board,screened,0.434
7710,1195,773,2025-03-28 03:59:49,job_board,applied,0.659
7711,105,4797,2024-01-29 01:46:40,job_board,applied,0.766
7712,1383,7647,2025-06-08 11:17:20,job_board,applied,0.965
7713,508,8200,2024-07-22 07:27:34,job_board,applied,0.948
7714,1745,3866,2025-09-26 14:03:51,job_board,applied,0.575
7715,51,4639,2024-01-23 13:41:10,job_board,applied,0.91
7716,734,4899,2024-10-03 03:11:28,job_board,applied,0.675
7717,13,4052,2024-01-15 08:34:34,job_board,applied,0.411
7718,1267,6490,2025-03-30 05:55:46,job_board,interview,0.387
7719,956,6956,2025-01-05 21:52:57,linkedin,applied,0.979
7720,1067,4185,2025-01-31 17:47:54,job_board,applied,0.943
7721,1402,2042,2025-06-03 06:23:38,job_board,screened,0.748
7722,1792,7551,2025-10-02 01:25:19,job_board,interview,0.791
7723,767,6090,2024-10-22 12:14:29,job_board,applied,0.718
7724,1141,3669,2025-02-15 18:59:29,linkedin,screened,0.851
7725,1243,1965,2025-04-22 08:07:38,recruiter,applied,0.528
7726,1763,3669,2025-10-18 07:29:37,job_board,applied,0.507
7727,383,7608,2024-05-09 18:34:52,job_board,applied,0.666
7728,1048,2980,2025-02-12 05:10:37,outbound,screened,0.478
7729,1673,7932,2025-09-21 00:34:31,job_board,applied,0.676
7730,563,2220,2024-07-29 00:12:02,outbound,applied,0.952
7731,726,1752,2024-10-06 06:32:21,outbound,applied,0.544
7732,899,588,2024-12-17 05:14:06,linkedin,applied,0.73
7733,1415,1293,2025-06-21 01:11:59,job_board,applied,0.916
7734,1342,2347,2025-05-30 00:58:13,job_board,applied,0.71
7735,260,6511,2024-04-20 06:59:09,job_board,offer,0.416
7736,412,4764,2024-05-04 12:39:45,referral,screened,0.742
7737,1637,5876,2025-08-28 05:08:33,recruiter,interview,0.729
7738,1348,882,2025-05-20 23:54:48,job_board,applied,0.55
7739,1037,5595,2025-01-15 00:53:34,job_board,screened,0.738
7740,841,5847,2024-11-09 13:07:42,referral,applied,0.833
7741,1941,4585,2026-01-05 23:55:54,job_board,applied,0.861
7742,1765,5745,2025-10-18 09:04:28,job_board,applied,0.843
7743,811,1162,2024-10-11 14:08:35,referral,applied,0.668
7744,704,4459,2024-09-08 20:25:22,referral,screened,0.83
7745,1746,6476,2025-10-16 14:51:01,job_board,applied,0.385
7746,692,1245,2024-08-23 19:56:28,linkedin,interview,0.81
7747,825,1461,2024-10-28 07:39:52,outbound,interview,0.51
7748,1834,6738,2025-11-13 08:49:21,job_board,interview,0.404
7749,216,4886,2024-03-17 10:36:22,recruiter,applied,0.649
7750,1407,2011,2025-05-14 20:20:09,referral,screened,0.466
7751,1376,3120,2025-06-05 13:35:39,job_board,interview,0.967
7752,759,7926,2024-09-21 16:37:45,job_board,screened,0.468
7753,366,2985,2024-05-04 12:35:10,job_board,screened,0.939
7754,1723,3230,2025-10-01 05:19:16,outbound,interview,0.879
7755,1600,7491,2025-07-24 17:31:34,linkedin,applied,0.883
7756,1717,1833,2025-09-26 09:24:13,job_board,applied,0.627
7757,670,4106,2024-09-09 21:51:47,linkedin,applied,0.517
7758,1926,2807,2025-12-30 08:13:05,outbound,applied,0.653
7759,1513,4442,2025-07-09 08:33:03,job_board,offer,0.951
7760,480,2373,2024-06-02 01:07:52,job_board,applied,0.54
7761,963,8066,2025-01-17 08:19:43,recruiter,applied,0.434
7762,633,1230,2024-07-31 05:23:21,job_board,applied,0.83
7763,1075,5027,2025-03-02 07:35:23,recruiter,screened,0.651
7764,377,5706,2024-05-21 12:50:51,linkedin,screened,0.503
7765,1470,7212,2025-06-21 14:22:35,outbound,screened,0.378
7766,920,881,2024-12-02 11:30:53,referral,screened,0.858
7767,1331,7766,2025-05-14 21:04:52,job_board,applied,0.512
7768,1284,2246,2025-05-02 16:40:07,job_board,screened,0.358
7769,1329,6257,2025-04-13 22:36:00,job_board,applied,0.97
7770,1520,474,2025-06-28 19:40:24,referral,applied,0.886
7771,1318,1297,2025-05-13 06:18:41,linkedin,screened,0.742
7772,1032,4777,2025-01-26 04:10:30,job_board,applied,0.722
7773,1171,1074,2025-03-05 09:43:27,job_board,applied,0.482
7774,1263,4021,2025-03-19 02:30:27,job_board,offer,0.617
7775,1615,3909,2025-08-05 14:04:18,referral,applied,0.742
7776,952,4268,2024-12-31 02:31:43,linkedin,screened,0.539
7777,601,569,2024-08-22 09:07:13,linkedin,offer,0.78
7778,505,6597,2024-06-16 12:16:16,job_board,interview,0.754
7779,364,2707,2024-05-04 09:27:43,outbound,applied,0.918
7780,1206,6447,2025-03-29 15:01:24,job_board,interview,0.407
7781,1471,1877,2025-07-13 04:42:48,recruiter,applied,0.376
7782,635,1882,2024-08-16 21:11:06,outbound,applied,0.35
7783,1080,348,2025-02-08 00:37:52,job_board,applied,0.967
7784,745,7695,2024-10-06 22:45:35,job_board,applied,0.732
7785,1802,3593,2025-11-06 18:51:23,outbound,interview,0.825
7786,1813,1211,2025-11-02 22:26:36,outbound,applied,0.758
7787,1931,2242,2025-12-25 11:40:22,job_board,applied,0.495
7788,1723,1236,2025-09-25 05:19:16,job_board,screened,0.77
7789,1735,918,2025-09-28 10:18:57,job_board,applied,0.765
7790,1115,657,2025-02-21 01:02:26,job_board,applied,0.923
7791,1096,6573,2025-01-29 17:44:28,job_board,applied,0.574
7792,604,5247,2024-08-24 15:08:12,job_board,screened,0.748
7793,1509,8214,2025-07-26 12:36:39,job_board,interview,0.597
7794,641,8775,2024-08-11 23:08:51,job_board,applied,0.46
7795,669,5587,2024-08-28 19:57:53,job_board,screened,0.834
7796,1892,4849,2025-11-06 08:59:15,job_board,applied,0.643
7797,30,8364,2024-02-11 07:30:16,referral,interview,0.605
7798,237,8489,2024-03-18 19:49:50,outbound,screened,0.64
7799,1561,1499,2025-08-18 12:10:49,linkedin,applied,0.923
7800,1371,5385,2025-05-08 01:49:44,referral,applied,0.731
7801,1563,6913,2025-08-11 03:55:09,job_board,applied,0.491
7802,934,7850,2024-12-08 21:57:23,job_board,applied,0.618
7803,17,3678,2024-01-28 02:22:26,referral,screened,0.414
7804,596,5736,2024-07-26 19:23:40,outbound,interview,0.548
7805,1728,4406,2025-10-03 11:40:39,job_board,applied,0.566
7806,1333,5663,2025-04-24 21:08:32,linkedin,applied,0.439
7807,1763,5979,2025-10-17 07:29:37,outbound,applied,0.9
7808,19,5251,2024-01-07 05:16:16,linkedin,interview,0.743
7809,642,7052,2024-08-30 23:27:56,outbound,offer,0.36
7810,1375,659,2025-05-20 12:26:56,job_board,applied,0.413
7811,35,539,2024-02-20 12:53:51,referral,applied,0.965
7812,900,7506,2024-11-25 01:19:23,job_board,applied,0.412
7813,1753,3494,2025-09-13 15:04:39,linkedin,interview,0.783
7814,324,3466,2024-05-02 09:32:35,job_board,applied,0.827
7815,142,6885,2024-02-25 07:37:23,outbound,applied,0.908
7816,1274,4924,2025-03-23 02:19:30,linkedin,applied,0.897
7817,465,4815,2024-05-29 10:39:28,job_board,interview,0.771
7818,368,8407,2024-05-09 19:37:50,job_board,offer,0.769
7819,1086,3076,2025-02-24 01:23:12,job_board,screened,0.653
7820,1213,2372,2025-04-11 00:29:28,referral,screened,0.387
7821,1634,365,2025-08-19 22:30:28,job_board,screened,0.729
7822,208,8489,2024-04-04 18:30:40,referral,interview,0.589
7823,1564,67,2025-08-12 09:04:01,referral,applied,0.661
7824,1341,3749,2025-05-12 23:00:37,job_board,applied,0.76
7825,1363,3826,2025-04-30 09:14:20,outbound,screened,0.743
7826,478,8340,2024-07-07 13:09:12,linkedin,screened,0.834
7827,1658,4353,2025-09-03 00:03:04,recruiter,applied,0.781
7828,247,64,2024-04-08 23:22:25,job_board,offer,0.884
7829,1371,2063,2025-05-03 01:49:44,linkedin,offer,0.969
7830,270,4597,2024-04-24 22:51:34,linkedin,applied,0.59
7831,1276,7197,2025-04-06 17:01:31,recruiter,offer,0.67
7832,904,497,2024-11-26 02:49:50,job_board,applied,0.364
7833,336,6512,2024-04-30 20:10:49,referral,applied,0.51
7834,389,1563,2024-04-24 14:43:30,referral,offer,0.677
7835,880,1694,2024-11-25 14:58:50,linkedin,screened,0.584
7836,733,1275,2024-09-07 22:38:35,job_board,interview,0.625
7837,903,1692,2024-11-29 17:56:59,referral,applied,0.676
7838,867,5537,2024-11-10 10:10:02,job_board,screened,0.871
7839,37,7784,2024-02-11 14:21:07,recruiter,screened,0.378
7840,859,615,2024-11-22 01:50:15,linkedin,applied,0.744
7841,812,8273,2024-10-05 15:42:06,recruiter,interview,0.714
7842,783,1992,2024-10-22 04:31:27,outbound,interview,0.575
7843,455,8861,2024-06-17 14:06:07,job_board,applied,0.826
7844,385,7278,2024-06-02 01:43:36,outbound,applied,0.975
7845,180,6178,2024-03-02 19:37:37,linkedin,screened,0.768
7846,1250,4421,2025-04-07 22:19:15,job_board,interview,0.773
7847,1093,8361,2025-01-29 12:18:21,referral,applied,0.498
7848,1624,4273,2025-08-12 19:12:52,job_board,interview,0.9
7849,475,1337,2024-07-07 12:10:52,job_board,applied,0.421
7850,816,2973,2024-11-03 22:23:14,job_board,interview,0.842
7851,381,1402,2024-06-03 03:39:11,referral,screened,0.913
7852,1881,2364,2025-12-07 08:52:30,job_board,interview,0.805
7853,1574,374,2025-07-23 10:10:49,job_board,offer,0.548
7854,298,4227,2024-04-07 04:16:34,linkedin,applied,0.681
7855,1621,4847,2025-08-03 21:51:00,job_board,applied,0.896
7856,1848,4588,2025-11-03 16:58:32,linkedin,interview,0.397
7857,1322,1992,2025-05-14 05:07:23,job_board,interview,0.506
7858,1982,2392,2026-01-27 07:09:32,outbound,applied,0.483
7859,380,5120,2024-06-03 15:53:37,job_board,applied,0.75
7860,578,2934,2024-07-22 18:28:34,job_board,applied,0.418
7861,1266,70,2025-04-07 16:24:50,referral,screened,0.52
7862,1077,6478,2025-02-14 19:13:06,job_board,applied,0.885
7863,1427,4761,2025-06-21 16:40:19,job_board,screened,0.74
7864,1931,1720,2026-01-07 11:40:22,outbound,screened,0.683
7865,467,8001,2024-06-01 09:16:08,referral,applied,0.413
7866,1745,2305,2025-09-20 14:03:51,linkedin,interview,0.451
7867,266,6534,2024-03-22 15:12:19,job_board,interview,0.42
7868,919,413,2024-11-27 05:13:14,recruiter,applied,0.472
7869,868,3304,2024-10-24 21:57:08,job_board,screened,0.498
7870,1613,2246,2025-08-20 04:15:00,recruiter,applied,0.622
7871,849,615,2024-11-11 17:00:22,job_board,interview,0.559
7872,1661,3889,2025-08-26 07:00:14,job_board,interview,0.37
7873,307,2207,2024-04-21 07:23:38,referral,interview,0.869
7874,1987,2254,2026-01-23 12:54:51,outbound,applied,0.87
7875,384,4531,2024-05-21 00:26:43,referral,applied,0.584
7876,1184,7875,2025-04-01 16:21:51,job_board,applied,0.916
7877,1000,2317,2025-01-04 04:15:41,referral,applied,0.96
7878,182,1409,2024-03-28 14:44:18,job_board,applied,0.589
7879,1055,6988,2025-01-17 23:55:16,job_board,applied,0.774
7880,1747,3746,2025-09-06 21:54:58,job_board,screened,0.891
7881,1076,8417,2025-02-13 16:11:48,outbound,applied,0.845
7882,1406,6385,2025-05-31 00:14:53,referral,offer,0.498
7883,1965,1586,2025-12-31 21:34:34,referral,applied,0.7
7884,606,6905,2024-08-28 23:47:56,job_board,interview,0.619
7885,80,51,2024-02-06 16:56:17,referral,applied,0.53
7886,1379,4109,2025-06-08 04:28:32,job_board,screened,0.747
7887,1573,757,2025-08-11 21:06:56,outbound,applied,0.355
7888,286,6961,2024-03-20 10:55:57,linkedin,applied,0.453
7889,704,7226,2024-09-04 20:25:22,job_board,applied,0.414
7890,717,8453,2024-08-28 05:41:22,linkedin,applied,0.976
7891,1506,484,2025-07-28 22:12:36,job_board,screened,0.447
7892,1752,7626,2025-09-23 09:26:50,linkedin,applied,0.874
7893,1471,6717,2025-07-10 04:42:48,referral,applied,0.894
7894,594,7678,2024-07-15 12:09:26,job_board,applied,0.667
7895,1240,3647,2025-03-23 12:34:44,job_board,applied,0.384
7896,539,5877,2024-07-28 15:22:44,job_board,screened,0.829
7897,1263,3835,2025-04-28 02:30:27,job_board,applied,0.724
7898,1931,6099,2025-11-26 11:40:22,job_board,screened,0.754
7899,1328,6577,2025-05-05 15:57:30,recruiter,screened,0.702
7900,1571,2639,2025-08-20 16:00:35,recruiter,interview,0.56
7901,1496,2881,2025-07-07 10:28:26,job_board,screened,0.976
7902,954,8856,2024-12-17 15:54:38,job_board,screened,0.786
7903,264,7295,2024-04-12 12:38:30,referral,applied,0.797
7904,1952,484,2026-01-06 22:25:36,referral,applied,0.697
7905,722,850,2024-10-06 10:42:17,job_board,applied,0.387
7906,1774,7141,2025-10-29 12:20:52,job_board,applied,0.72
7907,1685,6468,2025-08-16 12:44:29,referral,applied,0.65
7908,1368,1925,2025-06-01 10:34:29,job_board,interview,0.612
7909,1096,8134,2025-01-31 17:44:28,referral,applied,0.643
7910,548,157,2024-08-01 08:17:49,linkedin,interview,0.887
7911,274,1479,2024-04-19 16:28:54,recruiter,interview,0.894
7912,1746,4963,2025-09-15 14:51:01,referral,interview,0.896
7913,1924,4994,2025-12-09 04:33:40,job_board,applied,0.708
7914,1346,1930,2025-05-24 15:03:23,linkedin,applied,0.821
7915,1976,5769,2026-01-25 04:04:19,linkedin,screened,0.519
7916,433,7556,2024-06-21 03:00:04,referral,applied,0.448
7917,1026,1195,2025-01-22 04:39:54,linkedin,applied,0.747
7918,350,7064,2024-04-16 01:43:51,job_board,applied,0.919
7919,1067,4890,2025-03-01 17:47:54,job_board,applied,0.775
7920,1783,8110,2025-10-27 20:33:50,referral,applied,0.933
7921,585,2271,2024-07-19 23:51:23,job_board,screened,0.627
7922,842,6169,2024-11-06 19:41:39,job_board,applied,0.612
7923,1033,6783,2025-02-19 18:11:12,linkedin,interview,0.904
7924,928,3239,2024-12-04 15:54:11,recruiter,applied,0.709
7925,1938,5113,2026-01-01 22:02:58,referral,applied,0.5
7926,853,6603,2024-11-04 21:01:11,linkedin,screened,0.372
7927,510,3696,2024-07-25 15:27:30,job_board,interview,0.513
7928,656,5945,2024-08-18 13:14:28,outbound,screened,0.353
7929,610,6683,2024-07-24 22:31:48,job_board,interview,0.972
7930,631,2147,2024-09-04 22:34:40,job_board,applied,0.449
7931,1796,6587,2025-10-08 06:41:04,referral,applied,0.451
7932,1026,5337,2025-01-19 04:39:54,job_board,applied,0.805
7933,769,1895,2024-09-18 01:45:58,job_board,applied,0.946
7934,283,7578,2024-04-04 22:54:35,job_board,applied,0.455
7935,1946,231,2026-01-05 23:14:32,referral,interview,0.489
7936,307,5470,2024-04-10 07:23:38,referral,applied,0.569
7937,700,2235,2024-08-27 16:28:23,outbound,applied,0.66
7938,1399,6382,2025-05-25 14:09:40,job_board,applied,0.399
7939,10,7944,2024-01-26 22:33:11,job_board,screened,0.377
7940,633,5991,2024-08-31 05:23:21,job_board,screened,0.352
7941,1908,3572,2025-11-21 20:25:36,linkedin,offer,0.978
7942,49,5759,2024-01-27 06:54:27,linkedin,applied,0.76
7943,474,1814,2024-06-29 13:49:24,recruiter,screened,0.918
7944,173,762,2024-03-01 21:17:11,referral,interview,0.835
7945,1389,3320,2025-06-05 16:02:29,linkedin,applied,0.921
7946,24,5526,2024-01-27 14:03:26,job_board,applied,0.602
7947,95,3449,2024-01-28 04:53:18,job_board,applied,0.859
7948,946,1007,2025-01-08 23:05:41,linkedin,screened,0.964
7949,1497,4087,2025-07-17 21:16:06,job_board,applied,0.674
7950,1810,7832,2025-10-05 00:07:54,referral,interview,0.859
7951,441,4051,2024-05-23 02:03:08,recruiter,interview,0.957
7952,1144,4139,2025-02-22 09:28:42,job_board,applied,0.813
7953,1601,2683,2025-09-01 02:51:19,job_board,applied,0.357
7954,1460,4289,2025-06-13 09:52:07,job_board,interview,0.854
7955,1934,2696,2026-01-04 15:32:57,referral,applied,0.418
7956,152,8615,2024-02-26 21:14:02,referral,screened,0.945
7957,91,7198,2024-01-31 18:21:24,referral,offer,0.901
7958,1373,6314,2025-05-03 17:53:27,job_board,screened,0.553
7959,736,5968,2024-09-12 11:58:19,job_board,interview,0.75
7960,1477,2927,2025-06-17 09:21:03,linkedin,interview,0.961
7961,1432,6115,2025-06-15 02:24:00,recruiter,screened,0.556
7962,886,8654,2024-12-12 10:28:31,job_board,interview,0.824
7963,1993,1715,2026-02-02 16:46:12,referral,screened,0.556
7964,1764,7746,2025-09-27 13:41:14,linkedin,offer,0.671
7965,727,8927,2024-10-06 12:47:03,referral,offer,0.941
7966,11,559,2024-02-15 23:54:28,linkedin,applied,0.641
7967,1990,783,2026-01-12 12:25:53,outbound,applied,0.362
7968,1937,4380,2025-12-18 18:32:22,job_board,screened,0.669
7969,1799,6143,2025-10-15 09:07:06,referral,applied,0.553
7970,112,4692,2024-02-14 09:23:18,referral,screened,0.889
7971,1439,6691,2025-05-31 17:25:03,job_board,applied,0.857
7972,1922,7404,2025-12-29 10:31:40,job_board,applied,0.837
7973,764,2405,2024-09-24 00:04:34,linkedin,screened,0.789
7974,1509,4689,2025-06-26 12:36:39,linkedin,screened,0.972
7975,1074,694,2025-03-05 05:31:31,job_board,interview,0.53
7976,927,1065,2024-11-25 11:26:29,outbound,applied,0.404
7977,1441,6637,2025-07-06 09:40:49,outbound,offer,0.787
7978,1161,8072,2025-02-16 14:38:53,job_board,applied,0.751
7979,1372,5091,2025-05-16 08:13:26,linkedin,screened,0.581
7980,448,6563,2024-06-11 15:32:36,linkedin,applied,0.362
7981,577,8691,2024-07-17 13:45:55,linkedin,screened,0.583
7982,1280,701,2025-04-17 22:37:40,job_board,applied,0.456
7983,1115,6550,2025-02-23 01:02:26,job_board,interview,0.445
7984,767,5611,2024-10-17 12:14:29,job_board,screened,0.905
7985,1671,8368,2025-08-29 07:41:18,outbound,applied,0.667
7986,683,2714,2024-09-17 23:43:50,job_board,screened,0.674
7987,951,5709,2025-01-05 17:00:59,linkedin,applied,0.44
7988,633,7582,2024-08-30 05:23:21,linkedin,offer,0.939
7989,1133,4483,2025-03-03 20:22:26,job_board,applied,0.584
7990,1125,2432,2025-02-09 22:05:34,recruiter,applied,0.72
7991,656,8503,2024-08-29 13:14:28,referral,interview,0.4
7992,1548,1410,2025-08-09 07:25:57,recruiter,applied,0.688
7993,321,7370,2024-04-16 10:26:25,job_board,offer,0.402
7994,1541,7545,2025-08-03 15:06:12,job_board,applied,0.629
7995,132,316,2024-02-28 20:17:58,job_board,interview,0.897
7996,502,3166,2024-07-06 14:33:56,recruiter,screened,0.379
7997,813,5248,2024-10-30 02:15:37,job_board,applied,0.601
7998,848,917,2024-11-12 08:35:59,referral,interview,0.51
7999,1264,1345,2025-04-18 12:20:44,job_board,applied,0.471
8000,1878,2977,2025-11-11 10:03:29,job_board,applied,0.601
8001,1521,8532,2025-07-29 20:49:26,referral,applied,0.931
8002,1089,3852,2025-01-28 23:01:13,job_board,interview,0.642
8003,169,6083,2024-03-21 19:29:33,job_board,applied,0.739
8004,1985,5451,2026-01-26 23:24:16,outbound,applied,0.877
8005,637,4063,2024-08-08 14:23:44,linkedin,screened,0.424
8006,1241,772,2025-03-12 06:36:10,job_board,screened,0.565
8007,1616,8639,2025-08-02 00:44:35,job_board,applied,0.375
8008,1400,4834,2025-06-05 20:04:35,referral,screened,0.409
8009,225,3028,2024-02-28 03:08:29,linkedin,applied,0.522
8010,520,3986,2024-06-19 18:15:03,job_board,applied,0.733
8011,1987,3998,2026-01-23 12:54:51,job_board,applied,0.626
8012,1536,8811,2025-07-26 16:57:47,job_board,applied,0.471
8013,1266,3592,2025-04-04 16:24:50,job_board,interview,0.382
8014,893,8868,2024-11-12 17:16:59,referral,applied,0.656
8015,1881,1187,2025-11-21 08:52:30,job_board,applied,0.374
8016,1454,1807,2025-06-11 17:14:15,referral,applied,0.467
8017,1461,1349,2025-06-03 11:58:52,job_board,screened,0.387
8018,1833,8521,2025-10-26 20:21:13,job_board,screened,0.711
8019,1928,5320,2026-01-02 11:25:45,referral,offer,0.448
8020,1720,4418,2025-09-16 11:54:09,outbound,applied,0.585
8021,1331,626,2025-05-10 21:04:52,linkedin,applied,0.489
8022,458,1499,2024-06-04 02:19:18,referral,screened,0.916
8023,537,8380,2024-06-27 06:00:39,recruiter,interview,0.751
8024,309,8672,2024-04-28 18:19:51,job_board,applied,0.614
8025,1601,2949,2025-08-08 02:51:19,referral,screened,0.863
8026,670,6399,2024-08-08 21:51:47,job_board,applied,0.866
8027,453,2889,2024-06-03 08:34:38,outbound,interview,0.799
8028,1452,8675,2025-05-29 20:39:07,job_board,interview,0.671
8029,1131,1258,2025-03-14 15:36:02,job_board,screened,0.677
8030,492,815,2024-07-20 06:40:56,job_board,screened,0.859
8031,747,3159,2024-10-09 16:25:47,outbound,interview,0.443
8032,963,1604,2025-01-15 08:19:43,outbound,screened,0.702
8033,1599,6221,2025-08-24 03:23:32,outbound,interview,0.931
8034,14,8254,2024-01-25 14:40:31,referral,applied,0.871
8035,1519,8616,2025-07-15 13:59:16,job_board,applied,0.626
8036,158,8841,2024-02-10 22:24:16,linkedin,offer,0.837
8037,1728,1734,2025-10-07 11:40:39,referral,interview,0.444
8038,236,466,2024-02-29 12:08:11,job_board,applied,0.923
8039,494,1599,2024-06-19 01:22:44,job_board,applied,0.673
8040,739,6826,2024-09-17 12:20:57,job_board,applied,0.85
8041,1996,1252,2026-01-28 01:11:23,job_board,applied,0.683
8042,797,6155,2024-11-05 13:52:00,job_board,applied,0.736
8043,1611,5166,2025-08-16 15:54:32,linkedin,screened,0.595
8044,513,7111,2024-07-20 07:04:54,job_board,interview,0.454
8045,774,1053,2024-10-01 18:18:09,job_board,offer,0.678
8046,1035,3953,2025-02-22 13:26:53,linkedin,offer,0.971
8047,256,794,2024-03-15 18:43:46,job_board,screened,0.369
8048,61,201,2024-02-02 04:15:12,job_board,offer,0.571
8049,699,6696,2024-08-25 12:43:48,job_board,screened,0.411
8050,1573,4971,2025-07-24 21:06:56,job_board,offer,0.783
8051,213,7139,2024-03-31 00:47:37,job_board,applied,0.557
8052,1637,707,2025-09-03 05:08:33,linkedin,interview,0.969
8053,1231,2832,2025-04-01 19:22:21,referral,applied,0.458
8054,549,1232,2024-06-28 09:18:30,referral,applied,0.644
8055,226,5234,2024-04-08 05:06:20,job_board,applied,0.971
8056,1102,5061,2025-03-09 11:18:25,referral,applied,0.475
8057,862,6682,2024-11-16 11:21:12,outbound,applied,0.423
8058,218,805,2024-03-14 06:42:18,job_board,interview,0.763
8059,1336,441,2025-04-18 20:20:21,job_board,screened,0.398
8060,1675,7694,2025-08-31 20:09:44,job_board,screened,0.603
8061,907,5713,2024-11-15 17:22:17,job_board,applied,0.53
8062,903,1065,2024-12-06 17:56:59,referral,screened,0.657
8063,1764,2576,2025-10-16 13:41:14,job_board,interview,0.408
8064,775,3681,2024-09-15 21:36:52,job_board,offer,0.908
8065,482,3683,2024-06-12 23:13:58,referral,screened,0.4
8066,1695,6599,2025-09-15 08:22:57,linkedin,applied,0.93
8067,1048,3207,2025-01-24 05:10:37,job_board,applied,0.853
8068,1876,5372,2025-12-02 01:50:15,job_board,screened,0.881
8069,1827,6466,2025-10-21 21:45:08,outbound,applied,0.803
8070,1622,914,2025-08-27 00:13:54,job_board,applied,0.965
8071,707,4219,2024-09-21 21:30:30,job_board,applied,0.855
8072,1436,2295,2025-06-19 00:53:32,job_board,applied,0.616
8073,946,6841,2024-12-29 23:05:41,linkedin,applied,0.868
8074,1529,1182,2025-07-26 12:26:02,linkedin,applied,0.943
8075,1866,2836,2025-10-28 15:15:50,job_board,applied,0.894
8076,1466,5581,2025-06-16 05:05:55,linkedin,applied,0.748
8077,999,4872,2025-02-05 03:55:31,job_board,interview,0.928
8078,1986,354,2026-01-06 23:54:08,job_board,applied,0.701
8079,1729,8163,2025-10-08 16:07:52,job_board,applied,0.485
8080,490,696,2024-06-30 08:02:29,referral,screened,0.461
8081,1881,3943,2025-12-04 08:52:30,job_board,applied,0.79
8082,960,543,2024-12-18 02:57:12,recruiter,offer,0.571
8083,513,5187,2024-06-22 07:04:54,linkedin,applied,0.408
8084,590,3194,2024-07-28 17:03:39,job_board,applied,0.393
8085,1572,6035,2025-08-16 20:35:33,job_board,screened,0.43
8086,771,5645,2024-10-11 04:14:10,referral,applied,0.837
8087,1308,8211,2025-04-25 20:24:51,job_board,applied,0.378
8088,890,408,2024-11-08 09:40:30,job_board,applied,0.836
8089,1974,5726,2025-12-18 14:32:11,job_board,applied,0.353
8090,273,3063,2024-03-19 07:29:14,linkedin,interview,0.398
8091,1172,5512,2025-03-15 14:05:35,linkedin,screened,0.899
8092,712,8657,2024-10-04 13:28:57,referral,interview,0.87
8093,1586,7502,2025-08-29 02:41:03,outbound,screened,0.718
8094,1886,8759,2025-12-05 08:09:55,job_board,offer,0.492
8095,692,8927,2024-08-30 19:56:28,referral,applied,0.38
8096,1816,7009,2025-11-01 16:32:51,job_board,applied,0.593
8097,1213,8091,2025-02-28 00:29:28,job_board,applied,0.844
8098,111,6177,2024-02-10 20:23:39,job_board,applied,0.693
8099,1558,1124,2025-07-20 00:48:08,linkedin,screened,0.864
8100,1103,8045,2025-03-10 22:16:41,recruiter,screened,0.777
8101,1934,6089,2025-12-21 15:32:57,referral,interview,0.916
8102,918,7781,2024-12-27 17:23:04,job_board,interview,0.829
8103,504,2958,2024-07-15 21:23:47,referral,applied,0.461
8104,346,5277,2024-05-12 09:28:22,job_board,applied,0.489
8105,158,3731,2024-02-15 22:24:16,linkedin,applied,0.537
8106,1412,107,2025-05-16 09:06:07,outbound,applied,0.518
8107,1953,5809,2025-12-12 04:22:56,job_board,interview,0.434
8108,1294,2728,2025-05-05 16:20:40,job_board,screened,0.85
8109,1206,1307,2025-04-06 15:01:24,outbound,interview,0.538
8110,57,1898,2024-02-14 16:42:06,recruiter,interview,0.669
8111,35,6235,2024-02-18 12:53:51,job_board,interview,0.946
8112,999,6417,2024-12-30 03:55:31,linkedin,applied,0.536
8113,1040,2642,2025-02-21 12:07:37,outbound,applied,0.731
8114,852,3068,2024-10-18 07:50:03,job_board,applied,0.672
8115,1873,7374,2025-10-30 09:28:18,job_board,interview,0.914
8116,661,4268,2024-09-10 00:24:37,job_board,applied,0.948
8117,1969,3346,2026-01-23 09:56:04,job_board,applied,0.97
8118,528,7697,2024-06-26 18:48:07,job_board,applied,0.499
8119,652,450,2024-08-14 15:35:01,job_board,applied,0.938
8120,599,6108,2024-08-19 22:26:06,job_board,offer,0.885
8121,1564,5390,2025-08-03 09:04:01,job_board,screened,0.67
8122,663,3579,2024-08-22 23:32:28,referral,interview,0.727
8123,918,6749,2024-12-05 17:23:04,job_board,screened,0.357
8124,223,2518,2024-03-10 02:27:03,job_board,interview,0.901
8125,797,5551,2024-11-05 13:52:00,job_board,applied,0.499
8126,400,2317,2024-05-21 18:07:39,referral,applied,0.671
8127,1517,7010,2025-07-09 01:24:53,linkedin,interview,0.776
8128,1626,3759,2025-09-06 20:17:10,referral,screened,0.857
8129,540,7238,2024-08-04 20:42:29,referral,screened,0.851
8130,1977,5226,2025-12-20 10:52:10,job_board,interview,0.752
8131,853,381,2024-11-26 21:01:11,referral,screened,0.545
8132,1670,5542,2025-09-22 07:01:35,outbound,applied,0.88
8133,494,17,2024-07-18 01:22:44,job_board,screened,0.535
8134,1718,6600,2025-08-30 09:40:03,recruiter,screened,0.877
8135,286,2019,2024-04-03 10:55:57,job_board,applied,0.522
8136,724,8841,2024-10-02 12:54:04,job_board,applied,0.606
8137,759,2023,2024-09-22 16:37:45,recruiter,screened,0.59
8138,373,4085,2024-05-07 18:42:27,linkedin,offer,0.788
8139,1919,5067,2025-11-26 20:37:40,job_board,applied,0.761
8140,588,1284,2024-07-29 13:38:18,job_board,applied,0.497
8141,838,2062,2024-11-01 00:45:07,outbound,applied,0.545
8142,34,8751,2024-01-28 10:38:54,referral,interview,0.814
8143,1367,3284,2025-05-07 06:19:34,recruiter,applied,0.397
8144,360,6944,2024-04-18 22:08:54,linkedin,applied,0.918
8145,571,4083,2024-08-01 22:19:09,outbound,offer,0.907
8146,1835,1912,2025-10-09 20:32:04,referral,interview,0.361
8147,1731,5408,2025-10-05 13:37:04,recruiter,offer,0.834
8148,230,1249,2024-03-01 15:24:03,referral,interview,0.352
8149,1250,8971,2025-04-24 22:19:15,job_board,applied,0.544
8150,1495,6081,2025-07-11 08:56:02,linkedin,applied,0.518
8151,1901,6197,2025-11-26 11:31:21,referral,applied,0.847
8152,482,234,2024-07-09 23:13:58,linkedin,applied,0.44
8153,652,2393,2024-08-18 15:35:01,job_board,applied,0.537
8154,474,3480,2024-06-04 13:49:24,job_board,offer,0.81
8155,1077,3158,2025-02-12 19:13:06,outbound,applied,0.369
8156,1207,1024,2025-03-18 08:47:32,linkedin,offer,0.525
8157,383,393,2024-06-01 18:34:52,job_board,applied,0.98
8158,46,5361,2024-02-05 00:08:42,job_board,interview,0.889
8159,272,3776,2024-03-17 00:17:07,job_board,applied,0.762
8160,418,2156,2024-05-21 01:56:20,job_board,screened,0.622
8161,1171,5303,2025-02-26 09:43:27,referral,applied,0.817
8162,401,8917,2024-05-09 00:50:20,job_board,applied,0.611
8163,1607,8545,2025-07-29 19:19:23,recruiter,screened,0.396
8164,1285,7899,2025-03-28 22:08:51,job_board,applied,0.667
8165,400,2412,2024-06-01 18:07:39,job_board,interview,0.76
8166,1982,1532,2026-01-07 07:09:32,job_board,interview,0.714
8167,1406,2192,2025-05-27 00:14:53,job_board,applied,0.677
8168,1741,2792,2025-09-22 01:52:45,linkedin,screened,0.969
8169,1344,156,2025-06-01 13:17:22,referral,applied,0.353
8170,1321,2826,2025-05-10 22:12:00,recruiter,applied,0.598
8171,966,5172,2025-01-24 13:13:55,job_board,screened,0.446
8172,1313,2249,2025-05-01 15:22:38,job_board,applied,0.591
8173,1534,8963,2025-08-11 06:18:50,linkedin,applied,0.573
8174,1973,7640,2026-01-27 11:41:11,referral,interview,0.379
8175,1188,3340,2025-03-13 17:13:07,referral,interview,0.44
8176,1508,3711,2025-07-15 05:59:34,job_board,applied,0.833
8177,1893,4481,2025-12-15 13:57:17,job_board,applied,0.605
8178,1221,2986,2025-04-02 00:05:34,job_board,applied,0.923
8179,1528,525,2025-07-17 10:29:26,job_board,screened,0.977
8180,378,3459,2024-05-03 16:39:47,job_board,applied,0.907
8181,1774,5140,2025-10-05 12:20:52,job_board,screened,0.759
8182,1958,2291,2025-12-17 03:00:00,referral,applied,0.702
8183,723,1891,2024-09-14 11:50:42,linkedin,interview,0.814
8184,1775,4689,2025-10-18 16:53:46,recruiter,screened,0.355
8185,1622,140,2025-08-28 00:13:54,job_board,applied,0.424
8186,466,6660,2024-05-25 17:53:54,linkedin,offer,0.376
8187,1985,6155,2025-12-24 23:24:16,job_board,interview,0.861
8188,1170,8691,2025-03-12 19:49:08,referral,applied,0.444
8189,327,1330,2024-04-27 03:57:38,job_board,applied,0.929
8190,217,7184,2024-02-27 05:58:05,job_board,applied,0.729
8191,1023,911,2025-02-18 07:47:08,linkedin,applied,0.978
8192,1042,6925,2025-02-24 21:03:57,referral,applied,0.806
8193,1725,2054,2025-08-28 14:25:43,job_board,applied,0.405
8194,1021,7395,2025-01-05 12:42:00,recruiter,applied,0.657
8195,794,1238,2024-09-24 22:29:24,linkedin,applied,0.458
8196,634,7300,2024-08-23 19:11:41,job_board,screened,0.401
8197,1017,5606,2025-02-14 10:10:24,job_board,interview,0.726
8198,533,411,2024-07-09 05:47:00,job_board,interview,0.575
8199,1496,2404,2025-07-24 10:28:26,outbound,applied,0.635
8200,272,4281,2024-03-23 00:17:07,job_board,screened,0.634
8201,1650,6039,2025-08-05 11:16:51,job_board,offer,0.419
8202,433,6613,2024-06-03 03:00:04,recruiter,screened,0.353
8203,400,4914,2024-05-18 18:07:39,recruiter,applied,0.929
8204,1949,6220,2026-01-14 09:17:16,job_board,interview,0.572
8205,783,3183,2024-09-29 04:31:27,linkedin,applied,0.392
8206,1361,2942,2025-05-14 00:48:33,job_board,interview,0.584
8207,790,1742,2024-09-25 23:39:15,referral,applied,0.778
8208,1964,6002,2025-12-26 18:33:42,job_board,applied,0.7
8209,306,6055,2024-03-27 16:23:49,job_board,interview,0.531
8210,932,8221,2024-12-07 13:53:11,outbound,applied,0.521
8211,183,4720,2024-02-26 16:39:03,linkedin,applied,0.747
8212,1143,5527,2025-02-24 05:35:29,referral,applied,0.592
8213,1490,6488,2025-07-12 15:47:30,referral,offer,0.731
8214,937,7850,2024-12-29 20:15:41,job_board,applied,0.502
8215,1704,4556,2025-09-02 11:36:43,linkedin,interview,0.571
8216,1537,6723,2025-08-13 14:17:31,outbound,screened,0.875
8217,1904,7219,2025-11-21 16:55:47,linkedin,interview,0.699
8218,1992,5246,2025-12-30 14:13:40,linkedin,applied,0.598
8219,1913,4948,2025-11-25 10:45:09,job_board,applied,0.481
8220,867,6003,2024-10-28 10:10:02,outbound,interview,0.731
8221,1990,7321,2025-12-29 12:25:53,job_board,applied,0.605
8222,1323,5017,2025-05-09 19:44:23,job_board,applied,0.553
8223,166,4948,2024-03-07 10:07:59,referral,applied,0.753
8224,165,1960,2024-02-23 06:31:13,job_board,applied,0.721
8225,794,8656,2024-10-23 22:29:24,linkedin,interview,0.484
8226,1113,514,2025-02-06 19:16:45,job_board,interview,0.833
8227,165,7679,2024-03-25 06:31:13,linkedin,interview,0.84
8228,1154,3451,2025-02-24 18:19:06,linkedin,applied,0.734
8229,1356,2288,2025-05-02 18:43:06,job_board,applied,0.733
8230,1387,2040,2025-06-05 00:10:39,job_board,interview,0.534
8231,1945,6554,2025-12-06 18:49:32,job_board,screened,0.601
8232,729,2607,2024-10-09 11:38:25,job_board,screened,0.891
8233,74,1188,2024-02-17 19:29:08,job_board,applied,0.877
8234,1916,4146,2025-11-24 07:20:05,job_board,screened,0.892
8235,1053,8200,2025-01-28 21:51:00,job_board,interview,0.889
8236,1261,7819,2025-04-30 20:24:46,referral,offer,0.88
8237,1067,3110,2025-02-08 17:47:54,linkedin,applied,0.649
8238,974,5816,2025-01-08 01:17:46,linkedin,interview,0.57
8239,327,4297,2024-05-04 03:57:38,job_board,applied,0.953
8240,1129,3585,2025-02-14 07:21:04,recruiter,applied,0.83
8241,1667,186,2025-08-27 14:39:16,referral,applied,0.359
8242,227,1402,2024-03-16 08:27:34,outbound,applied,0.449
8243,790,7809,2024-10-04 23:39:15,job_board,interview,0.781
8244,1871,8667,2025-11-04 17:35:07,job_board,offer,0.831
8245,841,8533,2024-10-30 13:07:42,job_board,offer,0.419
8246,324,8603,2024-05-07 09:32:35,job_board,applied,0.705
8247,1924,4235,2025-12-10 04:33:40,job_board,interview,0.706
8248,274,593,2024-03-17 16:28:54,job_board,applied,0.606
8249,495,1692,2024-06-07 03:28:08,job_board,applied,0.696
8250,931,7151,2024-11-22 10:31:45,outbound,applied,0.382
8251,771,6245,2024-09-19 04:14:10,job_board,applied,0.61
8252,833,8898,2024-11-10 16:29:20,linkedin,applied,0.459
8253,1541,2673,2025-08-02 15:06:12,job_board,screened,0.737
8254,1114,3589,2025-02-13 00:48:25,recruiter,applied,0.697
8255,960,8641,2024-12-08 02:57:12,job_board,interview,0.352
8256,1407,8232,2025-05-24 20:20:09,recruiter,interview,0.955
8257,1207,2801,2025-03-09 08:47:32,job_board,applied,0.603
8258,1258,8617,2025-04-08 20:15:22,job_board,applied,0.49
8259,956,5182,2024-12-23 21:52:57,job_board,interview,0.663
8260,1109,8935,2025-02-04 04:42:00,linkedin,applied,0.735
8261,567,446,2024-07-22 20:17:10,outbound,screened,0.947
8262,828,5184,2024-10-11 05:14:46,job_board,applied,0.947
8263,326,8909,2024-04-04 18:34:32,job_board,applied,0.804
8264,165,8662,2024-03-22 06:31:13,linkedin,applied,0.823
8265,1701,5186,2025-09-27 21:12:38,linkedin,applied,0.573
8266,1615,382,2025-09-07 14:04:18,job_board,screened,0.553
8267,551,8778,2024-06-30 22:06:34,job_board,applied,0.575
8268,922,1424,2024-12-17 20:46:34,recruiter,applied,0.59
8269,1995,2707,2026-02-06 20:12:28,job_board,applied,0.726
8270,1063,7888,2025-02-04 00:44:37,job_board,applied,0.677
8271,21,4745,2024-02-20 14:43:56,recruiter,screened,0.573
8272,1155,2321,2025-03-24 21:15:38,linkedin,offer,0.833
8273,1764,166,2025-09-22 13:41:14,job_board,applied,0.968
8274,462,1639,2024-06-30 15:42:33,job_board,interview,0.691
8275,1895,6938,2025-11-09 02:22:05,job_board,screened,0.572
8276,1527,6451,2025-07-07 09:02:56,job_board,applied,0.825
8277,118,1499,2024-02-03 11:46:59,outbound,interview,0.469
8278,1976,8110,2026-01-31 04:04:19,job_board,applied,0.727
8279,1256,3828,2025-04-23 10:07:29,job_board,screened,0.528
8280,432,6295,2024-05-25 02:21:09,referral,screened,0.469
8281,1566,6031,2025-08-23 15:20:04,referral,applied,0.686
8282,1643,1039,2025-08-09 05:07:24,job_board,interview,0.425
8283,1231,740,2025-03-28 19:22:21,linkedin,applied,0.691
8284,1929,5518,2025-12-31 00:26:09,referral,offer,0.894
8285,1761,7053,2025-10-25 09:35:30,recruiter,applied,0.814
8286,624,8451,2024-07-31 15:04:36,job_board,screened,0.75
8287,265,7253,2024-04-14 20:28:44,linkedin,applied,0.396
8288,1615,5279,2025-08-24 14:04:18,job_board,offer,0.405
8289,1898,4782,2025-12-01 10:34:46,recruiter,applied,0.868
8290,589,3638,2024-08-16 14:08:43,linkedin,screened,0.846
8291,1102,5445,2025-03-08 11:18:25,job_board,screened,0.441
8292,1021,8621,2025-01-11 12:42:00,job_board,interview,0.652
8293,689,848,2024-09-01 14:54:07,linkedin,interview,0.957
8294,1077,4307,2025-01-29 19:13:06,job_board,offer,0.855
8295,1051,4040,2025-02-01 16:21:35,referral,interview,0.631
8296,1971,2738,2025-12-30 16:35:38,job_board,applied,0.616
8297,679,7571,2024-09-09 23:35:11,job_board,applied,0.652
8298,298,4922,2024-04-20 04:16:34,job_board,interview,0.37
8299,911,804,2024-12-15 17:23:13,recruiter,interview,0.755
8300,284,6262,2024-04-18 00:40:47,job_board,interview,0.622
8301,313,8899,2024-04-11 19:09:30,job_board,applied,0.42
8302,1271,1691,2025-04-18 21:22:39,referral,interview,0.358
8303,1690,4374,2025-09-06 01:57:57,linkedin,interview,0.737
8304,232,2162,2024-03-22 17:25:19,job_board,screened,0.725
8305,780,116,2024-09-24 23:10:24,linkedin,applied,0.835
8306,367,3876,2024-04-29 13:02:49,job_board,interview,0.427
8307,935,3060,2024-11-28 23:27:31,linkedin,applied,0.39
8308,1182,8118,2025-02-25 12:19:58,linkedin,applied,0.878
8309,1820,4506,2025-10-15 22:42:07,linkedin,applied,0.423
8310,1789,5677,2025-09-29 05:46:24,job_board,screened,0.426
8311,1815,8631,2025-10-22 16:28:14,referral,screened,0.942
8312,845,4769,2024-11-14 00:52:18,linkedin,applied,0.428
8313,1577,6348,2025-07-21 11:11:32,linkedin,applied,0.64
8314,582,4727,2024-07-19 03:00:41,linkedin,interview,0.908
8315,61,5230,2024-01-22 04:15:12,outbound,applied,0.514
8316,1860,1879,2025-11-23 23:29:20,linkedin,applied,0.632
8317,1813,8699,2025-10-04 22:26:36,job_board,applied,0.966
8318,363,2757,2024-05-27 06:42:22,job_board,applied,0.535
8319,378,2655,2024-05-28 16:39:47,outbound,applied,0.832
8320,1815,3042,2025-10-17 16:28:14,linkedin,screened,0.751
8321,877,3418,2024-11-23 20:27:37,job_board,applied,0.804
8322,1580,3171,2025-07-23 07:35:50,linkedin,offer,0.586
8323,1806,6914,2025-10-02 15:18:20,job_board,applied,0.801
8324,1092,6506,2025-02-21 08:59:11,outbound,applied,0.713
8325,191,5351,2024-03-17 11:44:42,referral,applied,0.899
8326,1201,2691,2025-03-08 12:14:58,linkedin,applied,0.528
8327,267,1971,2024-04-02 15:54:34,job_board,interview,0.402
8328,1376,6142,2025-05-22 13:35:39,job_board,offer,0.555
8329,1153,6760,2025-03-06 18:17:30,linkedin,applied,0.821
8330,875,3618,2024-11-03 10:48:44,recruiter,applied,0.674
8331,936,2405,2024-12-31 12:07:21,referral,applied,0.686
8332,1925,4102,2025-12-17 05:19:12,linkedin,applied,0.445
8333,780,5030,2024-10-06 23:10:24,job_board,screened,0.448
8334,1698,529,2025-09-11 02:47:06,referral,applied,0.446
8335,1620,7707,2025-08-08 21:39:56,job_board,applied,0.633
8336,1993,6461,2026-01-12 16:46:12,outbound,applied,0.687
8337,1790,2476,2025-10-26 17:42:39,job_board,applied,0.945
8338,1243,7493,2025-03-14 08:07:38,job_board,applied,0.547
8339,1983,6851,2025-12-28 07:10:20,job_board,applied,0.414
8340,1401,4556,2025-05-13 20:08:37,referral,screened,0.639
8341,246,7753,2024-04-14 10:05:51,outbound,applied,0.685
8342,193,1840,2024-03-24 13:19:31,linkedin,offer,0.725
8343,1353,2855,2025-06-03 01:51:22,recruiter,applied,0.902
8344,1060,8968,2025-01-29 22:17:32,linkedin,screened,0.623
8345,1743,1770,2025-09-18 15:22:46,job_board,applied,0.38
8346,1077,7678,2025-02-01 19:13:06,recruiter,applied,0.912
8347,482,7792,2024-07-05 23:13:58,outbound,screened,0.603
8348,1715,3410,2025-09-27 06:37:05,linkedin,interview,0.364
8349,961,4198,2025-01-18 10:47:13,job_board,applied,0.531
8350,1909,8438,2025-11-25 20:27:38,job_board,screened,0.637
8351,15,2803,2024-02-15 06:44:33,outbound,screened,0.94
8352,37,3339,2024-02-21 14:21:07,job_board,applied,0.378
8353,270,94,2024-03-18 22:51:34,linkedin,applied,0.9
8354,1915,3216,2025-11-29 17:06:20,referral,offer,0.407
8355,252,1747,2024-03-12 21:53:43,job_board,applied,0.763
8356,1426,1837,2025-06-30 11:54:10,job_board,applied,0.445
8357,1416,4615,2025-06-05 02:13:48,job_board,screened,0.565
8358,1760,6939,2025-09-12 17:12:03,job_board,screened,0.892
8359,1245,7461,2025-04-04 01:56:32,job_board,applied,0.725
8360,42,3375,2024-01-20 04:11:11,job_board,interview,0.879
8361,78,4521,2024-02-03 07:48:41,referral,applied,0.509
8362,29,692,2024-02-03 23:15:21,job_board,interview,0.652
8363,1192,2489,2025-02-24 00:39:20,job_board,applied,0.479
8364,861,2806,2024-11-27 10:49:47,referral,applied,0.887
8365,137,8363,2024-02-22 02:02:03,job_board,applied,0.699
8366,42,7649,2024-02-10 04:11:11,recruiter,applied,0.684
8367,405,3324,2024-05-12 16:48:21,job_board,applied,0.53
8368,960,1553,2025-01-11 02:57:12,linkedin,applied,0.417
8369,1803,1466,2025-10-16 06:44:01,job_board,applied,0.682
8370,1655,4610,2025-08-29 19:55:17,job_board,applied,0.446
8371,895,8509,2024-11-14 16:45:56,job_board,interview,0.396
8372,574,5389,2024-07-14 07:50:00,job_board,applied,0.8
8373,1563,3568,2025-07-30 03:55:09,job_board,applied,0.798
8374,1875,7457,2025-11-07 23:33:21,job_board,applied,0.375
8375,629,4342,2024-08-19 13:38:41,job_board,screened,0.866
8376,996,1961,2025-01-19 20:54:16,job_board,applied,0.926
8377,222,7469,2024-03-13 00:16:03,linkedin,applied,0.899
8378,260,8208,2024-03-16 06:59:09,job_board,applied,0.485
8379,1777,2590,2025-09-27 18:37:37,outbound,applied,0.83
8380,453,8828,2024-06-01 08:34:38,linkedin,applied,0.78
8381,328,4759,2024-04-20 14:39:16,recruiter,screened,0.771
8382,638,2170,2024-08-29 22:33:40,referral,applied,0.407
8383,700,7797,2024-08-26 16:28:23,job_board,applied,0.619
8384,408,1268,2024-06-03 17:19:40,linkedin,applied,0.354
8385,1403,2306,2025-05-09 17:34:16,recruiter,screened,0.968
8386,1148,3302,2025-03-09 17:49:08,linkedin,applied,0.501
8387,1184,8049,2025-03-18 16:21:51,referral,applied,0.955
8388,1971,8545,2026-01-17 16:35:38,job_board,applied,0.835
8389,1856,1724,2025-11-13 18:05:21,referral,interview,0.483
8390,565,144,2024-07-17 13:13:46,job_board,screened,0.62
8391,1976,7690,2026-01-01 04:04:19,job_board,interview,0.726
8392,1357,4806,2025-05-29 00:42:55,job_board,interview,0.377
8393,294,3542,2024-05-04 19:57:56,job_board,offer,0.699
8394,639,73,2024-08-18 22:47:06,referral,applied,0.57
8395,454,4934,2024-06-24 12:51:28,job_board,screened,0.402
8396,1599,1207,2025-09-02 03:23:32,job_board,screened,0.788
8397,1279,4963,2025-05-02 20:37:34,referral,applied,0.707
8398,1559,1369,2025-07-11 04:32:58,job_board,applied,0.861
8399,294,1845,2024-04-12 19:57:56,referral,applied,0.918
8400,1032,1134,2025-02-04 04:10:30,job_board,interview,0.473
8401,1085,1557,2025-02-13 21:44:36,job_board,applied,0.763
8402,1362,6304,2025-05-21 07:15:49,linkedin,applied,0.551
8403,746,6403,2024-10-01 15:34:42,linkedin,applied,0.703
8404,126,4127,2024-02-10 16:34:42,linkedin,screened,0.447
8405,1777,7429,2025-10-14 18:37:37,referral,applied,0.507
8406,853,8651,2024-11-13 21:01:11,linkedin,screened,0.861
8407,1837,1233,2025-11-06 22:21:32,referral,applied,0.481
8408,829,2072,2024-11-01 14:05:21,job_board,applied,0.595
8409,518,6764,2024-07-04 09:54:14,referral,interview,0.889
8410,929,5303,2024-12-06 15:59:39,referral,screened,0.516
8411,192,2943,2024-02-22 11:48:13,linkedin,applied,0.682
8412,1118,5226,2025-03-05 13:54:06,referral,screened,0.461
8413,1983,5350,2026-01-26 07:10:20,job_board,applied,0.476
8414,513,5334,2024-07-28 07:04:54,job_board,screened,0.499
8415,300,4812,2024-04-10 14:33:31,job_board,applied,0.526
8416,274,281,2024-03-23 16:28:54,referral,interview,0.419
8417,347,6691,2024-05-07 22:43:46,job_board,applied,0.719
8418,786,1689,2024-10-13 17:34:04,job_board,applied,0.627
8419,505,4878,2024-06-27 12:16:16,recruiter,offer,0.362
8420,1429,4806,2025-06-01 23:19:08,referral,interview,0.372
8421,682,841,2024-08-30 17:36:41,linkedin,interview,0.823
8422,727,2592,2024-09-13 12:47:03,recruiter,applied,0.872
8423,296,2513,2024-04-20 13:31:16,linkedin,applied,0.97
8424,1147,1810,2025-03-12 12:33:05,job_board,applied,0.385
8425,645,3582,2024-08-23 18:20:45,job_board,applied,0.661
8426,1412,2635,2025-06-12 09:06:07,linkedin,applied,0.406
8427,45,5149,2024-01-18 18:42:12,referral,applied,0.703
8428,1286,556,2025-04-09 10:05:00,job_board,applied,0.753
8429,1602,1526,2025-07-31 02:51:57,linkedin,applied,0.687
8430,1424,4639,2025-06-21 01:55:17,referral,interview,0.493
8431,528,3037,2024-06-26 18:48:07,linkedin,interview,0.632
8432,1394,3738,2025-06-13 08:55:41,referral,interview,0.639
8433,1636,569,2025-08-27 00:51:01,referral,applied,0.93
8434,1054,2289,2025-01-21 22:59:06,job_board,applied,0.506
8435,1294,2904,2025-04-15 16:20:40,job_board,applied,0.665
8436,1632,202,2025-08-02 20:22:20,outbound,screened,0.902
8437,962,4610,2024-12-19 17:32:15,job_board,interview,0.59
8438,298,454,2024-04-20 04:16:34,job_board,offer,0.611
8439,1945,8429,2025-11-30 18:49:32,job_board,applied,0.499
8440,654,359,2024-08-23 03:19:47,linkedin,applied,0.747
8441,774,1600,2024-10-16 18:18:09,linkedin,offer,0.598
8442,1226,4690,2025-03-11 18:57:33,job_board,applied,0.846
8443,357,249,2024-04-16 08:24:08,outbound,screened,0.739
8444,693,5614,2024-09-09 01:04:45,job_board,offer,0.718
8445,1155,3395,2025-02-26 21:15:38,job_board,interview,0.791
8446,1467,176,2025-06-21 13:30:06,job_board,interview,0.379
8447,281,5469,2024-04-05 12:29:58,job_board,applied,0.499
8448,1657,674,2025-09-01 21:10:09,job_board,applied,0.58
8449,554,5469,2024-07-18 15:25:57,job_board,applied,0.856
8450,1828,5987,2025-10-17 13:08:49,job_board,interview,0.392
8451,1816,3110,2025-10-06 16:32:51,referral,applied,0.554
8452,1423,5464,2025-06-29 21:34:23,linkedin,applied,0.79
8453,1785,339,2025-10-21 01:19:20,job_board,screened,0.737
8454,320,7835,2024-04-28 17:45:06,job_board,applied,0.852
8455,932,8271,2024-12-02 13:53:11,referral,screened,0.609
8456,282,1527,2024-03-16 19:55:02,linkedin,interview,0.503
8457,957,4517,2025-01-02 11:56:18,referral,applied,0.642
8458,1165,3738,2025-03-23 06:41:58,linkedin,applied,0.567
8459,1134,6989,2025-02-21 11:16:08,job_board,applied,0.573
8460,152,1934,2024-02-10 21:14:02,job_board,applied,0.686
8461,169,3573,2024-03-04 19:29:33,outbound,screened,0.571
8462,1997,3358,2026-02-12 09:37:00,job_board,screened,0.433
8463,507,7483,2024-07-01 15:44:38,job_board,interview,0.374
8464,990,4667,2025-01-06 15:54:56,linkedin,applied,0.684
8465,1160,7063,2025-03-24 12:39:55,job_board,applied,0.532
8466,319,677,2024-04-09 13:22:46,linkedin,applied,0.833
8467,643,858,2024-08-12 13:16:37,recruiter,applied,0.736
8468,1204,8507,2025-03-06 08:15:32,job_board,applied,0.855
8469,427,462,2024-05-16 17:19:30,recruiter,screened,0.548
8470,1585,6028,2025-08-24 20:48:06,outbound,applied,0.728
8471,1295,1346,2025-04-14 22:01:44,linkedin,interview,0.955
8472,1978,4655,2026-01-22 20:01:41,job_board,offer,0.5
8473,1133,7406,2025-02-25 20:22:26,job_board,applied,0.947
8474,1601,4273,2025-08-22 02:51:19,job_board,interview,0.463
8475,655,2426,2024-08-02 04:50:01,job_board,applied,0.446
8476,1389,1475,2025-05-28 16:02:29,outbound,applied,0.813
8477,1875,3563,2025-12-04 23:33:21,linkedin,screened,0.968
8478,1645,8500,2025-09-17 08:27:24,recruiter,applied,0.862
8479,1556,5206,2025-07-17 13:36:26,job_board,screened,0.389
8480,902,4182,2024-12-11 04:07:55,referral,interview,0.462
8481,1193,5867,2025-04-03 03:05:43,job_board,screened,0.786
8482,1186,4777,2025-03-24 07:10:09,job_board,applied,0.894
8483,419,3838,2024-05-24 10:35:57,job_board,applied,0.635
8484,526,1494,2024-06-24 04:03:31,referral,screened,0.766
8485,1297,4043,2025-04-23 09:21:06,job_board,applied,0.621
8486,1274,2440,2025-03-23 02:19:30,job_board,applied,0.65
8487,1376,2954,2025-05-29 13:35:39,job_board,applied,0.882
8488,1208,2726,2025-03-15 14:43:04,job_board,applied,0.858
8489,1163,847,2025-02-13 03:26:50,job_board,applied,0.721
8490,1040,4689,2025-02-11 12:07:37,job_board,interview,0.481
8491,1276,1335,2025-04-09 17:01:31,referral,applied,0.632
8492,725,3678,2024-09-16 01:21:18,linkedin,applied,0.79
8493,325,8010,2024-04-14 09:54:15,job_board,offer,0.376
8494,1354,7604,2025-05-11 08:57:01,job_board,applied,0.734
8495,670,8774,2024-08-12 21:51:47,outbound,applied,0.741
8496,1516,1342,2025-07-05 15:17:08,referral,applied,0.722
8497,1782,7430,2025-10-19 20:23:14,linkedin,interview,0.662
8498,783,7329,2024-10-23 04:31:27,job_board,applied,0.629
8499,275,2753,2024-03-22 15:13:58,linkedin,applied,0.767
8500,2,3276,2024-01-08 13:30:59,job_board,interview,0.577
8501,1180,1606,2025-03-15 21:57:46,recruiter,screened,0.919
8502,1765,8699,2025-10-10 09:04:28,job_board,interview,0.376
8503,1796,4583,2025-10-10 06:41:04,linkedin,applied,0.918
8504,1798,2598,2025-11-06 17:49:43,job_board,applied,0.915
8505,29,852,2024-02-21 23:15:21,job_board,interview,0.783
8506,109,4503,2024-02-23 11:59:48,referral,applied,0.863
8507,1935,8235,2026-01-05 16:42:57,job_board,interview,0.637
8508,1349,3438,2025-05-11 01:11:58,referral,applied,0.503
8509,1767,6913,2025-09-15 15:17:46,job_board,applied,0.623
8510,1961,3041,2025-12-11 10:33:54,referral,applied,0.88
8511,1431,8763,2025-06-24 11:26:57,linkedin,applied,0.72
8512,803,5719,2024-09-29 02:58:05,referral,screened,0.893
8513,1419,7704,2025-05-22 04:46:03,linkedin,screened,0.841
8514,1254,5404,2025-04-14 15:04:07,job_board,interview,0.471
8515,1736,3680,2025-09-19 13:21:28,outbound,screened,0.866
8516,1723,423,2025-09-04 05:19:16,referral,offer,0.355
8517,342,2828,2024-05-14 01:04:41,referral,interview,0.964
8518,1762,2039,2025-10-15 10:22:31,referral,applied,0.515
8519,1400,7508,2025-05-18 20:04:35,referral,interview,0.536
8520,1470,5107,2025-06-13 14:22:35,job_board,offer,0.556
8521,687,5292,2024-09-13 00:19:03,job_board,interview,0.944
8522,973,8778,2024-12-24 22:26:59,referral,screened,0.766
8523,1752,7909,2025-09-17 09:26:50,job_board,interview,0.531
8524,278,6047,2024-04-23 23:31:01,job_board,interview,0.548
8525,1067,2927,2025-02-25 17:47:54,job_board,applied,0.874
8526,1935,979,2026-01-08 16:42:57,linkedin,offer,0.401
8527,1532,4919,2025-07-21 10:55:59,linkedin,applied,0.85
8528,298,8898,2024-04-25 04:16:34,recruiter,applied,0.821
8529,335,4162,2024-04-14 15:07:35,job_board,applied,0.569
8530,1008,8834,2025-02-14 11:44:45,job_board,screened,0.739
8531,485,1650,2024-06-05 13:17:52,recruiter,screened,0.855
8532,1764,555,2025-10-22 13:41:14,referral,screened,0.435
8533,1677,4870,2025-09-08 18:45:05,linkedin,applied,0.948
8534,1908,3365,2025-12-25 20:25:36,job_board,applied,0.496
8535,791,751,2024-10-20 13:20:25,linkedin,screened,0.762
8536,572,8487,2024-07-13 17:36:15,linkedin,applied,0.771
8537,1056,3375,2025-02-14 03:53:12,outbound,screened,0.48
8538,231,2290,2024-03-31 16:20:10,job_board,interview,0.421
8539,1452,4801,2025-06-19 20:39:07,linkedin,applied,0.832
8540,1740,7608,2025-09-26 07:23:23,job_board,applied,0.609
8541,340,1308,2024-04-25 16:57:32,linkedin,applied,0.771
8542,396,3292,2024-05-06 22:00:31,referral,screened,0.384
8543,606,6783,2024-08-11 23:47:56,job_board,interview,0.838
8544,1602,6002,2025-08-12 02:51:57,job_board,interview,0.844
8545,652,1718,2024-07-31 15:35:01,job_board,applied,0.628
8546,1459,248,2025-07-04 02:05:47,recruiter,applied,0.519
8547,1834,6557,2025-10-17 08:49:21,linkedin,applied,0.379
8548,877,1886,2024-10-25 20:27:37,job_board,applied,0.527
8549,276,216,2024-03-26 17:16:07,referral,applied,0.601
8550,1832,7914,2025-11-15 17:37:09,job_board,screened,0.502
8551,743,6200,2024-10-04 05:18:03,outbound,screened,0.371
8552,1199,4089,2025-03-13 16:35:57,job_board,interview,0.423
8553,1919,3604,2025-12-06 20:37:40,job_board,applied,0.746
8554,1795,7841,2025-10-11 20:41:16,linkedin,applied,0.522
8555,1670,7111,2025-08-12 07:01:35,recruiter,applied,0.879
8556,707,4751,2024-09-04 21:30:30,job_board,applied,0.476
8557,1341,5058,2025-05-28 23:00:37,job_board,screened,0.448
8558,669,4829,2024-09-02 19:57:53,referral,applied,0.595
8559,1098,3421,2025-02-11 03:51:04,outbound,screened,0.747
8560,675,4505,2024-09-20 01:25:10,linkedin,applied,0.891
8561,1678,5975,2025-08-15 20:38:26,job_board,applied,0.818
8562,1503,5822,2025-07-28 00:03:41,job_board,screened,0.745
8563,1893,3492,2025-11-22 13:57:17,linkedin,applied,0.57
8564,533,7446,2024-07-13 05:47:00,job_board,offer,0.974
8565,1849,3206,2025-11-24 07:26:54,job_board,offer,0.513
8566,496,6643,2024-07-18 08:20:27,linkedin,applied,0.487
8567,1279,3831,2025-04-28 20:37:34,job_board,applied,0.727
8568,348,8489,2024-05-04 18:37:32,recruiter,offer,0.851
8569,1456,6394,2025-06-25 11:17:28,job_board,screened,0.964
8570,1550,6453,2025-08-17 10:27:39,referral,screened,0.593
8571,1551,5535,2025-08-11 15:27:21,recruiter,screened,0.597
8572,555,1609,2024-07-11 16:28:37,job_board,screened,0.865
8573,1619,8249,2025-08-19 02:56:32,job_board,applied,0.92
8574,319,6338,2024-05-05 13:22:46,job_board,applied,0.715
8575,1467,4,2025-07-09 13:30:06,referral,screened,0.355
8576,941,2696,2024-12-11 10:21:37,job_board,applied,0.67
8577,360,1449,2024-05-22 22:08:54,referral,applied,0.6
8578,1949,1213,2025-12-26 09:17:16,referral,applied,0.648
8579,1520,4447,2025-07-13 19:40:24,job_board,applied,0.465
8580,293,7151,2024-04-13 18:27:38,referral,applied,0.777
8581,781,6027,2024-10-06 00:36:01,job_board,applied,0.978
8582,1477,8404,2025-06-10 09:21:03,job_board,applied,0.767
8583,400,807,2024-05-08 18:07:39,job_board,applied,0.52
8584,947,5630,2024-12-07 23:49:07,linkedin,applied,0.622
8585,206,2648,2024-03-23 01:31:37,job_board,applied,0.748
8586,46,132,2024-01-31 00:08:42,job_board,applied,0.828
8587,481,8898,2024-06-07 02:33:21,outbound,offer,0.901
8588,1423,1145,2025-06-11 21:34:23,job_board,applied,0.636
8589,1016,2949,2025-01-24 07:30:20,referral,applied,0.937
8590,618,4650,2024-08-19 14:22:21,job_board,screened,0.928
8591,494,3422,2024-07-20 01:22:44,job_board,screened,0.815
8592,1608,1386,2025-09-04 18:49:34,recruiter,applied,0.907
8593,1332,2150,2025-05-05 04:22:18,job_board,screened,0.716
8594,1727,6141,2025-08-26 23:08:25,job_board,applied,0.35
8595,1929,157,2025-11-26 00:26:09,outbound,applied,0.663
8596,1266,542,2025-03-26 16:24:50,job_board,applied,0.661
8597,89,2569,2024-01-22 16:15:38,referral,applied,0.396
8598,1876,8784,2025-11-22 01:50:15,referral,applied,0.549
8599,262,1450,2024-04-21 16:57:10,linkedin,applied,0.599
8600,1419,5875,2025-06-17 04:46:03,job_board,interview,0.768
8601,495,3430,2024-07-08 03:28:08,job_board,interview,0.673
8602,1534,4591,2025-07-17 06:18:50,job_board,interview,0.361
8603,1609,2092,2025-08-23 04:31:02,job_board,applied,0.967
8604,1587,8286,2025-08-09 07:05:09,linkedin,interview,0.558
8605,543,3635,2024-07-09 21:51:20,job_board,applied,0.611
8606,1284,395,2025-03-27 16:40:07,referral,screened,0.728
8607,384,2426,2024-05-14 00:26:43,job_board,offer,0.956
8608,1775,2893,2025-10-06 16:53:46,job_board,applied,0.575
8609,306,8241,2024-04-19 16:23:49,referral,applied,0.592
8610,1683,253,2025-09-03 22:41:41,job_board,screened,0.695
8611,300,2623,2024-04-27 14:33:31,job_board,screened,0.488
8612,578,1618,2024-08-16 18:28:34,linkedin,offer,0.426
8613,1440,1698,2025-06-16 04:34:08,linkedin,offer,0.673
8614,1917,8874,2025-11-30 13:51:15,job_board,applied,0.953
8615,1417,6859,2025-05-27 19:24:51,referral,applied,0.653
8616,686,8520,2024-09-19 00:08:45,referral,applied,0.594
8617,623,7306,2024-08-14 08:16:20,referral,applied,0.405
8618,1262,7740,2025-04-30 21:13:44,linkedin,interview,0.705
8619,899,5068,2024-12-06 05:14:06,referral,applied,0.665
8620,415,4712,2024-05-30 21:46:51,linkedin,applied,0.609
8621,1257,3104,2025-03-18 14:24:08,job_board,applied,0.825
8622,869,642,2024-11-22 04:46:48,job_board,applied,0.494
8623,1951,7508,2025-12-23 17:50:56,job_board,applied,0.863
8624,59,3423,2024-01-19 01:29:30,referral,applied,0.848
8625,1487,6029,2025-06-28 05:59:47,job_board,applied,0.404
8626,1597,8627,2025-08-08 21:03:04,job_board,applied,0.962
8627,1607,3430,2025-08-30 19:19:23,linkedin,applied,0.49
8628,1401,1249,2025-06-03 20:08:37,referral,screened,0.668
8629,1956,3525,2025-12-21 13:57:14,outbound,applied,0.577
8630,619,8579,2024-09-02 15:13:02,job_board,interview,0.724
8631,763,23,2024-10-06 19:18:05,recruiter,applied,0.691
8632,1869,2325,2025-12-03 16:25:13,job_board,screened,0.974
8633,139,520,2024-02-23 05:15:06,outbound,screened,0.93
8634,1654,6923,2025-09-13 12:50:12,job_board,applied,0.516
8635,1494,1214,2025-07-23 08:14:12,job_board,applied,0.57
8636,1178,2409,2025-03-20 14:49:39,referral,applied,0.906
8637,243,2226,2024-04-13 14:36:59,job_board,applied,0.747
8638,1223,385,2025-03-25 03:18:29,job_board,applied,0.842
8639,878,8335,2024-10-27 20:18:00,job_board,applied,0.711
8640,176,3458,2024-02-28 15:34:39,job_board,interview,0.948
8641,1477,7395,2025-06-07 09:21:03,job_board,applied,0.679
8642,1625,4695,2025-08-08 19:51:05,recruiter,screened,0.678
8643,1117,367,2025-03-02 13:50:08,job_board,interview,0.463
8644,326,1662,2024-04-07 18:34:32,linkedin,applied,0.518
8645,735,135,2024-09-25 03:43:41,job_board,offer,0.951
8646,1082,2216,2025-02-18 16:58:52,linkedin,applied,0.749
8647,1029,5275,2025-01-31 16:16:50,linkedin,applied,0.65
8648,1184,1124,2025-03-21 16:21:51,referral,screened,0.853
8649,491,3389,2024-06-24 09:01:10,referral,interview,0.92
8650,1593,262,2025-08-16 17:30:28,referral,applied,0.706
8651,149,7216,2024-03-09 10:15:57,recruiter,applied,0.857
8652,1973,3170,2026-01-12 11:41:11,job_board,applied,0.497
8653,825,8756,2024-11-05 07:39:52,referral,applied,0.486
8654,1659,2942,2025-09-10 03:10:32,referral,applied,0.363
8655,117,4449,2024-02-16 00:38:11,linkedin,applied,0.48
8656,1339,4500,2025-05-29 11:43:12,job_board,offer,0.843
8657,1960,1597,2025-12-20 10:01:53,referral,applied,0.732
8658,1922,6654,2025-11-21 10:31:40,job_board,applied,0.848
8659,896,8035,2024-12-17 01:09:08,linkedin,applied,0.666
8660,749,7725,2024-10-07 23:57:38,job_board,screened,0.576
8661,1765,3800,2025-10-03 09:04:28,linkedin,applied,0.422
8662,1276,6898,2025-03-31 17:01:31,job_board,interview,0.596
8663,1904,3755,2025-11-17 16:55:47,linkedin,applied,0.902
8664,469,1310,2024-06-20 14:16:53,referral,interview,0.605
8665,899,6336,2024-12-19 05:14:06,recruiter,applied,0.706
8666,626,3668,2024-08-06 20:14:29,job_board,applied,0.923
8667,841,3330,2024-11-11 13:07:42,recruiter,interview,0.755
8668,1746,669,2025-09-21 14:51:01,referral,interview,0.723
8669,1787,2114,2025-10-15 18:19:22,job_board,screened,0.937
8670,1191,3739,2025-03-20 20:43:34,recruiter,screened,0.551
8671,70,6676,2024-02-20 08:53:41,job_board,interview,0.965
8672,884,3561,2024-11-29 11:13:05,job_board,applied,0.895
8673,975,1673,2024-12-25 00:11:19,job_board,applied,0.704
8674,1428,3579,2025-05-22 18:13:01,referral,applied,0.598
8675,538,354,2024-07-17 11:40:05,outbound,screened,0.424
8676,1158,4145,2025-02-28 05:16:43,job_board,applied,0.596
8677,1506,4479,2025-07-02 22:12:36,outbound,applied,0.588
8678,1140,6329,2025-02-14 14:07:26,linkedin,applied,0.516
8679,1674,306,2025-09-18 18:36:31,job_board,applied,0.655
8680,506,5692,2024-06-14 12:44:49,recruiter,applied,0.965
8681,1241,7119,2025-03-15 06:36:10,job_board,applied,0.587
8682,912,7285,2024-11-28 10:41:13,outbound,applied,0.548
8683,814,8797,2024-10-08 08:49:00,outbound,screened,0.526
8684,849,6099,2024-10-16 17:00:22,referral,interview,0.37
8685,1110,8538,2025-02-07 05:33:11,job_board,applied,0.444
8686,1027,3076,2025-01-23 07:39:30,referral,applied,0.494
8687,1149,1341,2025-02-27 19:15:06,job_board,applied,0.889
8688,1921,5,2025-12-11 23:36:23,job_board,applied,0.835
8689,1271,8388,2025-03-26 21:22:39,referral,applied,0.809
8690,1094,1070,2025-03-08 17:23:36,referral,interview,0.457
8691,1845,1007,2025-11-04 06:32:00,linkedin,applied,0.967
8692,476,6607,2024-06-17 14:22:08,job_board,applied,0.953
8693,499,3190,2024-07-09 17:31:51,recruiter,interview,0.764
8694,233,4625,2024-04-10 06:01:49,referral,applied,0.948
8695,404,759,2024-04-30 09:20:12,referral,applied,0.842
8696,157,3819,2024-02-29 12:25:21,job_board,applied,0.43
8697,381,7405,2024-05-30 03:39:11,linkedin,applied,0.709
8698,1312,5169,2025-04-14 08:47:29,outbound,applied,0.54
8699,1395,2014,2025-06-12 12:23:56,job_board,applied,0.552
8700,1296,1369,2025-04-25 02:20:46,referral,applied,0.81
8701,1810,5985,2025-10-01 00:07:54,job_board,applied,0.745
8702,1716,6314,2025-10-02 07:03:17,recruiter,applied,0.702
8703,654,6865,2024-08-03 03:19:47,recruiter,applied,0.976
8704,380,1105,2024-05-22 15:53:37,referral,interview,0.515
8705,842,3427,2024-11-05 19:41:39,job_board,applied,0.901
8706,1855,564,2025-11-20 08:52:48,job_board,applied,0.784
8707,1937,7104,2025-12-11 18:32:22,job_board,interview,0.368
8708,410,2274,2024-05-07 16:26:21,linkedin,applied,0.647
8709,291,2931,2024-04-11 22:58:48,referral,applied,0.446
8710,1476,5099,2025-07-10 08:20:15,referral,interview,0.425
8711,1760,1335,2025-10-07 17:12:03,job_board,applied,0.787
8712,1901,6947,2025-11-10 11:31:21,job_board,interview,0.909
8713,1919,4139,2025-12-15 20:37:40,job_board,interview,0.778
8714,566,5036,2024-07-21 13:44:43,job_board,interview,0.565
8715,1600,6393,2025-08-21 17:31:34,job_board,applied,0.378
8716,1348,5942,2025-05-31 23:54:48,linkedin,applied,0.645
8717,673,358,2024-09-13 21:55:20,linkedin,applied,0.473
8718,32,887,2024-02-23 08:12:20,referral,screened,0.87
8719,1308,7257,2025-04-29 20:24:51,job_board,interview,0.57
8720,723,7914,2024-09-25 11:50:42,referral,interview,0.918
8721,583,2301,2024-07-14 03:43:48,recruiter,interview,0.427
8722,20,195,2024-01-13 14:49:30,referral,applied,0.389
8723,242,6131,2024-03-08 16:32:46,referral,applied,0.352
8724,381,8859,2024-05-23 03:39:11,job_board,applied,0.967
8725,215,1027,2024-03-22 10:26:39,job_board,interview,0.648
8726,1900,818,2025-12-18 11:12:19,referral,interview,0.806
8727,19,3506,2024-02-06 05:16:16,linkedin,applied,0.416
8728,778,5544,2024-10-23 13:18:43,linkedin,applied,0.417
8729,1957,4186,2026-01-07 11:01:06,linkedin,interview,0.519
8730,236,4223,2024-03-28 12:08:11,linkedin,applied,0.419
8731,1311,4216,2025-04-27 07:34:08,referral,applied,0.378
8732,501,8902,2024-06-14 01:51:33,referral,applied,0.391
8733,643,2460,2024-08-24 13:16:37,job_board,applied,0.619
8734,889,868,2024-11-23 09:37:58,linkedin,screened,0.62
8735,1159,4763,2025-03-25 11:57:31,job_board,applied,0.664
8736,1522,4295,2025-08-07 21:51:20,referral,applied,0.739
8737,1239,2497,2025-03-21 17:52:24,recruiter,applied,0.524
8738,42,8699,2024-01-20 04:11:11,job_board,offer,0.683
8739,366,1499,2024-04-26 12:35:10,job_board,interview,0.972
8740,1256,1217,2025-04-06 10:07:29,job_board,applied,0.758
8741,578,1201,2024-08-19 18:28:34,job_board,offer,0.864
8742,120,8468,2024-03-08 09:03:38,linkedin,applied,0.905
8743,1095,8053,2025-03-06 12:55:40,job_board,applied,0.49
8744,635,8605,2024-08-04 21:11:06,linkedin,interview,0.485
8745,1680,1176,2025-08-13 00:31:28,referral,offer,0.484
8746,1780,220,2025-10-19 17:00:49,referral,applied,0.603
8747,260,3557,2024-03-28 06:59:09,recruiter,applied,0.937
8748,1555,4287,2025-07-29 12:26:07,job_board,applied,0.896
8749,1717,2268,2025-09-26 09:24:13,job_board,applied,0.62
8750,1282,5541,2025-05-07 06:49:33,referral,applied,0.645
8751,1218,5545,2025-03-07 12:47:08,referral,screened,0.897
8752,928,6064,2024-12-17 15:54:11,job_board,screened,0.7
8753,980,3112,2024-12-17 15:10:35,linkedin,applied,0.587
8754,158,283,2024-02-29 22:24:16,outbound,screened,0.385
8755,288,2577,2024-03-20 14:33:39,job_board,interview,0.626
8756,1369,1539,2025-06-01 13:59:57,job_board,screened,0.471
8757,1100,8722,2025-02-20 09:53:36,job_board,applied,0.383
8758,348,7566,2024-04-22 18:37:32,job_board,applied,0.39
8759,708,8971,2024-08-29 22:26:28,recruiter,applied,0.72
8760,1293,6782,2025-04-27 14:33:53,job_board,applied,0.618
8761,378,1194,2024-04-30 16:39:47,recruiter,screened,0.875
8762,422,4083,2024-05-24 05:14:25,referral,applied,0.744
8763,1760,6236,2025-09-12 17:12:03,referral,interview,0.393
8764,917,595,2024-11-30 10:45:53,linkedin,applied,0.654
8765,922,8009,2024-12-19 20:46:34,job_board,applied,0.723
8766,147,7630,2024-02-06 23:09:35,job_board,screened,0.878
8767,160,8738,2024-03-16 07:00:10,job_board,interview,0.957
8768,1299,2696,2025-04-12 09:14:52,linkedin,applied,0.625
8769,605,2683,2024-08-17 18:14:35,referral,offer,0.502
8770,560,5664,2024-07-06 09:06:49,job_board,applied,0.663
8771,364,7060,2024-04-22 09:27:43,linkedin,applied,0.483
8772,1507,2437,2025-07-30 11:42:20,referral,applied,0.522
8773,1879,2950,2025-12-11 23:55:08,job_board,interview,0.442
8774,522,3130,2024-06-28 14:25:58,linkedin,applied,0.756
8775,487,5595,2024-07-17 07:39:26,referral,applied,0.788
8776,1560,969,2025-08-15 05:51:13,referral,applied,0.581
8777,1013,4617,2025-01-13 12:07:58,referral,applied,0.355
8778,1589,2176,2025-08-22 21:59:26,job_board,interview,0.731
8779,1492,6368,2025-07-29 05:25:53,recruiter,applied,0.498
8780,1592,6688,2025-07-31 14:03:41,job_board,applied,0.422
8781,318,8215,2024-04-17 11:54:14,job_board,screened,0.661
8782,1071,3252,2025-01-31 20:56:56,job_board,applied,0.557
8783,875,1015,2024-10-23 10:48:44,recruiter,screened,0.589
8784,1734,2088,2025-10-09 21:10:19,referral,applied,0.835
8785,1307,2006,2025-04-27 13:34:57,job_board,applied,0.905
8786,1491,28,2025-06-21 19:17:31,job_board,applied,0.878
8787,1764,5272,2025-10-07 13:41:14,job_board,applied,0.718
8788,1382,5923,2025-06-05 09:38:52,job_board,applied,0.441
8789,1309,3215,2025-05-11 11:51:59,job_board,applied,0.577
8790,1060,2567,2025-02-19 22:17:32,job_board,screened,0.639
8791,161,5021,2024-02-25 01:44:41,job_board,applied,0.697
8792,1442,1376,2025-07-05 10:39:29,recruiter,applied,0.445
8793,644,7046,2024-08-31 16:53:26,job_board,screened,0.538
8794,247,2102,2024-03-24 23:22:25,linkedin,screened,0.879
8795,702,6296,2024-09-20 02:37:51,linkedin,applied,0.972
8796,695,6070,2024-09-26 07:24:14,job_board,screened,0.494
8797,777,6900,2024-09-14 23:03:02,job_board,interview,0.825
8798,561,4823,2024-07-27 22:24:22,outbound,interview,0.522
8799,1884,1451,2025-12-01 02:25:15,recruiter,applied,0.44
8800,1768,383,2025-10-25 01:28:51,referral,screened,0.441
8801,72,274,2024-02-07 10:28:41,job_board,interview,0.879
8802,994,1249,2025-01-08 08:18:42,job_board,screened,0.64
8803,605,7846,2024-07-24 18:14:35,linkedin,applied,0.748
8804,1698,968,2025-09-06 02:47:06,job_board,screened,0.908
8805,985,4064,2025-01-04 15:24:58,job_board,interview,0.726
8806,1269,4384,2025-04-27 16:10:15,job_board,applied,0.351
8807,173,5722,2024-03-20 21:17:11,outbound,applied,0.737
8808,1427,1099,2025-06-08 16:40:19,job_board,screened,0.393
8809,968,657,2025-01-13 02:35:56,linkedin,applied,0.636
8810,1751,7606,2025-10-10 08:28:04,job_board,applied,0.837
8811,215,6370,2024-03-23 10:26:39,outbound,applied,0.878
8812,606,5486,2024-08-17 23:47:56,linkedin,interview,0.614
8813,1676,915,2025-08-15 02:30:56,linkedin,applied,0.72
8814,469,6348,2024-06-15 14:16:53,job_board,applied,0.843
8815,541,7087,2024-07-23 11:40:14,referral,interview,0.537
8816,605,7607,2024-08-07 18:14:35,recruiter,applied,0.713
8817,1047,547,2025-02-15 22:04:46,linkedin,applied,0.489
8818,110,5075,2024-02-09 15:25:06,linkedin,applied,0.486
8819,1237,749,2025-04-17 03:28:23,recruiter,screened,0.509
8820,1620,3017,2025-08-01 21:39:56,job_board,applied,0.649
8821,612,3090,2024-08-22 03:21:51,job_board,interview,0.41
8822,343,1232,2024-05-10 11:17:46,linkedin,applied,0.828
8823,703,1909,2024-08-19 20:01:28,linkedin,interview,0.55
8824,1291,8409,2025-04-08 10:26:06,job_board,interview,0.859
8825,1022,8861,2025-02-16 14:06:25,linkedin,offer,0.423
8826,1208,4653,2025-03-27 14:43:04,job_board,applied,0.782
8827,1611,4062,2025-08-28 15:54:32,recruiter,applied,0.943
8828,1896,8757,2025-12-13 03:43:06,job_board,screened,0.916
8829,906,4220,2024-11-08 16:28:05,referral,offer,0.918
8830,1522,3896,2025-08-05 21:51:20,recruiter,applied,0.5
8831,982,419,2025-01-17 23:51:24,referral,interview,0.671
8832,277,1278,2024-03-26 23:26:54,job_board,interview,0.962
8833,1192,4423,2025-03-06 00:39:20,job_board,interview,0.418
8834,1906,2832,2025-11-30 06:29:42,referral,screened,0.887
8835,851,576,2024-11-09 22:02:11,outbound,applied,0.758
8836,1081,6587,2025-02-02 15:34:01,linkedin,applied,0.533
8837,1453,5654,2025-06-09 23:43:43,referral,screened,0.498
8838,1660,545,2025-08-31 06:23:16,job_board,applied,0.963
8839,10,8835,2024-02-04 22:33:11,job_board,applied,0.379
8840,115,2270,2024-02-16 18:53:29,outbound,screened,0.732
8841,967,2967,2024-12-20 08:20:35,referral,interview,0.556
8842,224,1572,2024-03-02 19:54:23,job_board,interview,0.808
8843,1847,7273,2025-11-18 13:10:07,recruiter,screened,0.894
8844,1410,8581,2025-06-03 16:40:41,referral,offer,0.868
8845,1232,8690,2025-03-06 22:55:57,linkedin,applied,0.878
8846,1168,882,2025-02-27 23:35:40,referral,interview,0.943
8847,973,8712,2024-12-15 22:26:59,job_board,applied,0.851
8848,100,502,2024-02-02 14:56:54,recruiter,screened,0.724
8849,1545,6714,2025-07-12 18:04:34,referral,applied,0.495
8850,957,5899,2025-01-15 11:56:18,referral,applied,0.53
8851,787,7830,2024-10-04 14:50:19,referral,applied,0.46
8852,874,4810,2024-10-29 08:36:02,linkedin,applied,0.774
8853,935,3164,2024-12-22 23:27:31,recruiter,screened,0.396
8854,1884,5941,2025-12-15 02:25:15,job_board,screened,0.415
8855,391,5255,2024-05-15 01:28:18,linkedin,offer,0.671
8856,355,1645,2024-04-22 04:22:19,job_board,interview,0.56
8857,249,5966,2024-03-26 17:29:38,job_board,interview,0.929
8858,1242,6191,2025-04-06 07:33:17,linkedin,applied,0.871
8859,52,1957,2024-02-20 18:12:47,referral,applied,0.601
8860,1584,5720,2025-07-22 16:28:31,job_board,applied,0.915
8861,1464,2821,2025-06-27 09:30:13,job_board,applied,0.718
8862,1418,4740,2025-05-16 00:58:37,outbound,screened,0.644
8863,937,3253,2024-12-16 20:15:41,job_board,applied,0.864
8864,821,5991,2024-10-03 04:07:43,job_board,applied,0.97
8865,1879,592,2025-11-16 23:55:08,linkedin,interview,0.81
8866,1662,1741,2025-08-29 08:24:24,job_board,applied,0.79
8867,354,4109,2024-05-28 00:51:24,job_board,applied,0.84
8868,518,6066,2024-06-23 09:54:14,outbound,interview,0.623
8869,488,7051,2024-06-14 17:37:54,outbound,screened,0.827
8870,946,1694,2024-12-27 23:05:41,job_board,screened,0.67
8871,1278,5849,2025-03-30 11:34:48,referral,applied,0.917
8872,443,8885,2024-05-19 11:20:45,job_board,offer,0.892
8873,110,5627,2024-02-17 15:25:06,linkedin,applied,0.417
8874,771,468,2024-09-21 04:14:10,outbound,screened,0.628
8875,1007,5454,2025-01-31 08:05:03,outbound,screened,0.791
8876,1345,3413,2025-04-24 12:58:06,linkedin,screened,0.417
8877,248,203,2024-03-05 09:21:44,job_board,screened,0.557
8878,1379,3712,2025-05-10 04:28:32,job_board,applied,0.574
8879,323,30,2024-05-10 08:12:30,job_board,screened,0.767
8880,587,1054,2024-08-04 13:11:48,outbound,applied,0.404
8881,1025,1523,2025-01-18 16:27:24,recruiter,applied,0.885
8882,211,2026,2024-03-20 05:44:48,job_board,interview,0.609
8883,1139,8220,2025-03-07 13:08:45,linkedin,screened,0.356
8884,78,2228,2024-02-07 07:48:41,job_board,applied,0.937
8885,425,7715,2024-05-16 00:41:56,job_board,interview,0.737
8886,1132,1479,2025-02-19 20:00:37,job_board,screened,0.462
8887,543,5192,2024-08-01 21:51:20,job_board,applied,0.878
8888,866,2988,2024-11-18 09:42:14,linkedin,offer,0.863
8889,569,3469,2024-07-20 18:12:35,job_board,applied,0.894
8890,1001,4681,2025-02-06 17:34:29,linkedin,screened,0.719
8891,284,8673,2024-03-26 00:40:47,linkedin,interview,0.723
8892,312,6241,2024-04-03 18:37:41,referral,applied,0.884
8893,1932,594,2025-11-26 07:47:54,job_board,applied,0.744
8894,665,8380,2024-08-09 09:09:15,job_board,interview,0.351
8895,1385,875,2025-05-15 07:05:26,outbound,applied,0.771
8896,18,4250,2024-01-08 03:57:33,recruiter,applied,0.946
8897,222,5590,2024-03-14 00:16:03,job_board,applied,0.683
8898,1576,4946,2025-07-17 06:15:49,recruiter,applied,0.447
8899,715,4928,2024-08-23 17:21:03,recruiter,interview,0.978
8900,601,6361,2024-08-09 09:07:13,outbound,offer,0.646
8901,346,8832,2024-05-04 09:28:22,referral,interview,0.564
8902,533,1975,2024-07-26 05:47:00,linkedin,applied,0.915
8903,469,7223,2024-06-15 14:16:53,recruiter,interview,0.779
8904,1595,61,2025-08-26 03:42:39,referral,applied,0.629
8905,1879,8444,2025-11-20 23:55:08,job_board,screened,0.584
8906,70,3576,2024-01-29 08:53:41,linkedin,applied,0.912
8907,274,6496,2024-03-20 16:28:54,job_board,applied,0.549
8908,1255,2274,2025-04-06 21:21:06,referral,interview,0.632
8909,1760,8342,2025-09-29 17:12:03,referral,interview,0.604
8910,634,4755,2024-08-17 19:11:41,job_board,screened,0.962
8911,1684,6182,2025-09-26 09:19:51,job_board,applied,0.903
8912,10,2027,2024-01-05 22:33:11,referral,screened,0.789
8913,1488,4732,2025-06-29 06:28:02,job_board,interview,0.72
8914,1887,6860,2025-11-07 08:28:49,recruiter,screened,0.665
8915,994,5221,2025-01-28 08:18:42,job_board,applied,0.416
8916,1169,1564,2025-03-08 12:36:32,linkedin,applied,0.916
8917,517,8111,2024-06-20 06:57:57,referral,applied,0.965
8918,1571,2183,2025-08-16 16:00:35,job_board,screened,0.817
8919,1662,942,2025-08-12 08:24:24,job_board,screened,0.53
8920,1667,5708,2025-09-12 14:39:16,job_board,screened,0.596
8921,1669,5089,2025-09-23 01:49:14,referral,interview,0.861
8922,155,4168,2024-02-29 16:03:34,recruiter,screened,0.876
8923,1051,3531,2025-02-12 16:21:35,linkedin,screened,0.543
8924,1019,126,2025-01-04 15:42:41,job_board,applied,0.779
8925,96,5967,2024-02-21 05:12:38,job_board,interview,0.944
8926,1603,1946,2025-07-27 06:36:40,job_board,applied,0.813
8927,386,5435,2024-05-11 12:28:22,job_board,applied,0.607
8928,850,8094,2024-11-05 21:20:56,job_board,applied,0.666
8929,113,3597,2024-03-01 22:01:18,outbound,screened,0.833
8930,1579,5102,2025-08-18 21:04:59,referral,applied,0.369
8931,360,6204,2024-05-26 22:08:54,job_board,interview,0.9
8932,1034,5238,2025-02-11 05:51:12,job_board,applied,0.443
8933,1017,4824,2025-01-06 10:10:24,outbound,screened,0.91
8934,192,4087,2024-03-18 11:48:13,job_board,applied,0.976
8935,1709,1688,2025-08-28 19:15:57,job_board,applied,0.382
8936,14,6039,2024-02-15 14:40:31,job_board,applied,0.956
8937,1307,5743,2025-05-10 13:34:57,linkedin,applied,0.493
8938,345,3742,2024-04-22 16:05:09,linkedin,applied,0.643
8939,1202,241,2025-02-26 17:59:05,job_board,interview,0.402
8940,452,122,2024-06-29 07:15:41,referral,applied,0.496
8941,1496,7407,2025-07-03 10:28:26,linkedin,applied,0.504
8942,1128,996,2025-03-12 21:59:31,referral,screened,0.467
8943,1280,8159,2025-03-26 22:37:40,job_board,interview,0.883
8944,1975,503,2025-12-28 16:09:37,linkedin,applied,0.965
8945,887,702,2024-11-16 16:55:06,outbound,applied,0.542
8946,1518,1962,2025-07-03 02:32:22,referral,interview,0.816
8947,1631,2312,2025-08-20 20:14:02,job_board,interview,0.446
8948,650,2844,2024-09-09 05:26:11,job_board,interview,0.946
8949,621,1142,2024-07-29 04:00:56,job_board,applied,0.789
8950,1412,997,2025-05-31 09:06:07,referral,applied,0.791
8951,1857,6947,2025-10-19 21:44:18,referral,screened,0.505
8952,30,8366,2024-02-08 07:30:16,referral,applied,0.681
8953,233,640,2024-03-17 06:01:49,job_board,offer,0.606
8954,338,5542,2024-04-28 23:17:27,referral,screened,0.897
8955,1276,4870,2025-04-14 17:01:31,referral,interview,0.763
8956,842,6191,2024-11-09 19:41:39,linkedin,applied,0.526
8957,1002,3494,2025-01-31 07:37:33,job_board,interview,0.415
8958,635,2034,2024-09-06 21:11:06,job_board,applied,0.858
8959,852,6758,2024-11-15 07:50:03,recruiter,applied,0.391
8960,1550,5832,2025-08-15 10:27:39,job_board,applied,0.641
8961,860,5753,2024-10-20 05:21:35,referral,applied,0.758
8962,786,1336,2024-09-21 17:34:04,recruiter,applied,0.729
8963,85,4898,2024-02-09 05:18:15,referral,interview,0.425
8964,757,8359,2024-09-11 10:09:20,referral,interview,0.758
8965,1504,4532,2025-07-27 07:05:07,job_board,applied,0.501
8966,275,8041,2024-04-22 15:13:58,outbound,screened,0.701
8967,705,6976,2024-09-13 22:01:12,recruiter,applied,0.507
8968,571,3457,2024-07-25 22:19:09,job_board,interview,0.594
8969,954,4295,2025-01-11 15:54:38,linkedin,applied,0.82
8970,1643,2763,2025-08-29 05:07:24,job_board,interview,0.51
8971,1696,3779,2025-09-28 12:39:32,linkedin,interview,0.887
8972,768,1677,2024-10-15 17:07:38,recruiter,interview,0.636
8973,1155,228,2025-02-24 21:15:38,linkedin,interview,0.975
8974,1636,6594,2025-08-31 00:51:01,job_board,applied,0.734
8975,1703,2418,2025-08-25 03:33:16,referral,offer,0.451
8976,1206,8062,2025-02-26 15:01:24,job_board,applied,0.822
8977,275,3329,2024-03-18 15:13:58,job_board,applied,0.735
8978,754,5821,2024-10-18 11:26:06,job_board,interview,0.425
8979,564,5209,2024-07-07 21:00:15,job_board,applied,0.393
8980,1361,2304,2025-05-04 00:48:33,referral,interview,0.87
8981,456,6059,2024-06-19 16:25:59,linkedin,screened,0.657
8982,69,4001,2024-01-24 08:50:44,job_board,applied,0.787
8983,1773,8665,2025-09-22 17:06:30,job_board,applied,0.666
8984,222,3424,2024-03-28 00:16:03,job_board,applied,0.871
8985,1564,2491,2025-08-22 09:04:01,job_board,applied,0.452
8986,1910,192,2025-11-19 03:05:05,job_board,interview,0.42
8987,1669,4900,2025-09-08 01:49:14,referral,applied,0.595
8988,978,4587,2025-01-09 07:18:51,recruiter,screened,0.677
8989,1138,6805,2025-03-20 01:22:41,job_board,screened,0.74
8990,1436,1576,2025-07-04 00:53:32,referral,applied,0.499
8991,442,2795,2024-06-10 06:16:26,linkedin,applied,0.827
8992,846,2139,2024-11-21 01:08:32,job_board,applied,0.813
8993,754,4937,2024-09-13 11:26:06,job_board,applied,0.659
8994,547,2469,2024-07-21 07:15:04,job_board,applied,0.647
8995,1101,3767,2025-02-02 10:08:11,outbound,applied,0.802
8996,841,8356,2024-10-12 13:07:42,job_board,applied,0.978
8997,38,3576,2024-02-14 01:54:00,outbound,applied,0.588
8998,183,8761,2024-03-11 16:39:03,job_board,applied,0.523
8999,1280,565,2025-03-23 22:37:40,outbound,applied,0.653
9000,1104,4071,2025-03-03 22:19:20,referral,applied,0.505
9001,1710,219,2025-09-30 21:11:06,outbound,interview,0.388
9002,147,5006,2024-02-21 23:09:35,job_board,interview,0.951
9003,652,2659,2024-07-31 15:35:01,recruiter,screened,0.572
9004,775,1674,2024-09-25 21:36:52,referral,applied,0.672
9005,1360,8211,2025-05-21 21:03:05,outbound,screened,0.415
9006,874,5929,2024-10-24 08:36:02,linkedin,interview,0.814
9007,968,1735,2024-12-30 02:35:56,job_board,applied,0.653
9008,1841,6389,2025-10-18 22:54:51,job_board,screened,0.462
9009,8,568,2024-01-30 13:22:32,job_board,applied,0.517
9010,1787,4638,2025-09-29 18:19:22,job_board,screened,0.738
9011,568,5582,2024-08-08 07:42:14,job_board,applied,0.893
9012,81,1239,2024-02-02 00:23:25,recruiter,applied,0.418
9013,1056,8627,2025-01-20 03:53:12,job_board,applied,0.469
9014,425,787,2024-05-21 00:41:56,job_board,applied,0.894
9015,1450,515,2025-07-09 13:08:05,outbound,applied,0.811
9016,1519,4475,2025-08-02 13:59:16,job_board,screened,0.934
9017,805,6710,2024-10-21 00:05:34,job_board,applied,0.449
9018,1562,4912,2025-07-20 02:57:12,recruiter,applied,0.763
9019,373,977,2024-05-05 18:42:27,linkedin,screened,0.496
9020,673,804,2024-08-26 21:55:20,referral,applied,0.541
9021,123,1218,2024-03-15 04:33:04,referral,applied,0.689
9022,1284,8844,2025-04-08 16:40:07,job_board,interview,0.591
9023,1430,8425,2025-06-23 23:43:51,referral,applied,0.708
9024,1526,730,2025-07-13 08:49:35,job_board,applied,0.592
9025,731,6311,2024-09-03 15:56:29,referral,screened,0.824
9026,1676,7357,2025-09-15 02:30:56,job_board,screened,0.499
9027,1295,5034,2025-04-01 22:01:44,referral,applied,0.396
9028,1151,1410,2025-03-15 01:55:55,referral,applied,0.844
9029,444,1482,2024-06-28 01:46:13,job_board,offer,0.914
9030,1684,6242,2025-08-20 09:19:51,job_board,interview,0.868
9031,1510,5032,2025-07-21 01:17:20,job_board,applied,0.632
9032,1752,1572,2025-09-14 09:26:50,linkedin,interview,0.63
9033,689,561,2024-08-31 14:54:07,recruiter,interview,0.545
9034,1103,3898,2025-02-15 22:16:41,referral,applied,0.644
9035,105,3550,2024-01-29 01:46:40,referral,applied,0.372
9036,1198,8837,2025-03-02 09:59:10,referral,applied,0.772
9037,1021,6341,2025-01-29 12:42:00,job_board,applied,0.793
9038,1638,3818,2025-09-08 15:16:15,job_board,screened,0.865
9039,1463,5115,2025-06-13 13:06:03,referral,applied,0.757
9040,1981,4669,2026-01-26 21:35:33,linkedin,applied,0.462
9041,1865,6077,2025-10-28 07:03:10,job_board,applied,0.891
9042,336,5249,2024-04-07 20:10:49,job_board,interview,0.586
9043,1942,1043,2025-12-16 04:53:45,job_board,interview,0.753
9044,61,4723,2024-01-15 04:15:12,job_board,offer,0.485
9045,913,6828,2024-11-14 12:08:24,referral,interview,0.608
9046,1866,8155,2025-11-02 15:15:50,recruiter,applied,0.746
9047,1224,8607,2025-03-27 03:54:48,job_board,applied,0.763
9048,1984,6001,2026-02-03 07:48:29,job_board,interview,0.541
9049,1115,8168,2025-02-25 01:02:26,job_board,screened,0.726
9050,1364,170,2025-05-25 12:26:08,referral,applied,0.352
9051,1068,792,2025-02-17 19:16:59,recruiter,screened,0.724
9052,1855,1733,2025-11-08 08:52:48,outbound,applied,0.922
9053,230,888,2024-02-28 15:24:03,linkedin,interview,0.685
9054,779,5888,2024-09-30 16:24:19,referral,screened,0.627
9055,1342,4621,2025-04-26 00:58:13,recruiter,applied,0.647
9056,987,4907,2025-01-13 18:39:44,referral,applied,0.405
9057,1931,4717,2025-12-29 11:40:22,outbound,applied,0.615
9058,1165,4384,2025-03-02 06:41:58,recruiter,applied,0.872
9059,254,7715,2024-04-01 04:13:22,referral,screened,0.943
9060,1227,1874,2025-03-29 21:39:57,job_board,applied,0.463
9061,624,3320,2024-07-22 15:04:36,recruiter,applied,0.789
9062,940,849,2024-12-31 09:55:38,referral,applied,0.671
9063,155,4631,2024-03-09 16:03:34,linkedin,offer,0.943
9064,1739,3135,2025-10-12 12:48:49,job_board,applied,0.636
9065,806,1834,2024-10-14 00:29:06,recruiter,applied,0.488
9066,1613,4939,2025-09-06 04:15:00,linkedin,screened,0.378
9067,964,8520,2024-12-21 16:09:36,referral,applied,0.823
9068,1897,6921,2025-11-24 08:08:51,linkedin,offer,0.803
9069,717,1089,2024-09-25 05:41:22,linkedin,screened,0.934
9070,213,3152,2024-03-17 00:47:37,linkedin,screened,0.388
9071,954,8137,2024-12-20 15:54:38,referral,screened,0.969
9072,69,1878,2024-02-11 08:50:44,outbound,applied,0.466
9073,1606,8017,2025-08-10 08:32:00,recruiter,applied,0.703
9074,1838,8059,2025-10-12 05:52:34,referral,offer,0.706
9075,428,455,2024-06-18 00:08:54,job_board,applied,0.376
9076,106,8898,2024-02-29 05:26:55,job_board,screened,0.743
9077,1516,6979,2025-07-03 15:17:08,linkedin,applied,0.564
9078,1378,4480,2025-05-09 18:58:24,job_board,applied,0.876
9079,1587,3038,2025-08-11 07:05:09,outbound,applied,0.685
9080,1139,4155,2025-02-26 13:08:45,linkedin,applied,0.397
9081,1163,2023,2025-02-15 03:26:50,referral,applied,0.705
9082,543,6980,2024-07-09 21:51:20,job_board,applied,0.955
9083,631,3622,2024-09-06 22:34:40,recruiter,offer,0.865
9084,1263,3968,2025-03-31 02:30:27,referral,applied,0.821
9085,1874,8316,2025-11-06 18:23:05,job_board,applied,0.919
9086,619,438,2024-08-25 15:13:02,job_board,applied,0.793
9087,728,3591,2024-10-05 06:25:06,linkedin,offer,0.454
9088,1179,5485,2025-02-24 19:51:51,referral,interview,0.587
9089,100,2185,2024-02-09 14:56:54,referral,interview,0.41
9090,1306,1568,2025-05-10 13:22:23,job_board,offer,0.661
9091,273,4722,2024-04-21 07:29:14,job_board,interview,0.509
9092,1367,1659,2025-05-14 06:19:34,outbound,screened,0.799
9093,1784,3687,2025-10-23 20:55:27,job_board,interview,0.4
9094,1833,757,2025-10-19 20:21:13,recruiter,interview,0.398
9095,300,172,2024-04-03 14:33:31,job_board,applied,0.949
9096,1195,6619,2025-04-04 03:59:49,job_board,applied,0.886
9097,895,1677,2024-12-01 16:45:56,job_board,offer,0.573
9098,981,258,2025-01-20 16:06:56,job_board,applied,0.354
9099,1384,156,2025-05-12 03:13:11,job_board,applied,0.53
9100,1982,5106,2025-12-21 07:09:32,referral,screened,0.508
9101,1148,4700,2025-02-08 17:49:08,linkedin,interview,0.819
9102,1109,5242,2025-02-28 04:42:00,job_board,applied,0.648
9103,1307,5772,2025-04-15 13:34:57,job_board,applied,0.709
9104,1011,5891,2025-01-25 07:49:27,job_board,screened,0.911
9105,698,6465,2024-09-15 12:01:01,job_board,applied,0.612
9106,1647,7673,2025-09-07 17:16:31,job_board,interview,0.355
9107,1325,1872,2025-04-20 02:49:34,job_board,applied,0.951
9108,1131,828,2025-02-28 15:36:02,job_board,applied,0.685
9109,19,7246,2024-02-03 05:16:16,job_board,screened,0.421
9110,551,608,2024-07-21 22:06:34,recruiter,applied,0.877
9111,527,3700,2024-07-23 18:23:20,job_board,applied,0.471
9112,1300,5529,2025-04-17 05:51:37,outbound,applied,0.794
9113,248,443,2024-03-18 09:21:44,job_board,screened,0.563
9114,764,8769,2024-09-23 00:04:34,referral,applied,0.94
9115,911,8350,2024-11-16 17:23:13,job_board,interview,0.71
9116,1482,7542,2025-06-12 23:01:57,job_board,applied,0.527
9117,292,6241,2024-04-17 17:48:29,job_board,applied,0.578
9118,1212,7140,2025-04-10 21:05:33,outbound,screened,0.646
9119,1095,5063,2025-01-29 12:55:40,recruiter,applied,0.913
9120,1479,6763,2025-06-20 20:32:19,job_board,applied,0.623
9121,362,362,2024-04-16 04:23:06,outbound,interview,0.718
9122,1200,1870,2025-03-04 23:54:32,referral,applied,0.466
9123,829,126,2024-10-11 14:05:21,recruiter,applied,0.47
9124,519,1105,2024-07-29 18:14:17,referral,applied,0.428
9125,149,5084,2024-02-16 10:15:57,job_board,screened,0.464
9126,762,6863,2024-10-19 09:03:30,outbound,applied,0.564
9127,880,7910,2024-11-24 14:58:50,linkedin,applied,0.551
9128,102,1437,2024-02-07 02:02:09,linkedin,screened,0.82
9129,1616,5828,2025-08-09 00:44:35,linkedin,applied,0.753
9130,1383,6699,2025-05-05 11:17:20,job_board,interview,0.514
9131,634,50,2024-09-04 19:11:41,job_board,screened,0.512
9132,95,2942,2024-02-28 04:53:18,job_board,applied,0.528
9133,1413,5743,2025-06-15 10:04:43,recruiter,interview,0.595
9134,48,1224,2024-01-13 02:09:45,job_board,screened,0.679
9135,852,3138,2024-11-27 07:50:03,job_board,applied,0.783
9136,415,4126,2024-05-15 21:46:51,outbound,applied,0.713
9137,469,1099,2024-06-24 14:16:53,job_board,interview,0.547
9138,1511,606,2025-07-20 06:29:16,linkedin,applied,0.67
9139,607,7305,2024-07-16 13:13:47,outbound,applied,0.899
9140,492,789,2024-06-23 06:40:56,job_board,interview,0.709
9141,606,5189,2024-07-21 23:47:56,outbound,applied,0.417
9142,298,3756,2024-03-31 04:16:34,referral,interview,0.672
9143,1485,6519,2025-06-24 17:45:09,job_board,applied,0.955
9144,991,8053,2024-12-23 05:01:18,recruiter,applied,0.698
9145,402,1486,2024-05-31 02:08:32,referral,applied,0.434
9146,617,8501,2024-08-22 11:23:26,referral,applied,0.866
9147,1956,1046,2026-01-02 13:57:14,outbound,applied,0.532
9148,1157,7920,2025-03-02 01:58:48,job_board,applied,0.586
9149,1375,4631,2025-05-08 12:26:56,referral,applied,0.961
9150,1714,413,2025-09-19 20:56:38,job_board,screened,0.476
9151,803,4751,2024-10-25 02:58:05,linkedin,applied,0.577
9152,697,7887,2024-08-24 02:29:56,linkedin,applied,0.956
9153,1997,5239,2026-01-11 09:37:00,linkedin,screened,0.915
9154,1133,873,2025-03-13 20:22:26,job_board,screened,0.36
9155,433,6699,2024-06-12 03:00:04,job_board,applied,0.839
9156,1717,7604,2025-09-15 09:24:13,recruiter,applied,0.418
9157,1526,5973,2025-07-14 08:49:35,job_board,interview,0.717
9158,802,3687,2024-10-02 23:43:16,job_board,applied,0.796
9159,542,6087,2024-07-02 21:15:10,job_board,applied,0.662
9160,1314,3020,2025-05-15 13:20:29,job_board,screened,0.978
9161,1088,1575,2025-02-13 10:00:59,job_board,interview,0.665
9162,474,7702,2024-06-23 13:49:24,job_board,applied,0.435
9163,109,3763,2024-03-10 11:59:48,job_board,interview,0.373
9164,1639,6877,2025-09-03 04:13:45,referral,applied,0.772
9165,1693,5400,2025-09-14 17:06:39,referral,applied,0.611
9166,1814,7931,2025-10-10 15:30:28,job_board,applied,0.776
9167,733,4668,2024-09-11 22:38:35,linkedin,applied,0.757
9168,1409,2750,2025-05-13 21:46:07,linkedin,applied,0.593
9169,1169,2739,2025-03-07 12:36:32,job_board,applied,0.587
9170,533,4684,2024-07-03 05:47:00,referral,interview,0.654
9171,1855,8499,2025-11-04 08:52:48,linkedin,interview,0.638
9172,673,1705,2024-08-25 21:55:20,job_board,offer,0.486
9173,61,1262,2024-01-16 04:15:12,job_board,applied,0.359
9174,332,2330,2024-04-27 10:31:44,referral,applied,0.873
9175,1937,8772,2025-12-27 18:32:22,job_board,interview,0.877
9176,138,5521,2024-03-10 03:43:50,referral,applied,0.813
9177,1051,7039,2025-01-23 16:21:35,job_board,screened,0.596
9178,971,5099,2024-12-30 22:45:16,referral,interview,0.676
9179,1562,5366,2025-08-04 02:57:12,recruiter,applied,0.375
9180,1643,5649,2025-09-10 05:07:24,recruiter,applied,0.95
9181,947,1148,2024-12-04 23:49:07,outbound,interview,0.549
9182,1264,5667,2025-04-11 12:20:44,recruiter,applied,0.778
9183,1632,5076,2025-09-04 20:22:20,linkedin,interview,0.632
9184,1620,7418,2025-07-28 21:39:56,job_board,interview,0.397
9185,1762,792,2025-09-13 10:22:31,outbound,applied,0.786
9186,1415,4576,2025-05-17 01:11:59,recruiter,applied,0.502
9187,764,8388,2024-09-23 00:04:34,outbound,applied,0.747
9188,1119,7352,2025-02-05 02:00:34,linkedin,interview,0.879
9189,1446,2571,2025-06-12 20:01:28,outbound,interview,0.574
9190,593,6559,2024-07-25 08:12:54,job_board,applied,0.893
9191,1998,3596,2026-02-02 20:51:24,job_board,applied,0.581
9192,888,7138,2024-11-15 22:40:16,linkedin,applied,0.583
9193,1515,5731,2025-08-09 04:29:11,job_board,screened,0.916
9194,1013,4338,2025-01-09 12:07:58,referral,applied,0.799
9195,1914,169,2025-11-22 15:03:32,job_board,applied,0.725
9196,1336,6849,2025-05-22 20:20:21,job_board,screened,0.438
9197,1474,4878,2025-06-12 23:43:26,job_board,interview,0.379
9198,1549,4796,2025-07-24 09:05:57,job_board,interview,0.8
9199,660,6434,2024-08-29 08:12:18,job_board,applied,0.613
9200,699,8208,2024-09-24 12:43:48,recruiter,screened,0.393
9201,1655,1866,2025-08-15 19:55:17,recruiter,applied,0.398
9202,925,8109,2024-12-01 20:02:45,job_board,screened,0.362
9203,1333,1387,2025-04-16 21:08:32,job_board,applied,0.671
9204,1036,5778,2025-01-27 20:35:28,job_board,screened,0.845
9205,67,4389,2024-01-27 04:39:19,referral,applied,0.82
9206,943,6814,2024-12-12 03:05:12,referral,applied,0.514
9207,345,4830,2024-04-19 16:05:09,job_board,applied,0.779
9208,174,5246,2024-03-27 06:51:04,referral,screened,0.95
9209,523,3952,2024-07-11 01:27:29,job_board,applied,0.855
9210,586,5939,2024-08-02 01:42:41,job_board,applied,0.617
9211,1488,2661,2025-07-03 06:28:02,outbound,applied,0.809
9212,505,2616,2024-07-07 12:16:16,job_board,applied,0.453
9213,1595,3689,2025-08-03 03:42:39,linkedin,interview,0.841
9214,421,1817,2024-05-12 20:25:01,job_board,interview,0.484
9215,1654,2811,2025-08-19 12:50:12,referral,applied,0.588
9216,1053,733,2025-01-28 21:51:00,recruiter,applied,0.728
9217,135,2247,2024-02-14 13:04:51,recruiter,applied,0.703
9218,222,3693,2024-03-03 00:16:03,linkedin,interview,0.705
9219,145,4250,2024-03-13 10:17:46,referral,interview,0.844
9220,821,5685,2024-10-22 04:07:43,referral,applied,0.493
9221,599,3561,2024-08-02 22:26:06,job_board,applied,0.897
9222,93,5567,2024-03-02 20:42:41,referral,applied,0.372
9223,1363,3919,2025-06-02 09:14:20,job_board,offer,0.445
9224,1707,3949,2025-09-01 04:50:34,linkedin,applied,0.961
9225,1685,3,2025-09-28 12:44:29,job_board,applied,0.828
9226,302,7032,2024-04-11 20:04:22,referral,applied,0.444
9227,1739,6235,2025-09-21 12:48:49,linkedin,offer,0.632
9228,852,518,2024-11-25 07:50:03,job_board,screened,0.355
9229,416,422,2024-06-15 06:38:08,referral,interview,0.678
9230,267,6637,2024-04-23 15:54:34,referral,applied,0.969
9231,1535,1861,2025-07-11 05:18:49,job_board,interview,0.757
9232,513,8071,2024-06-17 07:04:54,outbound,offer,0.734
9233,1282,7232,2025-04-06 06:49:33,job_board,applied,0.872
9234,1109,3719,2025-02-09 04:42:00,job_board,applied,0.713
9235,1854,8858,2025-11-14 06:07:59,job_board,applied,0.755
9236,1432,4777,2025-05-27 02:24:00,job_board,applied,0.537
9237,1546,8924,2025-07-17 21:50:45,job_board,screened,0.705
9238,986,468,2025-01-21 19:09:50,outbound,interview,0.813
9239,1058,5331,2025-02-10 09:07:04,linkedin,screened,0.675
9240,299,7358,2024-04-28 10:39:25,job_board,interview,0.606
9241,1567,2335,2025-08-20 18:24:22,job_board,applied,0.483
9242,1505,7483,2025-08-01 15:23:42,recruiter,applied,0.505
9243,617,7514,2024-09-01 11:23:26,job_board,applied,0.929
9244,280,7047,2024-04-15 10:53:33,outbound,screened,0.432
9245,1573,5853,2025-08-05 21:06:56,job_board,applied,0.747
9246,1542,834,2025-08-04 04:46:22,job_board,applied,0.813
9247,1563,8876,2025-08-13 03:55:09,job_board,applied,0.476
9248,60,7944,2024-02-23 02:56:23,linkedin,applied,0.458
9249,1711,4942,2025-09-19 03:01:56,referral,screened,0.482
9250,720,3586,2024-09-18 22:24:28,linkedin,screened,0.695
9251,485,4736,2024-06-21 13:17:52,job_board,offer,0.47
9252,1053,8857,2025-02-19 21:51:00,referral,interview,0.526
9253,1699,395,2025-09-04 14:51:42,job_board,applied,0.574
9254,1630,4322,2025-08-15 03:21:48,job_board,applied,0.376
9255,339,1750,2024-05-04 09:21:15,job_board,interview,0.368
9256,1953,7340,2025-12-31 04:22:56,referral,applied,0.354
9257,1544,6003,2025-07-22 16:46:38,job_board,screened,0.907
9258,1866,8222,2025-10-20 15:15:50,linkedin,applied,0.928
9259,1860,8944,2025-11-20 23:29:20,job_board,applied,0.71
9260,1051,1048,2025-01-18 16:21:35,linkedin,offer,0.377
9261,72,4281,2024-01-22 10:28:41,referral,interview,0.683
9262,145,8382,2024-02-08 10:17:46,linkedin,applied,0.903
9263,1253,262,2025-04-16 06:54:20,referral,applied,0.887
9264,183,7840,2024-03-19 16:39:03,linkedin,interview,0.722
9265,1320,3596,2025-05-01 21:00:29,job_board,screened,0.424
9266,207,4819,2024-02-26 02:25:00,job_board,screened,0.567
9267,1631,1137,2025-08-03 20:14:02,referral,applied,0.973
9268,535,3068,2024-07-17 02:52:40,job_board,offer,0.87
9269,206,8638,2024-03-30 01:31:37,job_board,applied,0.802
9270,681,8338,2024-09-09 08:07:02,job_board,interview,0.55
9271,1819,1272,2025-10-24 22:24:28,referral,applied,0.467
9272,1104,5064,2025-02-17 22:19:20,outbound,applied,0.62
9273,1988,1061,2026-01-25 20:18:42,referral,applied,0.497
9274,517,8904,2024-06-24 06:57:57,job_board,applied,0.561
9275,1345,4120,2025-04-25 12:58:06,referral,applied,0.861
9276,374,2325,2024-05-03 19:21:07,linkedin,applied,0.458
9277,860,4878,2024-10-23 05:21:35,job_board,applied,0.508
9278,754,1811,2024-09-16 11:26:06,job_board,applied,0.511
9279,1271,6456,2025-04-29 21:22:39,referral,screened,0.926
9280,1347,3123,2025-05-11 16:25:08,job_board,applied,0.415
9281,110,3312,2024-02-16 15:25:06,referral,applied,0.639
9282,1391,6809,2025-06-06 08:18:52,job_board,screened,0.936
9283,1507,8073,2025-07-04 11:42:20,referral,screened,0.892
9284,764,1835,2024-10-10 00:04:34,recruiter,applied,0.765
9285,140,5388,2024-02-26 05:55:59,job_board,screened,0.789
9286,845,2763,2024-11-07 00:52:18,job_board,applied,0.791
9287,646,426,2024-08-14 06:15:12,recruiter,applied,0.427
9288,1585,2301,2025-08-26 20:48:06,recruiter,interview,0.388
9289,279,308,2024-04-28 09:40:23,job_board,applied,0.354
9290,594,7040,2024-07-17 12:09:26,referral,applied,0.658
9291,1453,4219,2025-06-05 23:43:43,referral,applied,0.792
9292,1882,4897,2025-12-03 00:54:45,referral,interview,0.651
9293,1189,3955,2025-03-15 02:35:44,outbound,applied,0.355
9294,5,2432,2024-02-05 10:50:13,referral,interview,0.793
9295,1399,4072,2025-05-20 14:09:40,outbound,applied,0.599
9296,63,1375,2024-02-13 22:44:17,linkedin,applied,0.856
9297,130,515,2024-02-08 18:12:04,job_board,applied,0.939
9298,1336,1412,2025-05-29 20:20:21,outbound,applied,0.64
9299,741,480,2024-09-28 22:48:57,referral,interview,0.644
9300,55,4982,2024-02-12 00:57:14,recruiter,screened,0.601
9301,813,547,2024-10-05 02:15:37,referral,interview,0.616
9302,759,3503,2024-10-16 16:37:45,linkedin,applied,0.74
9303,1205,6606,2025-03-08 08:36:21,job_board,applied,0.815
9304,1888,5185,2025-11-06 11:47:16,referral,applied,0.601
9305,205,5414,2024-03-13 22:22:54,job_board,applied,0.502
9306,1332,2588,2025-05-28 04:22:18,outbound,screened,0.417
9307,1295,1229,2025-04-17 22:01:44,job_board,applied,0.812
9308,1954,1395,2025-12-03 07:00:43,referral,applied,0.611
9309,790,3879,2024-10-28 23:39:15,job_board,applied,0.798
9310,324,8020,2024-05-01 09:32:35,linkedin,applied,0.577
9311,1812,8487,2025-10-28 10:59:41,job_board,applied,0.762
9312,101,1228,2024-02-18 22:24:00,job_board,applied,0.622
9313,900,623,2024-11-10 01:19:23,job_board,applied,0.94
9314,1308,4183,2025-05-03 20:24:51,job_board,applied,0.65
9315,205,1703,2024-02-27 22:22:54,job_board,screened,0.774
9316,594,1237,2024-07-21 12:09:26,job_board,applied,0.709
9317,207,3507,2024-03-19 02:25:00,referral,applied,0.873
9318,1692,8660,2025-09-08 11:13:16,outbound,offer,0.8
9319,509,2124,2024-06-22 10:45:34,job_board,interview,0.608
9320,1207,766,2025-02-27 08:47:32,job_board,applied,0.449
9321,480,1427,2024-06-09 01:07:52,job_board,applied,0.618
9322,1388,5590,2025-05-04 11:46:54,linkedin,applied,0.925
9323,1594,8761,2025-08-31 17:53:04,job_board,applied,0.824
9324,81,8647,2024-01-23 00:23:25,outbound,applied,0.61
9325,1445,6898,2025-06-26 12:04:14,linkedin,applied,0.588
9326,1322,4762,2025-04-26 05:07:23,job_board,interview,0.381
9327,154,6563,2024-02-19 07:31:51,referral,interview,0.541
9328,529,558,2024-06-20 07:32:12,job_board,offer,0.759
9329,1703,8391,2025-08-21 03:33:16,linkedin,applied,0.918
9330,887,7075,2024-12-12 16:55:06,job_board,screened,0.771
9331,193,1684,2024-03-23 13:19:31,referral,applied,0.371
9332,1284,2664,2025-04-06 16:40:07,recruiter,screened,0.555
9333,1572,8008,2025-08-06 20:35:33,job_board,applied,0.84
9334,867,4878,2024-11-27 10:10:02,referral,screened,0.874
9335,224,8845,2024-03-11 19:54:23,referral,screened,0.409
9336,261,3586,2024-04-22 12:15:21,outbound,screened,0.517
9337,753,5277,2024-09-26 02:05:50,job_board,applied,0.554
9338,969,39,2025-01-02 13:24:28,job_board,screened,0.912
9339,1502,8130,2025-07-29 15:38:03,linkedin,interview,0.713
9340,1363,7503,2025-05-15 09:14:20,job_board,interview,0.468
9341,508,7346,2024-06-14 07:27:34,outbound,applied,0.714
9342,1380,6798,2025-05-07 04:53:08,outbound,applied,0.808
9343,227,2861,2024-03-30 08:27:34,job_board,applied,0.578
9344,369,312,2024-05-16 00:46:19,job_board,offer,0.943
9345,1575,2992,2025-08-20 15:53:24,job_board,screened,0.872
9346,1802,6062,2025-10-03 18:51:23,job_board,applied,0.743
9347,1382,6083,2025-05-24 09:38:52,linkedin,applied,0.589
9348,913,7746,2024-11-29 12:08:24,referral,interview,0.357
9349,1783,4970,2025-11-01 20:33:50,job_board,screened,0.395
9350,707,3074,2024-09-23 21:30:30,referral,interview,0.857
9351,1284,3465,2025-04-04 16:40:07,referral,applied,0.914
9352,1372,8828,2025-05-31 08:13:26,job_board,applied,0.428
9353,148,424,2024-03-08 03:41:51,job_board,applied,0.407
9354,1919,5910,2025-12-04 20:37:40,referral,interview,0.783
9355,1278,207,2025-04-11 11:34:48,job_board,applied,0.701
9356,482,4172,2024-06-11 23:13:58,job_board,applied,0.582
9357,1646,882,2025-08-21 11:17:56,job_board,applied,0.545
9358,763,2024,2024-09-12 19:18:05,outbound,interview,0.504
9359,168,3638,2024-03-09 12:19:13,outbound,offer,0.476
9360,1352,2920,2025-05-13 19:19:25,referral,interview,0.493
9361,272,247,2024-04-10 00:17:07,linkedin,applied,0.559
9362,1194,7070,2025-04-05 03:14:23,job_board,applied,0.672
9363,1356,1334,2025-05-08 18:43:06,job_board,offer,0.966
9364,314,6411,2024-04-01 23:05:54,linkedin,applied,0.368
9365,1583,8713,2025-08-01 13:28:50,job_board,interview,0.831
9366,915,2230,2024-11-28 21:11:22,job_board,interview,0.416
9367,707,4056,2024-09-09 21:30:30,job_board,applied,0.697
9368,204,5814,2024-03-29 22:05:18,job_board,screened,0.469
9369,1471,8400,2025-07-20 04:42:48,referral,applied,0.358
9370,329,3418,2024-05-01 22:51:21,job_board,screened,0.43
9371,335,1710,2024-05-11 15:07:35,job_board,interview,0.492
9372,532,994,2024-07-03 00:14:56,recruiter,applied,0.536
9373,889,3227,2024-11-16 09:37:58,job_board,applied,0.467
9374,1759,7483,2025-10-20 06:48:13,job_board,applied,0.54
9375,1496,6041,2025-07-03 10:28:26,job_board,applied,0.538
9376,1476,2057,2025-06-23 08:20:15,referral,offer,0.922
9377,398,8909,2024-06-06 10:40:35,linkedin,applied,0.833
9378,1297,5775,2025-05-05 09:21:06,linkedin,applied,0.467
9379,698,6299,2024-09-19 12:01:01,job_board,offer,0.758
9380,948,22,2025-01-03 16:05:42,job_board,applied,0.609
9381,1259,8120,2025-04-16 07:49:38,referral,applied,0.641
9382,334,639,2024-04-30 08:29:52,linkedin,applied,0.56
9383,692,443,2024-09-12 19:56:28,job_board,applied,0.764
9384,791,6228,2024-09-21 13:20:25,recruiter,applied,0.366
9385,1749,2735,2025-09-08 10:17:53,linkedin,applied,0.587
9386,1935,8401,2026-01-04 16:42:57,job_board,applied,0.834
9387,1914,7946,2025-11-18 15:03:32,referral,interview,0.976
9388,1056,4915,2025-02-13 03:53:12,recruiter,applied,0.435
9389,1285,4709,2025-04-08 22:08:51,job_board,interview,0.561
9390,1433,1503,2025-06-22 03:11:08,recruiter,screened,0.594
9391,1565,1529,2025-08-01 13:07:20,job_board,applied,0.695
9392,1353,109,2025-05-05 01:51:22,recruiter,screened,0.655
9393,1814,1529,2025-10-31 15:30:28,job_board,applied,0.872
9394,767,3980,2024-10-23 12:14:29,outbound,offer,0.753
9395,1404,6828,2025-06-12 02:27:21,job_board,applied,0.864
9396,1222,660,2025-03-11 01:56:42,job_board,applied,0.801
9397,1547,1422,2025-08-15 21:55:22,job_board,applied,0.946
9398,1860,3392,2025-12-01 23:29:20,job_board,offer,0.814
9399,161,4480,2024-02-21 01:44:41,linkedin,applied,0.413
9400,1706,3824,2025-09-19 03:59:20,recruiter,applied,0.784
9401,1648,1632,2025-09-06 21:22:29,outbound,interview,0.371
9402,1741,6790,2025-10-01 01:52:45,linkedin,offer,0.461
9403,550,1875,2024-08-09 13:20:19,job_board,interview,0.94
9404,1158,1057,2025-02-21 05:16:43,referral,interview,0.952
9405,142,3576,2024-02-12 07:37:23,referral,interview,0.418
9406,122,8906,2024-03-09 21:29:22,linkedin,applied,0.6
9407,1179,1063,2025-02-19 19:51:51,referral,screened,0.973
9408,1942,1136,2025-11-30 04:53:45,linkedin,applied,0.396
9409,454,5934,2024-06-29 12:51:28,linkedin,applied,0.924
9410,1581,5594,2025-08-22 08:24:39,job_board,applied,0.969
9411,160,1496,2024-02-14 07:00:10,linkedin,applied,0.906
9412,130,5852,2024-03-09 18:12:04,linkedin,applied,0.865
9413,1220,6769,2025-04-01 23:18:25,job_board,screened,0.71
9414,558,5734,2024-08-08 20:52:54,linkedin,interview,0.925
9415,198,4692,2024-03-07 10:16:36,job_board,applied,0.414
9416,1830,4140,2025-10-18 16:47:43,job_board,applied,0.421
9417,1775,3119,2025-10-03 16:53:46,referral,applied,0.786
9418,29,617,2024-02-07 23:15:21,job_board,applied,0.356
9419,1939,5529,2026-01-08 23:41:49,linkedin,applied,0.753
9420,37,7124,2024-02-21 14:21:07,outbound,applied,0.739
9421,1477,3669,2025-06-22 09:21:03,referral,screened,0.736
9422,1568,6612,2025-07-14 22:34:39,linkedin,applied,0.459
9423,576,743,2024-07-25 06:26:05,linkedin,applied,0.927
9424,272,897,2024-04-03 00:17:07,job_board,interview,0.812
9425,1126,2782,2025-02-02 05:31:05,linkedin,applied,0.527
9426,1772,3120,2025-10-30 03:11:36,referral,interview,0.727
9427,63,4723,2024-01-23 22:44:17,job_board,interview,0.6
9428,1703,284,2025-09-15 03:33:16,recruiter,interview,0.83
9429,1243,939,2025-03-25 08:07:38,job_board,interview,0.662
9430,1974,6543,2026-01-18 14:32:11,job_board,screened,0.532
9431,528,6592,2024-07-18 18:48:07,recruiter,applied,0.864
9432,1290,6927,2025-05-07 21:38:38,job_board,interview,0.601
9433,911,3209,2024-11-14 17:23:13,job_board,applied,0.977
9434,1270,6053,2025-04-02 17:22:44,referral,screened,0.597
9435,358,1844,2024-04-29 23:00:57,linkedin,applied,0.709
9436,996,7821,2025-02-02 20:54:16,job_board,applied,0.602
9437,1974,73,2026-01-02 14:32:11,linkedin,offer,0.687
9438,1689,5515,2025-09-07 01:45:59,outbound,screened,0.974
9439,415,765,2024-06-08 21:46:51,job_board,applied,0.421
9440,118,7432,2024-03-10 11:46:59,linkedin,screened,0.863
9441,834,2136,2024-10-21 01:43:10,job_board,interview,0.91
9442,458,190,2024-06-19 02:19:18,recruiter,applied,0.773
9443,510,3303,2024-07-22 15:27:30,recruiter,interview,0.66
9444,365,8077,2024-04-29 04:15:32,outbound,applied,0.691
9445,1084,1380,2025-03-04 21:34:57,job_board,interview,0.782
9446,188,2451,2024-03-04 05:30:10,job_board,interview,0.95
9447,1811,4905,2025-10-08 03:42:31,linkedin,applied,0.568
9448,61,7841,2024-02-19 04:15:12,job_board,interview,0.927
9449,327,1750,2024-04-19 03:57:38,job_board,applied,0.526
9450,1124,3273,2025-02-19 09:41:42,job_board,interview,0.633
9451,282,8592,2024-04-18 19:55:02,linkedin,applied,0.627
9452,1008,6279,2025-01-10 11:44:45,job_board,applied,0.46
9453,149,5084,2024-02-17 10:15:57,job_board,offer,0.469
9454,1740,3256,2025-10-02 07:23:23,linkedin,applied,0.893
9455,1179,7170,2025-03-25 19:51:51,recruiter,applied,0.974
9456,608,8474,2024-07-25 02:40:00,referral,screened,0.947
9457,1205,3797,2025-04-08 08:36:21,outbound,applied,0.484
9458,1082,8586,2025-01-23 16:58:52,job_board,interview,0.531
9459,1643,1844,2025-09-01 05:07:24,linkedin,screened,0.429
9460,1453,7594,2025-06-15 23:43:43,linkedin,screened,0.788
9461,1672,4046,2025-08-17 19:46:54,job_board,screened,0.353
9462,1728,1897,2025-09-30 11:40:39,linkedin,applied,0.778
9463,204,3711,2024-02-21 22:05:18,job_board,applied,0.517
9464,1539,3657,2025-07-17 18:10:31,job_board,screened,0.804
9465,1822,5613,2025-10-20 16:10:46,job_board,interview,0.466
9466,397,7172,2024-05-26 06:51:45,linkedin,offer,0.938
9467,1659,8196,2025-08-17 03:10:32,job_board,applied,0.42
9468,1221,1236,2025-03-03 00:05:34,linkedin,interview,0.373
9469,1295,2136,2025-05-02 22:01:44,referral,applied,0.424
9470,1427,7501,2025-05-20 16:40:19,referral,interview,0.503
9471,695,869,2024-09-03 07:24:14,outbound,applied,0.779
9472,1796,2692,2025-10-23 06:41:04,job_board,screened,0.627
9473,1492,6438,2025-07-13 05:25:53,referral,screened,0.64
9474,878,4822,2024-10-28 20:18:00,job_board,offer,0.722
9475,1242,4,2025-04-05 07:33:17,linkedin,applied,0.776
9476,1909,1330,2025-11-13 20:27:38,linkedin,applied,0.803
9477,707,7152,2024-08-20 21:30:30,linkedin,interview,0.616
9478,1787,3062,2025-09-30 18:19:22,recruiter,interview,0.429
9479,27,6551,2024-02-09 00:01:07,job_board,applied,0.409
9480,1588,6054,2025-07-26 08:35:41,job_board,interview,0.512
9481,1185,7433,2025-03-28 07:08:44,outbound,applied,0.458
9482,1421,5215,2025-05-22 02:43:53,job_board,interview,0.593
9483,1153,816,2025-03-02 18:17:30,referral,screened,0.975
9484,958,1137,2024-12-26 14:20:53,outbound,applied,0.54
9485,310,1834,2024-04-21 18:36:55,job_board,offer,0.945
9486,486,1631,2024-06-21 02:09:52,job_board,interview,0.757
9487,1813,4965,2025-10-05 22:26:36,linkedin,applied,0.382
9488,814,4151,2024-10-31 08:49:00,job_board,applied,0.825
9489,319,2946,2024-04-28 13:22:46,outbound,applied,0.802
9490,258,5120,2024-04-07 13:55:21,recruiter,offer,0.793
9491,575,7613,2024-08-17 09:48:47,linkedin,applied,0.437
9492,1464,3356,2025-07-11 09:30:13,linkedin,applied,0.363
9493,744,4126,2024-10-01 20:08:43,job_board,interview,0.87
9494,861,7953,2024-11-05 10:49:47,job_board,applied,0.82
9495,1366,3866,2025-04-25 18:45:32,linkedin,screened,0.717
9496,1211,744,2025-03-06 18:42:41,job_board,applied,0.83
9497,164,1663,2024-02-22 22:59:11,outbound,applied,0.714
9498,783,2424,2024-09-29 04:31:27,job_board,applied,0.723
9499,1405,5059,2025-06-20 14:04:04,job_board,applied,0.956
9500,1419,3628,2025-05-17 04:46:03,referral,screened,0.442
9501,829,3114,2024-11-05 14:05:21,job_board,interview,0.538
9502,429,7480,2024-06-02 13:23:21,referral,applied,0.421
9503,366,4055,2024-05-01 12:35:10,job_board,applied,0.497
9504,181,4286,2024-03-19 12:08:39,job_board,applied,0.882
9505,225,2442,2024-03-25 03:08:29,referral,offer,0.803
9506,1940,4175,2026-01-04 16:38:19,referral,applied,0.709
9507,825,5480,2024-10-12 07:39:52,linkedin,applied,0.483
9508,642,8270,2024-08-08 23:27:56,job_board,screened,0.653
9509,892,7543,2024-12-11 13:50:05,referral,applied,0.702
9510,1035,38,2025-02-17 13:26:53,referral,applied,0.431
9511,275,185,2024-04-01 15:13:58,job_board,applied,0.397
9512,1809,7520,2025-10-15 14:35:54,job_board,screened,0.465
9513,965,2079,2024-12-19 06:47:36,referral,applied,0.849
9514,1125,226,2025-02-04 22:05:34,referral,interview,0.707
9515,1005,6097,2025-01-02 20:06:10,recruiter,screened,0.76
9516,1876,8752,2025-10-25 01:50:15,referral,applied,0.417
9517,1963,6360,2025-12-09 03:17:49,job_board,applied,0.548
9518,252,1217,2024-03-21 21:53:43,linkedin,applied,0.5
9519,1427,2649,2025-06-15 16:40:19,job_board,interview,0.845
9520,327,2604,2024-05-01 03:57:38,outbound,applied,0.439
9521,25,2576,2024-02-07 18:03:40,linkedin,applied,0.519
9522,1105,5635,2025-02-25 14:52:52,job_board,interview,0.788
9523,954,6722,2025-01-02 15:54:38,job_board,applied,0.763
9524,985,2638,2025-01-03 15:24:58,job_board,screened,0.901
9525,44,5026,2024-01-26 08:36:05,job_board,offer,0.883
9526,1288,4377,2025-04-15 15:31:34,job_board,interview,0.879
9527,1023,3501,2025-02-10 07:47:08,job_board,applied,0.825
9528,117,1644,2024-02-22 00:38:11,job_board,interview,0.445
9529,676,499,2024-09-13 15:42:44,recruiter,screened,0.693
9530,271,8484,2024-03-27 23:17:42,job_board,applied,0.423
9531,1808,5878,2025-10-24 13:01:27,job_board,applied,0.664
9532,1485,7570,2025-07-10 17:45:09,job_board,applied,0.844
9533,987,2637,2025-01-15 18:39:44,linkedin,screened,0.672
9534,175,1905,2024-02-16 12:57:11,recruiter,interview,0.568
9535,1700,5194,2025-08-27 19:54:47,job_board,applied,0.979
9536,710,6266,2024-09-17 02:41:12,linkedin,applied,0.545
9537,1168,6502,2025-03-21 23:35:40,linkedin,applied,0.466
9538,1441,4919,2025-06-15 09:40:49,job_board,interview,0.671
9539,794,4170,2024-09-24 22:29:24,job_board,applied,0.635
9540,1945,5077,2026-01-07 18:49:32,recruiter,screened,0.565
9541,460,2280,2024-06-27 04:23:51,linkedin,applied,0.521
9542,687,1459,2024-09-16 00:19:03,outbound,screened,0.977
9543,367,1928,2024-05-05 13:02:49,job_board,screened,0.58
9544,687,3019,2024-09-09 00:19:03,job_board,applied,0.699
9545,1590,6345,2025-07-22 06:06:59,job_board,screened,0.404
9546,943,7824,2024-11-30 03:05:12,job_board,screened,0.643
9547,1766,8024,2025-09-17 12:30:52,referral,applied,0.667
9548,1781,3555,2025-10-08 20:22:21,job_board,screened,0.571
9549,649,8820,2024-09-12 01:50:58,outbound,applied,0.374
9550,1591,8867,2025-07-20 08:56:02,outbound,interview,0.683
9551,990,7230,2025-01-16 15:54:56,recruiter,interview,0.377
9552,847,627,2024-11-16 06:01:53,linkedin,applied,0.489
9553,576,5425,2024-07-26 06:26:05,recruiter,applied,0.942
9554,134,2558,2024-02-04 06:00:57,job_board,screened,0.567
9555,911,7779,2024-12-23 17:23:13,recruiter,interview,0.615
9556,1337,2021,2025-05-27 17:45:54,linkedin,interview,0.681
9557,1739,3507,2025-09-19 12:48:49,referral,interview,0.902
9558,824,2254,2024-11-11 02:55:22,job_board,screened,0.513
9559,276,7940,2024-04-22 17:16:07,job_board,applied,0.951
9560,938,5145,2024-12-23 23:48:32,job_board,applied,0.82
9561,583,3873,2024-08-17 03:43:48,job_board,applied,0.429
9562,1838,7336,2025-11-08 05:52:34,job_board,offer,0.825
9563,1391,5359,2025-06-06 08:18:52,linkedin,applied,0.807
9564,1812,5451,2025-10-03 10:59:41,job_board,offer,0.743
9565,622,1530,2024-07-25 08:15:16,job_board,applied,0.6
9566,891,3392,2024-11-07 11:39:58,job_board,screened,0.85
9567,163,4475,2024-03-22 18:27:50,recruiter,applied,0.892
9568,271,3779,2024-03-31 23:17:42,job_board,applied,0.394
9569,749,3074,2024-09-28 23:57:38,referral,applied,0.584
9570,794,8874,2024-10-16 22:29:24,job_board,interview,0.689
9571,1353,3299,2025-05-10 01:51:22,referral,applied,0.968
9572,431,5376,2024-06-12 16:32:29,job_board,screened,0.661
9573,1969,5384,2026-01-16 09:56:04,linkedin,offer,0.554
9574,1561,1895,2025-08-21 12:10:49,job_board,applied,0.411
9575,1785,7937,2025-09-23 01:19:20,job_board,applied,0.734
9576,614,1386,2024-08-04 08:38:47,job_board,applied,0.857
9577,1124,7434,2025-02-09 09:41:42,recruiter,offer,0.974
9578,1036,5354,2025-02-02 20:35:28,job_board,applied,0.754
9579,1555,3141,2025-08-08 12:26:07,job_board,applied,0.736
9580,1697,2425,2025-08-26 12:41:05,linkedin,interview,0.706
9581,1143,6605,2025-03-07 05:35:29,recruiter,screened,0.829
9582,1949,4040,2025-12-03 09:17:16,recruiter,screened,0.669
9583,988,4929,2025-01-14 04:43:45,job_board,applied,0.524
9584,549,3248,2024-08-07 09:18:30,referral,screened,0.575
9585,342,3135,2024-05-08 01:04:41,referral,interview,0.793
9586,755,2416,2024-10-09 12:26:03,linkedin,applied,0.87
9587,585,8173,2024-08-21 23:51:23,referral,applied,0.74
9588,401,7968,2024-05-22 00:50:20,job_board,screened,0.809
9589,905,1452,2024-11-13 15:13:36,job_board,applied,0.351
9590,523,1222,2024-07-13 01:27:29,outbound,applied,0.957
9591,1972,7247,2025-12-29 20:41:54,outbound,interview,0.467
9592,610,3235,2024-08-29 22:31:48,recruiter,applied,0.516
9593,1218,1911,2025-03-13 12:47:08,referral,applied,0.513
9594,1505,1931,2025-07-13 15:23:42,linkedin,interview,0.526
9595,1890,8033,2025-12-14 04:54:18,recruiter,screened,0.466
9596,1374,2374,2025-06-01 07:25:02,job_board,applied,0.364
9597,518,6493,2024-06-23 09:54:14,job_board,offer,0.947
9598,1113,4099,2025-03-08 19:16:45,recruiter,applied,0.61
9599,138,4185,2024-02-19 03:43:50,referral,interview,0.444
9600,541,3035,2024-07-24 11:40:14,job_board,interview,0.632
9601,1957,696,2026-01-14 11:01:06,job_board,applied,0.704
9602,10,788,2024-02-16 22:33:11,job_board,applied,0.823
9603,660,1622,2024-09-01 08:12:18,job_board,applied,0.672
9604,107,2586,2024-02-28 06:41:50,linkedin,interview,0.761
9605,1071,1485,2025-01-20 20:56:56,job_board,offer,0.473
9606,1503,2513,2025-08-01 00:03:41,referral,applied,0.893
9607,143,6855,2024-03-18 06:45:29,linkedin,screened,0.89
9608,258,94,2024-03-18 13:55:21,linkedin,interview,0.401
9609,1721,5599,2025-08-26 18:06:26,job_board,offer,0.584
9610,558,4693,2024-08-10 20:52:54,job_board,applied,0.875
9611,2,1959,2024-01-24 13:30:59,job_board,applied,0.526
9612,197,2584,2024-02-25 14:49:52,job_board,screened,0.411
9613,1813,3310,2025-10-09 22:26:36,job_board,applied,0.383
9614,1847,2445,2025-11-10 13:10:07,outbound,applied,0.474
9615,331,2784,2024-05-03 09:12:43,job_board,applied,0.489
9616,561,3790,2024-07-27 22:24:22,job_board,applied,0.82
9617,367,5873,2024-04-29 13:02:49,job_board,applied,0.359
9618,984,5777,2025-01-20 13:24:28,job_board,applied,0.701
9619,1652,2974,2025-09-11 01:26:02,job_board,applied,0.931
9620,1520,2615,2025-06-29 19:40:24,job_board,screened,0.943
9621,773,6918,2024-10-07 14:57:39,referral,applied,0.729
9622,1391,6884,2025-06-04 08:18:52,referral,interview,0.601
9623,513,6255,2024-06-28 07:04:54,job_board,applied,0.555
9624,1819,6198,2025-10-31 22:24:28,referral,interview,0.684
9625,1193,2184,2025-03-31 03:05:43,linkedin,interview,0.882
9626,1835,5979,2025-11-16 20:32:04,outbound,offer,0.5
9627,509,2915,2024-07-16 10:45:34,referral,screened,0.464
9628,1901,4785,2025-12-08 11:31:21,linkedin,applied,0.465
9629,574,4946,2024-07-28 07:50:00,job_board,interview,0.663
9630,1369,7156,2025-04-30 13:59:57,recruiter,applied,0.57
9631,92,8171,2024-02-13 18:49:07,outbound,applied,0.937
9632,462,3780,2024-06-27 15:42:33,outbound,applied,0.603
9633,1079,1004,2025-02-11 00:02:42,linkedin,applied,0.77
9634,1009,168,2025-02-11 17:02:42,job_board,applied,0.88
9635,259,3228,2024-04-02 15:12:31,job_board,applied,0.869
9636,20,3874,2024-01-06 14:49:30,referral,screened,0.466
9637,1675,5393,2025-09-18 20:09:44,referral,applied,0.807
9638,489,3192,2024-06-24 07:59:07,linkedin,interview,0.746
9639,1503,2921,2025-06-23 00:03:41,referral,screened,0.638
9640,347,6610,2024-05-10 22:43:46,job_board,interview,0.873
9641,571,2606,2024-07-21 22:19:09,referral,applied,0.58
9642,34,410,2024-02-14 10:38:54,job_board,interview,0.388
9643,1068,3888,2025-02-19 19:16:59,outbound,applied,0.363
9644,1034,5564,2025-02-20 05:51:12,referral,applied,0.751
9645,1155,1734,2025-03-24 21:15:38,job_board,applied,0.642
9646,1498,97,2025-07-21 05:15:45,job_board,applied,0.833
9647,1333,5431,2025-04-21 21:08:32,outbound,applied,0.915
9648,405,1708,2024-06-05 16:48:21,recruiter,applied,0.746
9649,838,7905,2024-10-12 00:45:07,job_board,applied,0.699
9650,153,3017,2024-02-26 06:27:57,outbound,screened,0.465
9651,1306,8197,2025-05-08 13:22:23,job_board,applied,0.705
9652,793,786,2024-10-31 01:01:58,job_board,applied,0.67
9653,339,4243,2024-05-20 09:21:15,referral,interview,0.733
9654,1756,3717,2025-09-15 18:06:23,recruiter,applied,0.658
9655,943,2642,2024-12-31 03:05:12,job_board,offer,0.71
9656,106,3251,2024-01-29 05:26:55,job_board,applied,0.825
9657,189,3442,2024-03-11 05:35:58,job_board,applied,0.912
9658,584,530,2024-07-25 10:15:51,referral,applied,0.677
9659,1883,2056,2025-11-10 12:23:52,job_board,interview,0.891
9660,197,2482,2024-03-22 14:49:52,job_board,offer,0.727
9661,803,5387,2024-11-06 02:58:05,referral,applied,0.573
9662,796,2628,2024-10-07 04:18:55,outbound,offer,0.581
9663,1235,1213,2025-04-05 21:54:42,job_board,offer,0.831
9664,1199,6195,2025-03-28 16:35:57,referral,interview,0.654
9665,980,2864,2025-01-16 15:10:35,linkedin,offer,0.84
9666,1614,183,2025-08-08 11:11:24,referral,interview,0.71
9667,54,1536,2024-02-21 20:02:57,linkedin,screened,0.377
9668,787,4972,2024-10-18 14:50:19,referral,applied,0.655
9669,126,1848,2024-03-10 16:34:42,job_board,interview,0.662
9670,602,8338,2024-07-25 12:22:06,job_board,applied,0.797
9671,530,6044,2024-06-23 07:51:21,job_board,applied,0.85
9672,1768,2686,2025-10-16 01:28:51,referral,screened,0.425
9673,1350,8935,2025-04-21 08:08:08,job_board,screened,0.74
9674,480,6443,2024-06-09 01:07:52,referral,applied,0.79
9675,1283,6079,2025-04-04 05:09:24,linkedin,screened,0.878
9676,1665,671,2025-08-17 11:38:26,job_board,applied,0.663
9677,376,2197,2024-05-29 12:18:08,job_board,interview,0.376
9678,1130,5451,2025-03-14 12:04:17,outbound,interview,0.399
9679,978,3669,2025-01-09 07:18:51,job_board,applied,0.62
9680,1829,7663,2025-11-03 14:06:18,job_board,applied,0.806
9681,735,5652,2024-09-26 03:43:41,job_board,applied,0.947
9682,1358,716,2025-06-02 12:44:10,recruiter,applied,0.586
9683,1138,7807,2025-02-21 01:22:41,referral,applied,0.753
9684,646,8409,2024-08-29 06:15:12,job_board,offer,0.802
9685,670,6429,2024-08-24 21:51:47,referral,interview,0.396
9686,1724,6913,2025-09-16 13:31:52,job_board,interview,0.679
9687,1793,1309,2025-10-05 13:51:55,job_board,applied,0.399
9688,521,6641,2024-07-19 02:22:21,referral,screened,0.645
9689,945,5436,2025-01-12 13:39:19,referral,applied,0.902
9690,286,1133,2024-05-01 10:55:57,recruiter,interview,0.853
9691,854,1775,2024-11-02 02:15:11,outbound,interview,0.782
9692,1736,4945,2025-09-01 13:21:28,linkedin,interview,0.921
9693,1407,3369,2025-06-16 20:20:09,linkedin,applied,0.54
9694,972,5197,2024-12-15 17:23:16,job_board,applied,0.636
9695,1562,8684,2025-07-17 02:57:12,referral,interview,0.529
9696,1106,5657,2025-03-08 15:43:52,recruiter,applied,0.56
9697,876,8029,2024-11-05 11:32:41,referral,applied,0.766
9698,34,263,2024-02-03 10:38:54,job_board,applied,0.776
9699,218,2311,2024-03-04 06:42:18,recruiter,interview,0.428
9700,1078,8019,2025-02-01 21:52:30,job_board,offer,0.889
9701,171,6557,2024-02-24 03:49:52,job_board,interview,0.509
9702,24,3222,2024-01-17 14:03:26,referral,applied,0.502
9703,654,2966,2024-08-30 03:19:47,job_board,applied,0.573
9704,1113,6710,2025-02-27 19:16:45,job_board,interview,0.592
9705,1466,71,2025-06-09 05:05:55,job_board,applied,0.763
9706,1932,722,2026-01-09 07:47:54,job_board,applied,0.785
9707,1308,7652,2025-04-26 20:24:51,job_board,offer,0.779
9708,1951,6774,2026-01-03 17:50:56,job_board,offer,0.687
9709,576,7403,2024-07-07 06:26:05,job_board,interview,0.498
9710,1316,4299,2025-04-23 17:56:26,linkedin,applied,0.504
9711,9,2648,2024-02-16 21:58:27,job_board,applied,0.948
9712,272,3533,2024-04-21 00:17:07,outbound,interview,0.459
9713,1286,6949,2025-03-27 10:05:00,recruiter,interview,0.636
9714,632,2156,2024-08-23 23:00:52,job_board,applied,0.864
9715,1129,284,2025-03-08 07:21:04,recruiter,applied,0.679
9716,1886,4475,2025-11-07 08:09:55,referral,interview,0.953
9717,1545,4859,2025-08-15 18:04:34,recruiter,interview,0.961
9718,704,3774,2024-08-25 20:25:22,job_board,interview,0.88
9719,1373,8835,2025-06-11 17:53:27,outbound,screened,0.606
9720,1848,5456,2025-10-12 16:58:32,job_board,applied,0.888
9721,494,7097,2024-07-06 01:22:44,linkedin,applied,0.786
9722,1110,2112,2025-02-07 05:33:11,job_board,applied,0.908
9723,1466,5181,2025-06-30 05:05:55,job_board,applied,0.51
9724,1319,3206,2025-05-13 13:34:48,referral,applied,0.411
9725,973,3293,2025-01-08 22:26:59,job_board,applied,0.697
9726,867,917,2024-11-20 10:10:02,job_board,interview,0.642
9727,1150,6619,2025-03-15 01:37:53,job_board,applied,0.721
9728,993,4133,2025-01-06 20:46:02,job_board,applied,0.9
9729,714,8779,2024-09-30 16:49:10,job_board,applied,0.877
9730,1749,5266,2025-09-09 10:17:53,job_board,applied,0.398
9731,1582,1730,2025-08-07 18:33:42,job_board,applied,0.446
9732,1283,6475,2025-04-27 05:09:24,outbound,interview,0.783
9733,393,446,2024-05-26 11:09:58,job_board,screened,0.691
9734,1029,6723,2025-01-21 16:16:50,referral,screened,0.46
9735,410,3396,2024-06-14 16:26:21,referral,interview,0.364
9736,326,354,2024-05-16 18:34:32,referral,applied,0.534
9737,475,4652,2024-06-04 12:10:52,referral,applied,0.509
9738,316,4332,2024-04-01 13:37:47,referral,applied,0.423
9739,1580,2207,2025-08-10 07:35:50,referral,applied,0.972
9740,1029,961,2025-01-15 16:16:50,job_board,applied,0.935
9741,1457,5550,2025-06-02 14:11:08,job_board,interview,0.461
9742,1953,4086,2026-01-08 04:22:56,job_board,interview,0.777
9743,540,2753,2024-07-11 20:42:29,job_board,screened,0.839
9744,391,5043,2024-06-01 01:28:18,job_board,interview,0.669
9745,288,8838,2024-04-20 14:33:39,referral,applied,0.67
9746,38,7827,2024-02-09 01:54:00,linkedin,applied,0.529
9747,57,2389,2024-01-31 16:42:06,job_board,applied,0.797
9748,1191,3313,2025-03-25 20:43:34,linkedin,interview,0.354
9749,1368,7227,2025-04-30 10:34:29,linkedin,applied,0.689
9750,585,1174,2024-07-23 23:51:23,job_board,applied,0.605
9751,1078,8682,2025-02-26 21:52:30,referral,applied,0.881
9752,414,3709,2024-06-03 07:59:52,job_board,applied,0.883
9753,1405,4496,2025-05-19 14:04:04,job_board,screened,0.712
9754,1422,8748,2025-06-23 20:34:07,linkedin,applied,0.536
9755,1417,1794,2025-06-05 19:24:51,linkedin,applied,0.725
9756,1024,1494,2025-02-08 10:24:04,job_board,offer,0.719
9757,1690,8014,2025-08-22 01:57:57,outbound,applied,0.705
9758,167,6513,2024-02-16 10:28:44,linkedin,screened,0.649
9759,832,3622,2024-11-20 15:59:20,job_board,screened,0.445
9760,127,955,2024-03-12 18:27:34,job_board,applied,0.712
9761,1655,4898,2025-08-23 19:55:17,job_board,interview,0.581
9762,148,6879,2024-03-17 03:41:51,job_board,offer,0.665
9763,872,442,2024-11-26 02:50:14,job_board,interview,0.833
9764,372,1949,2024-04-30 18:15:01,job_board,offer,0.747
9765,1416,3133,2025-05-31 02:13:48,job_board,offer,0.89
9766,805,2530,2024-10-18 00:05:34,recruiter,interview,0.545
9767,1103,5004,2025-02-10 22:16:41,job_board,applied,0.584
9768,1925,8876,2025-12-02 05:19:12,job_board,applied,0.588
9769,1843,6237,2025-10-20 21:46:52,referral,offer,0.426
9770,858,4633,2024-11-14 01:36:01,referral,offer,0.435
9771,741,8561,2024-09-16 22:48:57,job_board,screened,0.896
9772,599,7362,2024-08-25 22:26:06,referral,offer,0.936
9773,1380,5252,2025-06-09 04:53:08,job_board,interview,0.437
9774,1990,471,2025-12-29 12:25:53,job_board,offer,0.398
9775,1197,2443,2025-03-22 22:39:21,linkedin,interview,0.524
9776,1131,8327,2025-03-03 15:36:02,recruiter,applied,0.855
9777,1998,5015,2026-01-01 20:51:24,job_board,interview,0.797
9778,381,8331,2024-05-26 03:39:11,job_board,applied,0.97
9779,155,639,2024-03-01 16:03:34,job_board,applied,0.975
9780,190,1623,2024-03-25 08:59:57,linkedin,offer,0.548
9781,1197,1333,2025-03-15 22:39:21,linkedin,screened,0.507
9782,1793,878,2025-10-10 13:51:55,linkedin,applied,0.424
9783,465,3167,2024-06-23 10:39:28,linkedin,interview,0.675
9784,1449,8995,2025-07-01 09:29:50,job_board,applied,0.868
9785,1769,201,2025-10-19 06:35:07,linkedin,applied,0.81
9786,1833,8406,2025-10-27 20:21:13,linkedin,applied,0.485
9787,1589,678,2025-08-11 21:59:26,outbound,applied,0.604
9788,735,143,2024-10-11 03:43:41,job_board,interview,0.851
9789,1324,67,2025-05-20 14:36:59,linkedin,applied,0.568
9790,1110,6953,2025-02-14 05:33:11,job_board,offer,0.548
9791,961,1637,2025-01-05 10:47:13,job_board,applied,0.839
9792,1417,991,2025-05-21 19:24:51,job_board,applied,0.621
9793,1363,7430,2025-05-10 09:14:20,job_board,interview,0.359
9794,1617,5767,2025-08-19 06:51:03,linkedin,screened,0.89
9795,1109,3163,2025-02-13 04:42:00,job_board,applied,0.923
9796,1318,6898,2025-05-19 06:18:41,referral,interview,0.861
9797,575,8123,2024-08-13 09:48:47,job_board,applied,0.667
9798,947,4819,2024-12-02 23:49:07,job_board,applied,0.844
9799,1639,7965,2025-08-14 04:13:45,job_board,offer,0.815
9800,1544,3105,2025-07-14 16:46:38,job_board,offer,0.634
9801,1026,7772,2025-01-13 04:39:54,linkedin,screened,0.57
9802,1134,5780,2025-02-28 11:16:08,job_board,interview,0.95
9803,515,1907,2024-07-17 18:20:07,job_board,interview,0.627
9804,766,5653,2024-10-11 10:47:10,referral,screened,0.437
9805,1329,3082,2025-05-02 22:36:00,referral,applied,0.432
9806,232,631,2024-03-16 17:25:19,referral,applied,0.59
9807,38,4215,2024-01-21 01:54:00,referral,interview,0.611
9808,1200,562,2025-04-01 23:54:32,referral,applied,0.433
9809,1441,3885,2025-07-01 09:40:49,outbound,applied,0.632
9810,1962,8064,2025-12-23 12:37:19,job_board,applied,0.487
9811,941,720,2024-12-06 10:21:37,job_board,applied,0.924
9812,247,6095,2024-03-25 23:22:25,job_board,applied,0.744
9813,1269,2150,2025-04-22 16:10:15,job_board,applied,0.615
9814,616,5356,2024-08-01 05:26:08,recruiter,interview,0.794
9815,315,5582,2024-04-12 10:20:44,linkedin,interview,0.925
9816,1243,6833,2025-03-15 08:07:38,outbound,offer,0.375
9817,1437,6089,2025-06-24 00:53:45,outbound,screened,0.783
9818,110,2249,2024-03-05 15:25:06,linkedin,applied,0.573
9819,1447,3282,2025-06-29 22:53:27,job_board,applied,0.739
9820,1149,5159,2025-03-16 19:15:06,referral,interview,0.724
9821,1484,2673,2025-06-19 13:51:35,job_board,applied,0.404
9822,1260,7601,2025-04-26 12:24:10,linkedin,screened,0.77
9823,935,5275,2024-12-30 23:27:31,referral,offer,0.463
9824,669,6159,2024-08-19 19:57:53,referral,applied,0.861
9825,1282,5972,2025-04-20 06:49:33,job_board,offer,0.477
9826,400,3185,2024-05-01 18:07:39,referral,applied,0.574
9827,1099,6399,2025-03-05 01:50:43,job_board,applied,0.866
9828,1506,5831,2025-06-20 22:12:36,referral,screened,0.505
9829,467,7299,2024-05-27 09:16:08,job_board,screened,0.733
9830,171,3054,2024-03-09 03:49:52,job_board,interview,0.362
9831,47,5255,2024-02-16 02:02:08,job_board,screened,0.399
9832,1110,8072,2025-03-05 05:33:11,job_board,applied,0.923
9833,828,3410,2024-11-19 05:14:46,job_board,interview,0.382
9834,1309,7560,2025-04-03 11:51:59,job_board,applied,0.507
9835,1630,3132,2025-08-31 03:21:48,job_board,screened,0.879
9836,1958,1169,2025-12-20 03:00:00,job_board,interview,0.71
9837,645,310,2024-09-07 18:20:45,job_board,screened,0.519
9838,225,4429,2024-03-11 03:08:29,job_board,offer,0.503
9839,1499,3748,2025-07-06 15:32:59,referral,applied,0.518
9840,39,2271,2024-01-24 12:09:41,linkedin,applied,0.553
9841,1280,7820,2025-04-23 22:37:40,job_board,applied,0.549
9842,551,7519,2024-08-05 22:06:34,job_board,applied,0.643
9843,707,5649,2024-09-13 21:30:30,outbound,offer,0.6
9844,248,6928,2024-03-20 09:21:44,recruiter,interview,0.842
9845,2,5338,2024-01-16 13:30:59,recruiter,applied,0.877
9846,388,5803,2024-05-23 11:40:54,job_board,offer,0.683
9847,863,2015,2024-11-14 13:52:17,job_board,applied,0.368
9848,588,159,2024-07-21 13:38:18,outbound,applied,0.716
9849,786,5365,2024-10-02 17:34:04,linkedin,screened,0.575
9850,224,1037,2024-04-08 19:54:23,referral,applied,0.48
9851,278,1624,2024-04-26 23:31:01,job_board,applied,0.669
9852,1496,4674,2025-07-04 10:28:26,job_board,screened,0.979
9853,1638,3070,2025-09-06 15:16:15,job_board,applied,0.54
9854,1480,3545,2025-06-13 23:23:57,job_board,screened,0.418
9855,1911,5261,2025-12-23 07:41:01,job_board,screened,0.42
9856,1463,7624,2025-06-15 13:06:03,linkedin,offer,0.553
9857,243,409,2024-03-31 14:36:59,referral,interview,0.71
9858,1475,2492,2025-07-04 04:06:19,job_board,applied,0.432
9859,462,2803,2024-06-29 15:42:33,outbound,applied,0.825
9860,1555,2216,2025-08-21 12:26:07,job_board,screened,0.942
9861,1265,797,2025-04-05 13:32:15,job_board,offer,0.975
9862,1694,2409,2025-09-09 23:20:07,job_board,applied,0.697
9863,1902,1476,2025-12-06 20:00:14,linkedin,applied,0.413
9864,1378,7906,2025-05-26 18:58:24,referral,screened,0.875
9865,1868,3170,2025-11-05 14:15:26,job_board,applied,0.898
9866,1081,3100,2025-02-07 15:34:01,referral,applied,0.532
9867,1863,6236,2025-11-14 19:04:51,job_board,interview,0.721
9868,179,5371,2024-03-27 15:18:13,job_board,applied,0.544
9869,881,2407,2024-10-30 03:12:48,recruiter,interview,0.782
9870,1526,2684,2025-07-11 08:49:35,recruiter,interview,0.829
9871,1972,181,2026-01-18 20:41:54,outbound,screened,0.564
9872,1739,1976,2025-09-25 12:48:49,job_board,interview,0.363
9873,730,3592,2024-09-14 13:52:32,job_board,applied,0.601
9874,1256,3838,2025-03-31 10:07:29,job_board,applied,0.488
9875,174,1990,2024-03-27 06:51:04,job_board,applied,0.614
9876,232,7802,2024-04-06 17:25:19,recruiter,applied,0.969
9877,1409,7005,2025-06-18 21:46:07,job_board,applied,0.371
9878,626,3947,2024-08-04 20:14:29,outbound,applied,0.559
9879,1113,7398,2025-02-24 19:16:45,job_board,interview,0.664
9880,413,2819,2024-06-15 23:23:46,linkedin,interview,0.652
9881,1599,6039,2025-07-31 03:23:32,linkedin,screened,0.482
9882,173,7097,2024-02-20 21:17:11,job_board,applied,0.837
9883,1243,5517,2025-04-06 08:07:38,job_board,applied,0.535
9884,1355,2816,2025-04-30 10:40:58,referral,interview,0.456
9885,1642,6576,2025-09-07 03:38:50,job_board,interview,0.889
9886,511,963,2024-07-21 02:45:54,job_board,applied,0.855
9887,688,3384,2024-09-01 03:34:25,linkedin,screened,0.707
9888,1112,7650,2025-03-13 11:18:11,job_board,screened,0.491
9889,576,5861,2024-08-02 06:26:05,referral,offer,0.946
9890,1473,3202,2025-06-24 21:51:37,referral,interview,0.526
9891,1515,3778,2025-08-05 04:29:11,job_board,offer,0.654
9892,1512,3652,2025-07-23 15:19:12,linkedin,applied,0.917
9893,996,3869,2024-12-30 20:54:16,job_board,interview,0.828
9894,1256,2074,2025-04-23 10:07:29,job_board,applied,0.653
9895,359,7099,2024-05-07 02:26:02,recruiter,applied,0.635
9896,396,814,2024-05-09 22:00:31,linkedin,offer,0.534
9897,751,7120,2024-10-10 07:48:49,job_board,applied,0.849
9898,414,4961,2024-06-07 07:59:52,referral,applied,0.946
9899,1602,3605,2025-08-07 02:51:57,outbound,applied,0.893
9900,516,7151,2024-07-29 01:37:59,job_board,screened,0.634
9901,1848,8435,2025-11-20 16:58:32,job_board,applied,0.958
9902,822,3824,2024-10-10 13:05:08,outbound,applied,0.358
9903,1521,4874,2025-07-23 20:49:26,linkedin,screened,0.551
9904,153,3983,2024-03-05 06:27:57,outbound,screened,0.85
9905,1437,4385,2025-06-10 00:53:45,job_board,applied,0.954
9906,912,3192,2024-12-06 10:41:13,referral,interview,0.96
9907,1624,4514,2025-09-10 19:12:52,job_board,applied,0.671
9908,362,214,2024-05-11 04:23:06,referral,applied,0.949
9909,402,7015,2024-05-07 02:08:32,referral,applied,0.731
9910,1726,828,2025-10-02 16:02:17,referral,applied,0.815
9911,1160,8708,2025-02-25 12:39:55,job_board,offer,0.696
9912,1125,3520,2025-02-08 22:05:34,referral,applied,0.533
9913,1189,6211,2025-03-01 02:35:44,referral,applied,0.465
9914,716,278,2024-09-29 03:46:32,job_board,screened,0.757
9915,1892,3072,2025-12-17 08:59:15,job_board,interview,0.895
9916,1109,8546,2025-02-05 04:42:00,outbound,interview,0.738
9917,31,4652,2024-01-16 08:09:36,job_board,applied,0.714
9918,573,4063,2024-08-18 07:22:13,referral,interview,0.62
9919,1942,2765,2025-12-04 04:53:45,job_board,offer,0.585
9920,973,6200,2025-01-08 22:26:59,job_board,applied,0.934
9921,1453,5884,2025-06-08 23:43:43,job_board,applied,0.393
9922,38,4719,2024-01-19 01:54:00,job_board,applied,0.709
9923,45,8993,2024-02-08 18:42:12,outbound,applied,0.441
9924,410,4974,2024-05-09 16:26:21,referral,applied,0.713
9925,1038,7785,2025-01-21 09:03:49,job_board,applied,0.572
9926,1219,4251,2025-03-29 14:43:41,job_board,applied,0.412
9927,140,4255,2024-02-17 05:55:59,job_board,applied,0.387
9928,1834,5294,2025-11-20 08:49:21,linkedin,interview,0.852
9929,1207,3080,2025-03-21 08:47:32,job_board,screened,0.377
9930,703,7105,2024-08-21 20:01:28,recruiter,applied,0.964
9931,904,4075,2024-12-06 02:49:50,referral,applied,0.554
9932,1012,2407,2025-01-29 09:19:00,recruiter,applied,0.967
9933,1545,2847,2025-08-02 18:04:34,job_board,screened,0.604
9934,186,2963,2024-03-29 23:00:55,recruiter,applied,0.85
9935,1159,8925,2025-03-09 11:57:31,recruiter,applied,0.46
9936,1046,2877,2025-02-14 19:50:25,job_board,applied,0.478
9937,1573,1818,2025-08-11 21:06:56,recruiter,applied,0.737
9938,721,6164,2024-09-04 04:06:03,job_board,applied,0.946
9939,738,7288,2024-10-07 08:08:06,job_board,applied,0.92
9940,1615,3798,2025-08-24 14:04:18,job_board,applied,0.831
9941,1714,3730,2025-09-22 20:56:38,job_board,applied,0.857
9942,1648,5460,2025-08-07 21:22:29,referral,interview,0.979
9943,1733,5866,2025-09-28 19:29:11,referral,applied,0.829
9944,205,980,2024-02-25 22:22:54,job_board,applied,0.591
9945,1311,8306,2025-04-21 07:34:08,job_board,applied,0.556
9946,1377,3363,2025-05-25 11:57:10,job_board,applied,0.666
9947,528,5329,2024-07-31 18:48:07,outbound,applied,0.94
9948,907,472,2024-11-18 17:22:17,job_board,applied,0.36
9949,1983,5552,2026-01-26 07:10:20,job_board,applied,0.931
9950,279,947,2024-04-09 09:40:23,referral,applied,0.935
9951,1636,325,2025-08-28 00:51:01,linkedin,interview,0.427
9952,636,8606,2024-09-05 11:38:30,referral,applied,0.367
9953,1704,1160,2025-09-09 11:36:43,recruiter,applied,0.736
9954,1070,6723,2025-01-24 04:52:43,referral,applied,0.393
9955,24,4865,2024-01-08 14:03:26,job_board,interview,0.811
9956,219,2183,2024-03-12 17:45:36,linkedin,applied,0.577
9957,1653,3336,2025-09-19 01:45:45,referral,screened,0.535
9958,1584,1274,2025-07-25 16:28:31,job_board,offer,0.512
9959,436,5483,2024-05-20 14:50:41,referral,screened,0.875
9960,1283,7494,2025-03-26 05:09:24,job_board,interview,0.942
9961,1017,3459,2025-01-25 10:10:24,job_board,screened,0.408
9962,108,8393,2024-02-11 07:17:28,job_board,applied,0.431
9963,1409,1575,2025-05-26 21:46:07,job_board,applied,0.809
9964,319,8469,2024-04-25 13:22:46,job_board,applied,0.927
9965,821,7171,2024-10-17 04:07:43,referral,applied,0.934
9966,17,596,2024-01-08 02:22:26,referral,applied,0.902
9967,488,7607,2024-06-22 17:37:54,job_board,applied,0.599
9968,1873,578,2025-11-25 09:28:18,referral,applied,0.359
9969,1001,8713,2025-01-22 17:34:29,job_board,applied,0.354
9970,1448,6108,2025-07-09 03:35:42,outbound,offer,0.353
9971,600,1807,2024-07-14 08:57:05,referral,applied,0.67
9972,87,8208,2024-01-24 03:13:40,job_board,screened,0.533
9973,1231,2804,2025-03-08 19:22:21,referral,offer,0.966
9974,481,1071,2024-06-02 02:33:21,job_board,interview,0.756
9975,220,2528,2024-03-23 20:45:50,outbound,screened,0.869
9976,989,7769,2025-01-19 08:05:30,job_board,applied,0.919
9977,817,8371,2024-11-04 03:27:05,job_board,applied,0.587
9978,233,8330,2024-03-08 06:01:49,job_board,applied,0.423
9979,1184,5377,2025-03-20 16:21:51,referral,interview,0.366
9980,892,1655,2024-11-07 13:50:05,outbound,interview,0.859
9981,1982,8302,2026-02-03 07:09:32,job_board,applied,0.369
9982,178,4683,2024-02-25 10:14:18,job_board,screened,0.707
9983,991,8013,2024-12-25 05:01:18,job_board,applied,0.68
9984,1587,880,2025-07-25 07:05:09,linkedin,offer,0.664
9985,852,2208,2024-11-06 07:50:03,linkedin,offer,0.961
9986,418,2058,2024-06-07 01:56:20,recruiter,applied,0.412
9987,1979,3851,2026-01-07 13:49:25,linkedin,applied,0.735
9988,651,7654,2024-08-13 05:52:53,job_board,interview,0.464
9989,1851,3723,2025-10-21 14:16:45,referral,applied,0.421
9990,1682,5474,2025-08-18 11:13:40,referral,interview,0.74
9991,1346,4383,2025-05-30 15:03:23,recruiter,applied,0.62
9992,1547,8601,2025-08-09 21:55:22,outbound,applied,0.387
9993,1090,8980,2025-01-29 03:44:48,referral,applied,0.721
9994,1338,7819,2025-04-24 05:08:17,referral,applied,0.964
9995,542,1564,2024-07-15 21:15:10,recruiter,offer,0.357
9996,112,7681,2024-02-11 09:23:18,job_board,applied,0.539
9997,1248,6952,2025-03-20 16:20:26,recruiter,screened,0.782
9998,1607,3180,2025-08-09 19:19:23,job_board,interview,0.872
9999,1668,2049,2025-08-28 16:34:28,job_board,interview,0.705
10000,1525,8900,2025-07-25 13:20:42,job_board,applied,0.579
10001,1964,6655,2026-01-12 18:33:42,job_board,applied,0.448
10002,1190,2323,2025-03-04 18:54:30,referral,interview,0.452
10003,342,1825,2024-05-09 01:04:41,job_board,applied,0.946
10004,411,5343,2024-06-04 07:50:29,job_board,applied,0.354
10005,549,4744,2024-07-26 09:18:30,job_board,offer,0.767
10006,1952,7465,2026-01-12 22:25:36,job_board,applied,0.709
10007,1769,6010,2025-09-25 06:35:07,referral,applied,0.833
10008,1452,7293,2025-06-30 20:39:07,job_board,applied,0.433
10009,1722,3887,2025-08-26 03:17:23,linkedin,applied,0.737
10010,684,8728,2024-08-25 14:55:59,job_board,applied,0.736
10011,1434,8696,2025-06-21 11:35:10,job_board,screened,0.874
10012,334,8502,2024-05-17 08:29:52,recruiter,screened,0.979
10013,208,6350,2024-02-26 18:30:40,job_board,applied,0.777
10014,1285,3382,2025-04-26 22:08:51,outbound,interview,0.755
10015,1413,1416,2025-05-30 10:04:43,referral,applied,0.467
10016,1191,5040,2025-03-16 20:43:34,referral,screened,0.649
10017,939,3350,2025-01-04 08:38:06,recruiter,applied,0.826
10018,1213,1522,2025-04-05 00:29:28,job_board,applied,0.951
10019,743,2826,2024-09-17 05:18:03,outbound,applied,0.48
10020,588,7215,2024-08-19 13:38:18,outbound,screened,0.384
10021,502,2660,2024-06-28 14:33:56,job_board,applied,0.834
10022,729,890,2024-09-06 11:38:25,job_board,applied,0.448
10023,636,1906,2024-09-08 11:38:30,job_board,applied,0.762
10024,318,1608,2024-04-14 11:54:14,job_board,applied,0.503
10025,1072,1672,2025-02-28 22:38:37,outbound,interview,0.948
10026,823,3869,2024-11-13 13:37:37,referral,offer,0.867
10027,324,7832,2024-04-06 09:32:35,job_board,applied,0.724
10028,1814,3361,2025-11-01 15:30:28,job_board,applied,0.419
10029,1019,8905,2025-02-11 15:42:41,job_board,applied,0.723
10030,286,7802,2024-03-27 10:55:57,job_board,interview,0.377
10031,97,1441,2024-02-14 11:17:41,job_board,screened,0.402
10032,171,5435,2024-03-26 03:49:52,outbound,applied,0.788
10033,822,7122,2024-11-07 13:05:08,job_board,applied,0.445
10034,485,6401,2024-06-18 13:17:52,referral,interview,0.403
10035,1921,2048,2025-12-03 23:36:23,job_board,applied,0.632
10036,940,6399,2024-12-02 09:55:38,job_board,applied,0.97
10037,1478,4696,2025-07-21 10:00:31,job_board,applied,0.823
10038,489,2104,2024-07-14 07:59:07,job_board,screened,0.67
10039,138,1775,2024-03-09 03:43:50,linkedin,applied,0.457
10040,670,3360,2024-08-23 21:51:47,recruiter,applied,0.501
10041,1376,2440,2025-05-19 13:35:39,job_board,screened,0.859
10042,1529,4880,2025-07-17 12:26:02,recruiter,applied,0.388
10043,393,3697,2024-05-10 11:09:58,job_board,applied,0.706
10044,593,1062,2024-07-14 08:12:54,referral,applied,0.921
10045,949,6346,2024-12-12 05:13:54,job_board,applied,0.635
10046,694,556,2024-09-08 21:52:53,referral,applied,0.938
10047,589,4267,2024-07-23 14:08:43,linkedin,interview,0.814
10048,1968,486,2025-12-18 19:00:16,linkedin,interview,0.792
10049,1869,7291,2025-11-09 16:25:13,linkedin,applied,0.614
10050,713,2908,2024-09-27 15:56:14,job_board,interview,0.459
10051,109,870,2024-02-10 11:59:48,linkedin,applied,0.499
10052,718,2221,2024-09-25 08:07:52,job_board,applied,0.449
10053,1762,5147,2025-10-11 10:22:31,job_board,applied,0.806
10054,1799,7047,2025-10-08 09:07:06,job_board,applied,0.721
10055,1403,961,2025-06-04 17:34:16,job_board,applied,0.725
10056,1352,2873,2025-05-13 19:19:25,referral,screened,0.555
10057,726,1061,2024-09-02 06:32:21,referral,screened,0.503
10058,882,2192,2024-11-16 00:12:59,job_board,applied,0.832
10059,1760,2781,2025-09-23 17:12:03,linkedin,applied,0.497
10060,433,5303,2024-06-06 03:00:04,job_board,applied,0.419
10061,813,945,2024-10-01 02:15:37,linkedin,interview,0.651
10062,1755,5487,2025-09-11 21:22:03,outbound,screened,0.804
10063,1397,6980,2025-05-23 04:05:56,job_board,applied,0.361
10064,219,8510,2024-03-19 17:45:36,referral,screened,0.513
10065,1576,4567,2025-08-04 06:15:49,job_board,interview,0.771
10066,136,4351,2024-02-05 17:29:39,job_board,applied,0.607
10067,573,5802,2024-07-10 07:22:13,recruiter,applied,0.352
10068,1840,8978,2025-10-13 11:03:17,job_board,applied,0.794
10069,145,507,2024-02-07 10:17:46,linkedin,interview,0.48
10070,376,1633,2024-05-26 12:18:08,linkedin,interview,0.522
10071,1737,2024,2025-09-11 00:50:59,linkedin,interview,0.663
10072,1340,1676,2025-05-23 15:13:57,job_board,applied,0.924
10073,463,4710,2024-06-14 18:24:29,linkedin,applied,0.623
10074,689,440,2024-09-24 14:54:07,job_board,applied,0.394
10075,1864,739,2025-12-02 20:59:56,linkedin,screened,0.628
10076,1211,6017,2025-03-24 18:42:41,job_board,screened,0.581
10077,631,1446,2024-09-03 22:34:40,referral,applied,0.423
10078,289,2978,2024-04-06 15:59:53,job_board,offer,0.447
10079,830,197,2024-10-23 15:22:09,outbound,applied,0.728
10080,635,6887,2024-07-30 21:11:06,recruiter,interview,0.968
10081,861,8204,2024-11-11 10:49:47,job_board,applied,0.907
10082,98,6191,2024-02-21 15:13:55,job_board,applied,0.873
10083,936,3882,2024-12-19 12:07:21,linkedin,interview,0.504
10084,494,3583,2024-06-17 01:22:44,referral,applied,0.718
10085,1926,406,2025-12-05 08:13:05,job_board,applied,0.44
10086,554,2292,2024-07-09 15:25:57,recruiter,applied,0.622
10087,491,4145,2024-07-13 09:01:10,job_board,interview,0.813
10088,605,451,2024-07-21 18:14:35,linkedin,applied,0.487
10089,1217,7988,2025-03-12 19:01:24,job_board,offer,0.891
10090,1463,5608,2025-06-15 13:06:03,referral,applied,0.813
10091,589,1710,2024-07-30 14:08:43,job_board,applied,0.77
10092,1389,7952,2025-05-16 16:02:29,outbound,applied,0.908
10093,262,2141,2024-04-19 16:57:10,outbound,screened,0.522
10094,384,5931,2024-05-14 00:26:43,job_board,interview,0.945
10095,578,8841,2024-07-22 18:28:34,job_board,applied,0.597
10096,1399,3288,2025-05-21 14:09:40,linkedin,applied,0.602
10097,1105,7686,2025-02-18 14:52:52,job_board,screened,0.868
10098,923,8321,2024-12-04 09:06:28,job_board,screened,0.891
10099,1214,4937,2025-04-06 04:02:24,job_board,screened,0.801
10100,393,5855,2024-04-29 11:09:58,referral,offer,0.597
10101,528,1675,2024-07-03 18:48:07,job_board,screened,0.911
10102,1412,7570,2025-06-01 09:06:07,outbound,applied,0.844
10103,1975,1976,2026-01-29 16:09:37,linkedin,applied,0.626
10104,1,2648,2024-01-14 08:36:25,job_board,applied,0.593
10105,726,7754,2024-09-03 06:32:21,referral,interview,0.675
10106,1767,1866,2025-10-02 15:17:46,referral,interview,0.906
10107,1665,6080,2025-09-08 11:38:26,job_board,screened,0.872
10108,524,3298,2024-07-31 15:10:24,linkedin,interview,0.377
10109,71,3159,2024-01-19 10:22:06,job_board,offer,0.782
10110,1136,8217,2025-03-06 22:34:01,referral,interview,0.663
10111,1391,234,2025-05-28 08:18:52,linkedin,applied,0.44
10112,509,6748,2024-06-27 10:45:34,outbound,applied,0.356
10113,607,1225,2024-07-23 13:13:47,job_board,interview,0.617
10114,1348,7213,2025-05-19 23:54:48,referral,screened,0.499
10115,1074,6564,2025-02-17 05:31:31,linkedin,screened,0.506
10116,565,5568,2024-07-08 13:13:46,referral,interview,0.74
10117,1674,5839,2025-09-07 18:36:31,referral,applied,0.665
10118,1807,168,2025-10-20 09:36:03,job_board,applied,0.482
10119,1450,3230,2025-06-15 13:08:05,linkedin,interview,0.915
10120,1893,6563,2025-11-27 13:57:17,job_board,screened,0.667
10121,720,5328,2024-10-03 22:24:28,outbound,offer,0.418
10122,222,1779,2024-03-16 00:16:03,referral,applied,0.473
10123,1465,6797,2025-07-12 18:56:53,job_board,screened,0.961
10124,1121,2654,2025-02-01 16:20:34,linkedin,applied,0.65
10125,828,5795,2024-11-08 05:14:46,referral,applied,0.816
10126,522,5721,2024-07-19 14:25:58,referral,interview,0.978
10127,127,2156,2024-03-03 18:27:34,referral,applied,0.557
10128,344,441,2024-04-25 15:23:23,linkedin,applied,0.369
10129,1332,8564,2025-04-18 04:22:18,referral,interview,0.726
10130,457,6795,2024-05-22 18:17:42,linkedin,interview,0.365
10131,1874,213,2025-11-06 18:23:05,referral,applied,0.597
10132,947,1749,2024-12-06 23:49:07,linkedin,applied,0.473
10133,168,5007,2024-02-19 12:19:13,linkedin,applied,0.895
10134,1309,7966,2025-04-03 11:51:59,recruiter,interview,0.401
10135,1376,2010,2025-05-16 13:35:39,referral,interview,0.901
10136,360,4736,2024-05-25 22:08:54,job_board,applied,0.617
10137,1680,6368,2025-08-17 00:31:28,linkedin,interview,0.647
10138,1476,7893,2025-06-23 08:20:15,outbound,interview,0.365
10139,1194,5057,2025-03-07 03:14:23,referral,offer,0.803
10140,243,3759,2024-03-22 14:36:59,linkedin,applied,0.793
10141,971,1762,2025-01-07 22:45:16,referral,applied,0.767
10142,1942,4946,2026-01-09 04:53:45,outbound,applied,0.46
10143,475,4553,2024-06-06 12:10:52,recruiter,interview,0.627
10144,1872,7991,2025-11-05 04:23:15,outbound,applied,0.87
10145,388,4678,2024-04-27 11:40:54,linkedin,screened,0.353
10146,1213,6939,2025-02-28 00:29:28,outbound,applied,0.828
10147,793,3783,2024-10-22 01:01:58,referral,applied,0.823
10148,137,4499,2024-02-16 02:02:03,referral,screened,0.94
10149,1283,380,2025-04-05 05:09:24,recruiter,applied,0.709
10150,947,4456,2024-12-20 23:49:07,outbound,applied,0.553
10151,630,1861,2024-08-14 17:02:45,job_board,applied,0.391
10152,466,2920,2024-06-12 17:53:54,job_board,applied,0.892
10153,977,8720,2025-01-22 04:07:16,job_board,applied,0.694
10154,212,6103,2024-03-24 20:01:01,outbound,interview,0.545
10155,1200,1697,2025-03-11 23:54:32,job_board,interview,0.886
10156,186,5013,2024-02-23 23:00:55,linkedin,screened,0.795
10157,420,4129,2024-05-10 17:33:35,job_board,applied,0.406
10158,1019,6782,2025-02-03 15:42:41,linkedin,applied,0.758
10159,1483,2647,2025-07-17 01:34:11,linkedin,applied,0.879
10160,796,5784,2024-10-23 04:18:55,recruiter,applied,0.511
10161,1258,6812,2025-04-19 20:15:22,job_board,screened,0.488
10162,1864,6482,2025-11-16 20:59:56,referral,applied,0.948
10163,1184,5203,2025-03-17 16:21:51,linkedin,screened,0.799
10164,1501,174,2025-08-01 13:53:08,recruiter,applied,0.909
10165,957,6439,2024-12-29 11:56:18,referral,applied,0.577
10166,520,8655,2024-07-25 18:15:03,job_board,applied,0.929
10167,730,5733,2024-09-29 13:52:32,job_board,applied,0.722
10168,704,5305,2024-09-05 20:25:22,job_board,applied,0.702
10169,1098,4534,2025-02-09 03:51:04,linkedin,interview,0.515
10170,303,786,2024-03-31 21:25:01,recruiter,screened,0.366
10171,1532,8646,2025-07-16 10:55:59,job_board,applied,0.682
10172,306,3365,2024-04-17 16:23:49,recruiter,applied,0.968
10173,1413,6329,2025-06-10 10:04:43,outbound,applied,0.597
10174,945,4923,2025-01-07 13:39:19,job_board,applied,0.942
10175,1476,6200,2025-06-14 08:20:15,job_board,interview,0.392
10176,351,730,2024-04-20 04:00:43,referral,applied,0.492
10177,419,6215,2024-06-03 10:35:57,job_board,applied,0.529
10178,505,4979,2024-06-11 12:16:16,job_board,applied,0.583
10179,1560,4202,2025-08-18 05:51:13,linkedin,interview,0.7
10180,531,6725,2024-06-29 08:21:06,job_board,applied,0.878
10181,671,5785,2024-08-29 05:17:58,recruiter,offer,0.71
10182,280,6805,2024-03-19 10:53:33,job_board,screened,0.429
10183,467,5441,2024-05-29 09:16:08,job_board,applied,0.372
10184,1713,7056,2025-10-02 19:39:56,outbound,interview,0.787
10185,244,7995,2024-04-02 05:15:56,recruiter,applied,0.801
10186,1825,7325,2025-11-14 17:57:46,job_board,screened,0.353
10187,1661,8810,2025-09-15 07:00:14,job_board,screened,0.405
10188,1897,4847,2025-12-20 08:08:51,referral,applied,0.906
10189,1247,4348,2025-03-19 21:29:43,recruiter,interview,0.721
10190,1369,629,2025-05-28 13:59:57,job_board,applied,0.642
10191,1683,5408,2025-09-09 22:41:41,referral,applied,0.408
10192,1419,6140,2025-05-24 04:46:03,job_board,interview,0.527
10193,1123,2613,2025-02-09 02:49:51,job_board,screened,0.803
10194,843,366,2024-10-29 05:04:37,job_board,applied,0.709
10195,1721,7609,2025-09-29 18:06:26,outbound,applied,0.692
10196,633,1136,2024-08-14 05:23:21,linkedin,applied,0.851
10197,1114,6397,2025-02-09 00:48:25,job_board,applied,0.81
10198,121,8773,2024-02-25 21:24:45,referral,applied,0.529
10199,1292,8316,2025-04-25 13:56:42,linkedin,interview,0.932
10200,264,1960,2024-04-07 12:38:30,job_board,interview,0.729
10201,113,5446,2024-02-22 22:01:18,job_board,applied,0.431
10202,593,8468,2024-07-29 08:12:54,recruiter,applied,0.672
10203,1340,6378,2025-05-04 15:13:57,job_board,screened,0.617
10204,1648,2587,2025-08-21 21:22:29,job_board,interview,0.857
10205,1196,857,2025-04-02 11:57:49,job_board,applied,0.936
10206,1309,4659,2025-04-22 11:51:59,referral,applied,0.486
10207,485,5461,2024-07-13 13:17:52,job_board,applied,0.806
10208,214,1697,2024-03-09 05:19:01,recruiter,applied,0.689
10209,226,3392,2024-03-13 05:06:20,referral,applied,0.918
10210,151,3775,2024-02-20 13:57:58,job_board,applied,0.397
10211,695,4573,2024-08-28 07:24:14,job_board,applied,0.796
10212,1496,484,2025-07-01 10:28:26,linkedin,applied,0.96
10213,121,2940,2024-02-28 21:24:45,linkedin,interview,0.713
10214,694,7575,2024-09-24 21:52:53,referral,applied,0.543
10215,1202,2586,2025-03-07 17:59:05,job_board,interview,0.766
10216,120,7217,2024-02-12 09:03:38,job_board,applied,0.365
10217,1092,7387,2025-02-05 08:59:11,referral,applied,0.699
10218,796,7789,2024-10-02 04:18:55,job_board,interview,0.596
10219,1836,5019,2025-10-07 21:43:28,linkedin,interview,0.422
10220,993,3255,2024-12-23 20:46:02,linkedin,applied,0.924
10221,1036,2279,2025-01-13 20:35:28,recruiter,applied,0.65
10222,1701,4818,2025-08-25 21:12:38,job_board,applied,0.904
10223,1460,6901,2025-06-29 09:52:07,job_board,applied,0.513
10224,1096,7449,2025-01-29 17:44:28,referral,applied,0.547
10225,1328,674,2025-04-27 15:57:30,job_board,applied,0.971
10226,808,8359,2024-10-16 05:59:34,outbound,applied,0.698
10227,1400,2639,2025-05-09 20:04:35,referral,screened,0.587
10228,618,2283,2024-08-10 14:22:21,job_board,screened,0.823
10229,628,3027,2024-09-03 07:50:37,job_board,applied,0.386
10230,1657,3291,2025-08-06 21:10:09,referral,applied,0.834
10231,831,1599,2024-10-19 23:36:51,linkedin,interview,0.445
10232,1063,2924,2025-01-21 00:44:37,job_board,interview,0.362
10233,240,7585,2024-03-10 07:21:52,job_board,applied,0.976
10234,688,232,2024-09-17 03:34:25,job_board,applied,0.477
10235,1301,6066,2025-04-24 07:42:57,recruiter,interview,0.916
10236,1061,7896,2025-01-31 08:40:03,job_board,screened,0.667
10237,605,6033,2024-08-21 18:14:35,job_board,applied,0.454
10238,60,4274,2024-02-25 02:56:23,outbound,interview,0.678
10239,1098,5335,2025-03-05 03:51:04,job_board,applied,0.472
10240,698,4853,2024-09-06 12:01:01,job_board,applied,0.397
10241,1844,3405,2025-10-23 21:49:46,linkedin,applied,0.543
10242,88,7622,2024-02-13 14:45:42,referral,applied,0.655
10243,1366,5932,2025-05-28 18:45:32,referral,applied,0.769
10244,767,503,2024-09-28 12:14:29,referral,applied,0.565
10245,536,6627,2024-07-15 04:39:27,referral,applied,0.535
10246,1428,2189,2025-06-20 18:13:01,job_board,screened,0.63
10247,1030,4847,2025-02-02 22:25:30,recruiter,offer,0.632
10248,150,1531,2024-03-10 12:44:09,job_board,screened,0.871
10249,1205,4237,2025-03-15 08:36:21,job_board,applied,0.416
10250,358,1303,2024-05-20 23:00:57,job_board,applied,0.406
10251,1701,2012,2025-08-26 21:12:38,referral,interview,0.676
10252,483,7810,2024-07-03 09:26:29,referral,screened,0.719
10253,1588,756,2025-08-22 08:35:41,referral,applied,0.536
10254,659,2754,2024-08-19 06:47:21,linkedin,interview,0.485
10255,631,372,2024-08-17 22:34:40,job_board,applied,0.892
10256,5,1697,2024-01-29 10:50:13,referral,interview,0.482
10257,1840,6429,2025-10-27 11:03:17,job_board,applied,0.758
10258,1105,4960,2025-02-17 14:52:52,recruiter,screened,0.795
10259,295,3138,2024-04-22 08:34:44,linkedin,screened,0.717
10260,69,808,2024-02-19 08:50:44,job_board,offer,0.602
10261,553,6376,2024-07-16 13:09:46,job_board,applied,0.868
10262,986,2305,2025-01-25 19:09:50,job_board,applied,0.625
10263,68,4572,2024-02-24 06:09:37,job_board,applied,0.406
10264,722,1146,2024-09-25 10:42:17,outbound,applied,0.355
10265,623,4022,2024-07-28 08:16:20,job_board,applied,0.93
10266,1746,7862,2025-09-22 14:51:01,job_board,screened,0.871
10267,829,5661,2024-10-07 14:05:21,job_board,interview,0.905
10268,210,4280,2024-04-03 20:34:29,job_board,applied,0.51
10269,483,1650,2024-06-27 09:26:29,job_board,offer,0.518
10270,1653,2384,2025-08-20 01:45:45,linkedin,applied,0.724
10271,26,8817,2024-01-19 21:56:58,linkedin,interview,0.915
10272,267,8435,2024-04-11 15:54:34,job_board,offer,0.911
10273,22,2973,2024-01-12 16:08:09,outbound,applied,0.555
10274,99,5784,2024-02-08 16:40:13,linkedin,applied,0.896
10275,1848,6923,2025-10-13 16:58:32,job_board,applied,0.594
10276,1982,3699,2026-01-23 07:09:32,linkedin,applied,0.463
10277,1470,2231,2025-07-08 14:22:35,linkedin,applied,0.447
10278,184,3010,2024-03-19 16:54:14,outbound,applied,0.717
10279,1397,4212,2025-06-18 04:05:56,job_board,applied,0.397
10280,1546,3243,2025-07-28 21:50:45,referral,applied,0.703
10281,1572,4494,2025-08-08 20:35:33,job_board,applied,0.363
10282,1495,1385,2025-07-25 08:56:02,linkedin,applied,0.493
10283,1389,2760,2025-06-06 16:02:29,outbound,screened,0.908
10284,885,1607,2024-11-18 03:16:21,referral,screened,0.92
10285,123,3138,2024-03-08 04:33:04,linkedin,applied,0.784
10286,1648,2525,2025-09-07 21:22:29,job_board,applied,0.41
10287,1852,3918,2025-11-19 14:02:47,referral,interview,0.923
10288,1001,8991,2025-01-18 17:34:29,job_board,applied,0.515
10289,858,7526,2024-10-31 01:36:01,referral,applied,0.399
10290,1836,5564,2025-11-11 21:43:28,job_board,offer,0.57
10291,907,4501,2024-11-10 17:22:17,job_board,screened,0.452
10292,742,3000,2024-10-07 23:12:21,job_board,applied,0.795
10293,1774,798,2025-10-16 12:20:52,job_board,interview,0.555
10294,1854,5573,2025-11-22 06:07:59,recruiter,applied,0.726
10295,410,1951,2024-06-13 16:26:21,job_board,applied,0.958
10296,551,346,2024-07-28 22:06:34,recruiter,screened,0.629
10297,626,8875,2024-08-31 20:14:29,outbound,applied,0.548
10298,320,1883,2024-04-27 17:45:06,linkedin,applied,0.724
10299,1711,809,2025-08-23 03:01:56,linkedin,applied,0.735
10300,1948,5341,2025-12-16 23:09:08,job_board,applied,0.706
10301,1040,5830,2025-02-20 12:07:37,job_board,applied,0.415
10302,1423,2465,2025-05-26 21:34:23,job_board,screened,0.362
10303,841,1901,2024-10-11 13:07:42,referral,applied,0.895
10304,1992,1260,2026-01-14 14:13:40,referral,offer,0.471
10305,1910,3888,2025-12-07 03:05:05,linkedin,applied,0.375
10306,1499,3655,2025-07-10 15:32:59,referral,applied,0.712
10307,1778,3214,2025-10-27 02:30:31,job_board,applied,0.447
10308,270,8318,2024-03-20 22:51:34,job_board,applied,0.954
10309,1775,8795,2025-10-06 16:53:46,linkedin,offer,0.782
10310,854,7866,2024-11-10 02:15:11,referral,applied,0.978
10311,425,4962,2024-06-08 00:41:56,job_board,applied,0.865
10312,1863,8663,2025-11-25 19:04:51,linkedin,offer,0.551
10313,1688,2250,2025-08-25 15:37:18,job_board,screened,0.782
10314,270,6675,2024-04-21 22:51:34,job_board,applied,0.62
10315,1314,5433,2025-05-19 13:20:29,job_board,applied,0.499
10316,1765,5538,2025-10-29 09:04:28,job_board,applied,0.693
10317,1384,643,2025-05-03 03:13:11,job_board,applied,0.939
10318,965,1300,2024-12-27 06:47:36,outbound,applied,0.356
10319,96,8340,2024-02-20 05:12:38,referral,applied,0.931
10320,992,2416,2025-01-05 14:09:38,recruiter,interview,0.51
10321,1112,3099,2025-01-29 11:18:11,job_board,applied,0.404
10322,1686,6171,2025-08-26 12:47:08,job_board,interview,0.976
10323,438,7951,2024-05-16 10:55:15,referral,interview,0.419
10324,414,3570,2024-06-06 07:59:52,referral,applied,0.96
10325,1855,7283,2025-10-28 08:52:48,referral,applied,0.729
10326,1676,5530,2025-09-10 02:30:56,job_board,applied,0.889
10327,1124,1682,2025-02-01 09:41:42,job_board,applied,0.75
10328,892,5036,2024-12-05 13:50:05,outbound,applied,0.371
10329,1235,8661,2025-03-13 21:54:42,outbound,interview,0.829
10330,305,8857,2024-04-04 08:16:53,job_board,applied,0.812
10331,487,8926,2024-06-10 07:39:26,linkedin,screened,0.458
10332,1084,660,2025-01-24 21:34:57,linkedin,screened,0.406
10333,843,7248,2024-11-22 05:04:37,job_board,applied,0.59
10334,357,4275,2024-05-26 08:24:08,referral,applied,0.365
10335,1059,4064,2025-01-16 13:25:00,job_board,screened,0.352
10336,1307,3808,2025-04-14 13:34:57,linkedin,applied,0.875
10337,1625,6053,2025-08-24 19:51:05,job_board,applied,0.865
10338,1260,4531,2025-04-12 12:24:10,linkedin,offer,0.643
10339,1224,726,2025-03-31 03:54:48,outbound,screened,0.635
10340,1114,3536,2025-03-10 00:48:25,job_board,offer,0.586
10341,227,8291,2024-04-03 08:27:34,linkedin,interview,0.443
10342,769,1217,2024-09-24 01:45:58,linkedin,interview,0.756
10343,902,1996,2024-11-23 04:07:55,referral,screened,0.559
10344,1048,993,2025-01-28 05:10:37,referral,applied,0.534
10345,592,6451,2024-07-19 22:53:52,referral,interview,0.4
10346,1489,7292,2025-07-08 09:58:20,outbound,screened,0.692
10347,1078,7214,2025-01-25 21:52:30,job_board,applied,0.967
10348,612,634,2024-07-23 03:21:51,job_board,interview,0.93
10349,940,8727,2024-12-04 09:55:38,recruiter,screened,0.469
10350,1420,8028,2025-06-17 22:44:53,linkedin,applied,0.642
10351,45,7415,2024-02-04 18:42:12,job_board,applied,0.646
10352,683,7769,2024-08-22 23:43:50,linkedin,applied,0.581
10353,416,7363,2024-05-31 06:38:08,job_board,screened,0.505
10354,644,330,2024-08-29 16:53:26,outbound,applied,0.818
10355,1321,6349,2025-05-14 22:12:00,job_board,applied,0.587
10356,427,8203,2024-05-30 17:19:30,job_board,screened,0.844
10357,1089,5190,2025-02-27 23:01:13,referral,applied,0.397
10358,755,8192,2024-09-18 12:26:03,job_board,applied,0.915
10359,107,377,2024-03-03 06:41:50,recruiter,interview,0.827
10360,1772,5387,2025-09-25 03:11:36,recruiter,offer,0.558
10361,1196,8755,2025-02-28 11:57:49,job_board,offer,0.806
10362,595,5059,2024-08-15 16:23:40,recruiter,interview,0.716
10363,1007,4041,2025-02-03 08:05:03,recruiter,interview,0.522
10364,1975,2582,2026-01-25 16:09:37,job_board,interview,0.572
10365,301,7172,2024-03-27 16:15:04,job_board,screened,0.708
10366,1704,8511,2025-09-29 11:36:43,job_board,applied,0.667
10367,4,3396,2024-02-09 20:39:45,job_board,applied,0.489
10368,1729,4464,2025-09-20 16:07:52,referral,applied,0.886
10369,671,4105,2024-08-29 05:17:58,referral,screened,0.943
10370,593,5697,2024-07-18 08:12:54,linkedin,applied,0.776
10371,1560,4162,2025-08-07 05:51:13,referral,screened,0.732
10372,328,6554,2024-05-07 14:39:16,referral,screened,0.804
10373,267,8911,2024-04-08 15:54:34,referral,applied,0.49
10374,934,2764,2024-12-03 21:57:23,recruiter,applied,0.523
10375,1889,1903,2025-11-26 17:26:19,job_board,applied,0.363
10376,663,4997,2024-08-11 23:32:28,job_board,interview,0.387
10377,1085,4516,2025-02-13 21:44:36,job_board,applied,0.526
10378,796,3830,2024-10-31 04:18:55,linkedin,screened,0.43
10379,1517,1393,2025-08-08 01:24:53,job_board,applied,0.595
10380,1799,1024,2025-10-26 09:07:06,outbound,applied,0.537
10381,1954,4448,2025-12-18 07:00:43,job_board,applied,0.885
10382,539,6508,2024-07-07 15:22:44,job_board,applied,0.974
10383,526,4914,2024-07-24 04:03:31,linkedin,interview,0.515
10384,1850,7005,2025-10-13 12:21:32,job_board,interview,0.466
10385,1166,1230,2025-02-27 15:10:28,referral,applied,0.505
10386,657,8515,2024-08-24 18:11:47,referral,screened,0.397
10387,682,6285,2024-08-11 17:36:41,linkedin,applied,0.686
10388,353,5987,2024-05-19 17:11:22,linkedin,screened,0.88
10389,170,7452,2024-02-27 23:55:02,job_board,screened,0.551
10390,694,8492,2024-09-18 21:52:53,job_board,interview,0.828
10391,1588,7345,2025-07-23 08:35:41,job_board,applied,0.929
10392,1319,4331,2025-04-10 13:34:48,recruiter,offer,0.361
10393,25,6564,2024-01-27 18:03:40,referral,applied,0.719
10394,90,3791,2024-03-05 16:55:50,recruiter,applied,0.521
10395,1738,1268,2025-09-02 08:01:04,recruiter,screened,0.734
10396,1588,8865,2025-07-22 08:35:41,linkedin,screened,0.377
10397,1590,5594,2025-08-22 06:06:59,job_board,interview,0.357
10398,1724,7092,2025-08-30 13:31:52,referral,interview,0.403
10399,1277,6286,2025-04-17 19:17:02,job_board,applied,0.837
10400,676,3056,2024-08-08 15:42:44,job_board,screened,0.583
10401,1183,6835,2025-02-19 15:37:50,job_board,offer,0.892
10402,1285,2941,2025-04-11 22:08:51,linkedin,screened,0.501
10403,1692,6385,2025-09-14 11:13:16,outbound,applied,0.507
10404,1064,7373,2025-02-12 01:26:27,linkedin,applied,0.444
10405,112,5660,2024-03-09 09:23:18,outbound,interview,0.91
10406,1245,4277,2025-03-13 01:56:32,referral,screened,0.828
10407,1473,6550,2025-06-08 21:51:37,job_board,applied,0.38
10408,1892,643,2025-12-07 08:59:15,linkedin,applied,0.841
10409,361,7671,2024-05-02 02:19:28,job_board,applied,0.849
10410,1721,4509,2025-09-02 18:06:26,referral,interview,0.401
10411,41,5124,2024-02-21 04:03:25,job_board,applied,0.421
10412,1462,1821,2025-06-15 04:42:48,referral,applied,0.772
10413,625,1308,2024-07-24 09:35:34,job_board,applied,0.479
10414,235,3275,2024-02-28 17:47:12,linkedin,screened,0.365
10415,655,7344,2024-09-10 04:50:01,job_board,applied,0.802
10416,1104,127,2025-02-02 22:19:20,job_board,screened,0.792
10417,386,5950,2024-06-05 12:28:22,job_board,applied,0.403
10418,1102,8912,2025-02-03 11:18:25,referral,screened,0.455
10419,1422,6180,2025-06-02 20:34:07,linkedin,screened,0.473
10420,1753,2651,2025-09-09 15:04:39,referral,interview,0.774
10421,1118,2648,2025-02-19 13:54:06,job_board,applied,0.534
10422,1203,3004,2025-04-08 08:11:49,job_board,applied,0.533
10423,1841,1347,2025-11-22 22:54:51,job_board,screened,0.648
10424,70,5384,2024-02-02 08:53:41,referral,interview,0.529
10425,1524,7027,2025-07-01 09:01:05,linkedin,interview,0.751
10426,1955,4650,2026-01-03 21:06:59,recruiter,screened,0.372
10427,1653,445,2025-08-20 01:45:45,job_board,offer,0.724
10428,1846,7786,2025-11-20 09:35:39,job_board,applied,0.443
10429,1806,3622,2025-09-28 15:18:20,job_board,interview,0.367
10430,1178,4595,2025-02-20 14:49:39,outbound,applied,0.572
10431,1613,4580,2025-08-27 04:15:00,outbound,applied,0.879
10432,729,5706,2024-09-25 11:38:25,linkedin,applied,0.488
10433,237,157,2024-03-29 19:49:50,job_board,interview,0.466
10434,170,2193,2024-03-05 23:55:02,linkedin,applied,0.684
10435,371,5374,2024-05-26 18:14:44,outbound,applied,0.708
10436,1449,3497,2025-06-27 09:29:50,job_board,applied,0.723
10437,804,1077,2024-10-02 11:53:02,recruiter,applied,0.743
10438,1623,8267,2025-09-02 05:12:27,job_board,interview,0.715
10439,665,2174,2024-08-29 09:09:15,job_board,screened,0.443
10440,1582,1998,2025-07-23 18:33:42,job_board,interview,0.671
10441,1771,8943,2025-10-19 02:56:39,referral,interview,0.485
10442,654,2066,2024-08-30 03:19:47,job_board,applied,0.664
10443,1049,5043,2025-01-25 21:51:57,linkedin,screened,0.432
10444,1074,4654,2025-01-28 05:31:31,job_board,applied,0.708
10445,1752,8715,2025-10-17 09:26:50,linkedin,applied,0.841
10446,750,8589,2024-10-09 09:32:29,referral,screened,0.918
10447,775,4434,2024-09-20 21:36:52,job_board,interview,0.893
10448,1552,405,2025-08-08 22:28:57,recruiter,interview,0.463
10449,1814,7231,2025-10-05 15:30:28,linkedin,applied,0.634
10450,57,5767,2024-02-24 16:42:06,job_board,applied,0.354
10451,144,342,2024-02-16 07:02:41,referral,applied,0.589
10452,1867,1271,2025-10-27 17:14:11,job_board,applied,0.687
10453,892,2622,2024-12-05 13:50:05,referral,applied,0.813
10454,1119,7628,2025-03-15 02:00:34,job_board,applied,0.524
10455,1803,2550,2025-10-28 06:44:01,job_board,interview,0.607
10456,794,7982,2024-10-31 22:29:24,job_board,interview,0.896
10457,900,629,2024-12-17 01:19:23,job_board,screened,0.764
10458,1695,4602,2025-08-30 08:22:57,job_board,applied,0.705
10459,1466,8569,2025-06-30 05:05:55,referral,applied,0.663
10460,1388,5847,2025-06-03 11:46:54,job_board,applied,0.673
10461,722,4543,2024-10-04 10:42:17,job_board,applied,0.54
10462,1404,3496,2025-06-01 02:27:21,job_board,interview,0.391
10463,1659,5337,2025-08-31 03:10:32,outbound,applied,0.715
10464,1827,2287,2025-11-08 21:45:08,job_board,screened,0.901
10465,1263,4685,2025-04-29 02:30:27,linkedin,applied,0.978
10466,1744,506,2025-09-06 19:04:33,recruiter,offer,0.41
10467,1624,2238,2025-09-05 19:12:52,recruiter,applied,0.478
10468,1463,6579,2025-06-18 13:06:03,job_board,applied,0.794
10469,1073,8319,2025-02-10 00:52:53,recruiter,screened,0.701
10470,870,3833,2024-11-08 06:33:15,linkedin,applied,0.898
10471,1276,6021,2025-03-22 17:01:31,job_board,offer,0.577
10472,1771,4090,2025-10-12 02:56:39,recruiter,applied,0.713
10473,1058,1113,2025-02-28 09:07:04,recruiter,screened,0.922
10474,1400,8649,2025-06-07 20:04:35,linkedin,offer,0.77
10475,1135,4157,2025-02-27 03:21:32,referral,applied,0.49
10476,1298,1019,2025-03-31 14:50:05,recruiter,interview,0.838
10477,1379,14,2025-06-03 04:28:32,job_board,applied,0.442
10478,105,1835,2024-02-25 01:46:40,linkedin,screened,0.417
10479,242,6073,2024-03-22 16:32:46,linkedin,interview,0.564
10480,78,2960,2024-02-04 07:48:41,referral,interview,0.659
10481,1538,4713,2025-07-21 16:31:19,job_board,applied,0.783
10482,1791,1483,2025-10-01 00:01:29,job_board,interview,0.847
10483,711,8138,2024-09-07 10:03:06,recruiter,screened,0.754
10484,152,8751,2024-02-12 21:14:02,linkedin,interview,0.822
10485,26,8527,2024-01-23 21:56:58,referral,interview,0.979
10486,890,5605,2024-12-12 09:40:30,job_board,offer,0.367
10487,1288,884,2025-04-22 15:31:34,outbound,applied,0.893
10488,667,1075,2024-08-31 11:35:43,job_board,applied,0.7
10489,1228,806,2025-04-07 07:43:04,recruiter,interview,0.596
10490,307,4465,2024-05-04 07:23:38,referral,interview,0.458
10491,1452,8092,2025-06-22 20:39:07,referral,applied,0.974
10492,661,7172,2024-08-20 00:24:37,recruiter,applied,0.734
10493,1997,4609,2026-01-22 09:37:00,linkedin,applied,0.741
10494,1539,6746,2025-08-13 18:10:31,referral,applied,0.447
10495,923,4228,2024-12-01 09:06:28,referral,offer,0.868
10496,1893,5608,2025-12-18 13:57:17,linkedin,interview,0.658
10497,1947,5138,2025-12-20 20:40:19,recruiter,interview,0.421
10498,395,5436,2024-05-26 20:58:48,referral,screened,0.393
10499,1156,4198,2025-02-17 21:57:12,job_board,screened,0.969
10500,1310,6683,2025-05-18 02:24:53,linkedin,interview,0.359
10501,716,5529,2024-09-25 03:46:32,job_board,interview,0.898
10502,1999,2448,2026-02-09 03:52:44,job_board,applied,0.429
10503,1356,8542,2025-05-27 18:43:06,job_board,interview,0.787
10504,1523,4434,2025-07-18 02:51:00,linkedin,offer,0.486
10505,393,5454,2024-05-04 11:09:58,job_board,offer,0.689
10506,1805,4771,2025-11-01 15:15:20,referral,applied,0.37
10507,1933,2887,2025-12-21 09:24:02,recruiter,interview,0.882
10508,1809,729,2025-10-07 14:35:54,job_board,applied,0.511
10509,883,1921,2024-11-09 02:20:31,linkedin,applied,0.841
10510,1869,8616,2025-10-29 16:25:13,job_board,applied,0.901
10511,22,8696,2024-02-19 16:08:09,job_board,interview,0.648
10512,408,1461,2024-06-01 17:19:40,job_board,screened,0.956
10513,1311,5215,2025-04-17 07:34:08,linkedin,applied,0.756
10514,1546,2317,2025-07-16 21:50:45,referral,applied,0.476
10515,241,5101,2024-04-09 14:03:59,linkedin,applied,0.625
10516,587,5898,2024-08-12 13:11:48,job_board,applied,0.532
10517,178,300,2024-03-16 10:14:18,job_board,applied,0.816
10518,208,8553,2024-02-24 18:30:40,referral,interview,0.864
10519,48,8266,2024-02-25 02:09:45,job_board,applied,0.421
10520,1983,8568,2026-01-09 07:10:20,referral,interview,0.483
10521,1766,4227,2025-10-17 12:30:52,recruiter,interview,0.376
10522,1218,6462,2025-03-08 12:47:08,referral,interview,0.787
10523,68,8998,2024-02-13 06:09:37,referral,applied,0.749
10524,1461,1721,2025-06-04 11:58:52,job_board,applied,0.498
10525,1075,1511,2025-02-09 07:35:23,job_board,interview,0.754
10526,1553,7220,2025-07-19 01:37:38,referral,applied,0.626
10527,979,2936,2025-01-06 12:12:18,referral,applied,0.789
10528,18,1633,2024-02-14 03:57:33,referral,applied,0.865
10529,1823,1891,2025-10-03 01:22:15,recruiter,offer,0.465
10530,1760,6191,2025-10-02 17:12:03,job_board,applied,0.76
10531,1823,3411,2025-11-16 01:22:15,job_board,applied,0.725
10532,1324,2764,2025-05-24 14:36:59,job_board,interview,0.603
10533,1842,8790,2025-11-04 07:02:40,job_board,offer,0.576
10534,143,8800,2024-03-04 06:45:29,job_board,applied,0.96
10535,801,3734,2024-10-19 22:08:05,job_board,applied,0.381
10536,641,2077,2024-08-16 23:08:51,job_board,screened,0.767
10537,948,7444,2024-12-10 16:05:42,outbound,screened,0.898
10538,83,6759,2024-02-25 15:03:39,linkedin,applied,0.929
10539,1652,6798,2025-08-25 01:26:02,referral,applied,0.799
10540,598,1941,2024-08-21 16:12:03,linkedin,applied,0.603
10541,241,2682,2024-03-11 14:03:59,job_board,screened,0.385
10542,396,721,2024-05-02 22:00:31,job_board,applied,0.765
10543,229,5220,2024-03-07 12:52:28,job_board,applied,0.833
10544,1373,407,2025-05-27 17:53:27,job_board,interview,0.546
10545,1844,7666,2025-11-03 21:49:46,linkedin,offer,0.637
10546,168,2842,2024-03-10 12:19:13,referral,applied,0.451
10547,59,5502,2024-01-25 01:29:30,job_board,screened,0.464
10548,1761,1465,2025-09-29 09:35:30,linkedin,interview,0.84
10549,766,2385,2024-10-08 10:47:10,job_board,applied,0.51
10550,242,2434,2024-03-24 16:32:46,job_board,applied,0.741
10551,390,7769,2024-05-09 20:58:21,job_board,applied,0.563
10552,1353,8815,2025-05-06 01:51:22,outbound,screened,0.655
10553,168,5006,2024-02-26 12:19:13,job_board,interview,0.727
10554,806,940,2024-10-08 00:29:06,linkedin,applied,0.845
10555,1948,8821,2025-12-31 23:09:08,job_board,offer,0.545
10556,862,2607,2024-10-24 11:21:12,recruiter,applied,0.449
10557,332,5901,2024-05-05 10:31:44,job_board,applied,0.601
10558,1518,2050,2025-07-01 02:32:22,linkedin,screened,0.82
10559,864,4040,2024-11-04 21:07:55,job_board,applied,0.446
10560,796,332,2024-10-14 04:18:55,job_board,offer,0.374
10561,513,3924,2024-07-25 07:04:54,job_board,screened,0.472
10562,1507,6074,2025-07-20 11:42:20,job_board,applied,0.973
10563,983,7921,2024-12-31 03:14:09,outbound,applied,0.513
10564,968,8557,2024-12-29 02:35:56,linkedin,screened,0.806
10565,1534,8826,2025-08-04 06:18:50,job_board,applied,0.978
10566,726,8717,2024-10-03 06:32:21,job_board,applied,0.617
10567,1320,3694,2025-05-14 21:00:29,job_board,interview,0.539
10568,345,2355,2024-05-19 16:05:09,linkedin,applied,0.69
10569,1144,1468,2025-02-16 09:28:42,job_board,applied,0.922
10570,858,1480,2024-11-08 01:36:01,job_board,applied,0.526
10571,1022,358,2025-01-26 14:06:25,job_board,applied,0.821
10572,731,6385,2024-09-14 15:56:29,job_board,applied,0.6
10573,264,2902,2024-03-11 12:38:30,job_board,offer,0.597
10574,1842,4574,2025-10-20 07:02:40,linkedin,screened,0.44
10575,806,3078,2024-10-10 00:29:06,job_board,screened,0.703
10576,1495,4850,2025-07-05 08:56:02,linkedin,applied,0.391
10577,1811,3833,2025-10-11 03:42:31,outbound,applied,0.76
10578,888,5271,2024-11-14 22:40:16,job_board,applied,0.907
10579,1642,1306,2025-09-07 03:38:50,job_board,screened,0.53
10580,879,8138,2024-11-08 11:09:19,job_board,interview,0.642
10581,130,4434,2024-02-10 18:12:04,referral,screened,0.606
10582,1765,6270,2025-10-05 09:04:28,linkedin,applied,0.808
10583,1681,8491,2025-08-14 09:12:28,job_board,screened,0.866
10584,1133,805,2025-02-13 20:22:26,job_board,interview,0.581
10585,1657,2093,2025-08-07 21:10:09,linkedin,offer,0.78
10586,1339,4877,2025-04-21 11:43:12,job_board,applied,0.39
10587,1604,6163,2025-08-24 08:00:15,job_board,interview,0.715
10588,114,4267,2024-01-29 07:40:16,job_board,applied,0.663
10589,1630,342,2025-08-06 03:21:48,linkedin,offer,0.378
10590,429,6226,2024-05-19 13:23:21,job_board,screened,0.893
10591,1967,5795,2026-01-08 07:11:21,linkedin,applied,0.625
10592,1933,143,2025-12-10 09:24:02,referral,screened,0.867
10593,111,8438,2024-02-04 20:23:39,job_board,interview,0.624
10594,1304,8005,2025-05-04 23:47:25,job_board,applied,0.555
10595,768,2542,2024-09-18 17:07:38,job_board,applied,0.64
10596,510,5498,2024-07-24 15:27:30,job_board,applied,0.55
10597,1937,7347,2026-01-02 18:32:22,referral,interview,0.443
10598,803,4038,2024-11-02 02:58:05,linkedin,screened,0.702
10599,1106,743,2025-02-26 15:43:52,outbound,screened,0.38
10600,627,3638,2024-08-05 03:07:46,linkedin,applied,0.36
10601,1365,3225,2025-05-24 13:54:23,linkedin,applied,0.655
10602,505,7324,2024-07-14 12:16:16,recruiter,applied,0.78
10603,724,61,2024-10-04 12:54:04,linkedin,applied,0.911
10604,1411,8546,2025-05-15 04:08:30,job_board,applied,0.523
10605,424,3196,2024-06-15 18:14:18,job_board,offer,0.693
10606,1570,3466,2025-08-17 05:41:38,job_board,screened,0.93
10607,1957,2789,2026-01-12 11:01:06,recruiter,offer,0.408
10608,1408,204,2025-05-20 14:08:48,job_board,applied,0.55
10609,724,6235,2024-08-30 12:54:04,job_board,applied,0.46
10610,364,6674,2024-05-15 09:27:43,job_board,interview,0.744
10611,1122,2651,2025-02-07 18:52:30,job_board,applied,0.971
10612,876,1120,2024-10-30 11:32:41,linkedin,applied,0.762
10613,488,7408,2024-07-18 17:37:54,recruiter,applied,0.907
10614,735,6227,2024-10-07 03:43:41,job_board,applied,0.792
10615,1934,2624,2025-12-21 15:32:57,linkedin,interview,0.746
10616,338,6027,2024-05-05 23:17:27,referral,applied,0.561
10617,517,2010,2024-07-09 06:57:57,job_board,applied,0.801
10618,698,5715,2024-09-17 12:01:01,job_board,applied,0.416
10619,1828,4451,2025-10-26 13:08:49,job_board,screened,0.366
10620,717,1712,2024-09-19 05:41:22,job_board,screened,0.779
10621,584,5909,2024-08-12 10:15:51,referral,applied,0.922
10622,595,1634,2024-08-16 16:23:40,job_board,screened,0.798
10623,1894,7999,2025-12-01 09:55:41,linkedin,interview,0.491
10624,708,919,2024-09-21 22:26:28,linkedin,applied,0.879
10625,735,7322,2024-09-03 03:43:41,job_board,applied,0.681
10626,729,2586,2024-08-29 11:38:25,referral,screened,0.456
10627,1745,4721,2025-09-09 14:03:51,job_board,offer,0.743
10628,1421,7679,2025-06-18 02:43:53,recruiter,interview,0.426
10629,1200,8805,2025-03-07 23:54:32,referral,applied,0.498
10630,427,4498,2024-06-14 17:19:30,recruiter,applied,0.813
10631,228,2669,2024-04-06 10:26:14,linkedin,screened,0.958
10632,177,6707,2024-03-15 16:29:35,linkedin,applied,0.571
10633,592,8996,2024-07-29 22:53:52,outbound,screened,0.473
10634,1584,2688,2025-07-20 16:28:31,outbound,applied,0.445
10635,1522,3467,2025-08-06 21:51:20,job_board,applied,0.706
10636,1565,7468,2025-07-26 13:07:20,job_board,applied,0.357
10637,1336,2362,2025-05-11 20:20:21,referral,applied,0.806
10638,1032,5077,2025-02-09 04:10:30,linkedin,applied,0.729
10639,713,3446,2024-10-02 15:56:14,job_board,interview,0.784
10640,1454,4582,2025-06-21 17:14:15,job_board,applied,0.576
10641,391,5273,2024-06-02 01:28:18,job_board,screened,0.417
10642,138,4645,2024-03-06 03:43:50,job_board,screened,0.958
10643,1658,4266,2025-08-23 00:03:04,job_board,applied,0.876
10644,949,3442,2024-12-18 05:13:54,outbound,applied,0.692
10645,1245,452,2025-04-04 01:56:32,referral,interview,0.465
10646,1915,7037,2025-12-16 17:06:20,job_board,applied,0.956
10647,1364,3205,2025-05-26 12:26:08,job_board,interview,0.548
10648,1529,660,2025-08-03 12:26:02,job_board,applied,0.909
10649,959,4427,2024-12-08 11:03:13,job_board,applied,0.487
10650,638,7392,2024-08-15 22:33:40,recruiter,applied,0.531
10651,701,5970,2024-08-23 01:43:47,job_board,applied,0.561
10652,1802,5356,2025-09-26 18:51:23,job_board,screened,0.608
10653,765,8578,2024-10-11 06:22:51,referral,interview,0.921
10654,1868,6053,2025-12-04 14:15:26,outbound,applied,0.939
10655,63,8604,2024-02-25 22:44:17,linkedin,offer,0.399
10656,586,8055,2024-08-19 01:42:41,job_board,applied,0.88
10657,1888,4627,2025-11-14 11:47:16,referral,interview,0.597
10658,1160,639,2025-02-17 12:39:55,linkedin,applied,0.729
10659,734,5122,2024-09-14 03:11:28,job_board,screened,0.449
10660,352,8525,2024-05-02 12:19:50,job_board,applied,0.423
10661,966,6283,2025-01-19 13:13:55,job_board,applied,0.648
10662,1915,1997,2025-11-28 17:06:20,job_board,applied,0.788
10663,715,7518,2024-09-02 17:21:03,job_board,applied,0.927
10664,964,7553,2025-01-23 16:09:36,job_board,interview,0.971
10665,711,6708,2024-10-02 10:03:06,referral,applied,0.871
10666,1722,1415,2025-09-26 03:17:23,linkedin,interview,0.867
10667,1372,6485,2025-05-04 08:13:26,recruiter,screened,0.427
10668,1234,7787,2025-03-29 10:46:54,recruiter,offer,0.618
10669,1341,4026,2025-04-29 23:00:37,linkedin,applied,0.797
10670,824,6169,2024-10-11 02:55:22,referral,screened,0.679
10671,1621,7821,2025-07-28 21:51:00,job_board,offer,0.491
10672,1228,6605,2025-03-16 07:43:04,job_board,applied,0.479
10673,144,5963,2024-02-08 07:02:41,recruiter,applied,0.693
10674,748,3749,2024-09-04 17:51:11,referral,interview,0.899
10675,1749,1433,2025-09-17 10:17:53,linkedin,interview,0.525
10676,510,2435,2024-07-03 15:27:30,job_board,screened,0.523
10677,1914,5386,2025-12-13 15:03:32,recruiter,applied,0.948
10678,1630,6627,2025-09-08 03:21:48,referral,screened,0.524
10679,1979,2796,2025-12-29 13:49:25,referral,applied,0.406
10680,1596,3433,2025-08-23 14:03:41,linkedin,applied,0.605
10681,258,1828,2024-04-20 13:55:21,job_board,offer,0.801
10682,382,3155,2024-05-25 07:31:16,job_board,interview,0.975
10683,974,5840,2024-12-30 01:17:46,recruiter,screened,0.576
10684,717,6,2024-09-06 05:41:22,job_board,applied,0.358
10685,1879,5781,2025-11-21 23:55:08,job_board,applied,0.584
10686,1698,564,2025-09-25 02:47:06,recruiter,applied,0.699
10687,1518,8593,2025-07-27 02:32:22,job_board,offer,0.493
10688,1882,6653,2025-11-20 00:54:45,linkedin,screened,0.747
10689,121,8786,2024-02-05 21:24:45,recruiter,applied,0.466
10690,1404,3324,2025-06-07 02:27:21,job_board,applied,0.962
10691,1741,3680,2025-10-03 01:52:45,job_board,applied,0.448
10692,1951,4322,2025-12-24 17:50:56,job_board,screened,0.808
10693,1678,1607,2025-08-17 20:38:26,job_board,offer,0.822
10694,1619,6473,2025-08-15 02:56:32,job_board,applied,0.696
10695,1561,1265,2025-08-16 12:10:49,linkedin,screened,0.517
10696,257,7609,2024-04-19 20:23:13,recruiter,screened,0.608
10697,824,8769,2024-10-26 02:55:22,job_board,applied,0.824
10698,1752,2323,2025-10-15 09:26:50,job_board,applied,0.601
10699,1265,3563,2025-03-24 13:32:15,job_board,applied,0.611
10700,521,308,2024-06-19 02:22:21,linkedin,screened,0.685
10701,1432,3086,2025-06-20 02:24:00,job_board,applied,0.749
10702,53,1892,2024-02-25 19:22:44,job_board,applied,0.862
10703,794,5591,2024-09-24 22:29:24,job_board,applied,0.917
10704,1509,7087,2025-06-29 12:36:39,referral,interview,0.367
10705,1569,516,2025-08-23 22:41:00,outbound,applied,0.847
10706,1019,1552,2025-02-15 15:42:41,recruiter,offer,0.775
10707,547,5821,2024-07-15 07:15:04,job_board,applied,0.945
10708,994,4119,2024-12-25 08:18:42,job_board,offer,0.576
10709,368,7882,2024-05-04 19:37:50,job_board,applied,0.926
10710,1873,7091,2025-11-22 09:28:18,job_board,applied,0.42
10711,1718,6519,2025-09-07 09:40:03,linkedin,applied,0.603
10712,1445,8743,2025-06-09 12:04:14,job_board,screened,0.616
10713,679,3758,2024-08-28 23:35:11,referral,applied,0.387
10714,287,5905,2024-04-07 23:41:39,job_board,applied,0.586
10715,114,1046,2024-03-03 07:40:16,job_board,interview,0.543
10716,767,874,2024-10-01 12:14:29,job_board,offer,0.88
10717,1666,2172,2025-09-01 14:20:01,linkedin,applied,0.69
10718,740,2667,2024-09-16 15:59:56,job_board,applied,0.393
10719,1599,2389,2025-08-17 03:23:32,referral,interview,0.622
10720,354,6042,2024-05-15 00:51:24,recruiter,screened,0.526
10721,1605,3465,2025-07-23 08:21:41,job_board,screened,0.475
10722,154,6312,2024-02-07 07:31:51,job_board,offer,0.645
10723,682,1201,2024-09-16 17:36:41,linkedin,screened,0.552
10724,301,3185,2024-03-26 16:15:04,job_board,interview,0.649
10725,1207,5181,2025-03-20 08:47:32,job_board,applied,0.635
10726,376,8940,2024-05-26 12:18:08,job_board,applied,0.512
10727,28,3297,2024-02-01 08:44:21,job_board,applied,0.469
10728,644,5117,2024-07-31 16:53:26,job_board,applied,0.745
10729,5,4468,2024-01-13 10:50:13,outbound,applied,0.75
10730,759,114,2024-09-13 16:37:45,job_board,applied,0.491
10731,519,2567,2024-06-18 18:14:17,linkedin,interview,0.422
10732,1867,2588,2025-11-04 17:14:11,job_board,interview,0.835
10733,1051,4085,2025-01-29 16:21:35,referral,applied,0.841
10734,880,1667,2024-11-23 14:58:50,job_board,applied,0.691
10735,1201,6414,2025-03-31 12:14:58,outbound,screened,0.691
10736,274,4274,2024-04-08 16:28:54,linkedin,interview,0.438
10737,267,795,2024-04-05 15:54:34,job_board,applied,0.883
10738,309,3208,2024-05-01 18:19:51,linkedin,interview,0.581
10739,1736,4591,2025-09-09 13:21:28,referral,interview,0.493
10740,1491,1965,2025-07-04 19:17:31,referral,applied,0.619
10741,1920,5565,2025-12-14 08:01:32,referral,applied,0.441
10742,1626,6853,2025-09-02 20:17:10,job_board,applied,0.516
10743,239,6010,2024-03-16 04:14:25,job_board,offer,0.607
10744,331,6037,2024-04-27 09:12:43,job_board,offer,0.491
10745,1648,8306,2025-08-14 21:22:29,referral,screened,0.512
10746,1095,4721,2025-02-07 12:55:40,linkedin,applied,0.662
10747,1229,7031,2025-04-04 10:04:17,job_board,applied,0.799
10748,468,3087,2024-07-03 14:06:42,job_board,applied,0.646
10749,1005,6651,2025-01-06 20:06:10,referral,applied,0.975
10750,1805,5233,2025-11-09 15:15:20,job_board,interview,0.406
10751,979,7812,2025-01-11 12:12:18,recruiter,interview,0.672
10752,1376,691,2025-06-12 13:35:39,job_board,applied,0.604
10753,1500,8230,2025-07-22 10:43:05,linkedin,screened,0.473
10754,1850,2083,2025-10-18 12:21:32,referral,interview,0.365
10755,418,7555,2024-05-08 01:56:20,job_board,screened,0.36
10756,1821,3418,2025-11-12 05:55:58,outbound,applied,0.792
10757,1218,5526,2025-03-31 12:47:08,job_board,interview,0.725
10758,1667,3010,2025-09-16 14:39:16,linkedin,interview,0.744
10759,523,7588,2024-06-17 01:27:29,linkedin,applied,0.513
10760,236,6531,2024-03-07 12:08:11,referral,applied,0.725
10761,171,2938,2024-03-18 03:49:52,job_board,interview,0.557
10762,767,1198,2024-10-17 12:14:29,job_board,applied,0.941
10763,1106,8568,2025-02-08 15:43:52,outbound,applied,0.368
10764,576,8765,2024-08-20 06:26:05,job_board,interview,0.962
10765,538,1562,2024-06-28 11:40:05,referral,applied,0.967
10766,1633,2857,2025-08-13 22:20:05,linkedin,interview,0.958
10767,1486,2063,2025-06-18 03:39:09,linkedin,applied,0.891
10768,1269,2046,2025-04-15 16:10:15,job_board,screened,0.574
10769,1301,1427,2025-04-20 07:42:57,outbound,interview,0.909
10770,1693,6566,2025-09-12 17:06:39,job_board,applied,0.506
10771,449,6994,2024-05-31 17:43:42,job_board,applied,0.565
10772,1880,5457,2025-11-22 01:54:24,job_board,screened,0.976
10773,1724,3911,2025-09-15 13:31:52,job_board,applied,0.5
10774,688,8815,2024-08-23 03:34:25,outbound,screened,0.543
10775,694,6643,2024-09-19 21:52:53,recruiter,screened,0.836
10776,369,533,2024-05-26 00:46:19,job_board,interview,0.854
10777,1419,4591,2025-05-19 04:46:03,outbound,offer,0.567
10778,608,1533,2024-07-30 02:40:00,job_board,applied,0.868
10779,535,3630,2024-07-03 02:52:40,job_board,screened,0.693
10780,1345,3547,2025-05-02 12:58:06,linkedin,applied,0.756
10781,394,8068,2024-04-29 12:47:45,job_board,applied,0.903
10782,227,7385,2024-03-15 08:27:34,job_board,interview,0.616
10783,1721,3890,2025-09-21 18:06:26,job_board,applied,0.435
10784,80,6939,2024-02-04 16:56:17,job_board,screened,0.894
10785,1838,5566,2025-11-05 05:52:34,job_board,applied,0.711
10786,1368,4987,2025-04-29 10:34:29,referral,screened,0.944
10787,705,7728,2024-09-25 22:01:12,outbound,applied,0.73
10788,1129,5610,2025-02-26 07:21:04,referral,screened,0.413
10789,630,1914,2024-08-25 17:02:45,outbound,offer,0.546
10790,819,3559,2024-10-24 22:35:51,referral,applied,0.845
10791,1406,3625,2025-06-10 00:14:53,job_board,interview,0.533
10792,1819,7595,2025-10-25 22:24:28,job_board,interview,0.874
10793,455,1305,2024-05-27 14:06:07,recruiter,applied,0.929
10794,1068,4292,2025-01-27 19:16:59,outbound,screened,0.628
10795,1729,4885,2025-10-01 16:07:52,job_board,applied,0.866
10796,29,8583,2024-01-24 23:15:21,outbound,applied,0.502
10797,18,7107,2024-01-06 03:57:33,referral,applied,0.615
10798,1230,2349,2025-03-25 17:57:04,job_board,screened,0.828
10799,285,496,2024-04-19 09:27:08,referral,applied,0.463
10800,1987,1141,2026-01-30 12:54:51,job_board,applied,0.562
10801,242,543,2024-04-07 16:32:46,recruiter,applied,0.549
10802,1477,3656,2025-07-19 09:21:03,job_board,screened,0.952
10803,636,6671,2024-08-06 11:38:30,referral,interview,0.662
10804,1848,5915,2025-11-13 16:58:32,job_board,interview,0.55
10805,1733,6387,2025-09-10 19:29:11,linkedin,offer,0.549
10806,1597,4777,2025-08-27 21:03:04,outbound,applied,0.588
10807,1281,3620,2025-04-03 03:14:01,job_board,applied,0.529
10808,433,7419,2024-06-14 03:00:04,job_board,screened,0.54
10809,215,3247,2024-03-31 10:26:39,job_board,applied,0.619
10810,525,5258,2024-07-15 02:39:10,referral,applied,0.784
10811,158,2539,2024-02-25 22:24:16,job_board,applied,0.502
10812,1571,3287,2025-08-01 16:00:35,linkedin,screened,0.716
10813,577,556,2024-07-23 13:45:55,referral,applied,0.819
10814,881,5472,2024-11-01 03:12:48,job_board,screened,0.474
10815,1240,4622,2025-03-30 12:34:44,job_board,applied,0.797
10816,1404,2841,2025-06-04 02:27:21,recruiter,screened,0.745
10817,1188,5545,2025-03-23 17:13:07,job_board,interview,0.545
10818,1472,1175,2025-06-08 20:54:38,job_board,applied,0.723
10819,229,7789,2024-03-27 12:52:28,job_board,screened,0.978
10820,560,294,2024-07-13 09:06:49,job_board,applied,0.674
10821,1522,4877,2025-07-29 21:51:20,job_board,interview,0.871
10822,1437,2406,2025-06-14 00:53:45,linkedin,offer,0.79
10823,1265,1368,2025-05-01 13:32:15,job_board,offer,0.834
10824,1880,1543,2025-11-03 01:54:24,job_board,screened,0.406
10825,1967,2774,2025-12-22 07:11:21,linkedin,applied,0.92
10826,168,5699,2024-03-13 12:19:13,referral,applied,0.456
10827,1106,7066,2025-02-05 15:43:52,outbound,applied,0.547
10828,1802,8391,2025-10-06 18:51:23,referral,applied,0.78
10829,655,5564,2024-08-29 04:50:01,job_board,screened,0.561
10830,118,4466,2024-02-21 11:46:59,referral,applied,0.634
10831,239,6941,2024-03-07 04:14:25,recruiter,screened,0.595
10832,1445,7309,2025-06-09 12:04:14,job_board,applied,0.919
10833,1839,3722,2025-11-06 03:14:55,linkedin,applied,0.552
10834,1415,3761,2025-05-16 01:11:59,referral,interview,0.461
10835,76,608,2024-02-29 23:17:41,recruiter,applied,0.436
10836,826,144,2024-10-22 19:45:40,job_board,applied,0.401
10837,698,8030,2024-09-04 12:01:01,job_board,applied,0.925
10838,1824,7798,2025-11-01 09:16:35,job_board,applied,0.818
10839,1062,3143,2025-01-25 17:04:19,job_board,applied,0.732
10840,470,8492,2024-06-21 04:40:04,job_board,applied,0.837
10841,1140,751,2025-03-22 14:07:26,job_board,applied,0.721
10842,1498,8621,2025-07-31 05:15:45,referral,applied,0.907
10843,1165,5282,2025-02-28 06:41:58,referral,interview,0.513
10844,836,4699,2024-11-23 02:16:53,recruiter,applied,0.75
10845,1435,6696,2025-05-26 16:06:04,linkedin,applied,0.864
10846,609,2047,2024-08-26 16:48:41,job_board,screened,0.38
10847,257,4303,2024-03-26 20:23:13,recruiter,applied,0.446
10848,1726,2069,2025-09-08 16:02:17,job_board,applied,0.857
10849,1439,5525,2025-05-27 17:25:03,outbound,applied,0.368
10850,1463,3748,2025-06-28 13:06:03,referral,screened,0.862
10851,1780,3756,2025-09-22 17:00:49,job_board,applied,0.716
10852,1427,6715,2025-06-18 16:40:19,linkedin,applied,0.719
10853,61,7324,2024-01-17 04:15:12,job_board,offer,0.705
10854,1687,7729,2025-09-07 14:39:03,referral,applied,0.84
10855,72,7054,2024-02-06 10:28:41,outbound,applied,0.787
10856,1386,1603,2025-06-15 14:57:14,job_board,applied,0.503
10857,1983,6480,2026-01-10 07:10:20,job_board,applied,0.841
10858,807,6377,2024-10-10 00:47:26,outbound,applied,0.787
10859,624,179,2024-08-24 15:04:36,job_board,applied,0.886
10860,1856,1742,2025-11-24 18:05:21,job_board,applied,0.878
10861,911,4648,2024-12-06 17:23:13,job_board,interview,0.558
10862,1845,2743,2025-11-14 06:32:00,linkedin,applied,0.702
10863,621,7069,2024-08-28 04:00:56,job_board,applied,0.825
10864,369,6911,2024-05-08 00:46:19,linkedin,applied,0.578
10865,1113,2204,2025-03-08 19:16:45,referral,applied,0.969
10866,745,166,2024-10-05 22:45:35,referral,applied,0.734
10867,1423,2333,2025-05-23 21:34:23,linkedin,applied,0.901
10868,598,8129,2024-08-01 16:12:03,referral,offer,0.757
10869,1520,8139,2025-06-29 19:40:24,job_board,applied,0.388
10870,709,4541,2024-09-23 13:28:16,recruiter,offer,0.826
10871,711,7576,2024-09-22 10:03:06,job_board,applied,0.499
10872,1420,5096,2025-05-16 22:44:53,job_board,screened,0.842
10873,522,8894,2024-06-16 14:25:58,job_board,screened,0.505
10874,572,1382,2024-08-01 17:36:15,outbound,applied,0.422
10875,1094,4477,2025-02-09 17:23:36,job_board,applied,0.791
10876,663,1630,2024-08-05 23:32:28,job_board,applied,0.605
10877,769,1119,2024-09-12 01:45:58,referral,applied,0.361
10878,678,1392,2024-09-15 22:18:51,referral,applied,0.921
10879,1245,75,2025-03-31 01:56:32,job_board,applied,0.701
10880,671,8497,2024-09-09 05:17:58,referral,applied,0.725
10881,1224,6356,2025-03-21 03:54:48,job_board,screened,0.589
10882,469,4488,2024-07-06 14:16:53,recruiter,applied,0.575
10883,1789,7351,2025-10-29 05:46:24,linkedin,applied,0.446
10884,1903,5105,2025-12-18 03:32:41,job_board,applied,0.403
10885,8,3855,2024-02-01 13:22:32,job_board,applied,0.676
10886,210,4361,2024-02-22 20:34:29,job_board,applied,0.766
10887,204,3833,2024-03-10 22:05:18,outbound,applied,0.707
10888,366,3646,2024-04-21 12:35:10,linkedin,applied,0.97
10889,1574,7563,2025-08-04 10:10:49,linkedin,applied,0.808
10890,494,8740,2024-06-28 01:22:44,linkedin,applied,0.892
10891,1168,1675,2025-03-07 23:35:40,job_board,applied,0.367
10892,504,6629,2024-07-22 21:23:47,job_board,interview,0.392
10893,126,571,2024-02-10 16:34:42,linkedin,applied,0.423
10894,168,7161,2024-03-20 12:19:13,job_board,interview,0.763
10895,1886,8692,2025-12-05 08:09:55,linkedin,applied,0.924
10896,1117,6513,2025-02-19 13:50:08,job_board,applied,0.477
10897,1301,4882,2025-04-22 07:42:57,referral,applied,0.898
10898,377,8545,2024-05-06 12:50:51,referral,screened,0.484
10899,972,6952,2025-01-11 17:23:16,linkedin,interview,0.776
10900,1316,7078,2025-05-10 17:56:26,job_board,applied,0.383
10901,1560,8593,2025-07-11 05:51:13,job_board,applied,0.557
10902,1314,4882,2025-05-20 13:20:29,referral,applied,0.675
10903,1193,7294,2025-02-25 03:05:43,referral,applied,0.716
10904,1249,8097,2025-03-20 18:52:16,job_board,offer,0.554
10905,747,4209,2024-09-26 16:25:47,linkedin,applied,0.635
10906,1399,6557,2025-05-10 14:09:40,linkedin,applied,0.404
10907,594,5834,2024-08-14 12:09:26,job_board,screened,0.594
10908,1440,8910,2025-06-03 04:34:08,linkedin,applied,0.578
10909,907,5691,2024-11-24 17:22:17,linkedin,applied,0.37
10910,1155,6513,2025-03-07 21:15:38,job_board,interview,0.695
10911,951,8330,2025-01-14 17:00:59,linkedin,offer,0.957
10912,1137,96,2025-02-14 00:32:20,referral,screened,0.687
10913,1425,1270,2025-06-24 04:57:31,linkedin,applied,0.378
10914,563,2956,2024-07-30 00:12:02,referral,applied,0.394
10915,947,6262,2024-12-24 23:49:07,job_board,applied,0.841
10916,807,3949,2024-11-04 00:47:26,outbound,applied,0.739
10917,37,7766,2024-02-07 14:21:07,outbound,applied,0.748
10918,1705,703,2025-09-25 20:22:31,outbound,applied,0.877
10919,1370,3232,2025-05-22 17:22:24,linkedin,applied,0.442
10920,91,1322,2024-02-12 18:21:24,referral,applied,0.975
10921,140,6375,2024-02-16 05:55:59,job_board,applied,0.749
10922,1854,2431,2025-10-28 06:07:59,job_board,applied,0.968
10923,1693,2249,2025-08-18 17:06:39,linkedin,interview,0.708
10924,1459,5482,2025-06-12 02:05:47,linkedin,screened,0.869
10925,1417,793,2025-06-19 19:24:51,linkedin,applied,0.695
10926,1683,8357,2025-08-26 22:41:41,job_board,applied,0.5
10927,1196,229,2025-03-13 11:57:49,job_board,screened,0.925
10928,12,3092,2024-01-21 07:40:29,job_board,applied,0.656
10929,909,4770,2024-12-18 20:08:35,linkedin,interview,0.545
10930,663,83,2024-08-30 23:32:28,job_board,screened,0.897
10931,345,466,2024-04-25 16:05:09,recruiter,screened,0.626
10932,1719,8825,2025-10-04 10:12:48,linkedin,applied,0.547
10933,1310,5332,2025-04-04 02:24:53,linkedin,applied,0.834
10934,1804,279,2025-10-01 09:06:49,job_board,applied,0.577
10935,219,3380,2024-03-01 17:45:36,recruiter,interview,0.58
10936,1951,2996,2025-12-06 17:50:56,job_board,applied,0.897
10937,1210,62,2025-03-04 18:15:57,job_board,interview,0.816
10938,1137,5140,2025-03-08 00:32:20,referral,offer,0.49
10939,367,2039,2024-05-19 13:02:49,linkedin,offer,0.41
10940,1249,5827,2025-03-16 18:52:16,outbound,screened,0.62
10941,1194,6646,2025-02-22 03:14:23,outbound,interview,0.661
10942,1404,3755,2025-06-17 02:27:21,recruiter,interview,0.487
10943,303,3410,2024-04-29 21:25:01,recruiter,screened,0.978
10944,1273,5729,2025-04-26 00:53:10,linkedin,applied,0.531
10945,189,6530,2024-03-18 05:35:58,linkedin,applied,0.442
10946,143,3562,2024-02-22 06:45:29,job_board,applied,0.424
10947,942,7335,2024-12-12 13:16:25,job_board,applied,0.422
10948,238,2583,2024-03-15 03:06:15,referral,applied,0.546
10949,1420,7173,2025-06-07 22:44:53,job_board,applied,0.456
10950,966,3336,2024-12-13 13:13:55,linkedin,applied,0.767
10951,477,6036,2024-07-10 18:10:12,recruiter,screened,0.757
10952,545,8976,2024-08-06 15:07:04,job_board,applied,0.419
10953,996,6720,2024-12-27 20:54:16,linkedin,offer,0.872
10954,1197,2871,2025-03-16 22:39:21,referral,interview,0.828
10955,1598,5129,2025-08-04 23:01:25,outbound,applied,0.606
10956,1146,1807,2025-02-24 07:24:03,referral,applied,0.574
10957,1099,4183,2025-02-12 01:50:43,outbound,applied,0.471
10958,1214,5568,2025-03-21 04:02:24,referral,offer,0.629
10959,1195,556,2025-04-05 03:59:49,outbound,screened,0.64
10960,698,3597,2024-09-17 12:01:01,recruiter,applied,0.602
10961,441,8776,2024-06-28 02:03:08,job_board,applied,0.446
10962,1052,8959,2025-01-26 21:43:34,job_board,interview,0.427
10963,249,7563,2024-04-11 17:29:38,referral,applied,0.885
10964,484,6438,2024-06-20 15:51:54,job_board,applied,0.444
10965,299,6048,2024-04-10 10:39:25,job_board,applied,0.894
10966,981,4783,2024-12-18 16:06:56,job_board,applied,0.75
10967,1946,5797,2026-01-08 23:14:32,linkedin,offer,0.776
10968,1751,2156,2025-09-12 08:28:04,job_board,screened,0.588
10969,174,5192,2024-03-04 06:51:04,job_board,screened,0.443
10970,1643,5010,2025-09-16 05:07:24,outbound,screened,0.621
10971,304,850,2024-04-22 04:02:40,job_board,applied,0.739
10972,1822,2540,2025-10-07 16:10:46,job_board,screened,0.663
10973,412,2875,2024-06-13 12:39:45,recruiter,screened,0.907
10974,252,6170,2024-03-31 21:53:43,job_board,applied,0.425
10975,1576,3057,2025-07-25 06:15:49,recruiter,screened,0.809
10976,1667,1918,2025-08-20 14:39:16,recruiter,applied,0.687
10977,796,7144,2024-10-30 04:18:55,job_board,applied,0.727
10978,1094,4557,2025-02-18 17:23:36,referral,applied,0.462
10979,1582,5445,2025-08-01 18:33:42,job_board,interview,0.76
10980,1706,3058,2025-09-03 03:59:20,job_board,screened,0.68
10981,838,3584,2024-11-19 00:45:07,referral,applied,0.963
10982,1570,5207,2025-07-27 05:41:38,referral,screened,0.739
10983,1590,2953,2025-08-11 06:06:59,linkedin,screened,0.681
10984,1586,8587,2025-07-20 02:41:03,outbound,interview,0.475
10985,1791,7685,2025-10-03 00:01:29,outbound,applied,0.45
10986,1673,8696,2025-09-15 00:34:31,linkedin,screened,0.642
10987,895,7071,2024-12-06 16:45:56,job_board,interview,0.791
10988,630,772,2024-09-06 17:02:45,job_board,applied,0.426
10989,1973,7318,2025-12-22 11:41:11,referral,applied,0.914
10990,893,2216,2024-11-23 17:16:59,linkedin,applied,0.886
10991,1866,3559,2025-10-26 15:15:50,linkedin,screened,0.359
10992,1995,3767,2026-01-31 20:12:28,linkedin,applied,0.846
10993,31,4314,2024-01-16 08:09:36,outbound,screened,0.937
10994,282,7211,2024-03-21 19:55:02,job_board,applied,0.739
10995,1129,5160,2025-03-12 07:21:04,job_board,interview,0.779
10996,176,4804,2024-02-17 15:34:39,referral,screened,0.465
10997,1315,1727,2025-05-15 17:37:51,referral,applied,0.683
10998,23,7195,2024-02-10 06:33:13,job_board,interview,0.632
10999,1687,3261,2025-09-09 14:39:03,referral,applied,0.543
11000,857,6001,2024-10-22 16:12:16,recruiter,screened,0.655
11001,1347,4421,2025-05-02 16:25:08,job_board,applied,0.364
11002,931,5869,2024-12-01 10:31:45,job_board,applied,0.502
11003,1377,6034,2025-05-17 11:57:10,referral,applied,0.564
11004,1361,4997,2025-05-04 00:48:33,recruiter,applied,0.466
11005,580,4046,2024-07-16 16:02:01,job_board,applied,0.447
11006,1601,6422,2025-08-04 02:51:19,linkedin,interview,0.693
11007,1642,1392,2025-08-04 03:38:50,job_board,applied,0.947
11008,643,8744,2024-09-06 13:16:37,job_board,applied,0.689
11009,127,3826,2024-03-08 18:27:34,job_board,interview,0.821
11010,897,8840,2024-11-17 17:06:10,linkedin,offer,0.568
11011,1315,4783,2025-04-14 17:37:51,job_board,applied,0.966
11012,1557,1166,2025-08-17 19:43:40,job_board,applied,0.574
11013,405,5857,2024-05-03 16:48:21,linkedin,applied,0.942
11014,961,4665,2025-01-11 10:47:13,linkedin,applied,0.896
11015,1532,7685,2025-07-07 10:55:59,job_board,applied,0.879
11016,1052,7523,2025-01-17 21:43:34,recruiter,screened,0.953
11017,1581,2093,2025-08-25 08:24:39,recruiter,screened,0.898
11018,1349,6909,2025-05-15 01:11:58,job_board,applied,0.937
11019,350,5038,2024-04-29 01:43:51,job_board,applied,0.661
11020,422,4118,2024-05-09 05:14:25,job_board,screened,0.495
11021,1588,3757,2025-08-15 08:35:41,outbound,applied,0.765
11022,1408,6095,2025-06-05 14:08:48,job_board,applied,0.639
11023,1675,6183,2025-08-12 20:09:44,referral,applied,0.404
11024,589,7889,2024-08-12 14:08:43,linkedin,applied,0.901
11025,107,7869,2024-02-18 06:41:50,job_board,applied,0.35
11026,476,2191,2024-07-07 14:22:08,job_board,applied,0.547
11027,861,4294,2024-11-19 10:49:47,job_board,applied,0.369
11028,244,8910,2024-03-30 05:15:56,referral,applied,0.59
11029,386,7598,2024-04-24 12:28:22,referral,applied,0.414
11030,290,4039,2024-03-28 18:47:06,job_board,applied,0.821
11031,253,19,2024-03-19 03:55:00,referral,applied,0.783
11032,765,2072,2024-10-21 06:22:51,job_board,applied,0.364
11033,1608,8211,2025-08-05 18:49:34,job_board,interview,0.449
11034,758,6351,2024-09-29 06:44:16,referral,applied,0.439
11035,587,7097,2024-08-19 13:11:48,outbound,applied,0.848
11036,1098,6973,2025-01-26 03:51:04,job_board,applied,0.724
11037,1288,1205,2025-04-25 15:31:34,linkedin,offer,0.661
11038,699,5268,2024-09-23 12:43:48,job_board,screened,0.911
11039,8,6078,2024-02-10 13:22:32,job_board,applied,0.513
11040,596,860,2024-08-03 19:23:40,job_board,applied,0.528
11041,159,4629,2024-02-24 03:12:05,referral,interview,0.852
11042,290,2415,2024-03-27 18:47:06,referral,offer,0.376
11043,1221,8737,2025-03-27 00:05:34,job_board,screened,0.79
11044,359,2270,2024-05-25 02:26:02,job_board,screened,0.693
11045,741,2740,2024-09-21 22:48:57,recruiter,screened,0.643
11046,786,7982,2024-10-15 17:34:04,job_board,applied,0.375
11047,1760,5482,2025-09-24 17:12:03,job_board,interview,0.459
11048,308,8510,2024-04-28 16:22:41,referral,applied,0.564
11049,165,4706,2024-02-29 06:31:13,job_board,interview,0.753
11050,1070,1694,2025-02-03 04:52:43,outbound,offer,0.481
11051,1248,1991,2025-03-23 16:20:26,outbound,applied,0.98
11052,1005,1510,2025-01-28 20:06:10,referral,applied,0.936
11053,1406,7324,2025-05-10 00:14:53,job_board,screened,0.834
11054,1728,217,2025-10-06 11:40:39,outbound,applied,0.785
11055,1223,6688,2025-04-13 03:18:29,referral,applied,0.834
11056,1076,3965,2025-03-04 16:11:48,job_board,applied,0.804
11057,1362,4898,2025-06-07 07:15:49,job_board,applied,0.649
11058,428,7455,2024-06-17 00:08:54,job_board,applied,0.416
11059,499,8497,2024-07-14 17:31:51,referral,interview,0.459
11060,741,2566,2024-09-17 22:48:57,job_board,applied,0.888
11061,1535,8340,2025-07-11 05:18:49,outbound,applied,0.925
11062,1704,8197,2025-08-20 11:36:43,job_board,screened,0.631
11063,1110,7362,2025-01-28 05:33:11,recruiter,applied,0.8
11064,1240,1117,2025-04-08 12:34:44,referral,applied,0.838
11065,1577,1372,2025-07-22 11:11:32,job_board,screened,0.72
11066,485,305,2024-06-09 13:17:52,job_board,screened,0.404
11067,244,8048,2024-04-12 05:15:56,linkedin,applied,0.372
11068,1493,8583,2025-06-22 21:55:53,job_board,applied,0.482
11069,255,2753,2024-03-13 06:45:03,job_board,screened,0.523
11070,316,4733,2024-04-18 13:37:47,linkedin,applied,0.464
11071,792,5131,2024-09-30 21:59:02,recruiter,screened,0.632
11072,1572,3523,2025-07-15 20:35:33,job_board,offer,0.713
11073,780,8773,2024-10-16 23:10:24,job_board,interview,0.45
11074,238,8484,2024-03-24 03:06:15,outbound,applied,0.767
11075,257,2079,2024-03-29 20:23:13,job_board,screened,0.846
11076,507,4950,2024-06-21 15:44:38,recruiter,applied,0.963
11077,163,1798,2024-03-09 18:27:50,linkedin,applied,0.845
11078,657,785,2024-08-25 18:11:47,linkedin,offer,0.801
11079,162,7668,2024-03-05 15:16:51,job_board,applied,0.419
11080,1692,7796,2025-09-26 11:13:16,recruiter,applied,0.809
11081,105,118,2024-02-20 01:46:40,outbound,applied,0.782
11082,396,4893,2024-06-04 22:00:31,job_board,applied,0.612
11083,67,1569,2024-02-25 04:39:19,outbound,interview,0.964
11084,584,5070,2024-07-14 10:15:51,linkedin,interview,0.502
11085,1616,2946,2025-08-04 00:44:35,job_board,offer,0.858
11086,1155,4808,2025-03-11 21:15:38,outbound,screened,0.746
11087,1870,6645,2025-10-27 16:40:42,job_board,applied,0.553
11088,1234,764,2025-04-05 10:46:54,outbound,screened,0.92
11089,852,4325,2024-11-01 07:50:03,referral,screened,0.528
11090,1918,3081,2025-11-29 16:17:29,job_board,applied,0.425
11091,374,3540,2024-05-12 19:21:07,job_board,applied,0.935
11092,226,8376,2024-03-11 05:06:20,linkedin,applied,0.585
11093,657,8269,2024-08-22 18:11:47,job_board,screened,0.507
11094,1860,5870,2025-11-21 23:29:20,job_board,applied,0.523
11095,1638,6804,2025-08-26 15:16:15,linkedin,screened,0.436
11096,1075,3472,2025-03-05 07:35:23,linkedin,applied,0.83
11097,1859,5696,2025-11-08 12:40:36,referral,applied,0.525
11098,1294,4241,2025-05-04 16:20:40,job_board,screened,0.358
11099,478,3061,2024-06-23 13:09:12,job_board,applied,0.978
11100,12,7124,2024-02-10 07:40:29,job_board,screened,0.795
11101,62,7730,2024-02-25 17:47:50,recruiter,applied,0.372
11102,1699,3169,2025-09-27 14:51:42,referral,applied,0.959
11103,618,2278,2024-07-22 14:22:21,job_board,applied,0.914
11104,844,3616,2024-10-18 20:08:45,recruiter,applied,0.716
11105,771,8514,2024-10-23 04:14:10,referral,screened,0.684
11106,177,6943,2024-03-19 16:29:35,job_board,interview,0.618
11107,7,2345,2024-01-28 15:07:39,job_board,screened,0.759
11108,1455,5583,2025-06-26 23:35:11,job_board,applied,0.397
11109,1363,7381,2025-04-27 09:14:20,outbound,applied,0.931
11110,451,3214,2024-06-11 04:45:35,job_board,applied,0.36
11111,250,8228,2024-03-07 18:07:52,job_board,screened,0.383
11112,1032,8411,2025-02-05 04:10:30,recruiter,applied,0.885
11113,164,2039,2024-03-05 22:59:11,referral,applied,0.775
11114,581,5425,2024-08-06 18:25:32,linkedin,applied,0.625
11115,1439,2065,2025-06-24 17:25:03,job_board,applied,0.491
11116,347,6040,2024-05-24 22:43:46,recruiter,interview,0.695
11117,1542,708,2025-07-30 04:46:22,outbound,applied,0.789
11118,1768,5767,2025-10-22 01:28:51,job_board,interview,0.447
11119,369,3072,2024-05-08 00:46:19,linkedin,applied,0.875
11120,1332,4602,2025-05-18 04:22:18,job_board,applied,0.396
11121,1537,4503,2025-07-17 14:17:31,linkedin,applied,0.864
11122,1040,8947,2025-01-30 12:07:37,outbound,screened,0.752
11123,595,774,2024-08-08 16:23:40,referral,applied,0.495
11124,1967,5237,2026-01-23 07:11:21,linkedin,applied,0.588
11125,617,1317,2024-08-29 11:23:26,job_board,screened,0.731
11126,495,5838,2024-06-19 03:28:08,referral,applied,0.509
11127,245,3800,2024-03-23 09:26:48,referral,applied,0.559
11128,1813,1495,2025-10-02 22:26:36,job_board,applied,0.825
11129,454,1622,2024-06-20 12:51:28,job_board,interview,0.382
11130,267,1114,2024-03-15 15:54:34,job_board,applied,0.782
11131,78,6962,2024-01-19 07:48:41,job_board,applied,0.571
11132,582,8217,2024-08-12 03:00:41,outbound,screened,0.508
11133,1344,2903,2025-05-09 13:17:22,recruiter,screened,0.536
11134,1368,3439,2025-05-04 10:34:29,referral,screened,0.914
11135,1703,418,2025-09-23 03:33:16,referral,screened,0.893
11136,1337,1508,2025-05-21 17:45:54,referral,applied,0.669
11137,97,1391,2024-02-29 11:17:41,job_board,screened,0.494
11138,1686,8529,2025-09-20 12:47:08,linkedin,interview,0.909
11139,511,2766,2024-07-07 02:45:54,linkedin,screened,0.502
11140,1914,7056,2025-12-26 15:03:32,job_board,screened,0.656
11141,693,1313,2024-09-06 01:04:45,job_board,applied,0.656
11142,34,1610,2024-02-10 10:38:54,outbound,applied,0.733
11143,786,1940,2024-09-22 17:34:04,linkedin,applied,0.754
11144,901,1729,2024-12-01 02:56:58,job_board,applied,0.782
11145,1649,1860,2025-08-18 05:26:37,job_board,screened,0.825
11146,1105,2599,2025-03-04 14:52:52,job_board,applied,0.542
11147,86,3769,2024-02-20 19:15:52,job_board,interview,0.878
11148,96,1655,2024-02-23 05:12:38,job_board,applied,0.729
11149,1229,4717,2025-04-05 10:04:17,referral,applied,0.968
11150,168,3282,2024-03-09 12:19:13,linkedin,applied,0.7
11151,1065,5604,2025-01-20 03:09:07,referral,applied,0.863
11152,1794,5237,2025-10-02 14:12:06,job_board,screened,0.414
11153,1677,8185,2025-09-24 18:45:05,job_board,interview,0.375
11154,1264,5584,2025-04-20 12:20:44,recruiter,applied,0.47
11155,612,6193,2024-08-29 03:21:51,job_board,screened,0.505
11156,1031,7539,2025-01-11 00:30:13,recruiter,applied,0.885
11157,204,1788,2024-02-29 22:05:18,job_board,interview,0.516
11158,1479,7854,2025-07-08 20:32:19,job_board,offer,0.431
11159,262,4043,2024-03-12 16:57:10,job_board,applied,0.407
11160,104,5961,2024-01-28 17:50:18,referral,applied,0.417
11161,1262,6566,2025-04-02 21:13:44,job_board,screened,0.765
11162,1146,1932,2025-03-10 07:24:03,recruiter,applied,0.584
11163,1092,4997,2025-03-07 08:59:11,job_board,applied,0.469
11164,952,2565,2025-01-16 02:31:43,job_board,applied,0.372
11165,1185,1525,2025-03-10 07:08:44,job_board,applied,0.946
11166,881,7928,2024-11-29 03:12:48,outbound,applied,0.438
11167,275,7088,2024-03-29 15:13:58,recruiter,applied,0.691
11168,1140,1668,2025-03-09 14:07:26,recruiter,interview,0.687
11169,85,1770,2024-03-01 05:18:15,job_board,interview,0.607
11170,128,778,2024-02-28 22:21:50,referral,applied,0.743
11171,1133,3099,2025-02-09 20:22:26,linkedin,applied,0.567
11172,1408,2176,2025-05-23 14:08:48,linkedin,screened,0.427
11173,163,6603,2024-03-22 18:27:50,job_board,applied,0.539
11174,753,3641,2024-10-08 02:05:50,linkedin,interview,0.966
11175,1860,8725,2025-11-23 23:29:20,job_board,screened,0.782
11176,1563,5044,2025-07-13 03:55:09,job_board,interview,0.547
11177,1607,8014,2025-08-07 19:19:23,job_board,offer,0.45
11178,1313,863,2025-04-28 15:22:38,linkedin,applied,0.757
11179,360,8729,2024-05-20 22:08:54,linkedin,applied,0.578
11180,775,2926,2024-09-16 21:36:52,linkedin,applied,0.501
11181,1196,3571,2025-03-27 11:57:49,job_board,screened,0.627
11182,1334,5373,2025-05-13 01:58:55,job_board,applied,0.521
11183,265,3923,2024-04-06 20:28:44,job_board,screened,0.544
11184,1942,2833,2026-01-06 04:53:45,job_board,screened,0.515
11185,1873,1466,2025-11-27 09:28:18,job_board,applied,0.745
11186,74,3774,2024-02-18 19:29:08,referral,applied,0.88
11187,1179,4254,2025-03-10 19:51:51,recruiter,applied,0.704
11188,287,1164,2024-04-30 23:41:39,job_board,applied,0.88
11189,636,7024,2024-09-02 11:38:30,job_board,applied,0.759
11190,1773,1611,2025-09-30 17:06:30,job_board,applied,0.718
11191,1361,621,2025-05-30 00:48:33,referral,offer,0.956
11192,705,2894,2024-09-12 22:01:12,outbound,applied,0.842
11193,6,2872,2024-02-11 12:59:26,job_board,applied,0.469
11194,1673,2692,2025-08-27 00:34:31,linkedin,applied,0.722
11195,576,8331,2024-08-11 06:26:05,job_board,screened,0.426
11196,1212,5375,2025-03-08 21:05:33,referral,applied,0.351
11197,469,1644,2024-07-06 14:16:53,referral,applied,0.616
11198,1580,4663,2025-07-22 07:35:50,linkedin,applied,0.519
11199,693,2675,2024-08-20 01:04:45,job_board,screened,0.931
11200,1480,8553,2025-07-24 23:23:57,job_board,screened,0.907
11201,171,8416,2024-02-23 03:49:52,referral,applied,0.766
11202,1231,5276,2025-03-25 19:22:21,referral,screened,0.368
11203,1936,3104,2025-12-17 05:57:29,job_board,screened,0.418
11204,947,1202,2025-01-05 23:49:07,referral,applied,0.512
11205,936,7479,2024-12-04 12:07:21,job_board,screened,0.759
11206,1373,221,2025-05-13 17:53:27,job_board,screened,0.694
11207,1713,2584,2025-10-02 19:39:56,recruiter,interview,0.403
11208,1623,4927,2025-09-07 05:12:27,job_board,applied,0.805
11209,120,2314,2024-02-07 09:03:38,job_board,applied,0.378
11210,593,6533,2024-08-02 08:12:54,job_board,applied,0.803
11211,1690,1684,2025-09-05 01:57:57,outbound,applied,0.946
11212,1950,7674,2025-12-25 14:54:53,referral,applied,0.586
11213,1307,565,2025-04-25 13:34:57,job_board,applied,0.872
11214,10,3002,2024-01-05 22:33:11,job_board,applied,0.969
11215,1358,3739,2025-06-02 12:44:10,job_board,interview,0.412
11216,1894,8867,2025-11-16 09:55:41,outbound,applied,0.408
11217,1613,6421,2025-08-05 04:15:00,job_board,applied,0.665
11218,1448,8909,2025-07-03 03:35:42,linkedin,applied,0.961
11219,1053,4549,2025-02-26 21:51:00,job_board,applied,0.767
11220,1805,8443,2025-11-05 15:15:20,job_board,applied,0.491
11221,1269,3666,2025-04-03 16:10:15,linkedin,screened,0.551
11222,1023,254,2025-02-08 07:47:08,referral,applied,0.378
11223,1800,1840,2025-10-01 11:56:43,job_board,interview,0.468
11224,7,3378,2024-01-20 15:07:39,job_board,applied,0.844
11225,251,6152,2024-03-16 19:09:24,referral,interview,0.971
11226,1683,1891,2025-08-23 22:41:41,job_board,screened,0.931
11227,112,2276,2024-03-06 09:23:18,job_board,applied,0.527
11228,1796,5886,2025-11-01 06:41:04,referral,applied,0.934
11229,1966,289,2025-12-15 15:16:18,job_board,interview,0.482
11230,522,7952,2024-07-02 14:25:58,referral,applied,0.491
11231,1763,8681,2025-09-15 07:29:37,job_board,offer,0.431
11232,1094,7276,2025-03-01 17:23:36,referral,applied,0.797
11233,1028,8483,2025-01-20 09:26:40,job_board,applied,0.51
11234,1846,1475,2025-11-07 09:35:39,referral,applied,0.649
11235,1562,1931,2025-08-04 02:57:12,linkedin,applied,0.554
11236,1779,7802,2025-09-27 14:02:53,job_board,interview,0.427
11237,1764,2148,2025-09-30 13:41:14,linkedin,interview,0.467
11238,1454,6335,2025-06-03 17:14:15,job_board,applied,0.45
11239,934,5221,2024-11-30 21:57:23,linkedin,interview,0.492
11240,371,2671,2024-05-26 18:14:44,linkedin,offer,0.567
11241,196,3847,2024-03-05 01:04:10,job_board,applied,0.67
11242,506,4025,2024-07-01 12:44:49,job_board,interview,0.486
11243,962,7991,2025-01-08 17:32:15,recruiter,applied,0.764
11244,275,4834,2024-04-23 15:13:58,job_board,applied,0.513
11245,703,3843,2024-09-04 20:01:28,job_board,applied,0.476
11246,1590,6033,2025-08-26 06:06:59,job_board,screened,0.912
11247,47,1223,2024-02-07 02:02:08,job_board,applied,0.499
11248,617,2889,2024-07-22 11:23:26,referral,applied,0.541
11249,1919,4920,2025-12-29 20:37:40,job_board,applied,0.651
11250,649,5560,2024-08-10 01:50:58,recruiter,interview,0.915
11251,1432,1020,2025-06-22 02:24:00,job_board,offer,0.874
11252,1219,2782,2025-04-08 14:43:41,referral,applied,0.493
11253,1572,4025,2025-08-17 20:35:33,job_board,applied,0.357
11254,1459,27,2025-06-27 02:05:47,referral,interview,0.593
11255,1194,5196,2025-03-05 03:14:23,job_board,screened,0.587
11256,1943,7626,2025-12-28 11:19:14,recruiter,applied,0.481
11257,539,8509,2024-07-15 15:22:44,linkedin,applied,0.701
11258,560,5807,2024-07-29 09:06:49,job_board,interview,0.927
11259,1170,2641,2025-02-27 19:49:08,job_board,applied,0.382
11260,1430,6379,2025-06-17 23:43:51,job_board,applied,0.83
11261,1361,5845,2025-05-16 00:48:33,referral,applied,0.428
11262,1913,305,2025-12-27 10:45:09,linkedin,applied,0.884
11263,1195,2,2025-02-26 03:59:49,linkedin,applied,0.831
11264,1524,8971,2025-07-31 09:01:05,referral,applied,0.732
11265,255,7844,2024-03-30 06:45:03,outbound,applied,0.897
11266,77,3636,2024-02-12 21:13:42,job_board,applied,0.799
11267,1628,2854,2025-08-21 03:30:30,job_board,applied,0.915
11268,895,839,2024-11-08 16:45:56,job_board,applied,0.725
11269,596,2168,2024-08-06 19:23:40,job_board,interview,0.469
11270,1502,829,2025-07-07 15:38:03,outbound,applied,0.656
11271,794,923,2024-10-01 22:29:24,job_board,applied,0.512
11272,60,7707,2024-02-25 02:56:23,outbound,applied,0.934
11273,1102,7068,2025-02-04 11:18:25,job_board,applied,0.543
11274,252,7123,2024-03-23 21:53:43,linkedin,screened,0.723
11275,1956,510,2025-12-20 13:57:14,referral,interview,0.61
11276,657,3323,2024-08-20 18:11:47,job_board,applied,0.406
11277,626,5561,2024-08-16 20:14:29,linkedin,applied,0.49
11278,1688,4984,2025-09-12 15:37:18,outbound,screened,0.45
11279,84,2840,2024-02-04 18:23:14,linkedin,screened,0.608
11280,1355,3670,2025-05-07 10:40:58,outbound,offer,0.649
11281,1945,6401,2025-12-30 18:49:32,job_board,offer,0.521
11282,60,7615,2024-02-15 02:56:23,referral,screened,0.91
11283,1915,8693,2025-12-10 17:06:20,referral,applied,0.404
11284,1235,6380,2025-03-27 21:54:42,linkedin,applied,0.622
11285,397,2474,2024-04-30 06:51:45,job_board,offer,0.387
11286,1706,8170,2025-09-15 03:59:20,job_board,applied,0.777
11287,1659,5578,2025-08-17 03:10:32,job_board,applied,0.572
11288,1965,6885,2025-12-11 21:34:34,job_board,interview,0.882
11289,1840,3335,2025-11-05 11:03:17,job_board,interview,0.816
11290,1222,5011,2025-03-24 01:56:42,referral,applied,0.575
11291,26,4585,2024-01-31 21:56:58,job_board,applied,0.95
11292,1495,6582,2025-07-19 08:56:02,job_board,screened,0.714
11293,1510,750,2025-07-10 01:17:20,job_board,applied,0.57
11294,1546,4872,2025-07-22 21:50:45,job_board,applied,0.595
11295,360,1840,2024-04-22 22:08:54,job_board,interview,0.786
11296,1469,1449,2025-06-07 06:38:24,job_board,applied,0.63
11297,1655,7149,2025-09-16 19:55:17,job_board,screened,0.758
11298,150,4865,2024-02-17 12:44:09,outbound,screened,0.518
11299,42,3105,2024-02-01 04:11:11,job_board,applied,0.485
11300,167,6022,2024-03-21 10:28:44,job_board,applied,0.727
11301,1383,10,2025-05-10 11:17:20,job_board,applied,0.554
11302,603,8214,2024-07-21 20:44:48,job_board,screened,0.881
11303,1634,2888,2025-09-01 22:30:28,job_board,applied,0.889
11304,1915,1054,2025-11-29 17:06:20,job_board,interview,0.559
11305,72,6028,2024-01-28 10:28:41,linkedin,applied,0.403
11306,1477,7634,2025-07-12 09:21:03,referral,applied,0.591
11307,1515,8745,2025-07-08 04:29:11,job_board,applied,0.444
11308,151,6778,2024-02-05 13:57:58,outbound,applied,0.926
11309,238,7688,2024-04-07 03:06:15,job_board,interview,0.83
11310,1612,2821,2025-09-05 21:21:53,job_board,applied,0.496
11311,159,6812,2024-03-19 03:12:05,referral,applied,0.705
11312,399,90,2024-05-02 13:50:40,referral,interview,0.541
11313,1842,8364,2025-10-31 07:02:40,job_board,screened,0.869
11314,1455,7216,2025-07-07 23:35:11,job_board,applied,0.977
11315,1847,5935,2025-11-09 13:10:07,outbound,applied,0.752
11316,549,8399,2024-07-08 09:18:30,job_board,interview,0.46
11317,1483,4673,2025-06-28 01:34:11,referral,interview,0.461
11318,1219,2899,2025-03-14 14:43:41,job_board,interview,0.706
11319,1781,4857,2025-10-17 20:22:21,linkedin,applied,0.771
11320,452,498,2024-06-18 07:15:41,recruiter,applied,0.952
11321,34,8499,2024-02-11 10:38:54,recruiter,applied,0.537
11322,799,4569,2024-10-04 19:52:09,job_board,screened,0.496
11323,1024,20,2025-02-07 10:24:04,job_board,interview,0.751
11324,1149,5433,2025-02-27 19:15:06,job_board,applied,0.731
11325,1744,4641,2025-09-05 19:04:33,job_board,applied,0.702
11326,1373,8898,2025-06-02 17:53:27,linkedin,applied,0.793
11327,1786,6922,2025-09-24 10:23:21,outbound,applied,0.691
11328,1460,2464,2025-05-31 09:52:07,referral,applied,0.372
11329,735,343,2024-09-28 03:43:41,recruiter,applied,0.524
11330,1634,3950,2025-08-03 22:30:28,referral,screened,0.909
11331,650,7409,2024-08-22 05:26:11,recruiter,interview,0.778
11332,1626,6541,2025-08-12 20:17:10,outbound,interview,0.794
11333,1400,7596,2025-06-17 20:04:35,job_board,applied,0.66
11334,443,7477,2024-05-30 11:20:45,job_board,screened,0.623
11335,121,4713,2024-02-03 21:24:45,linkedin,interview,0.858
11336,1773,7249,2025-09-23 17:06:30,referral,applied,0.938
11337,1562,7460,2025-08-24 02:57:12,job_board,applied,0.437
11338,102,934,2024-03-08 02:02:09,referral,applied,0.434
11339,500,1284,2024-06-13 18:43:30,job_board,applied,0.381
11340,965,2116,2024-12-26 06:47:36,job_board,applied,0.478
11341,1044,8488,2025-01-12 22:19:51,job_board,interview,0.864
11342,755,7719,2024-10-10 12:26:03,referral,applied,0.702
11343,386,440,2024-06-01 12:28:22,referral,interview,0.617
11344,1335,8343,2025-05-17 03:13:22,recruiter,applied,0.664
11345,1469,336,2025-06-26 06:38:24,linkedin,applied,0.901
11346,1281,6913,2025-04-09 03:14:01,linkedin,applied,0.864
11347,1913,4717,2025-11-26 10:45:09,linkedin,applied,0.835
11348,787,5798,2024-10-19 14:50:19,job_board,applied,0.474
11349,1082,6618,2025-02-15 16:58:52,recruiter,offer,0.772
11350,635,7832,2024-08-14 21:11:06,recruiter,applied,0.552
11351,1902,6301,2025-11-23 20:00:14,job_board,applied,0.646
11352,838,4876,2024-11-12 00:45:07,linkedin,screened,0.441
11353,805,4952,2024-11-08 00:05:34,job_board,offer,0.658
11354,1487,8697,2025-06-18 05:59:47,outbound,applied,0.942
11355,573,7053,2024-08-09 07:22:13,job_board,screened,0.773
11356,729,5620,2024-09-16 11:38:25,recruiter,applied,0.369
11357,1678,5470,2025-09-10 20:38:26,linkedin,applied,0.884
11358,44,2673,2024-02-16 08:36:05,linkedin,applied,0.768
11359,76,7652,2024-01-31 23:17:41,job_board,applied,0.621
11360,1733,6465,2025-09-05 19:29:11,job_board,applied,0.625
11361,563,1043,2024-07-02 00:12:02,referral,screened,0.833
11362,1562,7187,2025-08-23 02:57:12,linkedin,applied,0.518
11363,1381,8833,2025-06-05 05:08:54,job_board,applied,0.596
11364,400,6539,2024-05-30 18:07:39,job_board,applied,0.841
11365,378,7927,2024-04-21 16:39:47,job_board,applied,0.906
11366,1968,7024,2026-01-22 19:00:16,recruiter,applied,0.88
11367,1781,8058,2025-09-24 20:22:21,recruiter,interview,0.723
11368,515,5240,2024-06-27 18:20:07,recruiter,applied,0.886
11369,965,3273,2025-01-06 06:47:36,referral,applied,0.798
11370,1725,4207,2025-08-25 14:25:43,recruiter,applied,0.872
11371,492,8522,2024-07-10 06:40:56,recruiter,applied,0.523
11372,1323,6262,2025-05-21 19:44:23,linkedin,applied,0.392
11373,743,1274,2024-09-17 05:18:03,job_board,applied,0.961
11374,1765,3490,2025-09-20 09:04:28,job_board,applied,0.811
11375,568,701,2024-07-30 07:42:14,linkedin,applied,0.894
11376,867,8096,2024-11-22 10:10:02,job_board,screened,0.755
11377,1402,3589,2025-06-19 06:23:38,job_board,applied,0.577
11378,1344,654,2025-05-01 13:17:22,referral,interview,0.654
11379,220,8398,2024-03-08 20:45:50,linkedin,applied,0.792
11380,175,7647,2024-02-15 12:57:11,referral,interview,0.741
11381,1708,8711,2025-08-22 11:04:20,job_board,screened,0.366
11382,1524,3171,2025-08-01 09:01:05,referral,screened,0.764
11383,298,4442,2024-04-02 04:16:34,job_board,interview,0.621
11384,1297,4563,2025-04-12 09:21:06,job_board,applied,0.855
11385,565,6768,2024-07-23 13:13:46,job_board,screened,0.881
11386,813,7439,2024-10-02 02:15:37,referral,applied,0.773
11387,1254,4845,2025-04-18 15:04:07,job_board,offer,0.601
11388,1277,4882,2025-04-16 19:17:02,referral,applied,0.84
11389,709,1022,2024-09-07 13:28:16,outbound,applied,0.946
11390,1662,1683,2025-08-17 08:24:24,job_board,applied,0.476
11391,1021,5879,2025-01-31 12:42:00,job_board,interview,0.868
11392,1627,4084,2025-08-30 01:23:59,job_board,applied,0.377
11393,1139,1322,2025-03-03 13:08:45,referral,interview,0.503
11394,714,949,2024-09-25 16:49:10,job_board,screened,0.914
11395,519,5906,2024-07-06 18:14:17,referral,applied,0.389
11396,27,8037,2024-01-14 00:01:07,referral,offer,0.411
11397,1070,2164,2025-01-25 04:52:43,job_board,applied,0.492
11398,1113,4890,2025-03-04 19:16:45,referral,interview,0.697
11399,1879,2370,2025-11-01 23:55:08,recruiter,applied,0.701
11400,520,7360,2024-07-05 18:15:03,referral,screened,0.637
11401,5,6075,2024-01-11 10:50:13,job_board,applied,0.944
11402,1790,3104,2025-10-25 17:42:39,job_board,applied,0.394
11403,1193,4185,2025-03-05 03:05:43,recruiter,applied,0.927
11404,99,4802,2024-02-26 16:40:13,recruiter,screened,0.364
11405,641,7473,2024-08-04 23:08:51,job_board,applied,0.388
11406,1941,4380,2025-12-25 23:55:54,linkedin,applied,0.403
11407,1725,6123,2025-09-02 14:25:43,referral,interview,0.865
11408,1107,4242,2025-02-17 16:02:00,job_board,applied,0.691
11409,194,2655,2024-03-15 19:31:45,linkedin,applied,0.704
11410,1301,5515,2025-04-07 07:42:57,job_board,interview,0.651
11411,122,6995,2024-02-19 21:29:22,referral,applied,0.685
11412,784,8802,2024-10-18 04:55:14,linkedin,applied,0.414
11413,810,583,2024-10-08 16:04:45,referral,interview,0.911
11414,1554,8792,2025-07-11 09:46:49,referral,applied,0.716
11415,1348,6614,2025-04-30 23:54:48,linkedin,applied,0.619
11416,958,2468,2024-12-22 14:20:53,linkedin,applied,0.653
11417,13,3469,2024-01-10 08:34:34,referral,applied,0.968
11418,37,6095,2024-02-15 14:21:07,job_board,screened,0.796
11419,1623,2720,2025-08-28 05:12:27,linkedin,applied,0.819
11420,1303,3048,2025-04-23 21:40:21,referral,screened,0.9
11421,674,4704,2024-08-27 22:01:38,referral,applied,0.94
11422,1502,6291,2025-07-24 15:38:03,linkedin,applied,0.46
11423,1841,8165,2025-11-07 22:54:51,job_board,interview,0.918
11424,27,7652,2024-02-09 00:01:07,job_board,applied,0.913
11425,1812,2311,2025-10-16 10:59:41,job_board,interview,0.906
11426,496,1724,2024-06-07 08:20:27,linkedin,screened,0.715
11427,1528,8995,2025-07-04 10:29:26,linkedin,applied,0.434
11428,1181,8440,2025-03-22 22:45:11,referral,applied,0.775
11429,1475,5300,2025-07-14 04:06:19,linkedin,screened,0.822
11430,236,6277,2024-03-04 12:08:11,linkedin,interview,0.38
11431,1202,2270,2025-02-24 17:59:05,linkedin,screened,0.876
11432,1934,5557,2025-12-06 15:32:57,recruiter,applied,0.815
11433,1589,6220,2025-08-02 21:59:26,recruiter,applied,0.438
11434,1597,2683,2025-07-27 21:03:04,referral,applied,0.548
11435,357,6619,2024-05-10 08:24:08,outbound,offer,0.774
11436,552,3392,2024-08-06 10:01:09,recruiter,applied,0.353
11437,1635,4784,2025-08-30 16:45:45,linkedin,interview,0.777
11438,807,410,2024-10-10 00:47:26,referral,applied,0.647
11439,1131,1176,2025-02-24 15:36:02,job_board,applied,0.802
11440,335,5670,2024-05-18 15:07:35,job_board,screened,0.935
11441,1564,7336,2025-08-15 09:04:01,job_board,applied,0.952
11442,892,5106,2024-11-06 13:50:05,job_board,applied,0.745
11443,988,7293,2025-01-12 04:43:45,linkedin,interview,0.97
11444,1905,7221,2025-11-15 18:34:01,referral,screened,0.557
11445,1262,6888,2025-04-24 21:13:44,job_board,applied,0.941
11446,882,7436,2024-11-28 00:12:59,job_board,screened,0.636
11447,684,6802,2024-08-21 14:55:59,job_board,interview,0.905
11448,1203,7465,2025-03-29 08:11:49,job_board,interview,0.755
11449,849,3432,2024-11-03 17:00:22,outbound,screened,0.836
11450,452,3546,2024-06-24 07:15:41,recruiter,applied,0.755
11451,730,4435,2024-08-28 13:52:32,linkedin,applied,0.913
11452,574,4848,2024-07-25 07:50:00,job_board,interview,0.903
11453,1482,5954,2025-07-07 23:01:57,referral,applied,0.456
11454,1006,4911,2025-01-05 07:30:24,job_board,applied,0.683
11455,402,1492,2024-05-18 02:08:32,referral,interview,0.649
11456,300,3551,2024-04-26 14:33:31,job_board,applied,0.486
11457,1862,5439,2025-11-18 13:33:11,job_board,screened,0.501
11458,1778,268,2025-09-23 02:30:31,referral,screened,0.973
11459,1659,992,2025-09-09 03:10:32,outbound,screened,0.867
11460,1470,8419,2025-07-06 14:22:35,outbound,applied,0.597
11461,1724,7631,2025-09-13 13:31:52,job_board,applied,0.479
11462,1295,5231,2025-05-04 22:01:44,job_board,screened,0.564
11463,1828,1079,2025-10-31 13:08:49,linkedin,interview,0.553
11464,1838,2291,2025-11-21 05:52:34,outbound,applied,0.886
11465,873,6952,2024-11-22 15:02:50,job_board,applied,0.552
11466,498,6574,2024-07-21 16:53:58,referral,screened,0.722
11467,1784,1998,2025-10-26 20:55:27,linkedin,applied,0.912
11468,1654,593,2025-08-21 12:50:12,job_board,applied,0.741
11469,889,8356,2024-11-04 09:37:58,job_board,screened,0.953
11470,1818,6502,2025-10-28 21:44:10,referral,applied,0.371
11471,204,5922,2024-03-16 22:05:18,outbound,offer,0.953
11472,1644,7862,2025-09-17 05:50:45,referral,interview,0.949
11473,100,3881,2024-03-05 14:56:54,outbound,offer,0.671
11474,205,973,2024-02-21 22:22:54,job_board,applied,0.901
11475,128,393,2024-02-12 22:21:50,job_board,interview,0.935
11476,160,8803,2024-03-02 07:00:10,job_board,applied,0.935
11477,377,5465,2024-05-17 12:50:51,job_board,interview,0.778
11478,724,6671,2024-09-10 12:54:04,job_board,applied,0.922
11479,720,3403,2024-09-04 22:24:28,recruiter,applied,0.469
11480,842,990,2024-10-31 19:41:39,linkedin,applied,0.697
11481,1959,7185,2026-01-11 04:20:06,referral,interview,0.923
11482,1023,7160,2025-02-17 07:47:08,job_board,applied,0.98
11483,483,7135,2024-07-05 09:26:29,outbound,applied,0.895
11484,276,4660,2024-03-22 17:16:07,recruiter,applied,0.373
11485,1826,6184,2025-11-14 18:03:30,job_board,applied,0.98
11486,552,2827,2024-07-20 10:01:09,job_board,applied,0.847
11487,1621,2411,2025-08-27 21:51:00,linkedin,screened,0.957
11488,1580,300,2025-08-14 07:35:50,job_board,interview,0.805
11489,1723,1557,2025-09-16 05:19:16,linkedin,screened,0.43
11490,293,3915,2024-04-14 18:27:38,job_board,interview,0.867
11491,1570,4474,2025-08-05 05:41:38,linkedin,applied,0.674
11492,1565,4033,2025-07-16 13:07:20,job_board,applied,0.55
11493,1947,4072,2026-01-04 20:40:19,outbound,screened,0.379
11494,1417,1957,2025-05-28 19:24:51,job_board,applied,0.475
11495,240,6057,2024-04-03 07:21:52,linkedin,screened,0.459
11496,917,4002,2024-11-16 10:45:53,job_board,applied,0.358
11497,958,4796,2024-12-10 14:20:53,referral,applied,0.659
11498,948,5299,2024-12-13 16:05:42,referral,applied,0.47
11499,686,4455,2024-08-24 00:08:45,job_board,applied,0.57
11500,1604,4958,2025-07-25 08:00:15,referral,screened,0.813
11501,569,4328,2024-08-03 18:12:35,recruiter,interview,0.46
11502,890,3407,2024-11-02 09:40:30,linkedin,applied,0.54
11503,894,4539,2024-11-04 19:37:19,job_board,applied,0.547
11504,1287,6131,2025-04-23 09:00:21,recruiter,screened,0.739
11505,962,7850,2025-01-06 17:32:15,outbound,applied,0.95
11506,1942,868,2025-12-28 04:53:45,job_board,applied,0.875
11507,1972,1538,2026-01-21 20:41:54,recruiter,offer,0.458
11508,929,1102,2024-12-25 15:59:39,referral,offer,0.722
11509,530,169,2024-07-06 07:51:21,referral,offer,0.772
11510,1523,7441,2025-07-27 02:51:00,job_board,screened,0.521
11511,1824,1997,2025-10-12 09:16:35,recruiter,applied,0.351
11512,1774,2615,2025-10-25 12:20:52,job_board,screened,0.687
11513,334,2793,2024-05-14 08:29:52,referral,applied,0.901
11514,107,7763,2024-02-20 06:41:50,referral,applied,0.406
11515,1331,5512,2025-05-05 21:04:52,outbound,applied,0.568
11516,602,947,2024-08-10 12:22:06,job_board,applied,0.563
11517,611,7584,2024-08-24 03:00:46,referral,screened,0.714
11518,60,8872,2024-02-25 02:56:23,job_board,applied,0.516
11519,1921,6418,2025-11-21 23:36:23,job_board,applied,0.839
11520,3,4346,2024-01-28 18:21:00,referral,interview,0.63
11521,1270,8985,2025-03-30 17:22:44,job_board,applied,0.863
11522,1851,385,2025-10-15 14:16:45,job_board,applied,0.802
11523,129,7,2024-02-01 12:04:26,job_board,interview,0.657
11524,1233,7017,2025-03-08 04:38:16,job_board,applied,0.702
11525,1848,1712,2025-11-01 16:58:32,job_board,applied,0.719
11526,822,523,2024-11-10 13:05:08,referral,screened,0.803
11527,588,784,2024-08-19 13:38:18,linkedin,screened,0.911
11528,1409,4048,2025-06-15 21:46:07,referral,applied,0.891
11529,1855,5973,2025-11-14 08:52:48,job_board,applied,0.828
11530,1118,3997,2025-02-26 13:54:06,job_board,screened,0.593
11531,27,3843,2024-01-09 00:01:07,job_board,applied,0.86
11532,1370,1317,2025-06-02 17:22:24,job_board,applied,0.963
11533,438,2802,2024-05-16 10:55:15,job_board,applied,0.554
11534,1979,8504,2026-01-24 13:49:25,job_board,screened,0.764
11535,557,2814,2024-07-31 18:48:59,recruiter,screened,0.822
11536,1273,3092,2025-04-02 00:53:10,job_board,interview,0.838
11537,1376,8037,2025-05-03 13:35:39,job_board,offer,0.761
11538,891,576,2024-12-09 11:39:58,job_board,interview,0.596
11539,1596,680,2025-07-28 14:03:41,recruiter,offer,0.744
11540,1793,8063,2025-10-15 13:51:55,linkedin,screened,0.578
11541,1261,2821,2025-04-18 20:24:46,job_board,screened,0.938
11542,1509,2146,2025-07-13 12:36:39,job_board,offer,0.873
11543,125,4500,2024-02-11 07:58:28,linkedin,applied,0.357
11544,484,343,2024-06-24 15:51:54,referral,interview,0.585
11545,868,3705,2024-11-09 21:57:08,outbound,applied,0.668
11546,261,106,2024-03-29 12:15:21,job_board,applied,0.814
11547,988,6188,2025-01-08 04:43:45,linkedin,applied,0.733
11548,147,7668,2024-02-06 23:09:35,outbound,interview,0.935
11549,718,5468,2024-09-07 08:07:52,outbound,applied,0.821
11550,123,1634,2024-02-16 04:33:04,job_board,interview,0.754
11551,840,7205,2024-10-22 12:12:29,job_board,offer,0.783
11552,812,5962,2024-10-02 15:42:06,job_board,interview,0.923
11553,966,7598,2024-12-29 13:13:55,job_board,screened,0.669
11554,1981,8210,2026-01-30 21:35:33,job_board,interview,0.691
11555,1109,3600,2025-02-05 04:42:00,outbound,applied,0.857
11556,296,8763,2024-04-23 13:31:16,referral,applied,0.499
11557,1262,7795,2025-04-29 21:13:44,referral,applied,0.66
11558,1959,5277,2026-01-18 04:20:06,referral,applied,0.841
11559,421,5690,2024-05-20 20:25:01,recruiter,offer,0.818
11560,161,4053,2024-02-15 01:44:41,job_board,applied,0.934
11561,1804,7744,2025-10-28 09:06:49,outbound,interview,0.866
11562,345,481,2024-04-22 16:05:09,linkedin,applied,0.457
11563,1656,4189,2025-08-19 20:46:37,job_board,applied,0.908
11564,857,904,2024-11-17 16:12:16,job_board,screened,0.782
11565,1574,231,2025-07-24 10:10:49,referral,applied,0.458
11566,1426,8468,2025-06-09 11:54:10,linkedin,applied,0.564
11567,1612,5922,2025-08-14 21:21:53,linkedin,applied,0.427
11568,1522,4137,2025-08-04 21:51:20,outbound,applied,0.95
11569,1051,8695,2025-02-15 16:21:35,referral,applied,0.668
11570,489,826,2024-06-21 07:59:07,linkedin,screened,0.69
11571,1907,8373,2025-11-13 07:53:38,referral,interview,0.427
11572,378,4361,2024-04-30 16:39:47,job_board,screened,0.641
11573,732,1369,2024-09-03 17:20:24,job_board,applied,0.895
11574,563,2655,2024-08-05 00:12:02,job_board,applied,0.866
11575,840,4406,2024-11-14 12:12:29,job_board,applied,0.846
11576,499,7264,2024-06-08 17:31:51,job_board,applied,0.799
11577,1633,7856,2025-08-15 22:20:05,referral,applied,0.848
11578,875,1155,2024-10-28 10:48:44,linkedin,applied,0.877
11579,1739,3749,2025-10-07 12:48:49,referral,offer,0.763
11580,63,3678,2024-02-16 22:44:17,recruiter,applied,0.443
11581,898,4664,2024-11-10 21:21:21,recruiter,interview,0.691
11582,1170,5011,2025-03-15 19:49:08,referral,applied,0.382
11583,1697,8979,2025-09-23 12:41:05,job_board,applied,0.77
11584,1462,2404,2025-06-03 04:42:48,job_board,applied,0.929
11585,1267,4344,2025-04-17 05:55:46,job_board,applied,0.671
11586,1690,2476,2025-09-08 01:57:57,job_board,applied,0.546
11587,777,1711,2024-09-20 23:03:02,job_board,applied,0.613
11588,1913,3585,2025-12-25 10:45:09,recruiter,applied,0.854
11589,1811,349,2025-09-29 03:42:31,recruiter,screened,0.685
11590,1817,7027,2025-10-22 18:21:59,linkedin,screened,0.9
11591,1007,4153,2025-02-09 08:05:03,referral,interview,0.826
11592,187,3988,2024-03-01 00:49:18,linkedin,applied,0.582
11593,1699,4632,2025-08-31 14:51:42,recruiter,offer,0.763
11594,833,4679,2024-11-08 16:29:20,linkedin,applied,0.504
11595,1625,8280,2025-08-07 19:51:05,outbound,screened,0.477
11596,111,5271,2024-02-17 20:23:39,referral,applied,0.395
11597,194,7128,2024-02-25 19:31:45,job_board,applied,0.503
11598,698,7393,2024-08-18 12:01:01,job_board,screened,0.852
11599,1743,566,2025-09-18 15:22:46,job_board,screened,0.406
11600,62,7232,2024-01-21 17:47:50,job_board,applied,0.763
11601,325,7352,2024-04-25 09:54:15,linkedin,interview,0.577
11602,991,5729,2025-01-14 05:01:18,referral,offer,0.97
11603,1628,626,2025-08-19 03:30:30,job_board,applied,0.725
11604,311,72,2024-05-09 03:02:44,referral,applied,0.847
11605,1512,127,2025-08-02 15:19:12,job_board,applied,0.85
11606,979,6303,2025-01-04 12:12:18,job_board,screened,0.63
11607,1475,4923,2025-06-15 04:06:19,job_board,screened,0.395
11608,1436,3305,2025-06-01 00:53:32,referral,applied,0.426
11609,1842,4769,2025-11-12 07:02:40,referral,applied,0.623
11610,117,4061,2024-03-06 00:38:11,job_board,screened,0.757
11611,1202,2848,2025-04-04 17:59:05,job_board,interview,0.689
11612,913,6859,2024-12-24 12:08:24,job_board,interview,0.833
11613,678,4146,2024-08-09 22:18:51,linkedin,offer,0.911
11614,1482,4916,2025-07-18 23:01:57,outbound,screened,0.49
11615,1187,8284,2025-03-24 13:53:11,job_board,screened,0.576
11616,889,8188,2024-11-07 09:37:58,recruiter,offer,0.54
11617,1393,6088,2025-05-17 08:18:00,referral,applied,0.456
11618,1149,8135,2025-03-23 19:15:06,outbound,screened,0.699
11619,730,3082,2024-09-16 13:52:32,referral,applied,0.44
11620,672,3333,2024-09-06 09:57:44,recruiter,applied,0.376
11621,509,8406,2024-06-14 10:45:34,job_board,screened,0.391
11622,594,7999,2024-08-09 12:09:26,job_board,interview,0.824
11623,980,1467,2024-12-29 15:10:35,referral,screened,0.713
11624,362,56,2024-05-20 04:23:06,outbound,offer,0.948
11625,1797,1577,2025-09-28 16:49:25,linkedin,interview,0.932
11626,1164,6823,2025-03-27 05:52:11,referral,applied,0.809
11627,1261,2098,2025-03-28 20:24:46,job_board,interview,0.893
11628,1149,8890,2025-02-26 19:15:06,job_board,screened,0.443
11629,1795,2093,2025-09-23 20:41:16,linkedin,interview,0.859
11630,1639,1530,2025-08-07 04:13:45,job_board,offer,0.772
11631,951,639,2025-01-14 17:00:59,linkedin,screened,0.894
11632,689,8548,2024-09-11 14:54:07,job_board,applied,0.526
11633,1894,2787,2025-12-15 09:55:41,job_board,offer,0.826
11634,1200,7406,2025-04-01 23:54:32,outbound,applied,0.386
11635,1584,4938,2025-08-14 16:28:31,job_board,offer,0.814
11636,279,1437,2024-04-14 09:40:23,outbound,applied,0.47
11637,710,2006,2024-09-04 02:41:12,recruiter,applied,0.95
11638,530,757,2024-07-21 07:51:21,job_board,screened,0.97
11639,897,962,2024-12-17 17:06:10,job_board,applied,0.61
11640,1007,7248,2025-01-11 08:05:03,referral,applied,0.932
11641,1996,5855,2026-02-11 01:11:23,recruiter,interview,0.509
11642,211,1437,2024-03-17 05:44:48,referral,offer,0.739
11643,1908,3780,2025-12-18 20:25:36,job_board,interview,0.897
11644,1624,2056,2025-08-12 19:12:52,job_board,screened,0.873
11645,821,5881,2024-11-02 04:07:43,job_board,interview,0.572
11646,563,1172,2024-07-26 00:12:02,job_board,applied,0.475
11647,1668,2233,2025-08-23 16:34:28,referral,offer,0.535
11648,273,6042,2024-03-15 07:29:14,linkedin,applied,0.353
11649,1820,6805,2025-11-08 22:42:07,linkedin,interview,0.563
11650,1887,8707,2025-12-02 08:28:49,job_board,offer,0.805
11651,504,8755,2024-07-02 21:23:47,job_board,screened,0.641
11652,1122,6408,2025-02-24 18:52:30,outbound,applied,0.438
11653,1036,2352,2025-02-06 20:35:28,recruiter,interview,0.561
11654,1534,7443,2025-07-04 06:18:50,linkedin,applied,0.514
11655,1515,5755,2025-07-04 04:29:11,referral,applied,0.721
11656,1990,8660,2026-02-07 12:25:53,linkedin,screened,0.4
11657,154,6886,2024-02-06 07:31:51,recruiter,interview,0.811
11658,1636,7250,2025-08-06 00:51:01,outbound,applied,0.436
11659,1612,4890,2025-09-06 21:21:53,linkedin,interview,0.961
11660,1483,7272,2025-07-17 01:34:11,recruiter,applied,0.839
11661,423,2621,2024-06-03 12:38:24,referral,applied,0.575
11662,1486,773,2025-07-24 03:39:09,job_board,applied,0.47
11663,958,1930,2025-01-04 14:20:53,outbound,applied,0.753
11664,559,5106,2024-07-02 21:04:28,job_board,screened,0.956
11665,751,5820,2024-09-04 07:48:49,job_board,applied,0.665
11666,829,4465,2024-11-14 14:05:21,job_board,applied,0.668
11667,1481,4320,2025-06-29 20:50:34,linkedin,applied,0.571
11668,402,1788,2024-05-15 02:08:32,job_board,interview,0.727
11669,467,7536,2024-06-07 09:16:08,referral,applied,0.963
11670,742,2088,2024-10-03 23:12:21,linkedin,applied,0.634
11671,933,805,2024-12-30 18:30:05,job_board,applied,0.408
11672,1893,1367,2025-12-01 13:57:17,outbound,applied,0.67
11673,532,295,2024-07-12 00:14:56,outbound,applied,0.828
11674,1813,8970,2025-10-25 22:26:36,referral,applied,0.929
11675,110,3338,2024-02-12 15:25:06,linkedin,applied,0.804
11676,1022,7146,2025-01-21 14:06:25,referral,applied,0.873
11677,1688,4270,2025-08-21 15:37:18,job_board,applied,0.641
11678,622,8258,2024-08-11 08:15:16,outbound,applied,0.41
11679,450,5757,2024-06-06 00:53:54,job_board,applied,0.385
11680,1211,2188,2025-03-09 18:42:41,recruiter,offer,0.463
11681,465,1027,2024-06-09 10:39:28,linkedin,screened,0.614
11682,31,1541,2024-02-10 08:09:36,job_board,screened,0.88
11683,94,5286,2024-02-27 03:53:14,job_board,applied,0.662
11684,958,259,2025-01-10 14:20:53,job_board,applied,0.57
11685,1006,7318,2025-02-08 07:30:24,linkedin,applied,0.603
11686,53,2579,2024-02-26 19:22:44,job_board,applied,0.958
11687,538,8186,2024-07-09 11:40:05,job_board,applied,0.625
11688,1514,1081,2025-08-05 20:00:03,job_board,applied,0.781
11689,1132,8098,2025-02-21 20:00:37,job_board,applied,0.956
11690,1224,7874,2025-04-07 03:54:48,linkedin,interview,0.769
11691,1448,4667,2025-07-10 03:35:42,job_board,applied,0.698
11692,1808,4300,2025-11-01 13:01:27,job_board,applied,0.675
11693,92,8094,2024-02-08 18:49:07,linkedin,applied,0.763
11694,966,7338,2024-12-27 13:13:55,job_board,offer,0.703
11695,401,4839,2024-05-27 00:50:20,job_board,offer,0.776
11696,1335,2990,2025-05-30 03:13:22,job_board,applied,0.724
11697,782,661,2024-09-22 04:23:31,outbound,applied,0.964
11698,308,8366,2024-04-06 16:22:41,linkedin,applied,0.89
11699,1760,8764,2025-10-01 17:12:03,job_board,screened,0.41
11700,1033,7846,2025-02-13 18:11:12,recruiter,applied,0.871
11701,220,24,2024-03-06 20:45:50,job_board,applied,0.463
11702,451,3863,2024-06-09 04:45:35,linkedin,applied,0.521
11703,1488,2573,2025-06-23 06:28:02,job_board,applied,0.478
11704,941,3902,2024-12-29 10:21:37,job_board,screened,0.597
11705,1908,418,2025-11-23 20:25:36,outbound,interview,0.572
11706,101,4870,2024-01-28 22:24:00,job_board,offer,0.918
11707,156,4894,2024-02-28 07:03:02,job_board,interview,0.694
11708,1380,2231,2025-05-01 04:53:08,referral,interview,0.553
11709,667,5107,2024-08-18 11:35:43,job_board,applied,0.714
11710,1749,4905,2025-10-19 10:17:53,referral,offer,0.686
11711,1540,5742,2025-08-11 14:59:39,recruiter,applied,0.963
11712,46,2109,2024-02-10 00:08:42,job_board,applied,0.478
11713,1871,1264,2025-11-10 17:35:07,job_board,screened,0.832
11714,1907,2920,2025-12-19 07:53:38,referral,applied,0.387
11715,494,157,2024-06-09 01:22:44,referral,applied,0.589
11716,1226,6266,2025-03-20 18:57:33,referral,applied,0.618
11717,1284,2392,2025-04-13 16:40:07,job_board,applied,0.941
11718,76,2865,2024-01-17 23:17:41,referral,interview,0.42
11719,1464,464,2025-06-06 09:30:13,outbound,applied,0.647
11720,1937,4718,2025-12-16 18:32:22,referral,applied,0.524
11721,809,318,2024-10-02 10:29:24,job_board,applied,0.351
11722,1973,4271,2026-01-30 11:41:11,job_board,applied,0.406
11723,1340,2376,2025-04-24 15:13:57,outbound,applied,0.598
11724,1471,5664,2025-06-07 04:42:48,job_board,applied,0.84
11725,1099,8990,2025-03-02 01:50:43,job_board,applied,0.958
11726,1384,5075,2025-05-20 03:13:11,job_board,applied,0.661
11727,1875,7231,2025-11-12 23:33:21,job_board,applied,0.98
11728,1181,1779,2025-02-28 22:45:11,job_board,interview,0.377
11729,1078,3256,2025-01-20 21:52:30,job_board,applied,0.365
11730,340,7346,2024-05-09 16:57:32,job_board,applied,0.589
11731,1034,3385,2025-02-01 05:51:12,job_board,applied,0.558
11732,1728,8316,2025-09-12 11:40:39,referral,applied,0.539
11733,1339,8369,2025-04-27 11:43:12,outbound,applied,0.905
11734,1433,6717,2025-05-26 03:11:08,recruiter,applied,0.701
11735,305,5958,2024-04-26 08:16:53,recruiter,applied,0.587
11736,1694,3087,2025-08-19 23:20:07,outbound,screened,0.366
11737,1062,7533,2025-02-27 17:04:19,job_board,applied,0.366
11738,913,8895,2024-12-07 12:08:24,linkedin,applied,0.429
11739,102,7781,2024-02-01 02:02:09,job_board,applied,0.509
11740,1787,3118,2025-10-29 18:19:22,job_board,applied,0.371
11741,1255,1524,2025-03-27 21:21:06,job_board,screened,0.466
11742,625,8230,2024-08-05 09:35:34,job_board,applied,0.382
11743,1070,145,2025-02-19 04:52:43,job_board,interview,0.909
11744,1819,7173,2025-10-05 22:24:28,linkedin,applied,0.702
11745,1679,2415,2025-09-09 22:00:52,job_board,applied,0.613
11746,596,6922,2024-07-24 19:23:40,job_board,applied,0.57
11747,1596,5350,2025-08-25 14:03:41,job_board,screened,0.905
11748,16,1041,2024-01-26 02:19:31,job_board,applied,0.571
11749,866,8177,2024-11-16 09:42:14,referral,applied,0.607
11750,1097,8422,2025-02-13 23:19:17,job_board,applied,0.398
11751,1318,2778,2025-04-16 06:18:41,job_board,applied,0.885
11752,2,1430,2024-01-15 13:30:59,referral,interview,0.538
11753,607,7652,2024-08-22 13:13:47,job_board,applied,0.77
11754,515,3939,2024-07-06 18:20:07,job_board,interview,0.406
11755,776,5960,2024-09-20 06:45:41,linkedin,applied,0.55
11756,1384,7422,2025-05-05 03:13:11,job_board,interview,0.44
11757,157,5891,2024-02-10 12:25:21,linkedin,applied,0.822
11758,1500,4273,2025-07-25 10:43:05,recruiter,screened,0.81
11759,202,6447,2024-04-03 00:56:02,recruiter,screened,0.809
11760,1014,741,2025-01-24 12:16:28,referral,applied,0.487
11761,1638,4604,2025-08-28 15:16:15,outbound,applied,0.731
11762,1758,5447,2025-10-03 20:22:21,job_board,applied,0.411
11763,1944,6063,2025-12-13 11:32:49,job_board,applied,0.461
11764,864,1985,2024-11-20 21:07:55,referral,screened,0.957
11765,979,7140,2024-12-27 12:12:18,job_board,applied,0.67
11766,1803,2964,2025-10-29 06:44:01,linkedin,applied,0.757
11767,256,5305,2024-03-10 18:43:46,referral,applied,0.397
11768,1819,6351,2025-10-26 22:24:28,job_board,applied,0.478
11769,177,353,2024-03-09 16:29:35,outbound,applied,0.926
11770,183,8589,2024-02-20 16:39:03,referral,interview,0.395
11771,91,4596,2024-03-01 18:21:24,job_board,applied,0.686
11772,461,75,2024-05-31 04:47:51,referral,applied,0.874
11773,1758,5373,2025-10-10 20:22:21,linkedin,interview,0.904
11774,416,2333,2024-05-26 06:38:08,job_board,interview,0.518
11775,885,7879,2024-12-02 03:16:21,job_board,interview,0.4
11776,1611,1487,2025-08-12 15:54:32,job_board,applied,0.511
11777,1761,48,2025-10-09 09:35:30,job_board,applied,0.722
11778,878,6533,2024-11-26 20:18:00,linkedin,offer,0.744
11779,726,438,2024-08-25 06:32:21,referral,applied,0.76
11780,929,1793,2024-11-29 15:59:39,job_board,applied,0.557
11781,1177,3312,2025-03-08 11:20:48,linkedin,applied,0.669
11782,645,7845,2024-08-13 18:20:45,job_board,applied,0.546
11783,1348,7227,2025-04-21 23:54:48,job_board,applied,0.912
11784,1615,5414,2025-08-22 14:04:18,linkedin,applied,0.359
11785,101,4359,2024-01-27 22:24:00,job_board,applied,0.555
11786,1643,6045,2025-09-07 05:07:24,job_board,offer,0.829
11787,1364,2748,2025-05-02 12:26:08,job_board,applied,0.979
11788,118,7968,2024-02-25 11:46:59,job_board,screened,0.583
11789,1600,6240,2025-08-29 17:31:34,job_board,interview,0.557
11790,992,5265,2025-01-08 14:09:38,linkedin,applied,0.817
11791,45,4540,2024-01-21 18:42:12,outbound,screened,0.892
11792,164,5678,2024-02-19 22:59:11,job_board,interview,0.686
11793,118,5164,2024-02-18 11:46:59,linkedin,applied,0.871
11794,814,6153,2024-10-12 08:49:00,job_board,offer,0.906
11795,1045,3855,2025-02-20 16:06:55,job_board,applied,0.558
11796,481,2683,2024-07-08 02:33:21,linkedin,applied,0.536
11797,1943,6526,2025-12-29 11:19:14,job_board,interview,0.415
11798,63,2750,2024-01-30 22:44:17,linkedin,screened,0.431
11799,1947,141,2025-12-05 20:40:19,job_board,applied,0.694
11800,303,656,2024-04-03 21:25:01,linkedin,interview,0.417
11801,220,16,2024-03-16 20:45:50,job_board,applied,0.812
11802,984,4706,2025-01-22 13:24:28,job_board,screened,0.644
11803,1522,6146,2025-08-01 21:51:20,referral,interview,0.894
11804,1322,2589,2025-05-24 05:07:23,job_board,applied,0.77
11805,1587,240,2025-08-05 07:05:09,job_board,screened,0.582
11806,907,5780,2024-12-04 17:22:17,job_board,screened,0.496
11807,1754,3035,2025-09-17 09:04:20,job_board,applied,0.586
11808,1529,7175,2025-08-01 12:26:02,job_board,applied,0.634
11809,88,3297,2024-02-19 14:45:42,linkedin,applied,0.836
11810,1004,5850,2025-01-02 08:24:32,job_board,applied,0.549
11811,1945,5525,2025-12-17 18:49:32,job_board,applied,0.455
11812,1453,2553,2025-07-08 23:43:43,referral,applied,0.72
11813,1644,6952,2025-08-27 05:50:45,linkedin,applied,0.595
11814,1440,7346,2025-06-13 04:34:08,job_board,screened,0.591
11815,1216,7397,2025-03-04 08:14:26,job_board,applied,0.571
11816,670,2866,2024-09-09 21:51:47,referral,applied,0.674
11817,134,2522,2024-03-13 06:00:57,job_board,applied,0.639
11818,604,2605,2024-08-24 15:08:12,job_board,applied,0.936
11819,481,1461,2024-07-12 02:33:21,job_board,applied,0.524
11820,1449,7915,2025-07-09 09:29:50,recruiter,applied,0.546
11821,694,8828,2024-08-25 21:52:53,job_board,interview,0.548
11822,708,7436,2024-09-22 22:26:28,job_board,interview,0.935
11823,1715,394,2025-09-06 06:37:05,job_board,applied,0.369
11824,392,8501,2024-05-10 09:35:54,recruiter,screened,0.386
11825,1523,7325,2025-07-06 02:51:00,linkedin,screened,0.91
11826,705,612,2024-08-19 22:01:12,referral,interview,0.49
11827,1882,182,2025-11-26 00:54:45,referral,applied,0.729
11828,1911,2252,2025-11-17 07:41:01,referral,applied,0.606
11829,846,4367,2024-10-21 01:08:32,recruiter,applied,0.471
11830,1564,3170,2025-07-19 09:04:01,job_board,applied,0.896
11831,1834,5774,2025-11-03 08:49:21,linkedin,applied,0.672
11832,1207,6245,2025-03-19 08:47:32,linkedin,interview,0.705
11833,1792,4300,2025-11-03 01:25:19,job_board,applied,0.358
11834,1367,3410,2025-05-25 06:19:34,job_board,offer,0.712
11835,37,5083,2024-01-18 14:21:07,outbound,interview,0.43
11836,1217,937,2025-03-10 19:01:24,job_board,screened,0.925
11837,479,229,2024-06-10 19:41:31,job_board,applied,0.634
11838,1182,7145,2025-03-10 12:19:58,job_board,applied,0.958
11839,1600,1389,2025-07-24 17:31:34,recruiter,interview,0.572
11840,397,8843,2024-05-14 06:51:45,outbound,applied,0.642
11841,1331,4980,2025-04-28 21:04:52,referral,applied,0.361
11842,1083,4748,2025-01-25 17:51:55,job_board,applied,0.359
11843,446,7450,2024-06-27 08:10:45,outbound,screened,0.772
11844,1519,1865,2025-07-13 13:59:16,linkedin,applied,0.352
11845,1563,4936,2025-07-11 03:55:09,job_board,screened,0.95
11846,14,4199,2024-02-06 14:40:31,linkedin,applied,0.961
11847,634,4496,2024-08-22 19:11:41,job_board,interview,0.499
11848,147,8315,2024-02-19 23:09:35,linkedin,applied,0.861
11849,1205,8894,2025-03-13 08:36:21,outbound,screened,0.885
11850,1764,3653,2025-09-22 13:41:14,outbound,applied,0.433
11851,1870,3509,2025-11-04 16:40:42,job_board,applied,0.863
11852,793,2417,2024-09-28 01:01:58,recruiter,applied,0.894
11853,480,3470,2024-06-08 01:07:52,job_board,applied,0.584
11854,628,3889,2024-08-10 07:50:37,linkedin,applied,0.787
11855,111,667,2024-03-03 20:23:39,job_board,applied,0.518
11856,700,2087,2024-08-22 16:28:23,job_board,offer,0.712
11857,1321,7049,2025-05-16 22:12:00,job_board,applied,0.703
11858,37,6448,2024-02-16 14:21:07,job_board,applied,0.426
11859,1457,610,2025-05-31 14:11:08,job_board,interview,0.936
11860,1688,8031,2025-08-27 15:37:18,linkedin,interview,0.941
11861,626,1226,2024-08-17 20:14:29,outbound,interview,0.947
11862,1536,1459,2025-07-11 16:57:47,referral,applied,0.688
11863,937,511,2024-12-12 20:15:41,job_board,interview,0.508
11864,1977,1401,2026-01-18 10:52:10,linkedin,interview,0.816
11865,1003,1732,2024-12-30 07:22:24,job_board,screened,0.767
11866,1200,8028,2025-03-22 23:54:32,referral,applied,0.901
11867,1632,3951,2025-08-13 20:22:20,linkedin,screened,0.887
11868,548,1753,2024-07-30 08:17:49,job_board,screened,0.525
11869,1387,378,2025-05-11 00:10:39,job_board,applied,0.718
11870,1703,2221,2025-09-20 03:33:16,recruiter,screened,0.626
11871,546,3703,2024-07-28 18:07:30,job_board,applied,0.935
11872,1614,3963,2025-08-13 11:11:24,job_board,applied,0.608
11873,547,4330,2024-07-15 07:15:04,linkedin,screened,0.39
11874,1220,1801,2025-03-18 23:18:25,job_board,interview,0.659
11875,650,998,2024-09-03 05:26:11,outbound,interview,0.495
11876,1258,4361,2025-04-04 20:15:22,outbound,applied,0.357
11877,292,497,2024-05-04 17:48:29,job_board,applied,0.925
11878,1620,8021,2025-08-02 21:39:56,job_board,interview,0.774
11879,269,2830,2024-03-31 16:12:16,linkedin,applied,0.424
11880,671,5879,2024-08-30 05:17:58,job_board,applied,0.589
11881,1635,5855,2025-08-25 16:45:45,linkedin,screened,0.526
11882,193,346,2024-03-08 13:19:31,linkedin,interview,0.864
11883,1664,5465,2025-09-20 00:26:23,job_board,applied,0.789
11884,802,5676,2024-10-14 23:43:16,job_board,applied,0.419
11885,521,1140,2024-06-23 02:22:21,outbound,applied,0.354
11886,1663,5227,2025-08-24 11:47:05,referral,applied,0.867
11887,1701,828,2025-08-21 21:12:38,referral,screened,0.938
11888,1724,4167,2025-09-07 13:31:52,job_board,applied,0.956
11889,1142,1682,2025-02-27 19:00:12,recruiter,applied,0.425
11890,396,2943,2024-04-27 22:00:31,linkedin,applied,0.596
11891,1425,7870,2025-06-07 04:57:31,referral,applied,0.427
11892,1407,8086,2025-05-19 20:20:09,job_board,interview,0.939
11893,1761,8385,2025-10-24 09:35:30,job_board,applied,0.635
11894,1475,8638,2025-06-13 04:06:19,outbound,interview,0.923
11895,617,4695,2024-08-09 11:23:26,job_board,offer,0.636
11896,896,7758,2024-11-12 01:09:08,job_board,applied,0.407
11897,1325,8121,2025-05-01 02:49:34,job_board,screened,0.575
11898,1555,2489,2025-07-30 12:26:07,linkedin,applied,0.962
11899,618,1183,2024-08-11 14:22:21,referral,applied,0.902
11900,520,3565,2024-07-06 18:15:03,linkedin,applied,0.674
11901,1806,5916,2025-10-16 15:18:20,job_board,interview,0.557
11902,1985,1068,2026-01-03 23:24:16,job_board,screened,0.453
11903,600,5839,2024-08-23 08:57:05,referral,applied,0.437
11904,131,2931,2024-03-01 19:52:56,linkedin,interview,0.448
11905,1251,4044,2025-04-10 03:48:44,referral,applied,0.685
11906,32,3434,2024-01-28 08:12:20,job_board,interview,0.791
11907,383,6641,2024-05-26 18:34:52,outbound,interview,0.537
11908,1054,2969,2025-02-13 22:59:06,job_board,applied,0.97
11909,740,4275,2024-09-04 15:59:56,job_board,screened,0.644
11910,98,5688,2024-02-11 15:13:55,linkedin,applied,0.725
11911,703,7709,2024-09-24 20:01:28,referral,applied,0.688
11912,1349,4121,2025-05-30 01:11:58,referral,applied,0.836
11913,1501,1223,2025-08-01 13:53:08,linkedin,applied,0.939
11914,1505,5040,2025-07-23 15:23:42,recruiter,applied,0.884
11915,574,156,2024-08-18 07:50:00,referral,screened,0.674
11916,1327,5972,2025-04-24 03:29:38,linkedin,applied,0.941
11917,655,3404,2024-09-13 04:50:01,job_board,interview,0.614
11918,1302,5817,2025-05-13 15:20:45,linkedin,applied,0.396
11919,19,1158,2024-02-06 05:16:16,outbound,applied,0.434
11920,819,4486,2024-11-01 22:35:51,linkedin,applied,0.95
11921,632,1613,2024-08-23 23:00:52,linkedin,screened,0.942
11922,1335,4980,2025-04-20 03:13:22,job_board,interview,0.926
11923,545,430,2024-06-27 15:07:04,linkedin,applied,0.823
11924,600,4700,2024-07-24 08:57:05,referral,applied,0.778
11925,1090,3876,2025-02-04 03:44:48,linkedin,applied,0.878
11926,1308,1137,2025-04-04 20:24:51,outbound,screened,0.631
11927,804,6636,2024-10-29 11:53:02,recruiter,interview,0.695
11928,1785,7533,2025-09-21 01:19:20,outbound,applied,0.916
11929,1961,5011,2025-12-23 10:33:54,outbound,applied,0.386
11930,1213,4685,2025-03-02 00:29:28,recruiter,applied,0.705
11931,1093,3211,2025-02-19 12:18:21,linkedin,applied,0.59
11932,1042,2481,2025-02-22 21:03:57,referral,applied,0.7
11933,146,106,2024-03-01 13:26:50,linkedin,interview,0.953
11934,824,4313,2024-10-30 02:55:22,job_board,applied,0.845
11935,1619,4582,2025-08-22 02:56:32,referral,applied,0.65
11936,1387,281,2025-05-15 00:10:39,recruiter,applied,0.779
11937,107,2950,2024-02-11 06:41:50,job_board,applied,0.705
11938,277,5051,2024-03-29 23:26:54,linkedin,interview,0.474
11939,1675,2150,2025-09-19 20:09:44,linkedin,screened,0.637
11940,1470,5334,2025-06-20 14:22:35,job_board,applied,0.42
11941,811,4064,2024-10-09 14:08:35,recruiter,applied,0.637
11942,1884,8370,2025-11-23 02:25:15,job_board,applied,0.627
11943,124,1531,2024-03-05 05:30:37,job_board,applied,0.79
11944,1524,333,2025-07-15 09:01:05,referral,applied,0.52
11945,1955,2895,2025-12-04 21:06:59,job_board,applied,0.598
11946,875,7203,2024-11-09 10:48:44,referral,applied,0.609
11947,991,8336,2025-01-29 05:01:18,referral,applied,0.458
11948,425,5667,2024-06-16 00:41:56,recruiter,applied,0.811
11949,1710,5498,2025-09-25 21:11:06,linkedin,applied,0.772
11950,1452,6518,2025-06-20 20:39:07,job_board,interview,0.602
11951,842,8908,2024-11-24 19:41:39,linkedin,applied,0.45
11952,470,8481,2024-05-31 04:40:04,recruiter,offer,0.846
11953,924,5651,2024-11-23 16:56:25,referral,offer,0.787
11954,904,3166,2024-12-10 02:49:50,recruiter,applied,0.768
11955,725,873,2024-09-30 01:21:18,referral,applied,0.946
11956,1679,1498,2025-08-21 22:00:52,job_board,applied,0.856
11957,738,5993,2024-09-11 08:08:06,referral,screened,0.916
11958,229,639,2024-03-08 12:52:28,referral,applied,0.829
11959,1587,7793,2025-07-28 07:05:09,referral,applied,0.82
11960,1461,4302,2025-05-31 11:58:52,job_board,applied,0.828
11961,62,8215,2024-01-24 17:47:50,job_board,applied,0.946
11962,1392,7752,2025-06-05 08:07:18,job_board,applied,0.681
11963,980,4991,2025-01-17 15:10:35,linkedin,applied,0.609
11964,1348,3851,2025-05-29 23:54:48,job_board,applied,0.956
11965,532,1082,2024-08-02 00:14:56,job_board,applied,0.96
11966,357,8675,2024-04-23 08:24:08,job_board,screened,0.9
11967,1114,5788,2025-02-27 00:48:25,job_board,interview,0.712
11968,109,3745,2024-02-12 11:59:48,job_board,screened,0.745
11969,431,1287,2024-05-23 16:32:29,job_board,applied,0.633
11970,89,7696,2024-02-21 16:15:38,referral,applied,0.483
11971,698,505,2024-09-01 12:01:01,linkedin,applied,0.414
11972,1813,6017,2025-10-26 22:26:36,referral,applied,0.358
11973,1067,1906,2025-01-27 17:47:54,outbound,interview,0.484
11974,1478,5689,2025-06-27 10:00:31,outbound,applied,0.689
11975,1484,874,2025-06-15 13:51:35,referral,applied,0.918
11976,253,7234,2024-03-07 03:55:00,referral,applied,0.612
11977,1892,4009,2025-12-07 08:59:15,job_board,screened,0.754
11978,309,3904,2024-05-05 18:19:51,job_board,applied,0.641
11979,487,8496,2024-06-08 07:39:26,referral,applied,0.359
11980,1312,1664,2025-05-04 08:47:29,job_board,screened,0.619
11981,966,5944,2025-01-09 13:13:55,job_board,applied,0.584
11982,430,5126,2024-05-24 14:44:11,linkedin,screened,0.549
11983,698,6251,2024-09-03 12:01:01,outbound,interview,0.543
11984,818,5896,2024-10-15 04:56:04,job_board,interview,0.446
11985,1213,7233,2025-03-01 00:29:28,job_board,applied,0.718
11986,1582,3177,2025-08-20 18:33:42,linkedin,interview,0.856
11987,733,2154,2024-09-09 22:38:35,job_board,screened,0.875
11988,785,6106,2024-10-09 06:14:39,job_board,applied,0.519
11989,194,5152,2024-02-20 19:31:45,referral,applied,0.531
11990,1911,8214,2025-11-15 07:41:01,recruiter,applied,0.529
11991,1229,6417,2025-03-30 10:04:17,referral,applied,0.451
11992,520,2133,2024-07-03 18:15:03,referral,interview,0.743
11993,72,2737,2024-02-16 10:28:41,linkedin,screened,0.442
11994,1900,6225,2025-12-16 11:12:19,job_board,screened,0.601
11995,87,3489,2024-03-02 03:13:40,referral,screened,0.692
11996,365,8323,2024-04-20 04:15:32,job_board,applied,0.777
11997,1769,6313,2025-09-28 06:35:07,outbound,applied,0.959
11998,677,3340,2024-08-17 07:38:24,referral,interview,0.865
11999,1741,7277,2025-09-10 01:52:45,linkedin,screened,0.598
12000,1101,6250,2025-02-15 10:08:11,referral,applied,0.872
12001,1126,3255,2025-02-23 05:31:05,referral,applied,0.527
12002,1865,3819,2025-12-02 07:03:10,referral,applied,0.778
12003,37,5632,2024-02-15 14:21:07,job_board,interview,0.48
12004,696,2222,2024-08-15 12:15:03,job_board,applied,0.625
12005,687,5979,2024-09-05 00:19:03,job_board,applied,0.737
12006,1466,2991,2025-06-12 05:05:55,referral,applied,0.861
12007,693,8360,2024-09-23 01:04:45,job_board,interview,0.937
12008,1761,5163,2025-09-24 09:35:30,job_board,applied,0.967
12009,1442,7088,2025-05-28 10:39:29,linkedin,screened,0.883
12010,1816,4954,2025-11-11 16:32:51,job_board,applied,0.471
12011,1624,1751,2025-08-29 19:12:52,outbound,interview,0.886
12012,1495,6044,2025-07-18 08:56:02,outbound,applied,0.719
12013,709,5631,2024-09-18 13:28:16,referral,offer,0.585
12014,1456,1336,2025-07-01 11:17:28,job_board,screened,0.541
12015,844,8620,2024-10-22 20:08:45,linkedin,applied,0.804
12016,687,784,2024-09-10 00:19:03,job_board,applied,0.621
12017,450,3405,2024-05-29 00:53:54,job_board,applied,0.894
12018,1792,1117,2025-11-01 01:25:19,linkedin,offer,0.946
12019,1456,6888,2025-06-16 11:17:28,linkedin,applied,0.911
12020,99,3870,2024-03-04 16:40:13,linkedin,offer,0.642
12021,699,4853,2024-08-29 12:43:48,linkedin,interview,0.906
12022,1161,8100,2025-02-18 14:38:53,job_board,applied,0.727
12023,1411,3941,2025-05-28 04:08:30,linkedin,offer,0.466
12024,614,4448,2024-08-12 08:38:47,job_board,screened,0.406
12025,1414,5133,2025-06-14 23:56:52,job_board,applied,0.378
12026,545,8339,2024-06-25 15:07:04,job_board,interview,0.376
12027,313,3827,2024-03-31 19:09:30,job_board,applied,0.865
12028,175,2246,2024-02-24 12:57:11,referral,interview,0.433
12029,1771,2863,2025-10-20 02:56:39,referral,screened,0.909
12030,1316,4930,2025-04-19 17:56:26,linkedin,applied,0.535
12031,1650,6851,2025-08-27 11:16:51,job_board,offer,0.975
12032,1073,7724,2025-03-05 00:52:53,job_board,applied,0.626
12033,1167,4795,2025-02-18 15:48:45,referral,applied,0.445
12034,583,4304,2024-07-18 03:43:48,job_board,screened,0.493
12035,173,8414,2024-03-12 21:17:11,job_board,applied,0.485
12036,1431,6045,2025-06-23 11:26:57,job_board,screened,0.452
12037,335,79,2024-04-22 15:07:35,job_board,applied,0.851
12038,1750,5882,2025-09-14 11:36:49,referral,applied,0.44
12039,185,6925,2024-02-20 18:49:33,job_board,applied,0.656
12040,1954,6950,2026-01-15 07:00:43,linkedin,offer,0.867
12041,928,1417,2024-12-16 15:54:11,outbound,applied,0.73
12042,566,4585,2024-07-19 13:44:43,job_board,applied,0.823
12043,532,6851,2024-07-05 00:14:56,job_board,screened,0.419
12044,1356,8414,2025-04-29 18:43:06,job_board,applied,0.872
12045,1662,7833,2025-08-19 08:24:24,linkedin,screened,0.727
12046,951,7103,2025-01-07 17:00:59,job_board,screened,0.353
12047,872,7057,2024-11-11 02:50:14,recruiter,interview,0.869
12048,1758,3169,2025-10-20 20:22:21,recruiter,interview,0.764
12049,905,5345,2024-12-01 15:13:36,job_board,interview,0.36
12050,662,312,2024-08-31 19:46:13,recruiter,offer,0.846
12051,1844,1105,2025-11-10 21:49:46,job_board,applied,0.972
12052,1606,2281,2025-07-29 08:32:00,job_board,interview,0.759
12053,1156,8644,2025-03-03 21:57:12,linkedin,screened,0.883
12054,23,2237,2024-02-16 06:33:13,referral,applied,0.892
12055,775,2938,2024-10-06 21:36:52,outbound,applied,0.977
12056,1956,7261,2025-12-15 13:57:14,job_board,interview,0.51
12057,1967,255,2026-01-05 07:11:21,referral,applied,0.651
12058,1347,1562,2025-05-19 16:25:08,linkedin,interview,0.602
12059,925,17,2024-12-30 20:02:45,job_board,applied,0.791
12060,1720,5393,2025-09-27 11:54:09,recruiter,applied,0.75
12061,1160,6648,2025-02-14 12:39:55,linkedin,applied,0.636
12062,120,8371,2024-02-25 09:03:38,job_board,applied,0.936
12063,765,7498,2024-10-08 06:22:51,outbound,applied,0.919
12064,648,6538,2024-08-31 22:02:02,job_board,screened,0.432
12065,1339,7228,2025-04-19 11:43:12,linkedin,interview,0.636
12066,440,8277,2024-05-27 18:46:44,linkedin,applied,0.354
12067,1552,5032,2025-07-19 22:28:57,job_board,applied,0.721
12068,487,1140,2024-06-12 07:39:26,job_board,applied,0.894
12069,1258,5687,2025-04-21 20:15:22,referral,screened,0.744
12070,602,2802,2024-08-03 12:22:06,outbound,applied,0.552
12071,497,8162,2024-06-23 12:00:13,job_board,offer,0.928
12072,1411,4780,2025-06-06 04:08:30,job_board,screened,0.889
12073,1885,5973,2025-11-02 03:12:22,referral,applied,0.906
12074,1600,4641,2025-07-30 17:31:34,outbound,interview,0.816
12075,1024,3161,2025-01-29 10:24:04,job_board,applied,0.405
12076,1830,8215,2025-10-13 16:47:43,job_board,interview,0.717
12077,1653,8554,2025-08-25 01:45:45,job_board,applied,0.7
12078,1836,8067,2025-10-21 21:43:28,linkedin,applied,0.937
12079,18,8691,2024-02-16 03:57:33,job_board,screened,0.855
12080,1627,154,2025-09-06 01:23:59,referral,applied,0.504
12081,1036,5652,2025-02-20 20:35:28,job_board,applied,0.827
12082,1397,3785,2025-05-23 04:05:56,job_board,applied,0.587
12083,1872,5095,2025-11-04 04:23:15,outbound,screened,0.589
12084,1040,4079,2025-02-03 12:07:37,job_board,applied,0.925
12085,1377,8432,2025-06-05 11:57:10,referral,screened,0.4
12086,1966,7372,2026-01-14 15:16:18,referral,applied,0.457
12087,229,7003,2024-03-21 12:52:28,recruiter,applied,0.611
12088,1485,5920,2025-07-07 17:45:09,job_board,screened,0.63
12089,1420,1069,2025-06-08 22:44:53,job_board,screened,0.922
12090,381,1619,2024-05-11 03:39:11,job_board,interview,0.749
12091,31,8624,2024-01-15 08:09:36,job_board,applied,0.711
12092,1266,400,2025-04-04 16:24:50,referral,applied,0.802
12093,738,6520,2024-10-05 08:08:06,job_board,applied,0.392
12094,627,5261,2024-08-31 03:07:46,job_board,applied,0.683
12095,474,6652,2024-06-25 13:49:24,linkedin,applied,0.782
12096,1090,8902,2025-03-08 03:44:48,job_board,applied,0.887
12097,504,3609,2024-07-22 21:23:47,linkedin,applied,0.36
12098,149,5322,2024-02-27 10:15:57,linkedin,screened,0.517
12099,83,77,2024-02-24 15:03:39,job_board,applied,0.484
12100,520,3151,2024-06-24 18:15:03,job_board,applied,0.893
12101,1235,2446,2025-03-24 21:54:42,job_board,applied,0.598
12102,1057,7410,2025-02-02 05:13:27,linkedin,applied,0.947
12103,1484,2981,2025-07-20 13:51:35,outbound,applied,0.83
12104,1198,2742,2025-03-12 09:59:10,job_board,applied,0.893
12105,584,4103,2024-07-24 10:15:51,job_board,interview,0.878
12106,1836,5228,2025-10-24 21:43:28,linkedin,screened,0.449
12107,1174,6312,2025-03-25 01:55:31,job_board,applied,0.381
12108,1238,8753,2025-04-02 08:07:50,linkedin,applied,0.719
12109,995,4056,2024-12-29 11:45:14,job_board,applied,0.395
12110,847,5489,2024-10-14 06:01:53,referral,screened,0.71
12111,1987,3350,2026-01-07 12:54:51,job_board,applied,0.499
12112,779,5296,2024-10-21 16:24:19,job_board,applied,0.947
12113,1625,2234,2025-09-05 19:51:05,referral,screened,0.631
12114,168,2156,2024-02-17 12:19:13,linkedin,applied,0.745
12115,1893,6917,2025-11-05 13:57:17,referral,applied,0.726
12116,1514,6018,2025-07-07 20:00:03,job_board,applied,0.932
12117,1649,7088,2025-09-13 05:26:37,referral,interview,0.868
12118,639,6518,2024-08-15 22:47:06,job_board,applied,0.849
12119,1316,3269,2025-04-07 17:56:26,referral,applied,0.552
12120,1512,7040,2025-07-17 15:19:12,job_board,applied,0.57
12121,143,1959,2024-03-04 06:45:29,linkedin,applied,0.587
12122,1299,54,2025-04-04 09:14:52,linkedin,screened,0.584
12123,1716,1981,2025-09-21 07:03:17,referral,applied,0.906
12124,1696,6179,2025-09-22 12:39:32,job_board,applied,0.655
12125,1523,5966,2025-07-01 02:51:00,linkedin,applied,0.769
12126,1787,6625,2025-09-22 18:19:22,job_board,applied,0.493
12127,565,6954,2024-08-09 13:13:46,job_board,applied,0.972
12128,1378,1976,2025-05-20 18:58:24,job_board,applied,0.956
12129,539,7065,2024-06-25 15:22:44,linkedin,interview,0.73
12130,1726,4241,2025-08-31 16:02:17,job_board,screened,0.93
12131,1049,7836,2025-02-20 21:51:57,recruiter,applied,0.876
12132,1656,198,2025-09-13 20:46:37,outbound,interview,0.409
12133,567,6791,2024-08-16 20:17:10,linkedin,applied,0.961
12134,614,6205,2024-08-19 08:38:47,referral,applied,0.54
12135,1942,4374,2025-12-29 04:53:45,job_board,applied,0.479
12136,1809,7834,2025-11-06 14:35:54,referral,applied,0.974
12137,388,2407,2024-06-03 11:40:54,linkedin,screened,0.414
12138,774,3321,2024-09-13 18:18:09,job_board,applied,0.754
12139,307,3365,2024-04-23 07:23:38,job_board,screened,0.938
12140,1273,4321,2025-04-25 00:53:10,referral,applied,0.974
12141,88,2554,2024-03-06 14:45:42,job_board,screened,0.9
12142,52,6116,2024-01-15 18:12:47,linkedin,applied,0.917
12143,1106,896,2025-03-03 15:43:52,outbound,applied,0.652
12144,1791,299,2025-10-16 00:01:29,job_board,applied,0.953
12145,1481,1296,2025-07-11 20:50:34,job_board,applied,0.472
12146,1392,4008,2025-06-18 08:07:18,linkedin,interview,0.511
12147,1173,115,2025-03-30 01:28:38,job_board,applied,0.483
12148,362,5703,2024-04-24 04:23:06,referral,applied,0.788
12149,417,1771,2024-05-26 18:53:56,referral,applied,0.372
12150,1235,6799,2025-03-22 21:54:42,referral,applied,0.492
12151,1847,7517,2025-11-02 13:10:07,job_board,offer,0.635
12152,96,7659,2024-02-10 05:12:38,job_board,applied,0.58
12153,759,4835,2024-10-14 16:37:45,linkedin,applied,0.352
12154,378,4783,2024-05-29 16:39:47,linkedin,interview,0.496
12155,282,3505,2024-04-15 19:55:02,job_board,applied,0.384
12156,707,1199,2024-09-17 21:30:30,job_board,interview,0.497
12157,383,2137,2024-04-27 18:34:52,referral,applied,0.674
12158,491,2246,2024-06-20 09:01:10,referral,offer,0.578
12159,877,5309,2024-11-05 20:27:37,linkedin,screened,0.87
12160,1487,163,2025-06-18 05:59:47,linkedin,screened,0.588
12161,1089,8761,2025-02-17 23:01:13,job_board,applied,0.602
12162,1088,1062,2025-02-19 10:00:59,referral,applied,0.548
12163,1203,3132,2025-02-24 08:11:49,referral,screened,0.449
12164,451,2999,2024-06-09 04:45:35,job_board,screened,0.477
12165,147,7628,2024-02-26 23:09:35,job_board,applied,0.934
12166,57,5643,2024-02-03 16:42:06,outbound,applied,0.67
12167,1735,8453,2025-09-08 10:18:57,outbound,screened,0.925
12168,1753,8196,2025-09-08 15:04:39,outbound,applied,0.727
12169,673,7083,2024-08-16 21:55:20,job_board,applied,0.567
12170,1569,1328,2025-08-24 22:41:00,referral,applied,0.973
12171,519,5323,2024-07-25 18:14:17,job_board,interview,0.392
12172,611,5386,2024-08-18 03:00:46,outbound,offer,0.932
12173,1376,2719,2025-05-11 13:35:39,job_board,applied,0.614
12174,1855,340,2025-10-16 08:52:48,job_board,applied,0.849
12175,1228,301,2025-04-11 07:43:04,job_board,applied,0.856
12176,1919,3463,2025-12-06 20:37:40,job_board,screened,0.543
12177,1986,6630,2026-01-15 23:54:08,job_board,screened,0.4
12178,60,1513,2024-02-27 02:56:23,referral,applied,0.847
12179,821,8604,2024-11-13 04:07:43,job_board,interview,0.813
12180,944,2578,2024-12-23 23:35:38,job_board,offer,0.517
12181,367,6203,2024-05-19 13:02:49,recruiter,interview,0.883
12182,427,443,2024-06-04 17:19:30,job_board,applied,0.698
12183,1946,327,2025-12-17 23:14:32,job_board,applied,0.831
12184,359,4553,2024-04-25 02:26:02,referral,applied,0.649
12185,965,1256,2024-12-12 06:47:36,job_board,applied,0.408
12186,964,5721,2025-01-21 16:09:36,job_board,applied,0.404
12187,1324,3537,2025-05-21 14:36:59,linkedin,interview,0.774
12188,1096,2079,2025-02-10 17:44:28,linkedin,applied,0.979
12189,85,8904,2024-02-21 05:18:15,outbound,applied,0.838
12190,902,3571,2024-11-11 04:07:55,job_board,screened,0.64
12191,672,765,2024-08-12 09:57:44,referral,screened,0.902
12192,257,1269,2024-04-15 20:23:13,job_board,screened,0.656
12193,1975,2861,2026-01-28 16:09:37,outbound,screened,0.708
12194,1081,4489,2025-02-17 15:34:01,outbound,offer,0.56
12195,1929,4967,2025-12-14 00:26:09,job_board,applied,0.778
12196,1832,4018,2025-11-04 17:37:09,linkedin,interview,0.709
12197,1969,1008,2025-12-14 09:56:04,referral,applied,0.942
12198,474,2329,2024-06-12 13:49:24,outbound,offer,0.599
12199,1648,1059,2025-08-17 21:22:29,outbound,screened,0.66
12200,81,4648,2024-02-12 00:23:25,linkedin,applied,0.459
12201,1002,619,2025-02-05 07:37:33,referral,interview,0.836
12202,1738,6975,2025-09-02 08:01:04,referral,applied,0.969
12203,1145,4526,2025-02-25 12:49:24,job_board,applied,0.966
12204,404,2572,2024-06-03 09:20:12,referral,applied,0.651
12205,150,2579,2024-03-12 12:44:09,linkedin,screened,0.684
12206,917,352,2024-12-23 10:45:53,job_board,interview,0.539
12207,1587,356,2025-08-04 07:05:09,job_board,applied,0.962
12208,1840,5919,2025-11-20 11:03:17,referral,interview,0.423
12209,1499,4517,2025-06-24 15:32:59,job_board,screened,0.84
12210,885,1138,2024-12-04 03:16:21,job_board,applied,0.703
12211,1417,6575,2025-05-22 19:24:51,linkedin,interview,0.757
12212,1568,8719,2025-08-10 22:34:39,job_board,applied,0.748
12213,766,6020,2024-10-18 10:47:10,job_board,applied,0.625
12214,528,7964,2024-07-20 18:48:07,referral,applied,0.678
12215,532,6159,2024-06-29 00:14:56,linkedin,screened,0.789
12216,1492,8319,2025-07-24 05:25:53,job_board,applied,0.949
12217,1620,4956,2025-09-07 21:39:56,job_board,applied,0.607
12218,389,7324,2024-05-14 14:43:30,linkedin,applied,0.631
12219,1950,7032,2025-12-14 14:54:53,job_board,applied,0.461
12220,38,2996,2024-02-08 01:54:00,job_board,applied,0.774
12221,847,562,2024-11-25 06:01:53,job_board,applied,0.928
12222,966,3800,2025-01-23 13:13:55,linkedin,screened,0.685
12223,112,1717,2024-01-31 09:23:18,linkedin,interview,0.501
12224,1449,7839,2025-06-03 09:29:50,job_board,offer,0.642
12225,1802,6330,2025-10-19 18:51:23,linkedin,offer,0.649
12226,476,8036,2024-07-07 14:22:08,job_board,interview,0.5
12227,1379,3022,2025-05-02 04:28:32,job_board,interview,0.701
12228,1903,4899,2025-12-08 03:32:41,referral,offer,0.738
12229,1343,2150,2025-04-30 04:49:54,linkedin,applied,0.51
12230,904,4295,2024-11-21 02:49:50,job_board,screened,0.636
12231,1889,244,2025-12-09 17:26:19,job_board,applied,0.76
12232,804,3160,2024-10-06 11:53:02,job_board,applied,0.922
12233,1341,7817,2025-04-26 23:00:37,outbound,applied,0.406
12234,1541,5539,2025-08-18 15:06:12,job_board,offer,0.915
12235,1236,7542,2025-04-14 21:21:21,referral,screened,0.434
12236,629,6903,2024-09-03 13:38:41,job_board,applied,0.661
12237,1421,545,2025-06-11 02:43:53,job_board,applied,0.905
12238,620,4316,2024-07-31 18:44:41,job_board,screened,0.93
12239,968,2740,2025-01-14 02:35:56,linkedin,applied,0.848
12240,1091,1066,2025-02-26 06:39:57,referral,applied,0.409
12241,574,1931,2024-07-22 07:50:00,referral,applied,0.548
12242,1535,89,2025-07-30 05:18:49,job_board,applied,0.472
12243,504,1862,2024-07-24 21:23:47,job_board,applied,0.678
12244,322,6062,2024-04-26 01:36:49,job_board,screened,0.596
12245,1453,2323,2025-07-04 23:43:43,job_board,interview,0.929
12246,1761,6533,2025-09-14 09:35:30,referral,offer,0.501
12247,486,2674,2024-07-15 02:09:52,job_board,screened,0.884
12248,1036,489,2025-02-21 20:35:28,referral,applied,0.575
12249,1863,6359,2025-10-25 19:04:51,linkedin,screened,0.899
12250,740,1491,2024-09-17 15:59:56,job_board,applied,0.512
12251,806,8729,2024-10-08 00:29:06,job_board,applied,0.614
12252,1397,3869,2025-05-30 04:05:56,referral,applied,0.592
12253,1268,409,2025-04-27 15:57:11,recruiter,applied,0.83
12254,254,2140,2024-03-15 04:13:22,recruiter,applied,0.741
12255,86,2907,2024-02-20 19:15:52,job_board,applied,0.944
12256,729,4481,2024-09-01 11:38:25,job_board,applied,0.45
12257,898,6007,2024-11-22 21:21:21,job_board,applied,0.98
12258,1227,2858,2025-03-25 21:39:57,linkedin,screened,0.407
12259,800,2754,2024-10-13 10:21:15,job_board,applied,0.687
12260,264,8349,2024-03-16 12:38:30,referral,offer,0.481
12261,1510,1721,2025-07-14 01:17:20,referral,applied,0.653
12262,864,6593,2024-11-01 21:07:55,job_board,interview,0.831
12263,111,1511,2024-02-20 20:23:39,referral,applied,0.652
12264,1194,2359,2025-03-07 03:14:23,referral,applied,0.889
12265,805,5382,2024-10-17 00:05:34,job_board,interview,0.795
12266,1072,879,2025-03-02 22:38:37,job_board,screened,0.672
12267,1717,1360,2025-09-13 09:24:13,job_board,applied,0.944
12268,383,7674,2024-05-23 18:34:52,recruiter,interview,0.86
12269,1337,869,2025-05-01 17:45:54,recruiter,offer,0.949
12270,238,1291,2024-03-31 03:06:15,job_board,offer,0.69
12271,1555,6748,2025-07-29 12:26:07,linkedin,screened,0.939
12272,732,4236,2024-09-24 17:20:24,linkedin,screened,0.44
12273,1527,3094,2025-07-08 09:02:56,recruiter,applied,0.942
12274,83,7407,2024-02-26 15:03:39,outbound,applied,0.671
12275,1324,8051,2025-04-19 14:36:59,job_board,screened,0.353
12276,502,1061,2024-06-15 14:33:56,recruiter,interview,0.861
12277,783,4468,2024-10-16 04:31:27,job_board,screened,0.913
12278,468,8322,2024-06-08 14:06:42,job_board,screened,0.702
12279,799,1187,2024-11-04 19:52:09,referral,applied,0.631
12280,1583,3702,2025-08-15 13:28:50,recruiter,applied,0.904
12281,103,1735,2024-02-03 17:24:04,referral,offer,0.382
12282,1205,1333,2025-04-08 08:36:21,referral,applied,0.884
12283,390,7934,2024-06-03 20:58:21,job_board,screened,0.796
12284,794,5849,2024-10-04 22:29:24,outbound,applied,0.729
12285,1117,1131,2025-02-27 13:50:08,job_board,screened,0.72
12286,194,3055,2024-03-07 19:31:45,job_board,applied,0.524
12287,1791,2840,2025-11-03 00:01:29,linkedin,screened,0.474
12288,1363,8309,2025-06-07 09:14:20,referral,screened,0.717
12289,1225,2731,2025-03-18 12:14:02,linkedin,interview,0.572
12290,1861,1007,2025-11-28 08:14:24,job_board,interview,0.512
12291,775,8890,2024-10-13 21:36:52,outbound,applied,0.712
12292,281,570,2024-03-20 12:29:58,job_board,applied,0.692
12293,1664,8770,2025-09-01 00:26:23,job_board,applied,0.555
12294,1270,2905,2025-04-07 17:22:44,job_board,interview,0.753
12295,898,6229,2024-12-18 21:21:21,job_board,interview,0.38
12296,170,4890,2024-02-18 23:55:02,recruiter,applied,0.924
12297,520,2120,2024-06-17 18:15:03,outbound,applied,0.438
12298,1167,4906,2025-02-17 15:48:45,linkedin,screened,0.905
12299,161,1614,2024-02-11 01:44:41,job_board,applied,0.637
12300,1097,4546,2025-02-15 23:19:17,linkedin,applied,0.835
12301,1658,541,2025-09-14 00:03:04,job_board,interview,0.754
12302,899,2105,2024-11-28 05:14:06,job_board,applied,0.691
12303,1232,552,2025-03-05 22:55:57,linkedin,applied,0.897
12304,433,5630,2024-06-20 03:00:04,job_board,interview,0.456
12305,1162,8468,2025-03-23 01:30:35,linkedin,applied,0.972
12306,366,385,2024-05-21 12:35:10,linkedin,applied,0.864
12307,1442,5432,2025-05-29 10:39:29,job_board,interview,0.936
12308,1065,4535,2025-01-27 03:09:07,recruiter,interview,0.96
12309,1211,1785,2025-03-02 18:42:41,referral,applied,0.473
12310,641,6237,2024-08-25 23:08:51,referral,screened,0.962
12311,702,7032,2024-08-30 02:37:51,linkedin,applied,0.71
12312,1319,8353,2025-04-11 13:34:48,outbound,applied,0.727
12313,1236,688,2025-04-06 21:21:21,recruiter,applied,0.529
12314,1384,1616,2025-06-04 03:13:11,linkedin,applied,0.47
12315,281,4702,2024-04-10 12:29:58,job_board,applied,0.459
12316,376,6931,2024-04-26 12:18:08,linkedin,screened,0.37
12317,593,1763,2024-08-21 08:12:54,job_board,applied,0.579
12318,775,3197,2024-09-29 21:36:52,job_board,applied,0.866
12319,1075,4038,2025-02-17 07:35:23,job_board,applied,0.815
12320,1041,5940,2025-01-11 19:43:18,job_board,interview,0.37
12321,139,2062,2024-02-29 05:15:06,referral,applied,0.861
12322,71,2662,2024-02-26 10:22:06,job_board,applied,0.701
12323,1644,1229,2025-08-29 05:50:45,job_board,applied,0.536
12324,1160,1903,2025-02-22 12:39:55,recruiter,screened,0.663
12325,90,8342,2024-02-09 16:55:50,recruiter,interview,0.362
12326,1707,6750,2025-09-01 04:50:34,referral,applied,0.629
12327,745,8280,2024-09-27 22:45:35,recruiter,interview,0.532
12328,1325,8457,2025-05-05 02:49:34,job_board,applied,0.737
12329,909,4440,2024-12-24 20:08:35,referral,applied,0.853
12330,385,1527,2024-04-23 01:43:36,job_board,screened,0.686
12331,1362,7076,2025-06-07 07:15:49,job_board,interview,0.743
12332,727,8881,2024-09-06 12:47:03,job_board,offer,0.967
12333,310,1816,2024-03-30 18:36:55,referral,applied,0.811
12334,446,6898,2024-05-30 08:10:45,referral,applied,0.475
12335,1643,3573,2025-08-24 05:07:24,referral,applied,0.957
12336,1041,8348,2025-02-13 19:43:18,job_board,applied,0.507
12337,853,2030,2024-11-09 21:01:11,outbound,interview,0.659
12338,1563,5909,2025-07-21 03:55:09,recruiter,offer,0.871
12339,503,754,2024-07-11 17:28:44,linkedin,applied,0.677
12340,302,8363,2024-03-25 20:04:22,job_board,screened,0.857
12341,197,3815,2024-03-02 14:49:52,job_board,offer,0.741
12342,204,4427,2024-04-04 22:05:18,linkedin,applied,0.848
12343,1851,6705,2025-11-26 14:16:45,job_board,applied,0.573
12344,1802,2074,2025-10-09 18:51:23,job_board,interview,0.966
12345,807,6704,2024-10-14 00:47:26,job_board,applied,0.641
12346,945,1041,2024-12-16 13:39:19,referral,screened,0.678
12347,763,3991,2024-09-20 19:18:05,job_board,applied,0.64
12348,1097,3009,2025-02-01 23:19:17,job_board,applied,0.419
12349,361,4017,2024-05-21 02:19:28,job_board,screened,0.423
12350,1319,5184,2025-05-08 13:34:48,referral,applied,0.38
12351,1013,5427,2025-01-28 12:07:58,outbound,applied,0.833
12352,1827,1869,2025-11-06 21:45:08,recruiter,offer,0.459
12353,640,8399,2024-09-05 22:49:45,job_board,interview,0.848
12354,1523,5942,2025-08-06 02:51:00,outbound,offer,0.929
12355,332,1351,2024-04-09 10:31:44,job_board,applied,0.49
12356,185,1402,2024-03-20 18:49:33,referral,screened,0.45
12357,1506,3645,2025-06-22 22:12:36,job_board,applied,0.895
12358,1777,8746,2025-10-20 18:37:37,job_board,applied,0.967
12359,1797,8152,2025-11-04 16:49:25,job_board,applied,0.879
12360,118,2165,2024-03-10 11:46:59,recruiter,screened,0.569
12361,705,4939,2024-09-07 22:01:12,job_board,screened,0.684
12362,947,2959,2025-01-13 23:49:07,linkedin,screened,0.539
12363,573,7137,2024-07-15 07:22:13,outbound,interview,0.692
12364,598,6672,2024-08-23 16:12:03,referral,applied,0.622
12365,747,4164,2024-10-03 16:25:47,outbound,applied,0.879
12366,50,3149,2024-02-17 12:22:18,job_board,screened,0.94
12367,1850,8290,2025-11-26 12:21:32,referral,interview,0.562
12368,602,3762,2024-08-17 12:22:06,job_board,applied,0.965
12369,1168,8013,2025-03-27 23:35:40,linkedin,interview,0.889
12370,1580,270,2025-08-03 07:35:50,job_board,applied,0.861
12371,332,4014,2024-05-18 10:31:44,recruiter,applied,0.96
12372,413,4902,2024-06-08 23:23:46,job_board,applied,0.499
12373,1265,46,2025-03-27 13:32:15,recruiter,applied,0.689
12374,1988,564,2026-01-08 20:18:42,job_board,applied,0.963
12375,803,5096,2024-11-01 02:58:05,job_board,screened,0.708
12376,1823,6736,2025-10-30 01:22:15,linkedin,offer,0.356
12377,35,1836,2024-01-15 12:53:51,linkedin,applied,0.851
12378,1474,8092,2025-07-02 23:43:26,referral,screened,0.932
12379,1940,2165,2025-12-14 16:38:19,job_board,applied,0.68
12380,1492,462,2025-06-20 05:25:53,job_board,applied,0.85
12381,230,3868,2024-03-06 15:24:03,linkedin,screened,0.571
12382,23,993,2024-01-17 06:33:13,job_board,applied,0.939
12383,827,4050,2024-10-21 22:56:27,outbound,interview,0.354
12384,1118,324,2025-03-11 13:54:06,job_board,applied,0.597
12385,1316,7746,2025-04-17 17:56:26,job_board,applied,0.639
12386,1857,5775,2025-10-23 21:44:18,outbound,screened,0.821
12387,1173,282,2025-03-26 01:28:38,job_board,applied,0.485
12388,536,8283,2024-07-14 04:39:27,referral,interview,0.395
12389,9,2656,2024-02-16 21:58:27,linkedin,applied,0.9
12390,1865,4549,2025-11-02 07:03:10,job_board,interview,0.524
12391,1216,5691,2025-03-06 08:14:26,job_board,screened,0.761
12392,1358,3635,2025-06-01 12:44:10,job_board,interview,0.767
12393,1455,5598,2025-06-03 23:35:11,job_board,screened,0.959
12394,1601,1440,2025-08-23 02:51:19,job_board,screened,0.949
12395,1699,2860,2025-08-26 14:51:42,job_board,applied,0.368
12396,1740,6096,2025-10-08 07:23:23,job_board,applied,0.438
12397,368,1602,2024-05-12 19:37:50,linkedin,interview,0.454
12398,593,2848,2024-07-18 08:12:54,job_board,applied,0.827
12399,74,2494,2024-02-25 19:29:08,referral,applied,0.763
12400,244,1131,2024-03-16 05:15:56,job_board,screened,0.522
12401,1889,8032,2025-12-04 17:26:19,job_board,interview,0.694
12402,847,8850,2024-10-21 06:01:53,referral,applied,0.766
12403,1361,2366,2025-05-13 00:48:33,job_board,interview,0.545
12404,1131,7680,2025-02-14 15:36:02,job_board,screened,0.738
12405,910,4426,2024-12-25 07:33:25,linkedin,applied,0.458
12406,325,2141,2024-04-07 09:54:15,job_board,offer,0.732
12407,1451,8481,2025-06-21 17:38:43,outbound,applied,0.824
12408,1504,1164,2025-07-02 07:05:07,linkedin,screened,0.796
12409,315,1066,2024-05-02 10:20:44,job_board,screened,0.4
12410,643,3694,2024-08-21 13:16:37,job_board,applied,0.523
12411,1917,7837,2025-12-07 13:51:15,linkedin,screened,0.95
12412,1709,2694,2025-09-26 19:15:57,job_board,applied,0.528
12413,1309,6691,2025-05-02 11:51:59,job_board,offer,0.41
12414,1919,7868,2025-12-16 20:37:40,job_board,applied,0.52
12415,1754,4369,2025-09-24 09:04:20,job_board,applied,0.761
12416,1230,1134,2025-03-12 17:57:04,job_board,interview,0.971
12417,1114,8541,2025-01-31 00:48:25,linkedin,applied,0.86
12418,1298,7254,2025-04-24 14:50:05,job_board,applied,0.758
12419,1602,670,2025-08-17 02:51:57,linkedin,applied,0.668
12420,1921,5228,2025-11-28 23:36:23,job_board,screened,0.364
12421,656,7692,2024-08-12 13:14:28,referral,screened,0.623
12422,601,5105,2024-07-16 09:07:13,outbound,applied,0.526
12423,267,1780,2024-04-05 15:54:34,outbound,applied,0.51
12424,21,8417,2024-02-18 14:43:56,linkedin,applied,0.575
12425,708,3188,2024-09-17 22:26:28,job_board,screened,0.933
12426,500,5,2024-06-10 18:43:30,referral,applied,0.616
12427,1794,1102,2025-10-12 14:12:06,linkedin,applied,0.509
12428,976,4132,2025-01-26 01:50:37,job_board,applied,0.745
12429,1397,4458,2025-05-13 04:05:56,job_board,applied,0.847
12430,416,5603,2024-05-16 06:38:08,job_board,applied,0.423
12431,913,1522,2024-12-19 12:08:24,job_board,applied,0.674
12432,1619,898,2025-08-26 02:56:32,job_board,applied,0.85
12433,471,2296,2024-06-04 06:24:03,job_board,interview,0.496
12434,788,509,2024-09-18 09:36:51,job_board,interview,0.701
12435,1197,537,2025-02-26 22:39:21,job_board,applied,0.364
12436,402,5751,2024-05-25 02:08:32,linkedin,applied,0.565
12437,1186,2746,2025-03-05 07:10:09,referral,applied,0.643
12438,1230,1419,2025-03-09 17:57:04,job_board,applied,0.679
12439,1062,1475,2025-01-18 17:04:19,linkedin,offer,0.777
12440,332,7199,2024-04-09 10:31:44,referral,interview,0.865
12441,1476,6169,2025-06-22 08:20:15,job_board,interview,0.8
12442,1676,406,2025-08-22 02:30:56,referral,interview,0.363
12443,486,5744,2024-07-08 02:09:52,recruiter,offer,0.528
12444,220,5532,2024-03-29 20:45:50,job_board,offer,0.912
12445,1022,5990,2025-02-09 14:06:25,recruiter,applied,0.843
12446,349,7101,2024-05-14 00:17:02,job_board,applied,0.938
12447,617,6085,2024-08-09 11:23:26,referral,applied,0.589
12448,1315,6408,2025-04-14 17:37:51,job_board,screened,0.883
12449,412,929,2024-05-11 12:39:45,job_board,screened,0.712
12450,734,8276,2024-09-25 03:11:28,job_board,interview,0.679
12451,666,1925,2024-09-17 09:41:15,recruiter,applied,0.962
12452,1431,6818,2025-06-21 11:26:57,outbound,interview,0.652
12453,1606,6638,2025-08-27 08:32:00,recruiter,applied,0.704
12454,1744,4356,2025-10-11 19:04:33,outbound,screened,0.805
12455,228,4340,2024-02-27 10:26:14,linkedin,screened,0.788
12456,1540,8089,2025-08-15 14:59:39,job_board,interview,0.501
12457,551,5671,2024-07-23 22:06:34,linkedin,interview,0.526
12458,1790,2328,2025-10-30 17:42:39,linkedin,screened,0.377
12459,1067,510,2025-02-28 17:47:54,referral,applied,0.624
12460,1844,1211,2025-10-15 21:49:46,outbound,offer,0.724
12461,802,3477,2024-11-03 23:43:16,linkedin,applied,0.583
12462,642,6000,2024-08-20 23:27:56,job_board,screened,0.704
12463,1656,3943,2025-08-23 20:46:37,job_board,applied,0.401
12464,714,6863,2024-10-04 16:49:10,recruiter,applied,0.653
12465,1559,6232,2025-08-06 04:32:58,job_board,offer,0.736
12466,103,6386,2024-02-23 17:24:04,job_board,interview,0.793
12467,1356,8209,2025-05-19 18:43:06,outbound,applied,0.73
12468,1816,724,2025-10-28 16:32:51,job_board,applied,0.58
12469,565,5171,2024-08-04 13:13:46,linkedin,applied,0.909
12470,1972,3076,2025-12-29 20:41:54,referral,applied,0.873
12471,43,6851,2024-02-23 07:04:40,recruiter,applied,0.976
12472,252,7271,2024-04-04 21:53:43,outbound,screened,0.356
12473,628,5792,2024-08-13 07:50:37,referral,screened,0.388
12474,628,6646,2024-08-16 07:50:37,referral,applied,0.769
12475,1202,8190,2025-02-25 17:59:05,job_board,screened,0.698
12476,1736,5008,2025-09-02 13:21:28,job_board,applied,0.54
12477,203,7298,2024-03-24 11:13:39,linkedin,applied,0.392
12478,1498,942,2025-07-05 05:15:45,linkedin,applied,0.386
12479,1648,2226,2025-09-15 21:22:29,job_board,applied,0.835
12480,1164,8171,2025-03-02 05:52:11,referral,applied,0.638
12481,1974,2001,2026-01-25 14:32:11,job_board,offer,0.704
12482,194,85,2024-03-20 19:31:45,outbound,applied,0.534
12483,1476,8208,2025-06-08 08:20:15,linkedin,screened,0.485
12484,835,3225,2024-10-24 08:07:25,job_board,screened,0.771
12485,830,5378,2024-11-14 15:22:09,outbound,screened,0.419
12486,1201,6936,2025-03-30 12:14:58,job_board,interview,0.95
12487,1595,4047,2025-07-25 03:42:39,referral,applied,0.552
12488,964,185,2024-12-20 16:09:36,linkedin,applied,0.888
12489,546,6302,2024-08-07 18:07:30,job_board,interview,0.681
12490,533,5881,2024-07-12 05:47:00,job_board,screened,0.884
12491,1909,2536,2025-12-16 20:27:38,referral,applied,0.862
12492,829,5933,2024-10-27 14:05:21,linkedin,applied,0.885
12493,734,7278,2024-09-02 03:11:28,referral,interview,0.53
12494,1132,8840,2025-02-28 20:00:37,job_board,interview,0.454
12495,1380,4750,2025-05-05 04:53:08,referral,applied,0.79
12496,75,600,2024-02-27 21:03:28,job_board,applied,0.542
12497,38,7839,2024-01-23 01:54:00,recruiter,interview,0.547
12498,1147,3908,2025-03-17 12:33:05,outbound,applied,0.5
12499,1262,5794,2025-03-28 21:13:44,referral,applied,0.836
12500,983,7990,2024-12-20 03:14:09,job_board,applied,0.874
12501,593,2342,2024-07-12 08:12:54,job_board,applied,0.364
12502,1567,33,2025-07-15 18:24:22,job_board,screened,0.937
12503,205,8690,2024-04-01 22:22:54,outbound,applied,0.808
12504,1280,1450,2025-03-27 22:37:40,referral,applied,0.487
12505,868,3622,2024-10-23 21:57:08,job_board,interview,0.787
12506,734,7111,2024-09-06 03:11:28,job_board,applied,0.709
12507,212,6894,2024-04-07 20:01:01,linkedin,applied,0.928
12508,1340,1486,2025-05-24 15:13:57,job_board,applied,0.786
12509,371,2300,2024-04-29 18:14:44,linkedin,interview,0.62
12510,1081,6199,2025-02-09 15:34:01,job_board,interview,0.449
12511,1791,3754,2025-10-17 00:01:29,job_board,interview,0.851
12512,1485,4533,2025-06-24 17:45:09,recruiter,interview,0.962
12513,127,6645,2024-03-02 18:27:34,job_board,applied,0.851
12514,1965,7744,2025-12-20 21:34:34,job_board,interview,0.799
12515,1250,6267,2025-03-26 22:19:15,referral,applied,0.915
12516,1663,1556,2025-09-17 11:47:05,job_board,applied,0.799
12517,121,8451,2024-02-19 21:24:45,job_board,applied,0.96
12518,1830,5065,2025-11-14 16:47:43,outbound,applied,0.645
12519,1437,7181,2025-06-26 00:53:45,job_board,offer,0.812
12520,1769,5514,2025-09-30 06:35:07,recruiter,applied,0.717
12521,1956,2918,2025-12-06 13:57:14,linkedin,screened,0.436
12522,1684,5857,2025-08-20 09:19:51,linkedin,interview,0.509
12523,860,7770,2024-11-02 05:21:35,outbound,applied,0.583
12524,1677,7427,2025-09-14 18:45:05,referral,screened,0.501
12525,1937,8290,2026-01-01 18:32:22,outbound,applied,0.405
12526,1816,490,2025-10-18 16:32:51,referral,interview,0.351
12527,1283,8587,2025-04-08 05:09:24,linkedin,interview,0.597
12528,1917,2944,2025-12-17 13:51:15,job_board,applied,0.451
12529,1191,8105,2025-02-22 20:43:34,job_board,offer,0.97
12530,890,4746,2024-11-18 09:40:30,outbound,applied,0.652
12531,343,6259,2024-04-16 11:17:46,job_board,interview,0.88
12532,932,7040,2024-12-22 13:53:11,recruiter,applied,0.659
12533,1905,7163,2025-12-12 18:34:01,job_board,screened,0.638
12534,238,2878,2024-04-08 03:06:15,outbound,screened,0.808
12535,1724,5831,2025-10-07 13:31:52,linkedin,applied,0.913
12536,1286,5082,2025-04-04 10:05:00,job_board,applied,0.545
12537,264,2878,2024-03-21 12:38:30,outbound,interview,0.569
12538,452,341,2024-06-07 07:15:41,recruiter,screened,0.853
12539,58,7345,2024-02-06 23:44:42,recruiter,screened,0.493
12540,1482,3805,2025-07-13 23:01:57,job_board,applied,0.968
12541,719,2049,2024-09-02 10:55:13,job_board,applied,0.833
12542,372,3033,2024-05-13 18:15:01,job_board,screened,0.593
12543,319,3882,2024-05-10 13:22:46,job_board,screened,0.436
12544,1010,8961,2025-01-05 06:04:35,job_board,applied,0.812
12545,673,3092,2024-09-15 21:55:20,job_board,interview,0.619
12546,1811,1200,2025-10-06 03:42:31,job_board,applied,0.75
12547,1917,1550,2025-12-02 13:51:15,job_board,applied,0.424
12548,401,8269,2024-05-05 00:50:20,recruiter,applied,0.386
12549,1724,7191,2025-08-26 13:31:52,outbound,screened,0.501
12550,121,32,2024-02-11 21:24:45,job_board,offer,0.592
12551,881,4248,2024-11-23 03:12:48,job_board,screened,0.493
12552,1156,2424,2025-02-25 21:57:12,job_board,offer,0.544
12553,552,4743,2024-07-25 10:01:09,referral,applied,0.864
12554,1299,5401,2025-05-03 09:14:52,job_board,applied,0.403
12555,1156,4519,2025-03-08 21:57:12,referral,applied,0.688
12556,1869,4384,2025-11-20 16:25:13,job_board,applied,0.594
12557,1875,6205,2025-11-06 23:33:21,referral,interview,0.558
12558,1634,6408,2025-09-05 22:30:28,job_board,screened,0.66
12559,1582,1584,2025-07-16 18:33:42,referral,applied,0.942
12560,676,6181,2024-09-14 15:42:44,job_board,applied,0.82
12561,1736,4508,2025-08-30 13:21:28,job_board,applied,0.755
12562,725,3680,2024-09-22 01:21:18,job_board,interview,0.953
12563,1523,2343,2025-08-03 02:51:00,referral,applied,0.579
12564,972,4981,2025-01-23 17:23:16,linkedin,offer,0.818
12565,1008,8745,2025-01-24 11:44:45,job_board,applied,0.46
12566,1620,4198,2025-09-01 21:39:56,outbound,screened,0.39
12567,284,542,2024-03-30 00:40:47,job_board,applied,0.69
12568,1703,2191,2025-09-02 03:33:16,job_board,applied,0.828
12569,1638,8356,2025-09-12 15:16:15,job_board,applied,0.765
12570,943,7220,2024-12-23 03:05:12,referral,applied,0.583
12571,1302,540,2025-05-10 15:20:45,outbound,applied,0.926
12572,530,7250,2024-07-13 07:51:21,linkedin,applied,0.572
12573,1546,984,2025-08-12 21:50:45,job_board,applied,0.598
12574,239,2704,2024-03-08 04:14:25,linkedin,offer,0.444
12575,1469,8157,2025-07-01 06:38:24,job_board,applied,0.927
12576,1357,5834,2025-05-02 00:42:55,outbound,applied,0.404
12577,493,5831,2024-07-03 23:53:29,job_board,applied,0.792
12578,1630,1931,2025-08-14 03:21:48,referral,applied,0.524
12579,572,2920,2024-07-28 17:36:15,job_board,applied,0.576
12580,1085,839,2025-03-02 21:44:36,job_board,applied,0.501
12581,1713,5296,2025-08-31 19:39:56,referral,applied,0.581
12582,119,4377,2024-03-01 14:35:24,referral,applied,0.576
12583,815,1496,2024-10-31 20:46:50,job_board,applied,0.856
12584,1255,2627,2025-03-29 21:21:06,referral,screened,0.952
12585,356,584,2024-05-07 05:40:19,referral,screened,0.41
12586,1028,576,2025-02-16 09:26:40,linkedin,interview,0.462
12587,1286,444,2025-04-19 10:05:00,linkedin,interview,0.872
12588,1743,2906,2025-09-09 15:22:46,job_board,interview,0.828
12589,597,2431,2024-08-12 10:59:45,outbound,offer,0.74
12590,1664,1697,2025-08-13 00:26:23,job_board,screened,0.535
12591,1286,1615,2025-04-11 10:05:00,job_board,applied,0.49
12592,1020,8545,2025-02-11 11:54:01,outbound,interview,0.944
12593,1181,3630,2025-03-20 22:45:11,referral,applied,0.507
12594,1977,4671,2026-01-17 10:52:10,linkedin,applied,0.524
12595,1327,7891,2025-04-24 03:29:38,job_board,applied,0.559
12596,862,8979,2024-10-17 11:21:12,job_board,screened,0.782
12597,1987,3407,2026-01-30 12:54:51,referral,applied,0.701
12598,1385,6915,2025-05-12 07:05:26,linkedin,applied,0.815
12599,555,3588,2024-08-11 16:28:37,referral,screened,0.736
12600,1222,2415,2025-03-15 01:56:42,job_board,screened,0.821
12601,1952,1087,2025-12-28 22:25:36,referral,applied,0.899
12602,1399,3137,2025-06-06 14:09:40,referral,applied,0.694
12603,1527,8899,2025-07-18 09:02:56,referral,applied,0.508
12604,1324,1524,2025-05-16 14:36:59,linkedin,applied,0.604
12605,1711,1308,2025-09-04 03:01:56,recruiter,interview,0.45
12606,163,2302,2024-02-29 18:27:50,job_board,applied,0.932
12607,1605,3045,2025-08-30 08:21:41,referral,applied,0.626
12608,1802,3435,2025-10-09 18:51:23,referral,offer,0.876
12609,46,8512,2024-01-27 00:08:42,job_board,interview,0.943
12610,1577,8372,2025-07-18 11:11:32,recruiter,applied,0.576
12611,1008,4095,2025-02-06 11:44:45,linkedin,applied,0.431
12612,772,7985,2024-09-13 12:58:35,job_board,applied,0.842
12613,212,3043,2024-03-12 20:01:01,recruiter,applied,0.723
12614,637,3549,2024-08-08 14:23:44,job_board,applied,0.82
12615,1347,6437,2025-05-29 16:25:08,job_board,interview,0.591
12616,1028,7812,2025-01-28 09:26:40,job_board,applied,0.354
12617,120,298,2024-02-18 09:03:38,job_board,applied,0.851
12618,613,5293,2024-08-10 21:34:42,job_board,interview,0.941
12619,67,2891,2024-02-12 04:39:19,recruiter,interview,0.9
12620,727,3520,2024-09-03 12:47:03,linkedin,applied,0.83
12621,1814,5223,2025-10-05 15:30:28,outbound,applied,0.55
12622,1516,4619,2025-07-04 15:17:08,job_board,applied,0.524
12623,1835,8920,2025-11-19 20:32:04,linkedin,screened,0.554
12624,334,3977,2024-04-08 08:29:52,referral,applied,0.742
12625,1248,8708,2025-04-06 16:20:26,recruiter,applied,0.815
12626,603,6113,2024-08-16 20:44:48,job_board,offer,0.627
12627,920,5636,2024-12-13 11:30:53,job_board,applied,0.643
12628,1936,4815,2026-01-02 05:57:29,job_board,applied,0.721
12629,1657,3062,2025-08-11 21:10:09,linkedin,interview,0.493
12630,1394,5279,2025-05-22 08:55:41,outbound,applied,0.961
12631,1929,4951,2025-12-24 00:26:09,job_board,applied,0.525
12632,998,958,2024-12-27 22:42:07,job_board,applied,0.967
12633,109,8405,2024-02-14 11:59:48,referral,applied,0.416
12634,1825,7984,2025-11-07 17:57:46,referral,screened,0.71
12635,208,6005,2024-03-12 18:30:40,job_board,screened,0.887
12636,534,6024,2024-07-26 17:10:10,linkedin,applied,0.418
12637,1811,1343,2025-10-20 03:42:31,linkedin,applied,0.729
12638,1775,5372,2025-09-22 16:53:46,referral,applied,0.426
12639,199,8744,2024-03-14 23:53:38,job_board,applied,0.481
12640,1713,1109,2025-09-10 19:39:56,referral,applied,0.432
12641,1429,8120,2025-06-22 23:19:08,referral,applied,0.581
12642,216,3163,2024-04-01 10:36:22,linkedin,applied,0.513
12643,1108,1951,2025-02-12 01:28:41,job_board,screened,0.933
12644,530,8117,2024-07-30 07:51:21,linkedin,interview,0.967
12645,1044,5912,2025-02-19 22:19:51,referral,applied,0.525
12646,371,7215,2024-05-09 18:14:44,job_board,interview,0.843
12647,196,7905,2024-02-22 01:04:10,linkedin,applied,0.84
12648,1302,98,2025-05-03 15:20:45,referral,applied,0.56
12649,1458,1985,2025-06-23 01:30:15,job_board,applied,0.493
12650,383,2129,2024-05-20 18:34:52,outbound,offer,0.836
12651,1205,8313,2025-03-26 08:36:21,referral,screened,0.546
12652,984,4735,2025-01-20 13:24:28,job_board,screened,0.354
12653,1858,1621,2025-11-29 00:15:05,job_board,screened,0.559
12654,1132,6286,2025-02-17 20:00:37,linkedin,applied,0.774
12655,962,3215,2024-12-25 17:32:15,recruiter,applied,0.533
12656,17,5196,2024-01-13 02:22:26,recruiter,offer,0.542
12657,1825,8489,2025-11-02 17:57:46,referral,applied,0.458
12658,1324,2430,2025-05-12 14:36:59,job_board,applied,0.496
12659,368,8520,2024-05-22 19:37:50,referral,applied,0.804
12660,12,6684,2024-01-10 07:40:29,linkedin,applied,0.8
12661,408,210,2024-06-07 17:19:40,recruiter,screened,0.896
12662,1008,3551,2025-01-28 11:44:45,referral,applied,0.656
12663,1898,7798,2025-12-17 10:34:46,job_board,applied,0.653
12664,1241,7709,2025-03-09 06:36:10,job_board,screened,0.649
12665,199,6244,2024-03-05 23:53:38,referral,screened,0.543
12666,385,6215,2024-06-03 01:43:36,linkedin,applied,0.957
12667,474,7846,2024-07-05 13:49:24,recruiter,interview,0.401
12668,152,1280,2024-03-04 21:14:02,job_board,interview,0.81
12669,283,4158,2024-04-29 22:54:35,job_board,offer,0.651
12670,184,3160,2024-03-14 16:54:14,linkedin,applied,0.932
12671,1420,8834,2025-06-05 22:44:53,job_board,applied,0.379
12672,1367,6902,2025-05-08 06:19:34,job_board,interview,0.782
12673,1561,6735,2025-08-10 12:10:49,job_board,applied,0.626
12674,366,859,2024-05-10 12:35:10,job_board,interview,0.356
12675,1803,6835,2025-10-10 06:44:01,job_board,applied,0.617
12676,748,7525,2024-09-07 17:51:11,job_board,applied,0.638
12677,294,3843,2024-04-02 19:57:56,recruiter,interview,0.811
12678,316,7772,2024-04-19 13:37:47,referral,applied,0.763
12679,644,3531,2024-08-09 16:53:26,linkedin,applied,0.801
12680,176,5880,2024-03-09 15:34:39,job_board,applied,0.816
12681,635,1851,2024-07-27 21:11:06,recruiter,applied,0.7
12682,1322,4600,2025-04-25 05:07:23,job_board,applied,0.788
12683,1947,525,2025-12-26 20:40:19,job_board,applied,0.684
12684,11,1073,2024-02-04 23:54:28,outbound,applied,0.683
12685,1166,8114,2025-03-21 15:10:28,referral,interview,0.915
12686,470,6313,2024-06-02 04:40:04,job_board,screened,0.366
12687,675,5317,2024-08-19 01:25:10,job_board,applied,0.93
12688,1288,3642,2025-04-24 15:31:34,job_board,screened,0.916
12689,598,5024,2024-07-14 16:12:03,job_board,applied,0.805
12690,878,6355,2024-11-17 20:18:00,job_board,screened,0.877
12691,639,3043,2024-08-08 22:47:06,referral,applied,0.375
12692,724,2912,2024-09-16 12:54:04,job_board,applied,0.7
12693,1425,6658,2025-06-20 04:57:31,outbound,interview,0.595
12694,585,4861,2024-07-17 23:51:23,job_board,applied,0.734
12695,1099,3662,2025-02-15 01:50:43,job_board,screened,0.548
12696,1586,4025,2025-08-19 02:41:03,job_board,interview,0.798
12697,1248,7284,2025-04-15 16:20:26,outbound,applied,0.683
12698,1520,4660,2025-07-11 19:40:24,referral,screened,0.403
12699,942,719,2024-12-07 13:16:25,job_board,applied,0.82
12700,930,7461,2024-12-10 06:41:18,job_board,applied,0.561
12701,53,2227,2024-02-10 19:22:44,outbound,applied,0.829
12702,1410,666,2025-06-12 16:40:41,outbound,interview,0.77
12703,1375,2551,2025-05-31 12:26:56,referral,screened,0.942
12704,1022,1072,2025-01-18 14:06:25,referral,applied,0.815
12705,1449,210,2025-07-03 09:29:50,job_board,applied,0.479
12706,1317,6295,2025-05-13 04:35:54,linkedin,applied,0.518
12707,361,5971,2024-05-16 02:19:28,linkedin,applied,0.922
12708,448,2774,2024-06-21 15:32:36,job_board,applied,0.505
12709,1299,6315,2025-05-10 09:14:52,recruiter,applied,0.701
12710,196,342,2024-03-26 01:04:10,job_board,applied,0.781
12711,1756,3721,2025-09-15 18:06:23,job_board,offer,0.415
12712,698,5181,2024-09-18 12:01:01,outbound,interview,0.456
12713,1206,7160,2025-03-20 15:01:24,job_board,screened,0.738
12714,1044,2460,2025-01-30 22:19:51,recruiter,applied,0.696
12715,1338,8584,2025-05-08 05:08:17,job_board,screened,0.369
12716,712,3354,2024-08-29 13:28:57,outbound,interview,0.8
12717,1402,6631,2025-06-20 06:23:38,job_board,interview,0.389
12718,347,1617,2024-04-12 22:43:46,job_board,applied,0.82
12719,649,6060,2024-08-23 01:50:58,outbound,applied,0.467
12720,80,5053,2024-02-29 16:56:17,job_board,screened,0.682
12721,309,4047,2024-04-25 18:19:51,referral,interview,0.75
12722,111,2282,2024-03-08 20:23:39,recruiter,applied,0.517
12723,946,4982,2025-01-11 23:05:41,job_board,applied,0.588
12724,147,3699,2024-02-05 23:09:35,referral,offer,0.698
12725,464,2594,2024-05-30 07:05:23,referral,screened,0.862
12726,967,4732,2024-12-16 08:20:35,linkedin,applied,0.744
12727,1374,2197,2025-05-14 07:25:02,job_board,applied,0.548
12728,50,5887,2024-01-30 12:22:18,outbound,screened,0.588
12729,1430,236,2025-06-01 23:43:51,referral,applied,0.723
12730,1039,2201,2025-01-17 08:57:35,referral,applied,0.683
12731,17,4328,2024-01-11 02:22:26,referral,applied,0.961
12732,195,1150,2024-03-10 22:20:23,linkedin,screened,0.696
12733,1909,2026,2025-12-08 20:27:38,outbound,applied,0.54
12734,900,3822,2024-11-20 01:19:23,job_board,applied,0.957
12735,1851,4207,2025-10-26 14:16:45,job_board,applied,0.976
12736,1031,3070,2025-01-30 00:30:13,outbound,applied,0.52
12737,264,7312,2024-03-18 12:38:30,job_board,interview,0.763
12738,1458,4601,2025-06-07 01:30:15,job_board,applied,0.351
12739,956,3305,2024-12-04 21:52:57,job_board,screened,0.954
12740,757,4622,2024-09-21 10:09:20,job_board,offer,0.913
12741,419,2898,2024-05-07 10:35:57,linkedin,interview,0.525
12742,888,458,2024-11-15 22:40:16,linkedin,applied,0.37
12743,1928,4022,2025-12-09 11:25:45,outbound,applied,0.46
12744,437,3261,2024-05-26 07:31:50,job_board,offer,0.915
12745,1133,4460,2025-03-02 20:22:26,outbound,applied,0.697
12746,66,4633,2024-01-23 01:02:33,outbound,applied,0.653
12747,1401,2455,2025-05-15 20:08:37,job_board,applied,0.825
12748,1782,4093,2025-10-31 20:23:14,referral,interview,0.688
12749,1956,5400,2026-01-13 13:57:14,referral,applied,0.846
12750,1623,2174,2025-08-02 05:12:27,referral,applied,0.867
12751,1347,261,2025-04-29 16:25:08,outbound,applied,0.512
12752,1166,1669,2025-03-09 15:10:28,job_board,applied,0.684
12753,1742,4376,2025-09-15 09:51:30,job_board,applied,0.641
12754,20,6219,2024-01-13 14:49:30,linkedin,interview,0.777
12755,482,5842,2024-06-14 23:13:58,referral,screened,0.609
12756,90,6967,2024-03-06 16:55:50,linkedin,applied,0.596
12757,459,4197,2024-05-28 18:07:25,job_board,applied,0.911
12758,447,7902,2024-06-15 12:03:34,recruiter,applied,0.857
12759,883,8805,2024-12-11 02:20:31,job_board,applied,0.956
12760,1382,157,2025-06-07 09:38:52,referral,applied,0.423
12761,1763,1396,2025-10-16 07:29:37,job_board,applied,0.628
12762,1199,3593,2025-03-07 16:35:57,linkedin,screened,0.865
12763,79,4078,2024-02-01 12:03:48,outbound,screened,0.825
12764,198,1854,2024-03-17 10:16:36,linkedin,screened,0.629
12765,883,2627,2024-12-10 02:20:31,job_board,applied,0.607
12766,1227,405,2025-03-16 21:39:57,linkedin,offer,0.761
12767,1650,8130,2025-09-02 11:16:51,job_board,screened,0.809
12768,749,7082,2024-10-13 23:57:38,job_board,applied,0.849
12769,355,1617,2024-05-18 04:22:19,recruiter,interview,0.452
12770,284,3606,2024-04-30 00:40:47,job_board,applied,0.631
12771,1232,4693,2025-03-18 22:55:57,job_board,applied,0.747
12772,1997,4017,2026-01-29 09:37:00,referral,interview,0.838
12773,140,3819,2024-02-12 05:55:59,linkedin,interview,0.391
12774,19,4971,2024-01-07 05:16:16,job_board,applied,0.764
12775,21,8256,2024-01-27 14:43:56,linkedin,applied,0.419
12776,1093,4729,2025-02-27 12:18:21,recruiter,applied,0.592
12777,638,5019,2024-08-14 22:33:40,referral,applied,0.494
12778,1650,2336,2025-08-17 11:16:51,recruiter,applied,0.408
12779,1612,4191,2025-09-06 21:21:53,job_board,applied,0.453
12780,1005,6077,2025-01-17 20:06:10,referral,screened,0.726
12781,83,5280,2024-01-26 15:03:39,linkedin,offer,0.671
12782,1141,4378,2025-02-14 18:59:29,job_board,interview,0.911
12783,730,6403,2024-09-02 13:52:32,linkedin,applied,0.494
12784,1673,1964,2025-09-23 00:34:31,outbound,applied,0.399
12785,1458,288,2025-06-27 01:30:15,job_board,offer,0.608
12786,1917,2808,2025-11-15 13:51:15,linkedin,applied,0.831
12787,739,2221,2024-09-23 12:20:57,job_board,applied,0.416
12788,647,8219,2024-08-16 06:42:08,job_board,interview,0.356
12789,958,2122,2024-12-29 14:20:53,job_board,applied,0.814
12790,1651,8200,2025-09-12 16:54:35,linkedin,applied,0.4
12791,1001,3741,2025-01-15 17:34:29,outbound,applied,0.583
12792,672,6434,2024-08-19 09:57:44,outbound,screened,0.568
12793,1816,5188,2025-10-16 16:32:51,job_board,applied,0.352
12794,783,49,2024-10-17 04:31:27,linkedin,screened,0.97
12795,1752,8244,2025-09-10 09:26:50,referral,applied,0.742
12796,1277,4279,2025-04-18 19:17:02,job_board,applied,0.505
12797,128,5092,2024-03-06 22:21:50,job_board,applied,0.589
12798,986,2376,2025-01-30 19:09:50,job_board,applied,0.769
12799,1385,1634,2025-05-22 07:05:26,outbound,applied,0.845
12800,1831,351,2025-10-26 01:20:18,job_board,applied,0.605
12801,1086,4733,2025-03-03 01:23:12,outbound,applied,0.702
12802,30,2816,2024-02-15 07:30:16,linkedin,applied,0.563
12803,710,3858,2024-09-12 02:41:12,job_board,applied,0.362
12804,1938,8838,2025-12-13 22:02:58,linkedin,applied,0.502
12805,986,5812,2025-01-26 19:09:50,job_board,applied,0.678
12806,770,6636,2024-09-28 10:21:24,job_board,offer,0.533
12807,1760,5732,2025-10-23 17:12:03,job_board,applied,0.416
12808,835,1574,2024-10-28 08:07:25,outbound,applied,0.915
12809,1547,5942,2025-08-01 21:55:22,linkedin,applied,0.798
12810,42,7985,2024-02-04 04:11:11,job_board,applied,0.897
12811,1137,8976,2025-03-13 00:32:20,recruiter,screened,0.595
12812,48,428,2024-02-17 02:09:45,job_board,applied,0.804
12813,352,249,2024-04-17 12:19:50,outbound,screened,0.75
12814,1090,8811,2025-03-01 03:44:48,linkedin,applied,0.568
12815,1238,6861,2025-03-11 08:07:50,referral,applied,0.564
12816,237,146,2024-04-05 19:49:50,linkedin,interview,0.719
12817,997,7694,2025-01-25 09:31:50,linkedin,applied,0.357
12818,813,8468,2024-10-25 02:15:37,job_board,applied,0.408
12819,894,2207,2024-11-02 19:37:19,job_board,applied,0.76
12820,1621,1924,2025-09-03 21:51:00,referral,screened,0.838
12821,1888,6817,2025-12-03 11:47:16,linkedin,applied,0.392
12822,150,2724,2024-03-02 12:44:09,recruiter,applied,0.644
12823,1986,945,2026-01-01 23:54:08,job_board,interview,0.811
12824,102,6257,2024-02-28 02:02:09,referral,applied,0.604
12825,1903,4883,2025-11-18 03:32:41,linkedin,interview,0.427
12826,1232,2492,2025-03-22 22:55:57,job_board,applied,0.757
12827,1478,2902,2025-06-24 10:00:31,referral,applied,0.939
12828,487,4225,2024-06-22 07:39:26,outbound,applied,0.917
12829,1198,2052,2025-04-04 09:59:10,job_board,applied,0.898
12830,1185,470,2025-03-25 07:08:44,job_board,applied,0.957
12831,639,5825,2024-08-27 22:47:06,job_board,applied,0.86
12832,1007,2634,2025-01-31 08:05:03,referral,applied,0.514
12833,1895,3624,2025-12-09 02:22:05,recruiter,applied,0.882
12834,216,2787,2024-03-28 10:36:22,job_board,interview,0.844
12835,912,1495,2024-12-18 10:41:13,referral,applied,0.802
12836,674,4894,2024-08-08 22:01:38,job_board,applied,0.894
12837,404,5460,2024-06-06 09:20:12,linkedin,applied,0.355
12838,958,4508,2024-12-18 14:20:53,linkedin,applied,0.675
12839,222,4562,2024-03-04 00:16:03,outbound,interview,0.847
12840,243,6435,2024-03-11 14:36:59,outbound,applied,0.544
12841,1672,381,2025-09-21 19:46:54,linkedin,applied,0.462
12842,638,6964,2024-09-02 22:33:40,outbound,applied,0.438
12843,657,7387,2024-08-17 18:11:47,referral,applied,0.724
12844,1322,1368,2025-05-21 05:07:23,outbound,interview,0.674
12845,1533,8881,2025-07-27 19:32:07,job_board,screened,0.589
12846,1732,4110,2025-10-03 16:20:38,job_board,interview,0.922
12847,1255,3081,2025-04-20 21:21:06,outbound,screened,0.812
12848,530,2671,2024-07-01 07:51:21,linkedin,interview,0.689
12849,568,8886,2024-08-11 07:42:14,job_board,interview,0.841
12850,1415,4942,2025-06-26 01:11:59,job_board,offer,0.594
12851,1702,8963,2025-09-10 23:43:15,job_board,applied,0.652
12852,1838,6451,2025-10-22 05:52:34,linkedin,screened,0.9
12853,1690,4180,2025-09-09 01:57:57,job_board,applied,0.877
12854,1254,260,2025-04-21 15:04:07,job_board,applied,0.761
12855,344,8287,2024-04-27 15:23:23,linkedin,applied,0.622
12856,833,2050,2024-10-09 16:29:20,job_board,applied,0.831
12857,244,7041,2024-03-06 05:15:56,linkedin,applied,0.819
12858,879,1152,2024-11-28 11:09:19,job_board,applied,0.596
12859,1202,7511,2025-03-24 17:59:05,recruiter,interview,0.565
12860,1350,245,2025-04-30 08:08:08,recruiter,offer,0.867
12861,467,1103,2024-06-25 09:16:08,job_board,applied,0.884
12862,1393,2674,2025-05-18 08:18:00,job_board,applied,0.445
12863,665,7023,2024-08-26 09:09:15,job_board,applied,0.86
12864,1392,8974,2025-05-14 08:07:18,job_board,applied,0.653
12865,1874,2129,2025-10-25 18:23:05,linkedin,applied,0.627
12866,579,5187,2024-08-17 11:08:49,job_board,applied,0.56
12867,352,6728,2024-05-08 12:19:50,job_board,applied,0.583
12868,1935,8015,2026-01-08 16:42:57,outbound,applied,0.851
12869,941,2124,2024-12-02 10:21:37,linkedin,applied,0.757
12870,463,1004,2024-06-09 18:24:29,job_board,applied,0.596
12871,590,7056,2024-07-31 17:03:39,job_board,offer,0.773
12872,937,303,2024-11-25 20:15:41,referral,applied,0.648
12873,696,8044,2024-09-17 12:15:03,job_board,screened,0.65
12874,1811,3620,2025-11-12 03:42:31,outbound,interview,0.947
12875,741,4516,2024-09-08 22:48:57,referral,applied,0.671
12876,945,4466,2025-01-09 13:39:19,referral,screened,0.804
12877,520,3900,2024-07-26 18:15:03,linkedin,applied,0.755
12878,1412,112,2025-05-31 09:06:07,job_board,applied,0.766
12879,1527,1312,2025-08-01 09:02:56,job_board,applied,0.737
12880,1129,3178,2025-02-23 07:21:04,job_board,offer,0.534
12881,1624,2124,2025-08-08 19:12:52,recruiter,offer,0.942
12882,549,7346,2024-07-07 09:18:30,job_board,applied,0.514
12883,1080,8930,2025-01-31 00:37:52,job_board,offer,0.78
12884,1460,1854,2025-07-14 09:52:07,job_board,offer,0.7
12885,1799,6578,2025-09-27 09:07:06,outbound,screened,0.643
12886,655,4555,2024-08-19 04:50:01,job_board,offer,0.49
12887,274,6922,2024-04-22 16:28:54,referral,applied,0.8
12888,1567,6869,2025-08-02 18:24:22,job_board,screened,0.394
12889,1014,7327,2025-01-04 12:16:28,linkedin,applied,0.893
12890,112,8659,2024-02-12 09:23:18,recruiter,applied,0.843
12891,1657,5253,2025-09-03 21:10:09,job_board,screened,0.824
12892,999,8317,2025-01-01 03:55:31,job_board,screened,0.373
12893,1242,3971,2025-04-11 07:33:17,job_board,screened,0.966
12894,719,436,2024-09-21 10:55:13,job_board,applied,0.414
12895,1971,3133,2025-12-24 16:35:38,linkedin,interview,0.571
12896,862,6235,2024-11-21 11:21:12,recruiter,applied,0.652
12897,1192,246,2025-03-10 00:39:20,job_board,applied,0.925
12898,1073,7445,2025-02-06 00:52:53,linkedin,applied,0.817
12899,1921,7288,2025-12-01 23:36:23,linkedin,applied,0.535
12900,1224,2091,2025-03-18 03:54:48,linkedin,interview,0.799
12901,198,7784,2024-03-26 10:16:36,job_board,interview,0.474
12902,1715,6981,2025-08-24 06:37:05,linkedin,applied,0.661
12903,86,3087,2024-03-05 19:15:52,job_board,screened,0.444
12904,1052,8324,2025-02-17 21:43:34,linkedin,applied,0.43
12905,714,4636,2024-10-04 16:49:10,job_board,applied,0.935
12906,964,4019,2025-01-08 16:09:36,linkedin,interview,0.773
12907,1683,5203,2025-08-16 22:41:41,job_board,screened,0.415
12908,217,8871,2024-03-29 05:58:05,job_board,applied,0.597
12909,102,5918,2024-02-24 02:02:09,job_board,applied,0.896
12910,1804,4622,2025-10-17 09:06:49,job_board,screened,0.513
12911,505,5849,2024-07-07 12:16:16,job_board,offer,0.874
12912,885,6628,2024-11-13 03:16:21,linkedin,applied,0.389
12913,1971,1771,2026-01-23 16:35:38,job_board,applied,0.522
12914,1451,4777,2025-07-07 17:38:43,job_board,applied,0.725
12915,1282,6181,2025-04-19 06:49:33,referral,applied,0.614
12916,15,1730,2024-02-17 06:44:33,linkedin,screened,0.831
12917,787,6773,2024-10-07 14:50:19,outbound,applied,0.863
12918,1040,96,2025-01-20 12:07:37,linkedin,applied,0.391
12919,156,156,2024-02-27 07:03:02,linkedin,screened,0.563
12920,1294,3525,2025-05-09 16:20:40,job_board,applied,0.913
12921,1511,5561,2025-08-02 06:29:16,job_board,screened,0.752
12922,736,1068,2024-08-28 11:58:19,linkedin,offer,0.559
12923,1851,3751,2025-11-12 14:16:45,outbound,interview,0.721
12924,1869,1672,2025-11-26 16:25:13,recruiter,applied,0.473
12925,1484,7967,2025-06-15 13:51:35,recruiter,applied,0.958
12926,629,6602,2024-08-18 13:38:41,job_board,applied,0.85
12927,233,8494,2024-04-10 06:01:49,referral,applied,0.562
12928,1395,3345,2025-05-21 12:23:56,linkedin,applied,0.598
12929,1064,5254,2025-02-16 01:26:27,referral,interview,0.834
12930,1435,3229,2025-06-07 16:06:04,job_board,interview,0.738
12931,806,3597,2024-10-02 00:29:06,outbound,interview,0.693
12932,306,4928,2024-04-11 16:23:49,job_board,applied,0.476
12933,1809,8443,2025-10-18 14:35:54,referral,screened,0.705
12934,1927,7843,2025-12-11 09:36:25,linkedin,interview,0.942
12935,1525,2429,2025-07-10 13:20:42,job_board,applied,0.58
12936,47,2776,2024-02-24 02:02:08,job_board,applied,0.806
12937,1604,4433,2025-08-16 08:00:15,job_board,applied,0.363
12938,1992,6839,2026-01-24 14:13:40,referral,applied,0.847
12939,828,3179,2024-10-31 05:14:46,job_board,screened,0.794
12940,1006,599,2025-01-16 07:30:24,job_board,offer,0.403
12941,50,1383,2024-02-25 12:22:18,linkedin,screened,0.946
12942,1203,3594,2025-03-14 08:11:49,job_board,screened,0.972
12943,1519,8049,2025-06-30 13:59:16,job_board,applied,0.776
12944,404,6247,2024-05-20 09:20:12,linkedin,applied,0.794
12945,1267,2255,2025-04-10 05:55:46,linkedin,screened,0.664
12946,522,5334,2024-07-03 14:25:58,linkedin,screened,0.355
12947,283,7159,2024-03-25 22:54:35,referral,screened,0.683
12948,46,2518,2024-02-03 00:08:42,outbound,interview,0.914
12949,1514,6779,2025-06-26 20:00:03,outbound,applied,0.742
12950,424,5798,2024-05-22 18:14:18,referral,applied,0.958
12951,299,6002,2024-04-28 10:39:25,job_board,applied,0.942
12952,1924,1198,2025-12-21 04:33:40,job_board,offer,0.52
12953,1480,981,2025-07-14 23:23:57,linkedin,applied,0.806
12954,514,4101,2024-06-20 15:24:48,referral,screened,0.789
12955,1428,3606,2025-06-28 18:13:01,linkedin,offer,0.98
12956,1000,2769,2025-01-05 04:15:41,job_board,applied,0.566
12957,16,8342,2024-02-01 02:19:31,referral,applied,0.409
12958,541,2220,2024-08-05 11:40:14,recruiter,screened,0.403
12959,1550,3294,2025-07-19 10:27:39,job_board,applied,0.67
12960,1439,436,2025-05-28 17:25:03,job_board,applied,0.856
12961,816,183,2024-10-15 22:23:14,job_board,applied,0.696
12962,1973,2940,2025-12-17 11:41:11,linkedin,interview,0.974
12963,1014,6531,2025-01-29 12:16:28,job_board,interview,0.873
12964,26,5367,2024-02-11 21:56:58,linkedin,applied,0.96
12965,1930,6189,2025-12-22 06:22:28,job_board,interview,0.412
12966,46,6761,2024-01-24 00:08:42,recruiter,applied,0.411
12967,1840,5222,2025-10-10 11:03:17,job_board,interview,0.938
12968,151,4029,2024-02-19 13:57:58,job_board,applied,0.571
12969,766,3266,2024-10-19 10:47:10,linkedin,interview,0.39
12970,109,357,2024-02-11 11:59:48,recruiter,applied,0.528
12971,1420,2906,2025-06-25 22:44:53,job_board,interview,0.434
12972,614,4489,2024-08-31 08:38:47,referral,interview,0.858
12973,1027,2066,2025-02-11 07:39:30,job_board,offer,0.944
12974,380,1285,2024-04-30 15:53:37,recruiter,applied,0.851
12975,1645,5326,2025-08-15 08:27:24,linkedin,interview,0.423
12976,925,4343,2024-11-25 20:02:45,linkedin,screened,0.81
12977,640,8966,2024-08-11 22:49:45,linkedin,applied,0.361
12978,46,7378,2024-02-03 00:08:42,referral,screened,0.534
12979,942,7051,2024-12-29 13:16:25,job_board,interview,0.418
12980,1451,4486,2025-05-30 17:38:43,recruiter,applied,0.896
12981,225,5894,2024-03-11 03:08:29,job_board,interview,0.538
12982,1018,7962,2025-01-18 12:20:20,recruiter,applied,0.925
12983,1854,5126,2025-11-02 06:07:59,job_board,applied,0.355
12984,1735,2285,2025-09-24 10:18:57,referral,applied,0.649
12985,1802,6348,2025-10-25 18:51:23,referral,interview,0.936
12986,1794,1078,2025-11-03 14:12:06,job_board,applied,0.514
12987,553,4518,2024-06-28 13:09:46,job_board,applied,0.7
12988,320,7695,2024-04-06 17:45:06,linkedin,applied,0.525
12989,1166,7627,2025-02-17 15:10:28,job_board,interview,0.429
12990,1434,6969,2025-06-01 11:35:10,outbound,interview,0.892
12991,757,5237,2024-09-06 10:09:20,referral,applied,0.455
12992,466,3130,2024-06-10 17:53:54,job_board,applied,0.694
12993,312,2228,2024-04-07 18:37:41,job_board,interview,0.694
12994,1019,4494,2025-01-26 15:42:41,job_board,applied,0.359
12995,91,5070,2024-02-12 18:21:24,job_board,interview,0.9
12996,1369,2878,2025-05-25 13:59:57,job_board,applied,0.404
12997,1646,2209,2025-09-10 11:17:56,job_board,applied,0.572
12998,1659,6920,2025-08-11 03:10:32,linkedin,applied,0.503
12999,579,4822,2024-07-16 11:08:49,job_board,applied,0.42
13000,200,4358,2024-03-23 12:46:57,linkedin,offer,0.644
13001,1031,7242,2025-01-24 00:30:13,job_board,screened,0.867
13002,1481,8728,2025-07-21 20:50:34,linkedin,applied,0.948
13003,1806,6549,2025-09-26 15:18:20,job_board,applied,0.358
13004,242,7024,2024-03-06 16:32:46,outbound,interview,0.97
13005,40,2434,2024-01-31 14:40:03,outbound,applied,0.78
13006,283,7741,2024-04-08 22:54:35,job_board,screened,0.603
13007,1095,6564,2025-01-25 12:55:40,job_board,applied,0.67
13008,333,5054,2024-04-28 07:15:17,linkedin,applied,0.624
13009,1911,1115,2025-11-28 07:41:01,job_board,interview,0.506
13010,692,4690,2024-09-08 19:56:28,job_board,interview,0.925
13011,1619,5809,2025-09-02 02:56:32,outbound,applied,0.4
13012,651,1795,2024-08-25 05:52:53,job_board,applied,0.649
13013,439,2834,2024-06-26 11:26:56,outbound,applied,0.892
13014,171,7047,2024-03-07 03:49:52,job_board,applied,0.606
13015,402,5555,2024-05-16 02:08:32,job_board,applied,0.523
13016,1502,2142,2025-06-23 15:38:03,job_board,interview,0.605
13017,1525,7762,2025-07-11 13:20:42,job_board,applied,0.943
13018,1336,7601,2025-05-01 20:20:21,job_board,interview,0.738
13019,160,1204,2024-03-13 07:00:10,linkedin,applied,0.444
13020,642,593,2024-08-16 23:27:56,referral,applied,0.831
13021,1199,6269,2025-03-25 16:35:57,linkedin,applied,0.361
13022,1874,662,2025-10-29 18:23:05,job_board,applied,0.469
13023,469,6150,2024-06-12 14:16:53,referral,interview,0.735
13024,374,4854,2024-05-23 19:21:07,job_board,applied,0.403
13025,1679,6813,2025-09-21 22:00:52,job_board,screened,0.372
13026,937,286,2024-12-10 20:15:41,job_board,screened,0.743
13027,759,8724,2024-09-26 16:37:45,job_board,applied,0.972
13028,769,832,2024-09-22 01:45:58,outbound,applied,0.428
13029,830,4347,2024-11-17 15:22:09,linkedin,applied,0.979
13030,970,7312,2024-12-17 14:52:47,referral,applied,0.666
13031,1589,1227,2025-08-25 21:59:26,job_board,interview,0.864
13032,1379,6749,2025-05-31 04:28:32,job_board,screened,0.733
13033,177,6264,2024-03-26 16:29:35,referral,applied,0.594
13034,266,7896,2024-03-18 15:12:19,referral,applied,0.43
13035,1202,4908,2025-02-27 17:59:05,linkedin,applied,0.75
13036,1678,2784,2025-08-20 20:38:26,recruiter,interview,0.952
13037,1926,7308,2025-12-02 08:13:05,job_board,applied,0.54
13038,1789,1381,2025-10-01 05:46:24,recruiter,screened,0.632
13039,1301,7137,2025-04-17 07:42:57,referral,applied,0.648
13040,476,1494,2024-06-11 14:22:08,job_board,applied,0.42
13041,164,6599,2024-03-13 22:59:11,job_board,applied,0.363
13042,1472,374,2025-06-18 20:54:38,outbound,interview,0.922
13043,1818,3574,2025-10-13 21:44:10,outbound,interview,0.798
13044,811,7948,2024-11-05 14:08:35,linkedin,interview,0.972
13045,258,4282,2024-03-18 13:55:21,job_board,applied,0.926
13046,1464,250,2025-06-17 09:30:13,referral,applied,0.927
13047,738,8245,2024-09-13 08:08:06,referral,applied,0.459
13048,1277,5390,2025-04-11 19:17:02,linkedin,applied,0.689
13049,364,3924,2024-04-29 09:27:43,linkedin,interview,0.602
13050,713,7979,2024-09-17 15:56:14,outbound,applied,0.751
13051,1444,5280,2025-06-30 19:55:32,job_board,applied,0.86
13052,1714,5391,2025-09-12 20:56:38,referral,screened,0.974
13053,530,6152,2024-08-03 07:51:21,referral,applied,0.398
13054,1600,1571,2025-08-17 17:31:34,recruiter,applied,0.806
13055,523,1042,2024-06-30 01:27:29,referral,applied,0.837
13056,1472,5469,2025-06-17 20:54:38,job_board,screened,0.851
13057,828,6925,2024-10-08 05:14:46,linkedin,applied,0.514
13058,1404,8649,2025-05-08 02:27:21,job_board,applied,0.44
13059,573,135,2024-08-07 07:22:13,referral,applied,0.587
13060,166,696,2024-03-14 10:07:59,linkedin,interview,0.612
13061,1570,8839,2025-08-02 05:41:38,recruiter,applied,0.854
13062,15,1564,2024-01-11 06:44:33,linkedin,screened,0.976
13063,1054,5116,2025-02-02 22:59:06,job_board,screened,0.897
13064,117,4251,2024-02-23 00:38:11,job_board,screened,0.507
13065,1112,1513,2025-02-12 11:18:11,recruiter,screened,0.622
13066,218,6919,2024-03-18 06:42:18,job_board,applied,0.869
13067,324,7058,2024-04-23 09:32:35,job_board,screened,0.613
13068,1971,2533,2025-12-18 16:35:38,linkedin,applied,0.426
13069,1827,7601,2025-10-09 21:45:08,job_board,applied,0.653
13070,893,5447,2024-11-02 17:16:59,job_board,interview,0.811
13071,698,1843,2024-09-11 12:01:01,referral,interview,0.848
13072,1392,2404,2025-06-13 08:07:18,job_board,screened,0.83
13073,755,372,2024-10-15 12:26:03,job_board,applied,0.483
13074,303,5077,2024-04-22 21:25:01,referral,applied,0.688
13075,485,4721,2024-07-14 13:17:52,recruiter,interview,0.441
13076,1235,1621,2025-03-20 21:54:42,job_board,applied,0.414
13077,1921,5766,2025-12-21 23:36:23,job_board,offer,0.887
13078,1305,2736,2025-04-24 08:19:00,linkedin,interview,0.517
13079,1215,1515,2025-03-16 00:34:29,job_board,screened,0.803
13080,1570,1660,2025-08-11 05:41:38,recruiter,applied,0.822
13081,122,5055,2024-03-11 21:29:22,job_board,applied,0.485
13082,1246,8332,2025-04-01 15:10:05,referral,interview,0.377
13083,386,4738,2024-05-21 12:28:22,job_board,interview,0.562
13084,842,5587,2024-10-20 19:41:39,job_board,interview,0.669
13085,961,7773,2024-12-30 10:47:13,referral,applied,0.578
13086,1460,5862,2025-06-29 09:52:07,recruiter,interview,0.543
13087,376,7343,2024-05-01 12:18:08,job_board,applied,0.367
13088,1909,4834,2025-12-18 20:27:38,linkedin,applied,0.712
13089,1211,1188,2025-03-30 18:42:41,job_board,applied,0.648
13090,697,5935,2024-09-22 02:29:56,job_board,screened,0.917
13091,616,6364,2024-08-24 05:26:08,linkedin,applied,0.435
13092,204,4028,2024-03-19 22:05:18,outbound,screened,0.667
13093,700,4526,2024-09-09 16:28:23,job_board,applied,0.682
13094,235,837,2024-04-10 17:47:12,job_board,interview,0.67
13095,1574,4197,2025-07-25 10:10:49,linkedin,interview,0.395
13096,1588,8301,2025-07-19 08:35:41,job_board,interview,0.458
13097,1049,1462,2025-01-30 21:51:57,job_board,applied,0.375
13098,1930,5765,2025-12-12 06:22:28,linkedin,applied,0.482
13099,227,6729,2024-03-26 08:27:34,referral,applied,0.651
13100,1758,6432,2025-09-16 20:22:21,linkedin,applied,0.826
13101,744,7816,2024-09-09 20:08:43,job_board,applied,0.571
13102,1517,1798,2025-08-08 01:24:53,job_board,screened,0.56
13103,1793,1850,2025-10-13 13:51:55,job_board,applied,0.634
13104,256,3018,2024-03-27 18:43:46,job_board,interview,0.729
13105,1693,265,2025-08-17 17:06:39,linkedin,applied,0.772
13106,1985,54,2025-12-23 23:24:16,linkedin,screened,0.581
13107,1520,5483,2025-08-03 19:40:24,job_board,applied,0.503
13108,293,2687,2024-04-19 18:27:38,job_board,applied,0.678
13109,1688,8832,2025-09-01 15:37:18,job_board,applied,0.755
13110,556,7697,2024-07-16 09:33:51,job_board,interview,0.526
13111,184,6110,2024-03-06 16:54:14,job_board,applied,0.384
13112,1288,7381,2025-05-02 15:31:34,linkedin,screened,0.879
13113,245,2275,2024-04-12 09:26:48,linkedin,interview,0.914
13114,1138,6304,2025-02-25 01:22:41,job_board,screened,0.793
13115,38,7855,2024-01-28 01:54:00,recruiter,offer,0.845
13116,1481,1423,2025-06-29 20:50:34,linkedin,applied,0.979
13117,251,4843,2024-03-26 19:09:24,job_board,interview,0.475
13118,1342,8911,2025-05-02 00:58:13,referral,applied,0.476
13119,1648,4588,2025-08-17 21:22:29,job_board,applied,0.75
13120,195,7349,2024-03-08 22:20:23,job_board,applied,0.972
13121,76,516,2024-02-22 23:17:41,job_board,applied,0.714
13122,1756,3114,2025-09-22 18:06:23,referral,screened,0.941
13123,931,547,2024-12-11 10:31:45,job_board,interview,0.951
13124,1012,6450,2025-01-13 09:19:00,linkedin,applied,0.883
13125,495,5214,2024-06-28 03:28:08,outbound,screened,0.705
13126,952,1769,2024-12-09 02:31:43,referral,screened,0.795
13127,1665,7261,2025-08-31 11:38:26,referral,applied,0.774
13128,1688,4874,2025-09-15 15:37:18,referral,applied,0.661
13129,1606,6779,2025-08-20 08:32:00,linkedin,applied,0.44
13130,580,6420,2024-08-05 16:02:01,referral,applied,0.39
13131,1532,8467,2025-07-26 10:55:59,job_board,applied,0.358
13132,900,2067,2024-12-04 01:19:23,outbound,applied,0.7
13133,757,4525,2024-09-24 10:09:20,job_board,applied,0.597
13134,653,1459,2024-09-10 18:31:52,linkedin,applied,0.414
13135,1852,5587,2025-11-12 14:02:47,job_board,screened,0.818
13136,347,3271,2024-04-23 22:43:46,job_board,screened,0.742
13137,1792,5645,2025-10-20 01:25:19,job_board,applied,0.641
13138,1825,671,2025-10-17 17:57:46,job_board,applied,0.948
13139,1302,3422,2025-05-02 15:20:45,referral,screened,0.614
13140,53,4161,2024-01-29 19:22:44,job_board,applied,0.669
13141,1226,26,2025-03-22 18:57:33,recruiter,applied,0.905
13142,231,1203,2024-03-23 16:20:10,referral,offer,0.931
13143,674,7551,2024-09-19 22:01:38,linkedin,applied,0.717
13144,151,4397,2024-02-29 13:57:58,job_board,screened,0.674
13145,1472,604,2025-07-01 20:54:38,job_board,applied,0.46
13146,968,1261,2025-01-23 02:35:56,job_board,interview,0.365
13147,1877,8634,2025-12-01 14:19:52,outbound,applied,0.876
13148,1368,1538,2025-04-27 10:34:29,job_board,applied,0.563
13149,633,7595,2024-08-14 05:23:21,job_board,interview,0.921
13150,1551,2216,2025-08-08 15:27:21,linkedin,applied,0.671
13151,572,935,2024-07-20 17:36:15,outbound,screened,0.52
13152,539,7547,2024-07-02 15:22:44,job_board,offer,0.404
13153,528,1099,2024-07-12 18:48:07,linkedin,applied,0.637
13154,1422,7345,2025-05-23 20:34:07,job_board,offer,0.971
13155,1967,6635,2026-01-05 07:11:21,referral,applied,0.808
13156,1708,8910,2025-09-20 11:04:20,linkedin,applied,0.656
13157,1081,4893,2025-02-03 15:34:01,outbound,applied,0.401
13158,22,8357,2024-02-04 16:08:09,referral,applied,0.65
13159,1936,5841,2025-12-30 05:57:29,job_board,applied,0.459
13160,767,166,2024-09-21 12:14:29,job_board,applied,0.659
13161,1235,2610,2025-03-23 21:54:42,outbound,screened,0.453
13162,847,129,2024-11-08 06:01:53,job_board,interview,0.369
13163,587,7954,2024-08-09 13:11:48,job_board,screened,0.948
13164,607,3660,2024-08-12 13:13:47,job_board,applied,0.811
13165,1173,4887,2025-02-26 01:28:38,job_board,applied,0.917
13166,860,7237,2024-10-22 05:21:35,referral,offer,0.511
13167,311,5090,2024-04-17 03:02:44,job_board,screened,0.678
13168,756,8301,2024-09-18 03:06:57,job_board,interview,0.617
13169,897,8916,2024-11-20 17:06:10,recruiter,applied,0.538
13170,1252,1816,2025-04-18 06:41:19,referral,applied,0.678
13171,886,6944,2024-11-16 10:28:31,job_board,applied,0.967
13172,391,1703,2024-06-04 01:28:18,outbound,screened,0.591
13173,1154,6200,2025-03-11 18:19:06,linkedin,applied,0.528
13174,1674,4841,2025-08-18 18:36:31,job_board,applied,0.371
13175,775,7800,2024-09-19 21:36:52,recruiter,offer,0.37
13176,1269,1614,2025-04-19 16:10:15,referral,applied,0.665
13177,911,8919,2024-11-23 17:23:13,job_board,applied,0.735
13178,595,4567,2024-08-23 16:23:40,outbound,applied,0.868
13179,1753,7313,2025-09-23 15:04:39,referral,applied,0.561
13180,1928,7312,2025-11-23 11:25:45,recruiter,applied,0.766
13181,361,7258,2024-04-28 02:19:28,linkedin,applied,0.353
13182,1246,2188,2025-04-18 15:10:05,referral,applied,0.38
13183,1846,1723,2025-10-19 09:35:39,referral,applied,0.872
13184,1075,828,2025-02-09 07:35:23,job_board,applied,0.464
13185,1078,7861,2025-02-25 21:52:30,linkedin,interview,0.817
13186,1920,5462,2025-12-27 08:01:32,linkedin,screened,0.866
13187,1258,7931,2025-03-24 20:15:22,recruiter,applied,0.962
13188,1698,3025,2025-09-23 02:47:06,job_board,interview,0.474
13189,209,5374,2024-03-21 18:42:24,referral,applied,0.874
13190,1180,513,2025-02-25 21:57:46,recruiter,applied,0.498
13191,291,5856,2024-04-09 22:58:48,outbound,applied,0.466
13192,408,8121,2024-05-06 17:19:40,job_board,screened,0.742
13193,1466,5614,2025-06-10 05:05:55,job_board,screened,0.442
13194,1740,7657,2025-10-10 07:23:23,recruiter,applied,0.775
13195,1802,4905,2025-10-08 18:51:23,referral,applied,0.843
13196,1530,3933,2025-07-17 04:47:18,linkedin,applied,0.899
13197,1038,1651,2025-01-14 09:03:49,job_board,applied,0.425
13198,869,2186,2024-11-04 04:46:48,referral,applied,0.417
13199,336,5920,2024-04-10 20:10:49,recruiter,interview,0.701
13200,1573,3587,2025-08-16 21:06:56,referral,screened,0.771
13201,1594,3415,2025-08-03 17:53:04,job_board,applied,0.818
13202,256,5030,2024-04-19 18:43:46,job_board,applied,0.435
13203,1836,4829,2025-11-09 21:43:28,job_board,applied,0.788
13204,658,7227,2024-09-07 03:42:04,job_board,applied,0.703
13205,1341,8111,2025-05-05 23:00:37,job_board,applied,0.502
13206,256,1142,2024-04-18 18:43:46,referral,offer,0.506
13207,366,983,2024-05-12 12:35:10,linkedin,applied,0.963
13208,1211,7423,2025-03-03 18:42:41,recruiter,applied,0.846
13209,825,8600,2024-10-10 07:39:52,job_board,offer,0.506
13210,55,4845,2024-02-24 00:57:14,job_board,applied,0.435
13211,1880,5114,2025-12-08 01:54:24,job_board,applied,0.825
13212,1775,6512,2025-10-15 16:53:46,job_board,applied,0.541
13213,384,8549,2024-05-06 00:26:43,outbound,applied,0.354
13214,1300,3217,2025-05-01 05:51:37,job_board,applied,0.754
13215,342,1806,2024-04-16 01:04:41,linkedin,applied,0.673
13216,1435,7356,2025-06-28 16:06:04,job_board,applied,0.481
13217,1404,489,2025-05-23 02:27:21,referral,interview,0.928
13218,1492,930,2025-07-02 05:25:53,recruiter,applied,0.822
13219,1087,5590,2025-03-06 09:16:59,job_board,applied,0.485
13220,48,2845,2024-02-20 02:09:45,recruiter,interview,0.976
13221,410,4742,2024-05-30 16:26:21,linkedin,applied,0.566
13222,1982,4491,2025-12-25 07:09:32,job_board,applied,0.51
13223,1234,6614,2025-03-09 10:46:54,job_board,applied,0.413
13224,685,1539,2024-09-02 17:28:03,job_board,applied,0.761
13225,1874,5414,2025-10-30 18:23:05,outbound,applied,0.726
13226,861,6744,2024-10-28 10:49:47,referral,interview,0.629
13227,1711,4629,2025-09-26 03:01:56,job_board,interview,0.63
13228,1612,2772,2025-08-07 21:21:53,referral,interview,0.683
13229,14,8123,2024-02-11 14:40:31,recruiter,applied,0.401
13230,1863,1175,2025-11-19 19:04:51,recruiter,interview,0.644
13231,1754,2911,2025-09-11 09:04:20,linkedin,applied,0.925
13232,1985,4948,2025-12-23 23:24:16,job_board,interview,0.877
13233,1254,2444,2025-03-28 15:04:07,job_board,applied,0.759
13234,1397,5868,2025-05-08 04:05:56,referral,screened,0.932
13235,535,7236,2024-06-24 02:52:40,job_board,interview,0.965
13236,304,4770,2024-04-16 04:02:40,linkedin,applied,0.797
13237,187,3165,2024-02-21 00:49:18,outbound,applied,0.421
13238,353,5435,2024-05-27 17:11:22,job_board,applied,0.382
13239,1943,5068,2025-12-05 11:19:14,linkedin,applied,0.848
13240,551,7312,2024-08-05 22:06:34,outbound,screened,0.714
13241,59,5527,2024-02-03 01:29:30,linkedin,applied,0.716
13242,1374,56,2025-05-24 07:25:02,referral,applied,0.695
13243,370,2651,2024-04-18 05:04:52,recruiter,interview,0.377
13244,1022,3281,2025-02-09 14:06:25,linkedin,screened,0.404
13245,1343,3202,2025-05-21 04:49:54,recruiter,screened,0.493
13246,1147,7738,2025-03-03 12:33:05,recruiter,applied,0.734
13247,1516,367,2025-07-15 15:17:08,referral,screened,0.701
13248,37,6696,2024-02-02 14:21:07,linkedin,screened,0.354
13249,534,2516,2024-07-09 17:10:10,job_board,applied,0.6
13250,812,4957,2024-11-05 15:42:06,job_board,applied,0.443
13251,1475,2935,2025-07-20 04:06:19,referral,applied,0.574
13252,1084,628,2025-02-10 21:34:57,job_board,applied,0.661
13253,1531,152,2025-07-16 09:38:37,job_board,applied,0.634
13254,1483,3522,2025-07-16 01:34:11,referral,applied,0.859
13255,1606,7409,2025-07-22 08:32:00,job_board,applied,0.402
13256,1216,3127,2025-03-23 08:14:26,job_board,applied,0.487
13257,1508,7969,2025-07-11 05:59:34,job_board,applied,0.664
13258,1359,8249,2025-05-19 15:14:24,referral,applied,0.821
13259,66,1596,2024-02-07 01:02:33,referral,screened,0.903
13260,563,7511,2024-08-03 00:12:02,job_board,applied,0.657
13261,1785,5449,2025-10-11 01:19:20,outbound,applied,0.929
13262,183,5020,2024-02-25 16:39:03,job_board,applied,0.724
13263,1126,3978,2025-02-22 05:31:05,outbound,interview,0.877
13264,1533,8579,2025-08-06 19:32:07,job_board,screened,0.577
13265,863,1151,2024-11-01 13:52:17,job_board,interview,0.541
13266,360,51,2024-05-05 22:08:54,job_board,applied,0.824
13267,49,225,2024-02-06 06:54:27,linkedin,applied,0.694
13268,1321,7965,2025-05-02 22:12:00,outbound,applied,0.704
13269,1182,5972,2025-03-29 12:19:58,outbound,interview,0.843
13270,1382,4595,2025-06-13 09:38:52,job_board,applied,0.768
13271,326,718,2024-04-18 18:34:32,job_board,applied,0.499
13272,937,1202,2024-12-23 20:15:41,outbound,applied,0.436
13273,1096,8020,2025-02-17 17:44:28,outbound,applied,0.36
13274,1677,7859,2025-09-11 18:45:05,job_board,applied,0.809
13275,379,7107,2024-05-28 05:57:28,linkedin,offer,0.701
13276,1392,7886,2025-06-12 08:07:18,recruiter,applied,0.578
13277,1376,6519,2025-05-16 13:35:39,job_board,applied,0.424
13278,1188,6795,2025-04-03 17:13:07,job_board,applied,0.471
13279,178,7585,2024-02-20 10:14:18,recruiter,interview,0.755
13280,238,4074,2024-04-01 03:06:15,linkedin,screened,0.445
13281,1201,960,2025-03-14 12:14:58,job_board,interview,0.695
13282,1246,1070,2025-03-30 15:10:05,linkedin,applied,0.623
13283,1288,5643,2025-04-18 15:31:34,referral,screened,0.78
13284,1547,1741,2025-08-06 21:55:22,referral,applied,0.87
13285,791,1858,2024-10-29 13:20:25,linkedin,applied,0.923
13286,593,7947,2024-07-24 08:12:54,job_board,screened,0.946
13287,1835,4678,2025-11-14 20:32:04,job_board,screened,0.641
13288,1385,4256,2025-06-09 07:05:26,job_board,applied,0.791
13289,1054,3227,2025-02-17 22:59:06,job_board,screened,0.755
13290,1117,2412,2025-03-02 13:50:08,job_board,applied,0.678
13291,1502,1102,2025-07-06 15:38:03,job_board,offer,0.72
13292,621,8442,2024-08-01 04:00:56,job_board,applied,0.833
13293,890,6611,2024-11-12 09:40:30,referral,applied,0.89
13294,87,7741,2024-02-08 03:13:40,linkedin,interview,0.493
13295,1584,2717,2025-08-04 16:28:31,linkedin,screened,0.4
13296,1002,952,2025-01-07 07:37:33,job_board,applied,0.486
13297,1795,1107,2025-10-06 20:41:16,job_board,applied,0.851
13298,594,8788,2024-07-22 12:09:26,referral,offer,0.705
13299,826,7915,2024-11-18 19:45:40,recruiter,screened,0.756
13300,110,8366,2024-02-18 15:25:06,recruiter,interview,0.826
13301,1935,1212,2025-11-29 16:42:57,outbound,interview,0.478
13302,686,3758,2024-09-01 00:08:45,job_board,applied,0.78
13303,307,1849,2024-04-17 07:23:38,job_board,interview,0.454
13304,1225,5253,2025-03-20 12:14:02,job_board,screened,0.698
13305,1693,214,2025-09-02 17:06:39,job_board,interview,0.43
13306,223,3558,2024-03-21 02:27:03,job_board,applied,0.503
13307,1052,4668,2025-02-17 21:43:34,job_board,screened,0.726
13308,948,2453,2025-01-04 16:05:42,outbound,applied,0.949
13309,277,7428,2024-04-10 23:26:54,job_board,interview,0.59
13310,553,665,2024-07-29 13:09:46,linkedin,applied,0.752
13311,1251,7662,2025-03-16 03:48:44,job_board,applied,0.886
13312,1979,92,2025-12-22 13:49:25,linkedin,applied,0.537
13313,263,6695,2024-04-09 23:04:36,job_board,applied,0.896
13314,1261,5973,2025-04-05 20:24:46,job_board,applied,0.782
13315,1775,4243,2025-10-10 16:53:46,linkedin,applied,0.492
13316,1513,434,2025-08-01 08:33:03,referral,applied,0.645
13317,1632,8006,2025-08-27 20:22:20,job_board,applied,0.856
13318,1834,8197,2025-11-01 08:49:21,linkedin,applied,0.647
13319,1309,6905,2025-04-07 11:51:59,outbound,interview,0.794
13320,76,8568,2024-02-29 23:17:41,referral,applied,0.517
13321,466,8004,2024-06-15 17:53:54,outbound,applied,0.509
13322,828,7436,2024-10-22 05:14:46,referral,applied,0.848
13323,1926,2156,2025-12-13 08:13:05,job_board,applied,0.629
13324,419,7479,2024-06-18 10:35:57,linkedin,interview,0.78
13325,1707,5412,2025-08-27 04:50:34,linkedin,interview,0.972
13326,1269,706,2025-03-26 16:10:15,referral,screened,0.975
13327,1431,195,2025-06-15 11:26:57,referral,applied,0.654
13328,210,2296,2024-03-30 20:34:29,linkedin,interview,0.705
13329,731,4694,2024-10-06 15:56:29,job_board,interview,0.545
13330,929,8708,2024-12-28 15:59:39,recruiter,applied,0.723
13331,969,7892,2024-12-14 13:24:28,recruiter,applied,0.876
13332,1755,8735,2025-10-03 21:22:03,job_board,screened,0.452
13333,677,6647,2024-08-19 07:38:24,referral,interview,0.394
13334,1738,1148,2025-09-05 08:01:04,outbound,interview,0.618
13335,1699,6986,2025-09-02 14:51:42,linkedin,screened,0.666
13336,1285,3462,2025-05-07 22:08:51,linkedin,interview,0.368
13337,618,2854,2024-08-13 14:22:21,outbound,offer,0.577
13338,198,4775,2024-02-28 10:16:36,linkedin,applied,0.44
13339,477,3584,2024-07-02 18:10:12,job_board,screened,0.964
13340,1214,5676,2025-04-11 04:02:24,referral,applied,0.738
13341,429,8877,2024-06-10 13:23:21,linkedin,applied,0.753
13342,1804,2882,2025-10-15 09:06:49,outbound,applied,0.357
13343,803,2406,2024-10-14 02:58:05,linkedin,screened,0.387
13344,565,8733,2024-07-17 13:13:46,job_board,applied,0.564
13345,1246,777,2025-04-23 15:10:05,referral,applied,0.438
13346,312,7583,2024-04-08 18:37:41,job_board,applied,0.407
13347,1664,3502,2025-08-23 00:26:23,outbound,interview,0.543
13348,1100,8670,2025-01-30 09:53:36,referral,applied,0.947
13349,1850,6906,2025-11-17 12:21:32,recruiter,applied,0.938
13350,1710,1285,2025-09-09 21:11:06,referral,applied,0.711
13351,161,4713,2024-03-17 01:44:41,job_board,interview,0.655
13352,1797,2382,2025-09-29 16:49:25,referral,applied,0.582
13353,95,394,2024-01-27 04:53:18,linkedin,applied,0.972
13354,1587,5535,2025-08-05 07:05:09,referral,screened,0.489
13355,726,5983,2024-08-26 06:32:21,job_board,applied,0.558
13356,689,7344,2024-09-10 14:54:07,job_board,interview,0.754
13357,1621,6621,2025-09-09 21:51:00,recruiter,offer,0.814
13358,550,5479,2024-08-07 13:20:19,outbound,applied,0.356
13359,1815,5425,2025-10-16 16:28:14,job_board,interview,0.497
13360,81,5524,2024-01-31 00:23:25,job_board,applied,0.45
13361,337,1543,2024-05-06 21:06:57,referral,applied,0.408
13362,716,5749,2024-08-29 03:46:32,outbound,screened,0.823
13363,572,1720,2024-07-06 17:36:15,job_board,applied,0.748
13364,1742,5202,2025-09-24 09:51:30,job_board,interview,0.773
13365,1804,3667,2025-10-30 09:06:49,referral,screened,0.505
13366,842,7617,2024-11-17 19:41:39,job_board,applied,0.977
13367,1152,3224,2025-02-24 05:32:12,referral,applied,0.947
13368,678,65,2024-08-11 22:18:51,linkedin,applied,0.622
13369,816,917,2024-10-25 22:23:14,referral,screened,0.452
13370,674,1844,2024-09-10 22:01:38,job_board,interview,0.504
13371,488,7735,2024-06-06 17:37:54,referral,screened,0.687
13372,1389,6821,2025-05-21 16:02:29,job_board,screened,0.812
13373,226,8322,2024-03-02 05:06:20,linkedin,applied,0.398
13374,581,6601,2024-07-31 18:25:32,referral,applied,0.887
13375,217,1295,2024-04-02 05:58:05,job_board,screened,0.493
13376,904,423,2024-12-02 02:49:50,referral,screened,0.889
13377,1349,5062,2025-05-15 01:11:58,job_board,interview,0.704
13378,1036,4807,2025-01-16 20:35:28,job_board,applied,0.685
13379,1441,3869,2025-06-28 09:40:49,job_board,applied,0.475
13380,1150,5313,2025-03-17 01:37:53,referral,applied,0.725
13381,732,3682,2024-09-03 17:20:24,referral,interview,0.657
13382,1824,2118,2025-11-04 09:16:35,job_board,applied,0.722
13383,1213,5223,2025-03-12 00:29:28,linkedin,applied,0.936
13384,77,3562,2024-03-01 21:13:42,job_board,applied,0.476
13385,313,4095,2024-05-04 19:09:30,linkedin,offer,0.837
13386,1344,7443,2025-05-24 13:17:22,job_board,screened,0.725
13387,42,4064,2024-02-07 04:11:11,referral,applied,0.971
13388,345,8456,2024-04-26 16:05:09,job_board,applied,0.532
13389,200,1293,2024-03-21 12:46:57,outbound,applied,0.906
13390,1620,5855,2025-08-23 21:39:56,job_board,screened,0.481
13391,212,6396,2024-03-03 20:01:01,outbound,applied,0.772
13392,403,869,2024-05-24 07:36:28,job_board,screened,0.773
13393,1970,5220,2026-01-07 12:48:29,outbound,applied,0.642
13394,241,6461,2024-04-12 14:03:59,referral,interview,0.607
13395,473,505,2024-07-01 03:48:12,linkedin,applied,0.958
13396,1628,7395,2025-09-05 03:30:30,linkedin,applied,0.81
13397,269,3379,2024-03-20 16:12:16,job_board,applied,0.829
13398,460,5795,2024-06-19 04:23:51,job_board,applied,0.837
13399,1591,1961,2025-07-31 08:56:02,job_board,interview,0.534
13400,1,1265,2024-01-11 08:36:25,job_board,applied,0.457
13401,734,3510,2024-08-28 03:11:28,referral,screened,0.456
13402,514,1368,2024-07-09 15:24:48,outbound,applied,0.733
13403,413,1070,2024-06-15 23:23:46,referral,applied,0.634
13404,785,5146,2024-10-14 06:14:39,job_board,applied,0.558
13405,441,5495,2024-06-25 02:03:08,referral,interview,0.453
13406,1549,8330,2025-08-07 09:05:57,linkedin,applied,0.502
13407,279,5234,2024-03-20 09:40:23,linkedin,screened,0.543
13408,799,4929,2024-10-24 19:52:09,referral,applied,0.752
13409,160,5335,2024-03-16 07:00:10,job_board,applied,0.749
13410,212,8932,2024-03-30 20:01:01,job_board,interview,0.797
13411,1361,3295,2025-05-19 00:48:33,job_board,interview,0.82
13412,904,6176,2024-12-01 02:49:50,outbound,offer,0.806
13413,880,6499,2024-12-07 14:58:50,job_board,applied,0.388
13414,543,1566,2024-08-06 21:51:20,job_board,applied,0.753
13415,297,7584,2024-04-15 03:58:52,job_board,applied,0.916
13416,1755,3787,2025-10-11 21:22:03,job_board,applied,0.974
13417,1585,3748,2025-07-25 20:48:06,linkedin,applied,0.366
13418,925,2016,2024-12-18 20:02:45,job_board,applied,0.609
13419,39,3898,2024-02-18 12:09:41,job_board,applied,0.514
13420,1797,5228,2025-11-02 16:49:25,referral,applied,0.475
13421,862,8087,2024-11-28 11:21:12,linkedin,applied,0.775
13422,379,2838,2024-04-27 05:57:28,recruiter,screened,0.597
13423,255,5447,2024-03-30 06:45:03,job_board,screened,0.859
13424,1993,7850,2026-01-22 16:46:12,job_board,applied,0.777
13425,56,4588,2024-02-01 09:27:07,linkedin,applied,0.566
13426,743,1796,2024-08-30 05:18:03,referral,applied,0.451
13427,1102,6635,2025-03-01 11:18:25,job_board,applied,0.412
13428,588,5131,2024-08-14 13:38:18,outbound,screened,0.562
13429,311,2792,2024-03-30 03:02:44,recruiter,applied,0.607
13430,1289,7756,2025-04-12 21:35:57,job_board,applied,0.408
13431,138,295,2024-03-11 03:43:50,referral,applied,0.655
13432,1950,8731,2025-12-14 14:54:53,referral,screened,0.858
13433,958,6318,2025-01-12 14:20:53,referral,interview,0.525
13434,1471,6155,2025-06-07 04:42:48,referral,applied,0.399
13435,1688,5815,2025-08-28 15:37:18,recruiter,applied,0.925
13436,1580,8892,2025-08-23 07:35:50,job_board,applied,0.547
13437,972,3857,2024-12-14 17:23:16,linkedin,offer,0.56
13438,154,8875,2024-03-01 07:31:51,outbound,applied,0.412
13439,160,413,2024-02-08 07:00:10,linkedin,applied,0.734
13440,712,8363,2024-08-29 13:28:57,linkedin,applied,0.796
13441,609,8461,2024-08-30 16:48:41,outbound,applied,0.513
13442,1774,2439,2025-10-08 12:20:52,job_board,applied,0.583
13443,893,6577,2024-12-05 17:16:59,referral,applied,0.952
13444,1995,3496,2026-02-06 20:12:28,job_board,applied,0.709
13445,563,3470,2024-07-17 00:12:02,job_board,interview,0.856
13446,1934,4724,2025-12-26 15:32:57,job_board,interview,0.575
13447,676,1810,2024-09-16 15:42:44,linkedin,applied,0.553
13448,1999,2081,2026-01-19 03:52:44,recruiter,applied,0.442
13449,1001,4999,2025-02-06 17:34:29,linkedin,interview,0.489
13450,38,8930,2024-01-14 01:54:00,job_board,applied,0.65
13451,1885,192,2025-12-11 03:12:22,job_board,applied,0.521
13452,412,4149,2024-05-20 12:39:45,job_board,screened,0.543
13453,1610,4115,2025-08-14 23:42:18,linkedin,interview,0.708
13454,1640,6734,2025-08-12 18:32:25,job_board,applied,0.821
13455,409,8896,2024-06-07 11:53:25,referral,interview,0.979
13456,1138,5038,2025-02-18 01:22:41,referral,applied,0.397
13457,1571,6653,2025-07-13 16:00:35,job_board,applied,0.595
13458,1893,1231,2025-11-08 13:57:17,referral,applied,0.578
13459,790,8865,2024-09-25 23:39:15,job_board,applied,0.514
13460,821,8563,2024-10-30 04:07:43,job_board,applied,0.423
13461,1632,3565,2025-08-28 20:22:20,job_board,applied,0.492
13462,983,6463,2024-12-25 03:14:09,referral,screened,0.539
13463,1235,785,2025-03-08 21:54:42,linkedin,applied,0.676
13464,232,5248,2024-03-08 17:25:19,job_board,applied,0.37
13465,1358,8686,2025-04-25 12:44:10,referral,interview,0.666
13466,668,1398,2024-08-19 17:30:58,job_board,interview,0.946
13467,725,7788,2024-08-29 01:21:18,job_board,applied,0.849
13468,1802,8795,2025-10-04 18:51:23,referral,applied,0.757
13469,1427,5063,2025-06-06 16:40:19,job_board,applied,0.667
13470,1115,7061,2025-02-11 01:02:26,outbound,screened,0.621
13471,1132,2069,2025-02-24 20:00:37,linkedin,applied,0.525
13472,1712,4013,2025-09-01 09:17:32,job_board,screened,0.729
13473,1238,6649,2025-04-16 08:07:50,outbound,screened,0.65
13474,419,3868,2024-05-08 10:35:57,job_board,screened,0.848
13475,1095,174,2025-02-11 12:55:40,referral,applied,0.548
13476,1252,7382,2025-03-22 06:41:19,referral,offer,0.504
13477,112,8230,2024-02-19 09:23:18,linkedin,screened,0.83
13478,267,5299,2024-04-02 15:54:34,outbound,applied,0.695
13479,949,6275,2025-01-08 05:13:54,job_board,interview,0.835
13480,1151,1386,2025-03-13 01:55:55,linkedin,applied,0.866
13481,103,1583,2024-03-01 17:24:04,linkedin,screened,0.713
13482,908,8264,2024-11-30 16:16:33,referral,interview,0.663
13483,338,1481,2024-04-20 23:17:27,referral,applied,0.961
13484,1334,8439,2025-05-15 01:58:55,outbound,screened,0.882
13485,952,522,2025-01-05 02:31:43,job_board,applied,0.784
13486,188,4263,2024-02-24 05:30:10,referral,applied,0.708
13487,813,6935,2024-11-07 02:15:37,outbound,interview,0.441
13488,1862,855,2025-11-09 13:33:11,job_board,applied,0.356
13489,96,1151,2024-02-29 05:12:38,job_board,screened,0.831
13490,810,6651,2024-09-29 16:04:45,job_board,applied,0.46
13491,275,4681,2024-03-29 15:13:58,job_board,interview,0.7
13492,1805,7235,2025-10-12 15:15:20,linkedin,applied,0.733
13493,931,3224,2024-12-25 10:31:45,linkedin,applied,0.778
13494,1254,6676,2025-03-26 15:04:07,referral,applied,0.677
13495,1936,4942,2025-12-30 05:57:29,job_board,applied,0.85
13496,101,590,2024-03-01 22:24:00,job_board,applied,0.596
13497,973,6254,2024-12-24 22:26:59,job_board,interview,0.406
13498,135,8280,2024-03-17 13:04:51,job_board,interview,0.898
13499,1546,1890,2025-08-06 21:50:45,outbound,interview,0.417
13500,1174,7166,2025-03-09 01:55:31,recruiter,applied,0.7
13501,887,1805,2024-11-01 16:55:06,job_board,applied,0.374
13502,583,8325,2024-08-01 03:43:48,job_board,interview,0.736
13503,384,3039,2024-05-04 00:26:43,job_board,interview,0.558
13504,1828,5820,2025-10-22 13:08:49,referral,interview,0.751
13505,43,8417,2024-01-13 07:04:40,job_board,applied,0.624
13506,258,5012,2024-04-13 13:55:21,linkedin,screened,0.938
13507,751,3997,2024-09-07 07:48:49,referral,applied,0.509
13508,784,4410,2024-10-09 04:55:14,linkedin,applied,0.537
13509,1839,2313,2025-10-13 03:14:55,recruiter,applied,0.58
13510,623,405,2024-08-05 08:16:20,outbound,applied,0.398
13511,650,4676,2024-09-10 05:26:11,linkedin,interview,0.894
13512,469,7105,2024-06-03 14:16:53,outbound,interview,0.41
13513,738,1624,2024-09-05 08:08:06,job_board,applied,0.477
13514,539,8301,2024-08-02 15:22:44,job_board,applied,0.43
13515,1386,6887,2025-05-05 14:57:14,recruiter,applied,0.431
13516,1597,5932,2025-08-31 21:03:04,job_board,applied,0.602
13517,1474,2874,2025-07-09 23:43:26,referral,screened,0.461
13518,1608,6459,2025-08-08 18:49:34,job_board,applied,0.906
13519,1217,8844,2025-03-28 19:01:24,job_board,applied,0.938
13520,1376,2583,2025-05-25 13:35:39,job_board,interview,0.463
13521,677,5670,2024-09-05 07:38:24,referral,interview,0.487
13522,1993,3793,2026-01-05 16:46:12,linkedin,interview,0.541
13523,1891,5505,2025-12-12 17:53:16,job_board,applied,0.691
13524,116,2277,2024-02-17 23:40:10,job_board,applied,0.656
13525,706,2615,2024-09-17 00:25:53,linkedin,applied,0.589
13526,1387,7889,2025-06-04 00:10:39,outbound,offer,0.519
13527,585,1606,2024-08-09 23:51:23,job_board,screened,0.887
13528,1026,7548,2025-01-29 04:39:54,linkedin,offer,0.657
13529,1687,700,2025-09-04 14:39:03,job_board,applied,0.425
13530,1771,8087,2025-10-12 02:56:39,referral,screened,0.831
13531,1871,7702,2025-11-15 17:35:07,recruiter,applied,0.55
13532,1299,8371,2025-05-06 09:14:52,job_board,applied,0.856
13533,1914,8817,2025-12-18 15:03:32,referral,interview,0.814
13534,1299,8575,2025-04-29 09:14:52,job_board,interview,0.426
13535,1067,1938,2025-02-02 17:47:54,job_board,interview,0.555
13536,401,7925,2024-05-21 00:50:20,job_board,screened,0.748
13537,1739,8941,2025-08-31 12:48:49,linkedin,applied,0.82
13538,516,4913,2024-06-27 01:37:59,job_board,applied,0.622
13539,368,5544,2024-05-06 19:37:50,job_board,screened,0.705
13540,1529,7947,2025-07-28 12:26:02,job_board,screened,0.407
13541,1778,7081,2025-10-05 02:30:31,job_board,screened,0.352
13542,1952,7176,2025-12-04 22:25:36,referral,applied,0.498
13543,1517,8896,2025-07-06 01:24:53,job_board,applied,0.664
13544,1921,7553,2025-11-25 23:36:23,linkedin,applied,0.699
13545,799,8778,2024-10-23 19:52:09,linkedin,interview,0.384
13546,213,8309,2024-04-04 00:47:37,referral,screened,0.933
13547,491,5113,2024-07-11 09:01:10,job_board,applied,0.432
13548,320,5271,2024-04-21 17:45:06,recruiter,interview,0.9
13549,1520,4744,2025-07-05 19:40:24,job_board,applied,0.947
13550,847,2871,2024-11-23 06:01:53,recruiter,interview,0.656
13551,862,6082,2024-11-07 11:21:12,job_board,screened,0.86
13552,1844,5430,2025-11-13 21:49:46,outbound,applied,0.695
13553,1958,1978,2025-12-20 03:00:00,outbound,applied,0.406
13554,292,7731,2024-04-05 17:48:29,referral,applied,0.45
13555,1710,3500,2025-09-16 21:11:06,job_board,screened,0.661
13556,1278,4181,2025-04-23 11:34:48,job_board,offer,0.564
13557,1581,7449,2025-07-19 08:24:39,job_board,applied,0.813
13558,1899,5491,2025-11-25 01:39:34,linkedin,interview,0.535
13559,668,989,2024-09-16 17:30:58,job_board,interview,0.397
13560,1615,2829,2025-08-21 14:04:18,referral,offer,0.852
13561,1424,4132,2025-05-19 01:55:17,job_board,applied,0.704
13562,1318,6585,2025-05-07 06:18:41,job_board,screened,0.702
13563,1512,2842,2025-08-01 15:19:12,job_board,screened,0.584
13564,1537,4230,2025-08-12 14:17:31,linkedin,screened,0.647
13565,819,5243,2024-10-10 22:35:51,referral,applied,0.42
13566,1853,4847,2025-10-23 04:21:38,linkedin,interview,0.8
13567,190,1705,2024-03-22 08:59:57,outbound,applied,0.429
13568,374,4526,2024-05-27 19:21:07,job_board,applied,0.85
13569,1471,8353,2025-06-18 04:42:48,job_board,offer,0.627
13570,923,5924,2024-11-25 09:06:28,linkedin,applied,0.375
13571,589,7126,2024-08-15 14:08:43,outbound,applied,0.925
13572,1020,6549,2025-02-08 11:54:01,outbound,screened,0.91
13573,266,732,2024-04-22 15:12:19,referral,applied,0.411
13574,5,4136,2024-02-02 10:50:13,job_board,applied,0.383
13575,86,2933,2024-03-03 19:15:52,job_board,applied,0.529
13576,1786,4513,2025-10-27 10:23:21,job_board,interview,0.603
13577,655,389,2024-09-07 04:50:01,outbound,applied,0.698
13578,1810,2054,2025-11-02 00:07:54,job_board,interview,0.782
13579,1020,1109,2025-01-24 11:54:01,job_board,interview,0.964
13580,609,478,2024-07-21 16:48:41,job_board,screened,0.702
13581,77,3813,2024-02-06 21:13:42,linkedin,interview,0.706
13582,216,7035,2024-03-06 10:36:22,job_board,offer,0.951
13583,1127,2966,2025-03-16 16:36:25,job_board,applied,0.584
13584,1232,7007,2025-03-19 22:55:57,job_board,applied,0.944
13585,1791,4686,2025-11-01 00:01:29,job_board,interview,0.572
13586,389,6037,2024-05-08 14:43:30,linkedin,interview,0.816
13587,1196,2619,2025-03-14 11:57:49,job_board,screened,0.8
13588,171,3785,2024-03-13 03:49:52,job_board,interview,0.884
13589,1050,2990,2025-01-31 02:55:18,linkedin,screened,0.464
13590,353,3790,2024-05-14 17:11:22,job_board,applied,0.671
13591,465,8624,2024-05-28 10:39:28,referral,interview,0.351
13592,832,1021,2024-11-02 15:59:20,linkedin,applied,0.893
13593,879,7875,2024-11-10 11:09:19,job_board,applied,0.508
13594,233,8297,2024-03-06 06:01:49,job_board,offer,0.895
13595,1202,121,2025-03-16 17:59:05,job_board,applied,0.667
13596,802,3649,2024-09-28 23:43:16,job_board,interview,0.771
13597,1731,5421,2025-10-03 13:37:04,outbound,applied,0.501
13598,1218,2700,2025-04-09 12:47:08,job_board,offer,0.692
13599,1764,1280,2025-09-28 13:41:14,job_board,applied,0.831
13600,35,3516,2024-01-25 12:53:51,recruiter,screened,0.777
13601,904,7105,2024-11-21 02:49:50,job_board,applied,0.768
13602,1681,4318,2025-09-19 09:12:28,job_board,interview,0.761
13603,368,7524,2024-04-18 19:37:50,job_board,interview,0.375
13604,443,3329,2024-05-23 11:20:45,outbound,interview,0.372
13605,1415,5944,2025-05-15 01:11:59,job_board,interview,0.909
13606,36,6981,2024-02-06 12:54:19,job_board,applied,0.731
13607,1902,6059,2025-12-13 20:00:14,recruiter,applied,0.833
13608,1885,4016,2025-12-01 03:12:22,referral,applied,0.84
13609,1916,7663,2025-11-22 07:20:05,referral,applied,0.89
13610,1560,1509,2025-07-27 05:51:13,linkedin,applied,0.875
13611,1992,917,2026-02-08 14:13:40,job_board,interview,0.472
13612,1949,323,2026-01-07 09:17:16,referral,applied,0.715
13613,505,6370,2024-06-13 12:16:16,job_board,applied,0.664
13614,309,3175,2024-04-01 18:19:51,job_board,interview,0.808
13615,1674,1080,2025-09-16 18:36:31,job_board,screened,0.915
13616,910,1728,2024-12-11 07:33:25,job_board,applied,0.905
13617,104,381,2024-01-30 17:50:18,linkedin,applied,0.44
13618,893,3704,2024-11-11 17:16:59,job_board,applied,0.776
13619,31,5748,2024-02-07 08:09:36,job_board,screened,0.459
13620,1156,2307,2025-03-16 21:57:12,recruiter,screened,0.724
13621,1348,2449,2025-05-24 23:54:48,job_board,screened,0.495
13622,98,8742,2024-01-26 15:13:55,job_board,applied,0.363
13623,240,413,2024-03-11 07:21:52,job_board,applied,0.387
13624,1810,7565,2025-10-23 00:07:54,job_board,applied,0.65
13625,777,569,2024-10-08 23:03:02,job_board,offer,0.552
13626,102,7088,2024-03-08 02:02:09,job_board,screened,0.935
13627,25,8818,2024-02-12 18:03:40,linkedin,applied,0.497
13628,799,2739,2024-10-04 19:52:09,referral,interview,0.907
13629,174,2008,2024-02-19 06:51:04,referral,screened,0.757
13630,270,2130,2024-03-14 22:51:34,recruiter,applied,0.651
13631,418,3671,2024-05-29 01:56:20,job_board,applied,0.491
13632,1405,2408,2025-05-15 14:04:04,referral,applied,0.359
13633,1109,2399,2025-02-20 04:42:00,referral,screened,0.618
13634,1551,1510,2025-08-05 15:27:21,job_board,interview,0.62
13635,664,8418,2024-09-08 08:59:05,job_board,applied,0.492
13636,159,2655,2024-03-02 03:12:05,job_board,interview,0.802
13637,1128,665,2025-02-18 21:59:31,job_board,applied,0.757
13638,1933,2829,2026-01-03 09:24:02,job_board,applied,0.551
13639,1298,4889,2025-04-28 14:50:05,referral,applied,0.942
13640,489,1037,2024-07-04 07:59:07,linkedin,applied,0.861
13641,7,4301,2024-02-13 15:07:39,outbound,offer,0.7
13642,161,8894,2024-03-23 01:44:41,recruiter,screened,0.862
13643,1696,6229,2025-09-17 12:39:32,recruiter,applied,0.87
13644,583,3103,2024-07-16 03:43:48,job_board,offer,0.656
13645,116,8085,2024-01-28 23:40:10,outbound,applied,0.957
13646,678,2974,2024-09-03 22:18:51,linkedin,screened,0.763
13647,1747,4,2025-09-11 21:54:58,job_board,applied,0.366
13648,846,2147,2024-11-23 01:08:32,referral,offer,0.637
13649,1953,150,2025-12-20 04:22:56,linkedin,applied,0.844
13650,1005,4451,2025-01-10 20:06:10,job_board,interview,0.627
13651,1808,3396,2025-10-15 13:01:27,job_board,screened,0.922
13652,403,616,2024-05-31 07:36:28,referral,applied,0.846
13653,1085,3615,2025-02-04 21:44:36,job_board,applied,0.692
13654,954,1724,2024-12-09 15:54:38,job_board,applied,0.571
13655,1540,8015,2025-07-25 14:59:39,job_board,applied,0.452
13656,270,5425,2024-04-03 22:51:34,job_board,interview,0.949
13657,346,2510,2024-05-22 09:28:22,job_board,offer,0.543
13658,447,6774,2024-05-22 12:03:34,recruiter,applied,0.51
13659,1875,7636,2025-11-29 23:33:21,linkedin,offer,0.64
13660,1794,6930,2025-10-05 14:12:06,job_board,applied,0.663
13661,47,804,2024-01-19 02:02:08,recruiter,applied,0.979
13662,843,4517,2024-10-17 05:04:37,job_board,interview,0.414
13663,1103,697,2025-02-14 22:16:41,job_board,applied,0.901
13664,1784,5627,2025-10-17 20:55:27,referral,applied,0.437
13665,923,6707,2024-12-18 09:06:28,job_board,interview,0.654
13666,1544,233,2025-08-10 16:46:38,referral,applied,0.895
13667,1594,6864,2025-07-25 17:53:04,job_board,screened,0.855
13668,1025,2194,2025-02-02 16:27:24,outbound,screened,0.977
13669,1491,851,2025-06-15 19:17:31,job_board,applied,0.743
13670,142,2534,2024-02-22 07:37:23,job_board,screened,0.825
13671,661,8938,2024-09-16 00:24:37,linkedin,screened,0.951
13672,1707,2608,2025-09-17 04:50:34,linkedin,applied,0.609
13673,328,725,2024-05-08 14:39:16,job_board,applied,0.61
13674,1021,687,2025-01-07 12:42:00,job_board,interview,0.75
13675,1589,7958,2025-08-25 21:59:26,linkedin,applied,0.878
13676,1032,5886,2025-01-24 04:10:30,outbound,screened,0.52
13677,1955,1746,2026-01-07 21:06:59,job_board,interview,0.83
13678,1708,5670,2025-09-06 11:04:20,job_board,interview,0.866
13679,196,198,2024-03-19 01:04:10,referral,applied,0.722
13680,1059,6143,2025-02-08 13:25:00,job_board,offer,0.482
13681,1466,7694,2025-07-07 05:05:55,job_board,applied,0.852
13682,1497,7032,2025-07-29 21:16:06,referral,offer,0.93
13683,1032,1660,2025-01-31 04:10:30,referral,applied,0.566
13684,804,3172,2024-09-25 11:53:02,linkedin,applied,0.464
13685,624,4765,2024-08-02 15:04:36,referral,screened,0.934
13686,712,690,2024-09-06 13:28:57,job_board,offer,0.368
13687,29,7442,2024-01-13 23:15:21,job_board,offer,0.923
13688,1719,5467,2025-09-14 10:12:48,referral,applied,0.615
13689,1449,1393,2025-06-23 09:29:50,job_board,applied,0.772
13690,575,6756,2024-07-28 09:48:47,referral,applied,0.572
13691,265,6670,2024-03-20 20:28:44,job_board,applied,0.547
13692,1048,1446,2025-01-29 05:10:37,job_board,applied,0.422
13693,1702,4784,2025-09-25 23:43:15,job_board,applied,0.726
13694,1990,2834,2025-12-31 12:25:53,referral,screened,0.801
13695,530,2303,2024-07-14 07:51:21,job_board,interview,0.431
13696,877,7253,2024-11-27 20:27:37,job_board,screened,0.846
13697,1185,375,2025-04-04 07:08:44,linkedin,applied,0.492
13698,1190,3834,2025-03-15 18:54:30,outbound,applied,0.573
13699,569,2367,2024-07-21 18:12:35,job_board,applied,0.424
13700,1632,2970,2025-08-28 20:22:20,referral,applied,0.847
13701,1405,3823,2025-05-27 14:04:04,job_board,interview,0.454
13702,1663,5217,2025-09-11 11:47:05,linkedin,applied,0.505
13703,235,3312,2024-03-11 17:47:12,job_board,applied,0.413
13704,1351,4905,2025-05-04 11:44:24,job_board,interview,0.939
13705,687,6453,2024-08-23 00:19:03,job_board,applied,0.77
13706,1527,1603,2025-08-05 09:02:56,job_board,interview,0.779
13707,1018,3689,2025-01-24 12:20:20,linkedin,applied,0.956
13708,1038,4830,2025-02-12 09:03:49,job_board,applied,0.621
13709,1171,3424,2025-02-15 09:43:27,job_board,interview,0.675
13710,444,4996,2024-06-21 01:46:13,outbound,applied,0.463
13711,1160,7311,2025-03-19 12:39:55,job_board,applied,0.664
13712,1763,5503,2025-09-19 07:29:37,referral,applied,0.783
13713,159,4176,2024-02-12 03:12:05,job_board,applied,0.472
13714,334,5969,2024-04-30 08:29:52,outbound,interview,0.377
13715,68,8870,2024-02-26 06:09:37,linkedin,interview,0.512
13716,966,158,2025-01-17 13:13:55,job_board,interview,0.402
13717,475,5171,2024-06-16 12:10:52,job_board,interview,0.857
13718,1182,48,2025-03-31 12:19:58,referral,applied,0.904
13719,76,8435,2024-02-06 23:17:41,recruiter,applied,0.524
13720,215,6618,2024-03-24 10:26:39,recruiter,interview,0.503
13721,442,7940,2024-06-28 06:16:26,recruiter,applied,0.767
13722,1316,5146,2025-04-13 17:56:26,linkedin,applied,0.845
13723,119,3727,2024-03-02 14:35:24,job_board,interview,0.788
13724,1053,42,2025-02-01 21:51:00,linkedin,interview,0.731
13725,1055,5515,2025-01-26 23:55:16,job_board,screened,0.569
13726,636,8173,2024-08-14 11:38:30,referral,applied,0.769
13727,210,1268,2024-03-06 20:34:29,referral,interview,0.764
13728,1427,2199,2025-06-13 16:40:19,referral,screened,0.484
13729,831,4744,2024-10-12 23:36:51,job_board,applied,0.367
13730,1196,4802,2025-03-19 11:57:49,linkedin,applied,0.761
13731,1540,3816,2025-08-03 14:59:39,job_board,interview,0.554
13732,26,1329,2024-02-13 21:56:58,recruiter,applied,0.367
13733,1545,4354,2025-08-05 18:04:34,referral,screened,0.362
13734,174,4535,2024-03-14 06:51:04,job_board,applied,0.44
13735,1125,1659,2025-03-13 22:05:34,job_board,applied,0.404
13736,181,5473,2024-03-12 12:08:39,recruiter,interview,0.796
13737,62,7796,2024-01-27 17:47:50,outbound,applied,0.936
13738,827,784,2024-11-08 22:56:27,referral,applied,0.436
13739,1074,720,2025-01-23 05:31:31,outbound,interview,0.779
13740,622,5105,2024-08-07 08:15:16,linkedin,applied,0.681
13741,506,7031,2024-06-20 12:44:49,job_board,interview,0.791
13742,362,920,2024-05-22 04:23:06,recruiter,offer,0.464
13743,1137,8498,2025-03-21 00:32:20,job_board,applied,0.43
13744,801,4292,2024-10-07 22:08:05,linkedin,screened,0.872
13745,1817,958,2025-11-13 18:21:59,referral,applied,0.856
13746,870,4026,2024-12-02 06:33:15,recruiter,applied,0.936
13747,1198,3904,2025-03-09 09:59:10,linkedin,applied,0.485
13748,1915,3513,2025-11-23 17:06:20,recruiter,applied,0.685
13749,1882,5265,2025-11-22 00:54:45,outbound,applied,0.59
13750,998,2221,2025-02-01 22:42:07,referral,interview,0.89
13751,418,8923,2024-06-13 01:56:20,job_board,interview,0.682
13752,791,2573,2024-10-23 13:20:25,job_board,applied,0.456
13753,537,7789,2024-07-13 06:00:39,outbound,screened,0.538
13754,974,7368,2025-01-03 01:17:46,job_board,applied,0.726
13755,298,3729,2024-05-06 04:16:34,job_board,interview,0.698
13756,806,1736,2024-10-20 00:29:06,job_board,applied,0.825
13757,157,8712,2024-03-15 12:25:21,linkedin,interview,0.979
13758,1948,5157,2026-01-06 23:09:08,job_board,applied,0.617
13759,22,2982,2024-02-09 16:08:09,job_board,applied,0.657
13760,1778,1359,2025-10-28 02:30:31,linkedin,applied,0.7
13761,1856,3060,2025-11-13 18:05:21,referral,interview,0.788
13762,1920,5871,2025-12-07 08:01:32,job_board,screened,0.513
13763,904,4557,2024-11-17 02:49:50,job_board,offer,0.723
13764,1547,600,2025-07-09 21:55:22,referral,screened,0.506
13765,1878,7017,2025-11-05 10:03:29,outbound,screened,0.62
13766,1676,2892,2025-09-24 02:30:56,job_board,applied,0.67
13767,1729,1730,2025-10-03 16:07:52,outbound,applied,0.639
13768,980,6298,2025-01-06 15:10:35,recruiter,applied,0.705
13769,1488,6683,2025-06-23 06:28:02,referral,screened,0.549
13770,422,7397,2024-05-11 05:14:25,job_board,applied,0.973
13771,1836,25,2025-10-17 21:43:28,linkedin,screened,0.747
13772,949,3486,2024-12-13 05:13:54,job_board,screened,0.461
13773,529,2363,2024-07-28 07:32:12,job_board,offer,0.838
13774,594,5226,2024-08-13 12:09:26,linkedin,applied,0.587
13775,1713,8771,2025-08-25 19:39:56,linkedin,interview,0.545
13776,384,1079,2024-04-22 00:26:43,job_board,interview,0.855
13777,1360,5909,2025-05-26 21:03:05,referral,screened,0.682
13778,553,4000,2024-07-03 13:09:46,referral,applied,0.382
13779,1200,4164,2025-03-21 23:54:32,outbound,applied,0.757
13780,1073,8477,2025-02-09 00:52:53,job_board,applied,0.452
13781,1238,6586,2025-03-07 08:07:50,job_board,applied,0.775
13782,454,852,2024-06-18 12:51:28,outbound,screened,0.698
13783,1813,3918,2025-10-07 22:26:36,recruiter,applied,0.551
13784,1771,6683,2025-09-27 02:56:39,recruiter,applied,0.91
13785,1858,961,2025-10-30 00:15:05,linkedin,applied,0.499
13786,995,4553,2025-02-04 11:45:14,recruiter,applied,0.526
13787,354,4479,2024-04-24 00:51:24,job_board,offer,0.52
13788,1109,661,2025-02-08 04:42:00,job_board,applied,0.679
13789,162,8599,2024-02-16 15:16:51,job_board,interview,0.579
13790,1412,3331,2025-06-22 09:06:07,referral,applied,0.567
13791,546,2454,2024-08-01 18:07:30,referral,applied,0.814
13792,396,802,2024-06-05 22:00:31,recruiter,applied,0.973
13793,1621,476,2025-09-06 21:51:00,job_board,applied,0.647
13794,1319,1766,2025-05-01 13:34:48,job_board,applied,0.758
13795,195,6673,2024-02-24 22:20:23,job_board,applied,0.814
13796,1747,2412,2025-09-23 21:54:58,job_board,interview,0.785
13797,1324,4090,2025-05-07 14:36:59,job_board,interview,0.841
13798,540,5954,2024-07-27 20:42:29,job_board,applied,0.8
13799,799,3013,2024-10-11 19:52:09,job_board,screened,0.958
13800,916,3666,2024-11-15 01:57:29,referral,applied,0.922
13801,1825,4388,2025-10-19 17:57:46,job_board,applied,0.734
13802,1108,8138,2025-02-22 01:28:41,job_board,applied,0.594
13803,1641,8370,2025-09-15 01:06:49,job_board,screened,0.97
13804,64,2607,2024-02-12 05:24:37,recruiter,applied,0.581
13805,1016,2253,2025-01-05 07:30:20,linkedin,screened,0.54
13806,171,3638,2024-03-05 03:49:52,job_board,screened,0.375
13807,762,1805,2024-10-21 09:03:30,job_board,applied,0.959
13808,1102,5117,2025-02-12 11:18:25,outbound,applied,0.893
13809,1670,4806,2025-08-24 07:01:35,linkedin,interview,0.5
13810,556,4191,2024-06-29 09:33:51,referral,interview,0.595
13811,489,4170,2024-06-30 07:59:07,referral,applied,0.492
13812,1703,7732,2025-09-01 03:33:16,referral,applied,0.972
13813,1087,1349,2025-03-04 09:16:59,outbound,applied,0.367
13814,1454,6899,2025-06-09 17:14:15,linkedin,screened,0.364
13815,1864,5226,2025-11-17 20:59:56,referral,applied,0.793
13816,95,7137,2024-02-20 04:53:18,job_board,offer,0.475
13817,1208,5171,2025-03-31 14:43:04,recruiter,interview,0.351
13818,151,6940,2024-02-22 13:57:58,job_board,applied,0.735
13819,1861,5449,2025-10-23 08:14:24,job_board,interview,0.644
13820,881,6408,2024-11-03 03:12:48,referral,applied,0.584
13821,885,3722,2024-11-23 03:16:21,linkedin,applied,0.358
13822,381,8046,2024-05-04 03:39:11,referral,applied,0.403
13823,1259,2611,2025-03-31 07:49:38,job_board,interview,0.883
13824,1086,6456,2025-01-26 01:23:12,referral,applied,0.942
13825,1881,2955,2025-11-17 08:52:30,linkedin,applied,0.561
13826,8,7122,2024-01-28 13:22:32,job_board,applied,0.873
13827,1475,7510,2025-06-17 04:06:19,job_board,applied,0.898
13828,1914,1664,2025-12-17 15:03:32,recruiter,applied,0.856
13829,1812,5626,2025-10-26 10:59:41,job_board,applied,0.933
13830,1250,4753,2025-03-29 22:19:15,job_board,screened,0.977
13831,1665,3583,2025-09-02 11:38:26,referral,applied,0.528
13832,84,2512,2024-02-24 18:23:14,job_board,screened,0.354
13833,156,5520,2024-02-12 07:03:02,linkedin,applied,0.605
13834,1397,7412,2025-05-20 04:05:56,linkedin,applied,0.797
13835,517,3147,2024-07-17 06:57:57,referral,screened,0.565
13836,1420,3008,2025-06-16 22:44:53,job_board,screened,0.676
13837,1483,7764,2025-06-24 01:34:11,linkedin,applied,0.566
13838,1337,6800,2025-05-14 17:45:54,linkedin,applied,0.605
13839,1781,6549,2025-10-15 20:22:21,referral,applied,0.648
13840,434,5330,2024-06-08 17:57:32,outbound,applied,0.898
13841,1605,909,2025-08-29 08:21:41,linkedin,interview,0.863
13842,1602,1355,2025-07-31 02:51:57,job_board,applied,0.95
13843,627,506,2024-08-10 03:07:46,job_board,interview,0.507
13844,406,2829,2024-05-20 07:05:06,job_board,interview,0.642
13845,1243,301,2025-04-06 08:07:38,job_board,applied,0.78
13846,1777,4241,2025-10-19 18:37:37,job_board,interview,0.672
13847,1323,248,2025-05-18 19:44:23,outbound,interview,0.608
13848,237,8960,2024-03-06 19:49:50,job_board,screened,0.45
13849,875,4473,2024-11-19 10:48:44,job_board,applied,0.709
13850,791,117,2024-09-27 13:20:25,linkedin,applied,0.944
13851,1176,1628,2025-03-31 13:07:45,referral,applied,0.825
13852,1170,1691,2025-02-12 19:49:08,job_board,applied,0.653
13853,1972,6071,2025-12-17 20:41:54,linkedin,screened,0.724
13854,1684,6930,2025-09-23 09:19:51,job_board,interview,0.442
13855,1090,4345,2025-02-08 03:44:48,job_board,applied,0.784
13856,284,6542,2024-04-02 00:40:47,outbound,offer,0.741
13857,389,842,2024-05-24 14:43:30,recruiter,applied,0.535
13858,343,2824,2024-04-14 11:17:46,outbound,screened,0.965
13859,1009,53,2025-01-22 17:02:42,linkedin,applied,0.5
13860,308,3667,2024-04-09 16:22:41,recruiter,applied,0.582
13861,352,331,2024-04-24 12:19:50,linkedin,screened,0.657
13862,302,7119,2024-04-01 20:04:22,outbound,applied,0.939
13863,1377,4801,2025-05-15 11:57:10,referral,screened,0.573
13864,564,6780,2024-07-24 21:00:15,job_board,interview,0.712
13865,1804,5280,2025-10-28 09:06:49,outbound,screened,0.543
13866,988,337,2024-12-30 04:43:45,job_board,applied,0.414
13867,1352,3178,2025-05-26 19:19:25,referral,screened,0.586
13868,1057,110,2025-01-23 05:13:27,linkedin,applied,0.866
13869,1756,711,2025-10-08 18:06:23,linkedin,offer,0.594
13870,257,8462,2024-03-25 20:23:13,job_board,offer,0.72
13871,1456,8413,2025-07-08 11:17:28,referral,applied,0.805
13872,1157,1078,2025-03-13 01:58:48,recruiter,interview,0.683
13873,875,3652,2024-11-14 10:48:44,linkedin,interview,0.537
13874,1398,2601,2025-05-08 04:35:24,job_board,applied,0.974
13875,1077,3864,2025-02-26 19:13:06,linkedin,interview,0.519
13876,1254,5489,2025-04-28 15:04:07,linkedin,applied,0.46
13877,1066,3434,2025-01-21 13:42:28,job_board,offer,0.839
13878,242,7310,2024-03-26 16:32:46,recruiter,applied,0.351
13879,785,536,2024-10-30 06:14:39,job_board,applied,0.652
13880,1942,5252,2025-12-26 04:53:45,linkedin,applied,0.584
13881,186,6395,2024-03-25 23:00:55,job_board,screened,0.513
13882,461,5000,2024-06-28 04:47:51,job_board,screened,0.637
13883,1404,5984,2025-06-17 02:27:21,job_board,screened,0.669
13884,300,5572,2024-04-06 14:33:31,job_board,applied,0.616
13885,95,1481,2024-03-02 04:53:18,referral,screened,0.924
13886,1531,7105,2025-07-09 09:38:37,job_board,interview,0.969
13887,409,2418,2024-06-08 11:53:25,job_board,applied,0.395
13888,441,1603,2024-06-10 02:03:08,outbound,screened,0.9
13889,908,4923,2024-11-14 16:16:33,referral,screened,0.697
13890,1691,5718,2025-09-16 03:47:53,job_board,screened,0.638
13891,1975,3391,2026-01-26 16:09:37,job_board,interview,0.824
13892,525,545,2024-07-28 02:39:10,job_board,applied,0.81
13893,614,8982,2024-07-26 08:38:47,job_board,interview,0.861
13894,1034,7318,2025-02-16 05:51:12,recruiter,offer,0.416
13895,1590,4469,2025-08-26 06:06:59,linkedin,applied,0.383
13896,137,3145,2024-03-17 02:02:03,job_board,applied,0.785
13897,839,7941,2024-11-05 07:26:37,recruiter,screened,0.76
13898,208,3193,2024-04-02 18:30:40,linkedin,applied,0.881
13899,444,1842,2024-05-30 01:46:13,linkedin,applied,0.874
13900,1256,2270,2025-04-08 10:07:29,outbound,screened,0.652
13901,54,5006,2024-01-27 20:02:57,linkedin,applied,0.576
13902,1725,6723,2025-09-10 14:25:43,job_board,applied,0.65
13903,177,2897,2024-02-25 16:29:35,job_board,screened,0.497
13904,1646,1738,2025-09-02 11:17:56,referral,interview,0.458
13905,834,8411,2024-11-10 01:43:10,linkedin,applied,0.858
13906,1128,872,2025-03-10 21:59:31,job_board,interview,0.476
13907,801,4961,2024-10-26 22:08:05,job_board,screened,0.479
13908,737,1599,2024-09-02 14:32:45,job_board,screened,0.422
13909,1253,5886,2025-04-03 06:54:20,linkedin,screened,0.522
13910,634,3377,2024-08-21 19:11:41,outbound,interview,0.369
13911,125,685,2024-02-19 07:58:28,referral,applied,0.426
13912,23,1507,2024-01-15 06:33:13,job_board,applied,0.676
13913,568,4390,2024-07-13 07:42:14,referral,applied,0.895
13914,439,1303,2024-06-08 11:26:56,job_board,applied,0.959
13915,47,5216,2024-01-30 02:02:08,job_board,interview,0.539
13916,200,7207,2024-03-22 12:46:57,job_board,interview,0.6
13917,1744,2614,2025-10-03 19:04:33,job_board,applied,0.49
13918,993,8434,2025-01-03 20:46:02,job_board,applied,0.66
13919,796,6622,2024-10-20 04:18:55,job_board,interview,0.758
13920,1836,769,2025-11-02 21:43:28,linkedin,screened,0.879
13921,1169,4200,2025-02-17 12:36:32,job_board,interview,0.525
13922,255,4986,2024-04-13 06:45:03,linkedin,applied,0.892
13923,1422,5052,2025-06-17 20:34:07,referral,applied,0.756
13924,1420,4145,2025-06-23 22:44:53,job_board,applied,0.912
13925,536,3249,2024-08-05 04:39:27,job_board,applied,0.501
13926,1341,5121,2025-04-30 23:00:37,referral,screened,0.557
13927,270,6089,2024-04-18 22:51:34,job_board,applied,0.362
13928,1982,7631,2026-02-02 07:09:32,job_board,interview,0.652
13929,1161,929,2025-02-10 14:38:53,job_board,applied,0.587
13930,567,1248,2024-07-31 20:17:10,linkedin,applied,0.947
13931,1807,4557,2025-11-02 09:36:03,job_board,interview,0.843
13932,1013,3818,2025-01-07 12:07:58,referral,interview,0.94
13933,1786,8061,2025-09-21 10:23:21,job_board,interview,0.836
13934,189,5164,2024-02-29 05:35:58,referral,applied,0.561
13935,617,2117,2024-07-26 11:23:26,job_board,screened,0.715
13936,862,7654,2024-10-25 11:21:12,referral,applied,0.78
13937,533,7817,2024-07-01 05:47:00,linkedin,applied,0.818
13938,1037,368,2025-01-21 00:53:34,linkedin,offer,0.789
13939,708,7966,2024-09-10 22:26:28,referral,screened,0.442
13940,1769,3274,2025-10-27 06:35:07,job_board,offer,0.595
13941,491,2074,2024-07-13 09:01:10,linkedin,applied,0.372
13942,379,1038,2024-04-24 05:57:28,referral,applied,0.542
13943,1930,727,2025-12-30 06:22:28,job_board,applied,0.836
13944,1427,539,2025-06-19 16:40:19,recruiter,screened,0.581
13945,70,6880,2024-02-02 08:53:41,referral,interview,0.38
13946,1697,8140,2025-09-05 12:41:05,linkedin,applied,0.974
13947,383,8628,2024-05-12 18:34:52,job_board,interview,0.467
13948,1368,4593,2025-06-05 10:34:29,job_board,applied,0.555
13949,57,2302,2024-01-21 16:42:06,job_board,screened,0.396
13950,520,8000,2024-07-07 18:15:03,job_board,screened,0.903
13951,1708,8218,2025-10-02 11:04:20,job_board,offer,0.554
13952,52,3610,2024-02-12 18:12:47,linkedin,interview,0.508
13953,944,1874,2024-12-11 23:35:38,job_board,offer,0.858
13954,797,7554,2024-10-29 13:52:00,job_board,applied,0.705
13955,457,3234,2024-05-29 18:17:42,linkedin,applied,0.936
13956,238,4830,2024-03-11 03:06:15,recruiter,applied,0.828
13957,791,7974,2024-11-03 13:20:25,referral,interview,0.493
13958,733,1498,2024-09-30 22:38:35,job_board,applied,0.508
13959,213,2737,2024-03-04 00:47:37,job_board,interview,0.659
13960,1429,1906,2025-06-21 23:19:08,referral,applied,0.698
13961,216,6802,2024-03-03 10:36:22,linkedin,screened,0.648
13962,764,1057,2024-09-22 00:04:34,outbound,applied,0.688
13963,1894,1323,2025-12-19 09:55:41,linkedin,applied,0.976
13964,743,2977,2024-09-15 05:18:03,job_board,applied,0.612
13965,1393,3409,2025-05-08 08:18:00,recruiter,applied,0.601
13966,925,6707,2025-01-02 20:02:45,outbound,screened,0.843
13967,1278,8467,2025-03-24 11:34:48,linkedin,applied,0.903
13968,1565,5353,2025-08-24 13:07:20,referral,interview,0.538
13969,946,2037,2024-12-21 23:05:41,job_board,interview,0.904
13970,1309,5950,2025-04-15 11:51:59,linkedin,applied,0.884
13971,980,6316,2024-12-29 15:10:35,job_board,applied,0.529
13972,627,760,2024-07-29 03:07:46,job_board,screened,0.503
13973,1545,8276,2025-08-15 18:04:34,linkedin,applied,0.791
13974,781,4602,2024-10-29 00:36:01,job_board,applied,0.812
13975,105,7065,2024-02-28 01:46:40,recruiter,applied,0.808
13976,542,462,2024-07-03 21:15:10,linkedin,applied,0.372
13977,1335,8532,2025-05-10 03:13:22,outbound,screened,0.786
13978,1325,8751,2025-05-13 02:49:34,linkedin,screened,0.944
13979,1102,8494,2025-01-26 11:18:25,linkedin,offer,0.574
13980,896,4762,2024-12-02 01:09:08,outbound,interview,0.444
13981,614,1023,2024-07-30 08:38:47,referral,applied,0.738
13982,95,4064,2024-02-25 04:53:18,outbound,applied,0.456
13983,432,5415,2024-06-22 02:21:09,job_board,interview,0.486
13984,1991,4037,2026-01-11 07:12:35,outbound,applied,0.386
13985,1724,3843,2025-09-05 13:31:52,job_board,interview,0.516
13986,159,3150,2024-02-26 03:12:05,linkedin,screened,0.747
13987,1864,6145,2025-10-20 20:59:56,outbound,applied,0.494
13988,1548,5156,2025-07-19 07:25:57,job_board,screened,0.696
13989,192,6683,2024-02-27 11:48:13,recruiter,applied,0.837
13990,834,721,2024-10-10 01:43:10,recruiter,offer,0.641
13991,340,2208,2024-05-11 16:57:32,referral,screened,0.898
13992,1437,7910,2025-06-12 00:53:45,job_board,screened,0.482
13993,1335,7199,2025-05-24 03:13:22,linkedin,applied,0.964
13994,437,6064,2024-05-28 07:31:50,linkedin,interview,0.484
13995,1549,3683,2025-07-20 09:05:57,job_board,screened,0.762
13996,584,3852,2024-07-29 10:15:51,referral,interview,0.69
13997,983,5911,2024-12-27 03:14:09,recruiter,applied,0.528
13998,225,6943,2024-04-01 03:08:29,linkedin,screened,0.481
13999,1854,3850,2025-11-22 06:07:59,recruiter,interview,0.402
14000,372,8079,2024-05-18 18:15:01,outbound,applied,0.849
14001,1747,3116,2025-09-13 21:54:58,job_board,applied,0.454
14002,1693,2884,2025-09-19 17:06:39,outbound,screened,0.748
14003,253,6246,2024-03-22 03:55:00,job_board,applied,0.469
14004,224,7115,2024-04-10 19:54:23,outbound,interview,0.698
14005,285,4878,2024-04-04 09:27:08,job_board,applied,0.413
14006,1680,8566,2025-09-09 00:31:28,linkedin,applied,0.584
14007,172,7677,2024-02-28 18:22:29,referral,screened,0.762
14008,1222,1865,2025-04-09 01:56:42,job_board,applied,0.862
14009,1751,7075,2025-09-10 08:28:04,job_board,interview,0.941
14010,588,7296,2024-08-24 13:38:18,outbound,applied,0.899
14011,1116,7815,2025-03-08 12:02:47,linkedin,applied,0.5
14012,161,4729,2024-02-10 01:44:41,recruiter,applied,0.473
14013,1883,6892,2025-11-09 12:23:52,linkedin,applied,0.513
14014,1206,6516,2025-03-10 15:01:24,job_board,applied,0.963
14015,1459,8252,2025-06-16 02:05:47,referral,interview,0.969
14016,502,2672,2024-07-04 14:33:56,outbound,applied,0.971
14017,1465,1411,2025-06-30 18:56:53,job_board,applied,0.787
14018,1254,6899,2025-03-22 15:04:07,job_board,applied,0.618
14019,251,5765,2024-04-10 19:09:24,outbound,applied,0.873
14020,1140,8789,2025-02-06 14:07:26,recruiter,applied,0.896
14021,220,742,2024-03-22 20:45:50,job_board,applied,0.537
14022,1341,313,2025-05-21 23:00:37,linkedin,screened,0.532
14023,1862,4497,2025-11-04 13:33:11,job_board,applied,0.97
14024,1722,5465,2025-09-12 03:17:23,job_board,applied,0.73
14025,966,7753,2024-12-11 13:13:55,job_board,applied,0.979
14026,1771,6016,2025-09-23 02:56:39,linkedin,applied,0.752
14027,1988,6531,2026-01-14 20:18:42,job_board,applied,0.976
14028,912,3492,2024-11-18 10:41:13,linkedin,applied,0.678
14029,647,5247,2024-08-23 06:42:08,job_board,applied,0.863
14030,376,1265,2024-05-29 12:18:08,job_board,screened,0.666
14031,1243,6246,2025-03-25 08:07:38,outbound,applied,0.925
14032,767,1264,2024-10-10 12:14:29,referral,applied,0.567
14033,1146,1560,2025-03-08 07:24:03,job_board,interview,0.682
14034,1899,1493,2025-12-10 01:39:34,linkedin,applied,0.463
14035,137,8378,2024-03-09 02:02:03,job_board,applied,0.858
14036,586,1565,2024-08-11 01:42:41,job_board,applied,0.551
14037,1038,1913,2025-01-11 09:03:49,referral,applied,0.356
14038,1445,8960,2025-07-01 12:04:14,outbound,applied,0.484
14039,1849,1503,2025-11-18 07:26:54,recruiter,applied,0.92
14040,1744,4895,2025-09-21 19:04:33,job_board,applied,0.622
14041,908,1261,2024-12-07 16:16:33,outbound,applied,0.43
14042,1106,4030,2025-03-05 15:43:52,job_board,applied,0.736
14043,946,8426,2024-12-15 23:05:41,job_board,applied,0.942
14044,210,2959,2024-02-29 20:34:29,linkedin,applied,0.813
14045,1402,4148,2025-06-07 06:23:38,recruiter,applied,0.753
14046,1641,7886,2025-08-18 01:06:49,job_board,applied,0.74
14047,1562,4798,2025-08-11 02:57:12,job_board,interview,0.67
14048,721,8538,2024-09-11 04:06:03,referral,applied,0.615
14049,1656,3412,2025-09-09 20:46:37,referral,screened,0.523
14050,438,2085,2024-05-22 10:55:15,linkedin,interview,0.692
14051,904,246,2024-11-26 02:49:50,job_board,screened,0.408
14052,501,3559,2024-07-02 01:51:33,referral,applied,0.364
14053,889,600,2024-11-25 09:37:58,job_board,applied,0.725
14054,1851,5184,2025-11-19 14:16:45,linkedin,applied,0.562
14055,947,142,2024-12-22 23:49:07,outbound,offer,0.853
14056,1511,926,2025-08-08 06:29:16,referral,interview,0.836
14057,1938,4851,2025-12-13 22:02:58,job_board,screened,0.893
14058,307,5469,2024-05-02 07:23:38,job_board,applied,0.656
14059,1859,1742,2025-10-23 12:40:36,job_board,screened,0.887
14060,228,6683,2024-03-19 10:26:14,job_board,applied,0.766
14061,1246,3620,2025-04-21 15:10:05,job_board,offer,0.931
14062,903,1684,2024-12-19 17:56:59,job_board,applied,0.643
14063,569,4143,2024-07-09 18:12:35,job_board,applied,0.774
14064,1278,8306,2025-04-06 11:34:48,job_board,applied,0.507
14065,1801,4794,2025-10-24 03:40:14,referral,applied,0.857
14066,140,7693,2024-02-05 05:55:59,job_board,screened,0.812
14067,342,8036,2024-04-25 01:04:41,job_board,applied,0.755
14068,1017,2037,2025-02-13 10:10:24,linkedin,applied,0.443
14069,214,390,2024-03-31 05:19:01,recruiter,screened,0.643
14070,634,6039,2024-08-15 19:11:41,job_board,applied,0.969
14071,830,4449,2024-10-27 15:22:09,job_board,interview,0.975
14072,865,3239,2024-11-02 04:31:36,job_board,applied,0.951
14073,1371,1187,2025-05-06 01:49:44,job_board,screened,0.952
14074,924,1328,2024-12-19 16:56:25,job_board,interview,0.783
14075,106,8339,2024-02-01 05:26:55,job_board,applied,0.757
14076,1293,1290,2025-05-01 14:33:53,referral,applied,0.902
14077,626,8258,2024-08-09 20:14:29,referral,applied,0.639
14078,19,2389,2024-02-10 05:16:16,job_board,applied,0.551
14079,1569,1260,2025-08-04 22:41:00,job_board,applied,0.9
14080,857,4680,2024-11-28 16:12:16,job_board,screened,0.411
14081,1319,1057,2025-05-07 13:34:48,job_board,applied,0.6
14082,1310,2453,2025-05-15 02:24:53,job_board,applied,0.891
14083,169,989,2024-03-19 19:29:33,job_board,applied,0.858
14084,1664,179,2025-09-09 00:26:23,referral,applied,0.598
14085,404,883,2024-05-16 09:20:12,job_board,applied,0.616
14086,1498,8716,2025-06-20 05:15:45,job_board,applied,0.595
14087,1451,1423,2025-07-02 17:38:43,job_board,screened,0.828
14088,246,1992,2024-03-31 10:05:51,outbound,applied,0.537
14089,234,1402,2024-03-09 12:31:52,linkedin,applied,0.665
14090,1696,677,2025-08-19 12:39:32,job_board,applied,0.523
14091,20,1472,2024-02-14 14:49:30,referral,applied,0.864
14092,437,926,2024-06-08 07:31:50,job_board,applied,0.964
14093,1986,1338,2025-12-26 23:54:08,job_board,applied,0.406
14094,222,4113,2024-04-04 00:16:03,job_board,screened,0.633
14095,1228,3402,2025-04-07 07:43:04,referral,applied,0.752
14096,735,1620,2024-09-17 03:43:41,job_board,applied,0.559
14097,858,2286,2024-10-29 01:36:01,job_board,applied,0.492
14098,257,4194,2024-03-17 20:23:13,linkedin,applied,0.397
14099,1195,3754,2025-03-22 03:59:49,job_board,applied,0.656
14100,668,1085,2024-08-16 17:30:58,referral,interview,0.557
14101,1341,8044,2025-05-12 23:00:37,job_board,interview,0.366
14102,1581,3506,2025-07-15 08:24:39,referral,applied,0.693
14103,992,3168,2025-01-18 14:09:38,linkedin,screened,0.757
14104,40,5166,2024-01-28 14:40:03,job_board,interview,0.953
14105,1317,2579,2025-05-22 04:35:54,job_board,interview,0.637
14106,995,5601,2025-01-23 11:45:14,job_board,screened,0.578
14107,1418,8230,2025-06-10 00:58:37,linkedin,applied,0.452
14108,1579,7601,2025-08-03 21:04:59,job_board,interview,0.812
14109,359,2895,2024-04-24 02:26:02,job_board,applied,0.354
14110,222,852,2024-03-29 00:16:03,job_board,offer,0.935
14111,848,1099,2024-10-31 08:35:59,outbound,applied,0.502
14112,1805,1897,2025-10-03 15:15:20,referral,applied,0.429
14113,610,5571,2024-07-21 22:31:48,referral,screened,0.704
14114,865,4440,2024-11-12 04:31:36,job_board,applied,0.734
14115,1595,2537,2025-08-03 03:42:39,job_board,applied,0.743
14116,1617,1761,2025-07-28 06:51:03,linkedin,screened,0.495
14117,1540,4680,2025-07-19 14:59:39,referral,interview,0.868
14118,1878,8653,2025-12-11 10:03:29,linkedin,screened,0.392
14119,1622,6912,2025-08-25 00:13:54,referral,applied,0.971
14120,318,2308,2024-04-03 11:54:14,referral,screened,0.651
14121,875,5091,2024-12-02 10:48:44,linkedin,applied,0.501
14122,1557,4576,2025-08-22 19:43:40,referral,interview,0.729
14123,1151,7279,2025-02-21 01:55:55,outbound,interview,0.6
14124,292,3101,2024-04-12 17:48:29,job_board,applied,0.409
14125,1412,3103,2025-06-20 09:06:07,job_board,applied,0.497
14126,346,4033,2024-05-01 09:28:22,job_board,screened,0.794
14127,645,1519,2024-09-05 18:20:45,job_board,applied,0.855
14128,1950,7830,2025-12-26 14:54:53,job_board,applied,0.648
14129,1956,3553,2026-01-01 13:57:14,job_board,screened,0.69
14130,46,7749,2024-02-18 00:08:42,outbound,applied,0.63
14131,758,3708,2024-10-07 06:44:16,referral,applied,0.456
14132,636,6083,2024-07-28 11:38:30,job_board,applied,0.623
14133,1075,6444,2025-02-24 07:35:23,recruiter,applied,0.623
14134,1663,7123,2025-08-10 11:47:05,outbound,applied,0.817
14135,1654,6182,2025-08-22 12:50:12,job_board,applied,0.39
14136,273,6208,2024-03-14 07:29:14,job_board,applied,0.508
14137,1495,2785,2025-07-31 08:56:02,linkedin,applied,0.709
14138,62,564,2024-02-11 17:47:50,job_board,applied,0.488
14139,1004,8364,2025-01-16 08:24:32,job_board,offer,0.629
14140,1136,7602,2025-03-15 22:34:01,job_board,applied,0.661
14141,817,2481,2024-10-05 03:27:05,job_board,interview,0.45
14142,1758,189,2025-09-20 20:22:21,linkedin,applied,0.547
14143,1275,8969,2025-04-23 04:36:01,referral,interview,0.722
14144,1952,741,2026-01-12 22:25:36,job_board,screened,0.835
14145,872,295,2024-11-05 02:50:14,job_board,screened,0.648
14146,811,8897,2024-10-28 14:08:35,recruiter,applied,0.358
14147,1185,6064,2025-02-20 07:08:44,referral,applied,0.773
14148,482,5420,2024-06-11 23:13:58,outbound,applied,0.579
14149,1600,5582,2025-07-28 17:31:34,job_board,applied,0.637
14150,607,6673,2024-08-07 13:13:47,recruiter,applied,0.924
14151,244,5265,2024-03-20 05:15:56,linkedin,applied,0.615
14152,943,6723,2024-12-03 03:05:12,job_board,interview,0.926
14153,1395,7013,2025-05-14 12:23:56,recruiter,screened,0.521
14154,1076,1902,2025-01-24 16:11:48,job_board,applied,0.786
14155,108,5318,2024-02-01 07:17:28,job_board,interview,0.623
14156,33,2988,2024-02-08 08:38:22,job_board,applied,0.942
14157,1469,5490,2025-06-11 06:38:24,linkedin,applied,0.816
14158,1995,1533,2025-12-31 20:12:28,job_board,applied,0.51
14159,419,7897,2024-06-03 10:35:57,referral,applied,0.638
14160,1929,2390,2025-12-26 00:26:09,referral,screened,0.929
14161,987,1681,2024-12-24 18:39:44,recruiter,screened,0.769
14162,281,1097,2024-04-01 12:29:58,job_board,interview,0.894
14163,534,4781,2024-07-26 17:10:10,job_board,interview,0.55
14164,1930,3205,2025-11-30 06:22:28,linkedin,applied,0.83
14165,644,6409,2024-09-03 16:53:26,job_board,applied,0.436
14166,1677,3759,2025-09-08 18:45:05,job_board,applied,0.887
14167,1258,2771,2025-04-18 20:15:22,linkedin,applied,0.694
14168,1615,2827,2025-08-31 14:04:18,job_board,screened,0.384
14169,863,1976,2024-10-28 13:52:17,job_board,screened,0.52
14170,231,6280,2024-03-08 16:20:10,job_board,interview,0.663
14171,976,1161,2025-01-10 01:50:37,outbound,applied,0.675
14172,1891,8203,2025-12-07 17:53:16,job_board,applied,0.817
14173,1998,2365,2026-01-01 20:51:24,linkedin,screened,0.698
14174,820,89,2024-10-30 03:34:12,job_board,screened,0.845
14175,244,5995,2024-04-15 05:15:56,job_board,offer,0.862
14176,430,6401,2024-06-08 14:44:11,linkedin,screened,0.733
14177,769,5535,2024-09-10 01:45:58,job_board,screened,0.486
14178,1959,3252,2025-12-13 04:20:06,referral,interview,0.763
14179,1061,1546,2025-01-25 08:40:03,linkedin,applied,0.626
14180,992,7860,2025-01-09 14:09:38,job_board,offer,0.398
14181,1628,4421,2025-08-01 03:30:30,referral,applied,0.65
14182,356,4280,2024-05-19 05:40:19,linkedin,screened,0.86
14183,565,1924,2024-08-16 13:13:46,job_board,screened,0.624
14184,1497,7038,2025-07-04 21:16:06,job_board,interview,0.581
14185,788,8424,2024-09-19 09:36:51,job_board,applied,0.473
14186,1189,5806,2025-03-21 02:35:44,referral,screened,0.7
14187,1643,6518,2025-08-04 05:07:24,job_board,applied,0.511
14188,1483,6383,2025-06-27 01:34:11,job_board,screened,0.741
14189,1061,1560,2025-01-20 08:40:03,job_board,applied,0.354
14190,135,4174,2024-03-01 13:04:51,referral,interview,0.578
14191,1713,2608,2025-10-01 19:39:56,linkedin,applied,0.829
14192,173,3625,2024-02-28 21:17:11,linkedin,applied,0.368
14193,129,7678,2024-02-19 12:04:26,referral,applied,0.413
14194,431,7482,2024-06-04 16:32:29,job_board,applied,0.961
14195,575,5015,2024-08-17 09:48:47,job_board,applied,0.356
14196,1587,1051,2025-08-16 07:05:09,job_board,applied,0.83
14197,1116,3204,2025-03-14 12:02:47,referral,applied,0.577
14198,1848,6510,2025-10-25 16:58:32,outbound,applied,0.532
14199,244,5386,2024-04-05 05:15:56,job_board,applied,0.799
14200,1956,5027,2026-01-15 13:57:14,referral,applied,0.883
14201,964,3506,2024-12-17 16:09:36,outbound,screened,0.625
14202,1197,8726,2025-03-12 22:39:21,referral,offer,0.35
14203,36,8203,2024-02-22 12:54:19,recruiter,interview,0.907
14204,1457,5799,2025-06-22 14:11:08,job_board,applied,0.917
14205,1010,7862,2025-01-21 06:04:35,outbound,applied,0.723
14206,1497,1611,2025-07-14 21:16:06,job_board,screened,0.502
14207,1841,1444,2025-10-29 22:54:51,job_board,applied,0.96
14208,437,6424,2024-06-06 07:31:50,job_board,applied,0.625
14209,1897,6098,2025-12-04 08:08:51,job_board,applied,0.923
14210,965,2198,2024-12-19 06:47:36,job_board,interview,0.503
14211,639,7539,2024-08-28 22:47:06,linkedin,interview,0.925
14212,1415,6727,2025-06-19 01:11:59,referral,applied,0.824
14213,7,1902,2024-02-14 15:07:39,outbound,offer,0.63
14214,1365,5491,2025-05-29 13:54:23,outbound,applied,0.379
14215,1825,7844,2025-11-15 17:57:46,linkedin,interview,0.59
14216,418,6922,2024-05-29 01:56:20,job_board,interview,0.893
14217,1135,3777,2025-02-23 03:21:32,job_board,screened,0.774
14218,1569,7368,2025-08-11 22:41:00,outbound,screened,0.538
14219,1162,2770,2025-02-17 01:30:35,linkedin,applied,0.728
14220,1856,8775,2025-11-04 18:05:21,job_board,applied,0.938
14221,1631,8857,2025-09-10 20:14:02,referral,screened,0.6
14222,551,2714,2024-06-26 22:06:34,job_board,applied,0.493
14223,787,6193,2024-09-22 14:50:19,linkedin,screened,0.883
14224,1342,8665,2025-05-18 00:58:13,outbound,applied,0.69
14225,841,2615,2024-11-04 13:07:42,recruiter,applied,0.71
14226,785,6441,2024-10-20 06:14:39,job_board,applied,0.933
14227,1703,4768,2025-08-27 03:33:16,job_board,interview,0.604
14228,224,3992,2024-03-16 19:54:23,linkedin,applied,0.811
14229,984,5792,2025-01-02 13:24:28,linkedin,offer,0.895
14230,758,4293,2024-10-18 06:44:16,job_board,applied,0.726
14231,1472,6408,2025-06-29 20:54:38,job_board,screened,0.732
14232,1968,8639,2025-12-17 19:00:16,job_board,applied,0.662
14233,1811,1885,2025-10-30 03:42:31,referral,applied,0.407
14234,706,1586,2024-09-15 00:25:53,job_board,applied,0.529
14235,788,5550,2024-10-31 09:36:51,job_board,interview,0.591
14236,246,8653,2024-03-22 10:05:51,referral,screened,0.51
14237,1778,7626,2025-10-30 02:30:31,referral,screened,0.522
14238,606,3644,2024-07-29 23:47:56,referral,interview,0.9
14239,655,7233,2024-08-23 04:50:01,linkedin,screened,0.722
14240,756,8207,2024-09-19 03:06:57,job_board,screened,0.943
14241,1860,2649,2025-11-01 23:29:20,referral,screened,0.635
14242,1985,943,2026-01-17 23:24:16,recruiter,applied,0.747
14243,611,8732,2024-08-11 03:00:46,job_board,applied,0.71
14244,1295,1431,2025-05-08 22:01:44,job_board,applied,0.943
14245,469,114,2024-06-11 14:16:53,job_board,applied,0.424
14246,920,2873,2024-12-13 11:30:53,referral,interview,0.546
14247,1442,7012,2025-06-14 10:39:29,linkedin,applied,0.824
14248,1007,6719,2025-02-09 08:05:03,referral,applied,0.838
14249,1844,2855,2025-11-20 21:49:46,outbound,applied,0.419
14250,1020,6173,2025-01-18 11:54:01,referral,applied,0.699
14251,1537,8471,2025-07-28 14:17:31,job_board,applied,0.506
14252,924,63,2024-12-04 16:56:25,linkedin,applied,0.884
14253,1481,7750,2025-06-12 20:50:34,job_board,applied,0.828
14254,1646,5405,2025-09-12 11:17:56,linkedin,applied,0.7
14255,1947,7931,2025-12-30 20:40:19,referral,applied,0.745
14256,676,442,2024-09-18 15:42:44,recruiter,interview,0.934
14257,1115,2267,2025-02-10 01:02:26,job_board,screened,0.352
14258,1418,3447,2025-05-30 00:58:37,job_board,screened,0.748
14259,1776,7168,2025-09-27 16:54:17,job_board,applied,0.396
14260,203,6096,2024-03-07 11:13:39,job_board,applied,0.949
14261,75,2994,2024-02-20 21:03:28,linkedin,applied,0.576
14262,169,2177,2024-03-19 19:29:33,referral,offer,0.514
14263,265,4025,2024-03-18 20:28:44,referral,applied,0.353
14264,551,1492,2024-06-27 22:06:34,linkedin,screened,0.357
14265,543,8140,2024-07-20 21:51:20,job_board,applied,0.961
14266,207,7479,2024-02-28 02:25:00,job_board,screened,0.84
14267,1893,6485,2025-12-10 13:57:17,job_board,interview,0.942
14268,1623,4312,2025-08-01 05:12:27,recruiter,interview,0.595
14269,394,5766,2024-05-07 12:47:45,job_board,applied,0.543
14270,795,2284,2024-10-06 01:00:54,job_board,offer,0.813
14271,767,1161,2024-09-30 12:14:29,recruiter,applied,0.783
14272,1695,2096,2025-09-24 08:22:57,linkedin,applied,0.95
14273,72,4845,2024-02-11 10:28:41,outbound,interview,0.484
14274,1715,8632,2025-09-05 06:37:05,job_board,applied,0.708
14275,157,1112,2024-03-06 12:25:21,job_board,applied,0.721
14276,1053,2745,2025-02-06 21:51:00,job_board,applied,0.798
14277,1166,676,2025-03-26 15:10:28,linkedin,applied,0.96
14278,420,3970,2024-06-18 17:33:35,recruiter,interview,0.929
14279,196,8520,2024-03-28 01:04:10,outbound,applied,0.819
14280,857,460,2024-10-23 16:12:16,linkedin,applied,0.591
14281,1799,5332,2025-10-03 09:07:06,job_board,screened,0.587
14282,1131,1393,2025-02-11 15:36:02,job_board,interview,0.776
14283,1772,56,2025-10-11 03:11:36,outbound,screened,0.584
14284,700,4843,2024-09-20 16:28:23,linkedin,interview,0.82
14285,1245,4222,2025-03-18 01:56:32,linkedin,applied,0.938
14286,1743,8103,2025-10-16 15:22:46,job_board,applied,0.734
14287,793,2581,2024-09-23 01:01:58,recruiter,screened,0.764
14288,1968,5710,2026-01-04 19:00:16,job_board,screened,0.779
14289,1776,1386,2025-10-04 16:54:17,referral,applied,0.736
14290,1195,5208,2025-04-03 03:59:49,referral,applied,0.673
14291,976,7373,2024-12-30 01:50:37,job_board,applied,0.857
14292,336,3470,2024-04-14 20:10:49,referral,offer,0.405
14293,382,1383,2024-05-16 07:31:16,referral,offer,0.797
14294,1762,4550,2025-09-15 10:22:31,recruiter,applied,0.466
14295,692,1498,2024-09-08 19:56:28,recruiter,interview,0.851
14296,1847,5818,2025-10-18 13:10:07,job_board,screened,0.737
14297,727,2094,2024-09-11 12:47:03,job_board,interview,0.608
14298,511,5945,2024-07-09 02:45:54,job_board,screened,0.617
14299,1160,6412,2025-03-21 12:39:55,job_board,applied,0.491
14300,607,8992,2024-08-16 13:13:47,referral,offer,0.568
14301,803,1717,2024-10-31 02:58:05,job_board,applied,0.449
14302,929,8384,2024-12-26 15:59:39,job_board,applied,0.561
14303,1637,2893,2025-09-03 05:08:33,job_board,screened,0.641
14304,1675,1392,2025-08-26 20:09:44,outbound,applied,0.491
14305,1254,8122,2025-03-30 15:04:07,linkedin,offer,0.355
14306,1884,5136,2025-12-10 02:25:15,linkedin,screened,0.863
14307,505,5087,2024-06-21 12:16:16,job_board,applied,0.855
14308,1309,2717,2025-05-11 11:51:59,job_board,interview,0.922
14309,805,1558,2024-09-30 00:05:34,recruiter,interview,0.451
14310,843,554,2024-11-18 05:04:37,recruiter,applied,0.432
14311,1447,7740,2025-06-06 22:53:27,recruiter,screened,0.49
14312,668,186,2024-09-06 17:30:58,linkedin,screened,0.396
14313,485,4610,2024-07-16 13:17:52,referral,applied,0.756
14314,957,2402,2025-01-15 11:56:18,linkedin,applied,0.774
14315,184,7509,2024-03-04 16:54:14,linkedin,applied,0.518
14316,1128,6324,2025-02-08 21:59:31,referral,screened,0.797
14317,1423,709,2025-06-03 21:34:23,job_board,applied,0.528
14318,308,1154,2024-04-22 16:22:41,job_board,applied,0.835
14319,814,1457,2024-10-20 08:49:00,outbound,applied,0.544
14320,556,6420,2024-08-02 09:33:51,referral,applied,0.624
14321,249,827,2024-04-03 17:29:38,job_board,applied,0.905
14322,264,2112,2024-03-12 12:38:30,job_board,applied,0.83
14323,959,4332,2025-01-16 11:03:13,job_board,applied,0.443
14324,1095,1666,2025-02-05 12:55:40,recruiter,interview,0.588
14325,1121,3487,2025-02-05 16:20:34,job_board,screened,0.53
14326,132,2737,2024-02-11 20:17:58,linkedin,offer,0.626
14327,52,3745,2024-02-18 18:12:47,referral,applied,0.499
14328,241,251,2024-04-06 14:03:59,job_board,applied,0.376
14329,1583,3299,2025-08-05 13:28:50,job_board,interview,0.938
14330,1289,4829,2025-04-19 21:35:57,linkedin,applied,0.948
14331,984,3818,2024-12-29 13:24:28,referral,applied,0.567
14332,63,8473,2024-02-28 22:44:17,recruiter,applied,0.675
14333,52,3432,2024-02-06 18:12:47,recruiter,applied,0.743
14334,786,2740,2024-09-21 17:34:04,linkedin,screened,0.489
14335,1724,1437,2025-09-18 13:31:52,outbound,screened,0.867
14336,222,5528,2024-02-29 00:16:03,job_board,screened,0.505
14337,1171,5122,2025-02-19 09:43:27,linkedin,applied,0.553
14338,1145,470,2025-02-16 12:49:24,referral,applied,0.434
14339,1927,7823,2025-11-26 09:36:25,job_board,applied,0.447
14340,596,8807,2024-08-19 19:23:40,linkedin,applied,0.723
14341,563,8947,2024-07-29 00:12:02,job_board,applied,0.963
14342,1207,7004,2025-03-19 08:47:32,outbound,screened,0.396
14343,826,1056,2024-11-07 19:45:40,outbound,applied,0.438
14344,344,8067,2024-05-06 15:23:23,linkedin,applied,0.626
14345,1326,3702,2025-05-09 07:24:28,job_board,applied,0.709
14346,1921,7775,2025-12-13 23:36:23,job_board,interview,0.567
14347,1828,2170,2025-10-19 13:08:49,outbound,screened,0.416
14348,203,6180,2024-02-21 11:13:39,job_board,screened,0.902
14349,1583,5103,2025-08-10 13:28:50,recruiter,interview,0.738
14350,1401,4130,2025-06-10 20:08:37,recruiter,applied,0.914
14351,1287,3244,2025-05-06 09:00:21,recruiter,applied,0.739
14352,930,482,2024-12-02 06:41:18,job_board,interview,0.622
14353,1592,7900,2025-08-28 14:03:41,recruiter,offer,0.651
14354,1141,6508,2025-02-08 18:59:29,job_board,applied,0.721
14355,190,8417,2024-02-27 08:59:57,referral,applied,0.402
14356,260,4653,2024-04-17 06:59:09,recruiter,screened,0.523
14357,1449,2926,2025-06-01 09:29:50,job_board,applied,0.899
14358,812,5541,2024-10-19 15:42:06,linkedin,offer,0.979
14359,1158,3208,2025-03-11 05:16:43,referral,applied,0.692
14360,1612,8453,2025-07-25 21:21:53,job_board,applied,0.759
14361,549,4815,2024-07-02 09:18:30,job_board,applied,0.836
14362,1786,6098,2025-10-07 10:23:21,job_board,applied,0.937
14363,478,5720,2024-07-06 13:09:12,linkedin,applied,0.356
14364,896,3498,2024-12-08 01:09:08,linkedin,applied,0.79
14365,577,6773,2024-07-19 13:45:55,recruiter,offer,0.698
14366,1399,4423,2025-05-23 14:09:40,linkedin,screened,0.452
14367,246,901,2024-03-10 10:05:51,linkedin,screened,0.93
14368,668,3679,2024-08-25 17:30:58,job_board,applied,0.776
14369,547,460,2024-07-31 07:15:04,job_board,screened,0.588
14370,1443,6616,2025-05-29 18:49:47,job_board,interview,0.368
14371,143,6105,2024-02-13 06:45:29,job_board,interview,0.688
14372,1290,8067,2025-04-09 21:38:38,linkedin,interview,0.885
14373,1346,4309,2025-04-20 15:03:23,job_board,applied,0.89
14374,1454,8924,2025-07-08 17:14:15,linkedin,applied,0.963
14375,1025,6055,2025-02-11 16:27:24,recruiter,screened,0.472
14376,1294,3475,2025-04-12 16:20:40,job_board,interview,0.864
14377,256,2715,2024-03-11 18:43:46,job_board,applied,0.845
14378,1107,8530,2025-02-18 16:02:00,job_board,applied,0.84
14379,1395,1550,2025-05-23 12:23:56,linkedin,applied,0.587
14380,496,149,2024-06-13 08:20:27,job_board,screened,0.696
14381,357,1002,2024-05-01 08:24:08,job_board,applied,0.813
14382,599,6206,2024-08-23 22:26:06,referral,screened,0.394
14383,990,7078,2024-12-28 15:54:56,job_board,interview,0.732
14384,96,4583,2024-03-02 05:12:38,job_board,screened,0.778
14385,1841,3628,2025-10-10 22:54:51,referral,offer,0.663
14386,1306,1650,2025-04-22 13:22:23,job_board,applied,0.912
14387,1522,746,2025-07-01 21:51:20,outbound,applied,0.875
14388,1698,6707,2025-09-19 02:47:06,job_board,interview,0.918
14389,1169,2221,2025-03-03 12:36:32,linkedin,applied,0.858
14390,1542,8862,2025-08-03 04:46:22,job_board,applied,0.778
14391,1170,7754,2025-03-27 19:49:08,referral,applied,0.957
14392,1543,6935,2025-08-15 06:40:42,linkedin,offer,0.554
14393,129,4334,2024-03-04 12:04:26,job_board,applied,0.964
14394,1649,3226,2025-08-20 05:26:37,job_board,screened,0.52
14395,855,7681,2024-11-16 03:29:01,referral,applied,0.472
14396,955,431,2024-12-28 17:01:09,referral,applied,0.9
14397,615,8509,2024-08-18 17:33:39,recruiter,applied,0.893
14398,802,7410,2024-10-24 23:43:16,linkedin,screened,0.505
14399,950,603,2025-01-06 14:34:56,job_board,applied,0.581
14400,743,1975,2024-10-01 05:18:03,job_board,applied,0.439
14401,1903,8490,2025-12-01 03:32:41,job_board,screened,0.473
14402,1024,5967,2025-01-14 10:24:04,job_board,applied,0.577
14403,1574,3340,2025-08-26 10:10:49,job_board,applied,0.451
14404,1915,7500,2025-11-17 17:06:20,job_board,applied,0.441
14405,1220,6285,2025-03-27 23:18:25,linkedin,applied,0.561
14406,675,8319,2024-08-17 01:25:10,referral,applied,0.855
14407,1410,3629,2025-06-09 16:40:41,job_board,applied,0.902
14408,23,5295,2024-01-28 06:33:13,job_board,applied,0.526
14409,1462,5532,2025-06-01 04:42:48,job_board,applied,0.933
14410,18,384,2024-02-16 03:57:33,job_board,offer,0.354
14411,913,6028,2024-12-16 12:08:24,job_board,interview,0.538
14412,554,6457,2024-07-13 15:25:57,job_board,screened,0.719
14413,1733,1197,2025-09-12 19:29:11,referral,applied,0.914
14414,1290,7304,2025-04-21 21:38:38,referral,offer,0.909
14415,1235,3881,2025-04-07 21:54:42,outbound,offer,0.839
14416,1310,3842,2025-05-18 02:24:53,job_board,interview,0.617
14417,1477,1860,2025-07-15 09:21:03,referral,applied,0.913
14418,319,7669,2024-04-02 13:22:46,referral,applied,0.364
14419,23,1074,2024-01-09 06:33:13,job_board,screened,0.376
14420,1866,8809,2025-10-28 15:15:50,job_board,applied,0.783
14421,1076,5328,2025-02-06 16:11:48,outbound,applied,0.471
14422,1340,2126,2025-04-20 15:13:57,job_board,offer,0.977
14423,729,6123,2024-10-06 11:38:25,job_board,screened,0.684
14424,1698,6446,2025-09-17 02:47:06,job_board,interview,0.44
14425,111,2319,2024-01-31 20:23:39,job_board,screened,0.951
14426,881,7891,2024-12-04 03:12:48,recruiter,screened,0.545
14427,1293,66,2025-05-01 14:33:53,referral,interview,0.527
14428,927,1145,2024-12-03 11:26:29,job_board,applied,0.433
14429,1858,8737,2025-10-31 00:15:05,outbound,applied,0.916
14430,17,6843,2024-02-06 02:22:26,job_board,interview,0.831
14431,1466,4274,2025-06-25 05:05:55,linkedin,interview,0.848
14432,1763,2844,2025-10-27 07:29:37,recruiter,offer,0.606
14433,160,5867,2024-03-19 07:00:10,referral,screened,0.745
14434,1283,6213,2025-05-06 05:09:24,job_board,offer,0.787
14435,114,678,2024-02-25 07:40:16,recruiter,screened,0.971
14436,1249,3899,2025-04-16 18:52:16,job_board,applied,0.7
14437,691,5582,2024-08-30 17:49:03,job_board,applied,0.521
14438,1664,5295,2025-09-10 00:26:23,outbound,applied,0.425
14439,478,6864,2024-07-01 13:09:12,outbound,offer,0.503
14440,748,8208,2024-09-22 17:51:11,job_board,screened,0.366
14441,56,427,2024-01-24 09:27:07,outbound,interview,0.441
14442,1472,4792,2025-07-19 20:54:38,recruiter,screened,0.672
14443,81,4713,2024-01-20 00:23:25,linkedin,interview,0.353
14444,1341,1871,2025-04-23 23:00:37,job_board,interview,0.41
14445,691,1279,2024-09-07 17:49:03,job_board,applied,0.381
14446,1881,8136,2025-11-16 08:52:30,recruiter,applied,0.682
14447,268,1323,2024-04-19 18:17:28,job_board,applied,0.365
14448,1276,3980,2025-03-24 17:01:31,linkedin,applied,0.67
14449,390,5534,2024-05-24 20:58:21,job_board,applied,0.736
14450,89,4297,2024-02-01 16:15:38,job_board,screened,0.492
14451,1740,5574,2025-09-23 07:23:23,job_board,screened,0.931
14452,1766,258,2025-10-04 12:30:52,job_board,applied,0.967
14453,1988,4984,2025-12-29 20:18:42,linkedin,applied,0.932
14454,375,7278,2024-05-06 21:09:19,job_board,applied,0.92
14455,1610,4592,2025-07-26 23:42:18,linkedin,screened,0.401
14456,981,8929,2025-01-23 16:06:56,outbound,applied,0.555
14457,466,4230,2024-06-05 17:53:54,job_board,applied,0.513
14458,788,2770,2024-09-22 09:36:51,referral,screened,0.473
14459,352,4331,2024-05-26 12:19:50,referral,screened,0.717
14460,1233,2704,2025-03-31 04:38:16,job_board,applied,0.876
14461,1157,3011,2025-03-02 01:58:48,linkedin,applied,0.894
14462,344,4074,2024-04-30 15:23:23,job_board,applied,0.489
14463,1568,2316,2025-08-16 22:34:39,job_board,applied,0.585
14464,1130,313,2025-02-21 12:04:17,referral,applied,0.853
14465,1315,2391,2025-04-06 17:37:51,job_board,interview,0.837
14466,270,277,2024-04-12 22:51:34,job_board,interview,0.899
14467,1608,8173,2025-08-12 18:49:34,referral,applied,0.41
14468,730,7813,2024-09-01 13:52:32,linkedin,interview,0.422
14469,974,2401,2024-12-26 01:17:46,outbound,applied,0.828
14470,313,8065,2024-04-12 19:09:30,job_board,interview,0.807
14471,1976,3371,2026-01-29 04:04:19,outbound,interview,0.871
14472,1035,3353,2025-02-14 13:26:53,job_board,interview,0.947
14473,1574,4537,2025-07-21 10:10:49,referral,applied,0.966
14474,1223,8213,2025-03-10 03:18:29,job_board,applied,0.666
14475,102,6685,2024-01-27 02:02:09,outbound,screened,0.869
14476,1393,5716,2025-05-14 08:18:00,recruiter,screened,0.594
14477,729,6994,2024-09-03 11:38:25,linkedin,interview,0.887
14478,1200,7881,2025-03-17 23:54:32,referral,applied,0.811
14479,1120,6496,2025-02-02 14:03:25,job_board,screened,0.696
14480,1570,4216,2025-08-05 05:41:38,job_board,interview,0.573
14481,449,2728,2024-06-02 17:43:42,job_board,screened,0.879
14482,1940,4197,2025-12-28 16:38:19,referral,screened,0.824
14483,807,1468,2024-11-09 00:47:26,job_board,screened,0.727
14484,1439,5458,2025-07-05 17:25:03,job_board,applied,0.713
14485,1260,7354,2025-04-28 12:24:10,job_board,applied,0.45
14486,1131,253,2025-02-28 15:36:02,recruiter,screened,0.695
14487,1105,7871,2025-02-21 14:52:52,job_board,screened,0.463
14488,1224,5747,2025-03-27 03:54:48,referral,applied,0.467
14489,1723,8217,2025-10-01 05:19:16,recruiter,interview,0.614
14490,554,6375,2024-07-09 15:25:57,job_board,screened,0.925
14491,526,7726,2024-07-06 04:03:31,job_board,screened,0.7
14492,1977,6762,2026-01-02 10:52:10,referral,interview,0.745
14493,1843,3253,2025-11-19 21:46:52,outbound,screened,0.678
14494,790,4857,2024-09-27 23:39:15,linkedin,screened,0.54
14495,645,1382,2024-08-06 18:20:45,outbound,applied,0.462
14496,1496,7541,2025-07-03 10:28:26,job_board,applied,0.951
14497,1841,6034,2025-10-27 22:54:51,job_board,interview,0.612
14498,1897,5260,2025-12-07 08:08:51,referral,applied,0.675
14499,497,5845,2024-06-12 12:00:13,job_board,interview,0.553
14500,428,6299,2024-05-20 00:08:54,job_board,offer,0.678
14501,1016,2232,2025-02-14 07:30:20,linkedin,applied,0.941
14502,357,5517,2024-05-12 08:24:08,linkedin,interview,0.803
14503,1865,5582,2025-11-04 07:03:10,job_board,applied,0.825
14504,705,6206,2024-09-30 22:01:12,referral,screened,0.892
14505,555,8985,2024-07-09 16:28:37,recruiter,screened,0.926
14506,1945,3033,2025-12-27 18:49:32,referral,applied,0.83
14507,1698,1517,2025-08-28 02:47:06,outbound,applied,0.804
14508,1884,8929,2025-12-01 02:25:15,outbound,applied,0.954
14509,1003,3408,2025-01-20 07:22:24,job_board,interview,0.508
14510,1586,2564,2025-07-23 02:41:03,linkedin,applied,0.764
14511,840,3520,2024-11-02 12:12:29,job_board,screened,0.537
14512,141,7105,2024-02-23 07:00:38,referral,applied,0.492
14513,1328,1922,2025-05-13 15:57:30,job_board,interview,0.443
14514,160,181,2024-03-19 07:00:10,linkedin,applied,0.688
14515,398,7093,2024-06-02 10:40:35,referral,applied,0.78
14516,594,4625,2024-07-26 12:09:26,job_board,screened,0.581
14517,1318,6366,2025-05-09 06:18:41,linkedin,interview,0.503
14518,1556,2390,2025-08-02 13:36:26,job_board,applied,0.689
14519,354,1953,2024-05-06 00:51:24,linkedin,interview,0.565
14520,1470,4159,2025-06-13 14:22:35,job_board,screened,0.479
14521,1422,7721,2025-06-09 20:34:07,job_board,applied,0.449
14522,1195,6627,2025-03-08 03:59:49,referral,applied,0.659
14523,1222,3833,2025-04-13 01:56:42,job_board,applied,0.611
14524,803,1478,2024-10-14 02:58:05,referral,applied,0.522
14525,280,4959,2024-04-05 10:53:33,linkedin,applied,0.546
14526,268,497,2024-03-15 18:17:28,job_board,applied,0.633
14527,202,6165,2024-03-06 00:56:02,job_board,applied,0.495
14528,959,3895,2025-01-19 11:03:13,linkedin,screened,0.626
14529,1215,7868,2025-03-28 00:34:29,job_board,interview,0.483
14530,288,8711,2024-04-21 14:33:39,job_board,applied,0.74
14531,243,2042,2024-04-02 14:36:59,referral,applied,0.903
14532,1390,1050,2025-05-24 18:50:54,recruiter,interview,0.671
14533,1251,5332,2025-04-25 03:48:44,outbound,interview,0.91
14534,1865,440,2025-11-02 07:03:10,linkedin,applied,0.932
14535,1999,6045,2026-01-15 03:52:44,recruiter,interview,0.652
14536,1976,7909,2026-01-19 04:04:19,referral,applied,0.447
14537,246,7978,2024-03-26 10:05:51,job_board,applied,0.58
14538,731,6904,2024-09-13 15:56:29,job_board,interview,0.469
14539,948,6951,2024-12-30 16:05:42,outbound,applied,0.372
14540,1478,2260,2025-07-15 10:00:31,outbound,applied,0.427
14541,1849,8230,2025-11-13 07:26:54,job_board,offer,0.781
14542,1665,6794,2025-08-28 11:38:26,linkedin,screened,0.852
14543,1875,678,2025-10-25 23:33:21,job_board,applied,0.753
14544,38,5330,2024-02-16 01:54:00,referral,applied,0.567
14545,60,3830,2024-02-24 02:56:23,job_board,offer,0.474
14546,823,1401,2024-11-05 13:37:37,outbound,applied,0.599
14547,1617,2757,2025-08-02 06:51:03,outbound,applied,0.531
14548,654,8420,2024-09-07 03:19:47,linkedin,applied,0.914
14549,478,4475,2024-06-10 13:09:12,job_board,applied,0.875
14550,477,1385,2024-07-08 18:10:12,job_board,applied,0.416
14551,1494,7298,2025-07-18 08:14:12,job_board,applied,0.75
14552,1575,2170,2025-08-04 15:53:24,referral,applied,0.635
14553,711,4434,2024-08-30 10:03:06,job_board,applied,0.737
14554,115,1168,2024-02-16 18:53:29,linkedin,interview,0.658
14555,450,317,2024-05-26 00:53:54,job_board,interview,0.476
14556,579,8821,2024-08-08 11:08:49,job_board,applied,0.6
14557,942,6038,2025-01-09 13:16:25,job_board,applied,0.957
14558,768,5417,2024-10-16 17:07:38,job_board,applied,0.797
14559,352,93,2024-05-11 12:19:50,outbound,offer,0.386
14560,1975,5490,2026-01-30 16:09:37,recruiter,applied,0.72
14561,849,880,2024-11-24 17:00:22,referral,screened,0.476
14562,444,1376,2024-07-01 01:46:13,linkedin,applied,0.792
14563,790,6550,2024-09-20 23:39:15,job_board,applied,0.542
14564,1490,4619,2025-07-26 15:47:30,job_board,applied,0.916
14565,1926,7480,2025-11-21 08:13:05,linkedin,applied,0.455
14566,891,3215,2024-11-17 11:39:58,job_board,applied,0.858
14567,1085,2864,2025-02-02 21:44:36,referral,interview,0.402
14568,603,7430,2024-08-21 20:44:48,linkedin,applied,0.624
14569,1395,5122,2025-05-06 12:23:56,referral,interview,0.75
14570,1374,8229,2025-06-11 07:25:02,job_board,applied,0.657
14571,350,4925,2024-05-02 01:43:51,job_board,interview,0.539
14572,1098,1673,2025-01-28 03:51:04,linkedin,interview,0.504
14573,1995,501,2026-02-10 20:12:28,job_board,screened,0.974
14574,469,1962,2024-05-28 14:16:53,job_board,applied,0.592
14575,996,4904,2025-01-09 20:54:16,job_board,applied,0.694
14576,1344,5899,2025-04-30 13:17:22,job_board,applied,0.944
14577,151,99,2024-03-08 13:57:58,job_board,screened,0.456
14578,1043,2416,2025-01-21 22:02:50,linkedin,applied,0.681
14579,1219,7380,2025-03-29 14:43:41,job_board,interview,0.875
14580,1089,3561,2025-01-26 23:01:13,referral,offer,0.739
14581,637,6734,2024-07-28 14:23:44,recruiter,screened,0.556
14582,1611,3360,2025-07-27 15:54:32,job_board,applied,0.888
14583,588,2554,2024-07-21 13:38:18,outbound,applied,0.831
14584,1021,6225,2025-01-27 12:42:00,job_board,applied,0.548
14585,635,2361,2024-08-22 21:11:06,referral,applied,0.41
14586,1705,5941,2025-09-16 20:22:31,job_board,interview,0.746
14587,901,1712,2024-11-11 02:56:58,outbound,applied,0.95
14588,772,6770,2024-09-27 12:58:35,recruiter,offer,0.965
14589,575,8575,2024-07-26 09:48:47,linkedin,applied,0.888
14590,1073,8163,2025-02-06 00:52:53,job_board,applied,0.625
14591,1558,7613,2025-08-09 00:48:08,linkedin,applied,0.723
14592,1247,89,2025-04-02 21:29:43,job_board,applied,0.75
14593,358,7540,2024-04-29 23:00:57,outbound,offer,0.411
14594,40,5607,2024-01-20 14:40:03,job_board,screened,0.664
14595,284,4196,2024-04-01 00:40:47,linkedin,applied,0.447
14596,1783,7251,2025-10-26 20:33:50,linkedin,offer,0.906
14597,209,7304,2024-03-25 18:42:24,outbound,applied,0.806
14598,356,8407,2024-05-03 05:40:19,job_board,applied,0.405
14599,821,5325,2024-10-21 04:07:43,job_board,applied,0.448
14600,373,6314,2024-05-01 18:42:27,job_board,offer,0.771
14601,226,2696,2024-03-21 05:06:20,job_board,applied,0.899
14602,375,6058,2024-05-27 21:09:19,referral,applied,0.705
14603,51,3874,2024-01-21 13:41:10,job_board,screened,0.893
14604,1031,5799,2025-02-03 00:30:13,linkedin,applied,0.563
14605,589,3682,2024-08-15 14:08:43,referral,applied,0.485
14606,578,1592,2024-07-10 18:28:34,referral,applied,0.946
14607,1961,3167,2026-01-02 10:33:54,referral,interview,0.433
14608,1834,3019,2025-11-02 08:49:21,job_board,interview,0.541
14609,22,2181,2024-02-19 16:08:09,referral,offer,0.589
14610,1815,944,2025-10-17 16:28:14,job_board,interview,0.673
14611,128,3585,2024-03-05 22:21:50,job_board,applied,0.544
14612,1175,4539,2025-02-18 05:36:17,referral,screened,0.512
14613,1167,5394,2025-03-09 15:48:45,job_board,applied,0.508
14614,1238,5536,2025-03-17 08:07:50,job_board,applied,0.629
14615,996,1766,2025-01-20 20:54:16,job_board,applied,0.942
14616,1334,1309,2025-05-13 01:58:55,job_board,interview,0.96
14617,209,1277,2024-03-07 18:42:24,job_board,screened,0.687
14618,900,6140,2024-12-14 01:19:23,outbound,applied,0.444
14619,1790,6213,2025-10-11 17:42:39,referral,offer,0.844
14620,1123,4628,2025-02-12 02:49:51,job_board,applied,0.559
14621,1349,4738,2025-05-21 01:11:58,referral,applied,0.43
14622,134,5748,2024-02-25 06:00:57,linkedin,applied,0.888
14623,990,3170,2025-01-14 15:54:56,linkedin,applied,0.366
14624,199,6714,2024-02-25 23:53:38,job_board,screened,0.384
14625,1088,8172,2025-03-05 10:00:59,linkedin,applied,0.578
14626,686,2141,2024-08-27 00:08:45,linkedin,offer,0.486
14627,1593,4152,2025-08-11 17:30:28,job_board,offer,0.793
14628,1572,2848,2025-07-18 20:35:33,job_board,interview,0.972
14629,197,2986,2024-02-18 14:49:52,job_board,screened,0.647
14630,746,3505,2024-10-02 15:34:42,job_board,screened,0.926
14631,1867,1947,2025-10-25 17:14:11,referral,screened,0.777
14632,30,3140,2024-02-10 07:30:16,referral,screened,0.443
14633,226,2909,2024-02-29 05:06:20,job_board,screened,0.902
14634,1869,7324,2025-11-04 16:25:13,referral,applied,0.849
14635,918,2464,2024-12-25 17:23:04,job_board,applied,0.543
14636,1238,873,2025-03-30 08:07:50,job_board,applied,0.687
14637,496,7802,2024-06-21 08:20:27,job_board,applied,0.471
14638,833,8125,2024-10-12 16:29:20,job_board,applied,0.411
14639,1331,8028,2025-05-21 21:04:52,outbound,screened,0.526
14640,621,1650,2024-08-15 04:00:56,job_board,interview,0.807
14641,1680,3714,2025-09-02 00:31:28,recruiter,offer,0.367
14642,1852,2617,2025-11-18 14:02:47,linkedin,offer,0.641
14643,1234,2349,2025-04-14 10:46:54,job_board,interview,0.704
14644,526,8256,2024-07-19 04:03:31,linkedin,applied,0.668
14645,448,1174,2024-06-09 15:32:36,outbound,interview,0.812
14646,47,5441,2024-02-10 02:02:08,job_board,applied,0.477
14647,1559,6446,2025-08-17 04:32:58,job_board,applied,0.965
14648,1795,615,2025-10-04 20:41:16,referral,applied,0.663
14649,1886,7912,2025-12-01 08:09:55,linkedin,interview,0.828
14650,1955,2033,2025-12-26 21:06:59,job_board,applied,0.928
14651,322,3701,2024-04-12 01:36:49,linkedin,interview,0.508
14652,1397,4874,2025-05-16 04:05:56,outbound,applied,0.972
14653,508,7875,2024-07-07 07:27:34,job_board,interview,0.76
14654,349,8890,2024-04-19 00:17:02,referral,applied,0.519
14655,1060,2228,2025-01-27 22:17:32,job_board,applied,0.673
14656,1353,3676,2025-05-08 01:51:22,outbound,applied,0.534
14657,1480,5479,2025-06-18 23:23:57,job_board,screened,0.827
14658,984,3703,2024-12-31 13:24:28,job_board,applied,0.854
14659,254,730,2024-03-21 04:13:22,job_board,offer,0.594
14660,137,7022,2024-02-05 02:02:03,recruiter,applied,0.782
14661,102,5069,2024-02-07 02:02:09,job_board,interview,0.483
14662,1534,1160,2025-08-01 06:18:50,referral,applied,0.55
14663,1134,5749,2025-02-26 11:16:08,job_board,screened,0.755
14664,685,8156,2024-08-26 17:28:03,referral,applied,0.51
14665,1595,5800,2025-08-16 03:42:39,job_board,offer,0.772
14666,713,4294,2024-08-30 15:56:14,outbound,applied,0.442
14667,596,7010,2024-08-24 19:23:40,job_board,interview,0.772
14668,1615,2446,2025-07-28 14:04:18,recruiter,applied,0.526
14669,1166,853,2025-03-04 15:10:28,referral,screened,0.629
14670,1355,4413,2025-05-27 10:40:58,linkedin,applied,0.709
14671,1607,2508,2025-08-24 19:19:23,job_board,applied,0.413
14672,626,4414,2024-08-12 20:14:29,job_board,applied,0.726
14673,58,6238,2024-02-05 23:44:42,referral,screened,0.877
14674,1328,7620,2025-05-22 15:57:30,referral,applied,0.944
14675,673,5329,2024-08-25 21:55:20,linkedin,interview,0.781
14676,1941,5480,2025-11-29 23:55:54,job_board,applied,0.808
14677,607,8546,2024-08-03 13:13:47,outbound,applied,0.938
14678,1595,8176,2025-07-20 03:42:39,referral,screened,0.936
14679,1447,7058,2025-07-04 22:53:27,recruiter,applied,0.74
14680,1416,8184,2025-05-23 02:13:48,linkedin,applied,0.427
14681,1333,4239,2025-04-21 21:08:32,job_board,applied,0.714
14682,150,6905,2024-03-04 12:44:09,job_board,interview,0.569
14683,1654,4804,2025-08-19 12:50:12,referral,applied,0.954
14684,538,5536,2024-07-25 11:40:05,referral,applied,0.817
14685,1098,5938,2025-02-26 03:51:04,linkedin,screened,0.739
14686,514,707,2024-07-07 15:24:48,job_board,interview,0.518
14687,456,93,2024-06-02 16:25:59,referral,interview,0.559
14688,761,8577,2024-09-19 01:56:52,recruiter,screened,0.526
14689,867,3278,2024-10-18 10:10:02,job_board,screened,0.661
14690,1818,459,2025-11-08 21:44:10,job_board,applied,0.628
14691,793,1098,2024-09-30 01:01:58,job_board,applied,0.688
14692,1894,352,2025-11-26 09:55:41,job_board,offer,0.439
14693,1336,2155,2025-04-17 20:20:21,job_board,applied,0.63
14694,1274,6564,2025-04-13 02:19:30,outbound,screened,0.895
14695,1908,7466,2025-11-26 20:25:36,referral,applied,0.419
14696,1986,565,2026-01-13 23:54:08,job_board,applied,0.351
14697,916,4937,2024-11-28 01:57:29,job_board,screened,0.733
14698,794,5950,2024-10-25 22:29:24,job_board,applied,0.508
14699,1278,7745,2025-05-04 11:34:48,referral,offer,0.685
14700,409,8147,2024-05-31 11:53:25,job_board,screened,0.432
14701,356,8000,2024-05-20 05:40:19,job_board,applied,0.956
14702,627,6454,2024-08-13 03:07:46,job_board,screened,0.769
14703,1149,7254,2025-02-13 19:15:06,job_board,applied,0.564
14704,1997,6702,2026-01-15 09:37:00,linkedin,applied,0.902
14705,1457,6859,2025-06-04 14:11:08,job_board,applied,0.826
14706,616,8120,2024-07-21 05:26:08,job_board,interview,0.452
14707,1528,1495,2025-08-14 10:29:26,job_board,applied,0.944
14708,1032,776,2025-01-29 04:10:30,linkedin,interview,0.389
14709,1948,2424,2025-12-30 23:09:08,linkedin,applied,0.96
14710,1228,8564,2025-03-21 07:43:04,outbound,applied,0.476
14711,1976,6337,2026-01-15 04:04:19,referral,interview,0.398
14712,1556,4234,2025-07-22 13:36:26,referral,applied,0.707
14713,1031,2710,2025-02-03 00:30:13,recruiter,applied,0.625
14714,1567,1796,2025-08-03 18:24:22,job_board,applied,0.599
14715,1722,3377,2025-08-31 03:17:23,referral,applied,0.917
14716,417,8562,2024-05-29 18:53:56,outbound,applied,0.355
14717,1475,8428,2025-06-18 04:06:19,referral,applied,0.528
14718,1983,8755,2026-01-15 07:10:20,recruiter,applied,0.505
14719,1050,6353,2025-02-02 02:55:18,linkedin,applied,0.464
14720,907,5275,2024-11-24 17:22:17,referral,interview,0.453
14721,61,960,2024-02-04 04:15:12,job_board,applied,0.514
14722,1479,5335,2025-06-12 20:32:19,linkedin,applied,0.449
14723,1955,6491,2026-01-15 21:06:59,job_board,screened,0.484
14724,1232,3783,2025-03-29 22:55:57,outbound,applied,0.707
14725,1931,7145,2025-11-26 11:40:22,job_board,applied,0.458
14726,272,5309,2024-03-20 00:17:07,referral,applied,0.945
14727,1037,8220,2025-01-10 00:53:34,job_board,applied,0.543
14728,1552,964,2025-07-19 22:28:57,job_board,offer,0.701
14729,689,6167,2024-09-21 14:54:07,job_board,applied,0.855
14730,1674,3099,2025-09-12 18:36:31,linkedin,applied,0.82
14731,224,862,2024-04-05 19:54:23,referral,applied,0.371
14732,1724,2743,2025-09-15 13:31:52,referral,interview,0.608
14733,111,6888,2024-02-08 20:23:39,referral,applied,0.845
14734,184,1669,2024-03-03 16:54:14,job_board,applied,0.933
14735,1607,5907,2025-08-04 19:19:23,linkedin,applied,0.79
14736,1938,1814,2026-01-05 22:02:58,referral,interview,0.594
14737,819,4106,2024-10-28 22:35:51,referral,applied,0.709
14738,441,1310,2024-06-22 02:03:08,job_board,offer,0.83
14739,1126,6845,2025-02-11 05:31:05,job_board,screened,0.627
14740,570,7849,2024-08-13 19:59:04,linkedin,screened,0.913
14741,603,4727,2024-08-22 20:44:48,linkedin,interview,0.546
14742,4,3528,2024-01-27 20:39:45,job_board,applied,0.945
14743,1228,8391,2025-03-14 07:43:04,job_board,applied,0.793
14744,317,8516,2024-04-24 01:03:17,linkedin,applied,0.908
14745,1518,8385,2025-06-30 02:32:22,linkedin,applied,0.956
14746,417,7049,2024-05-13 18:53:56,outbound,applied,0.365
14747,1786,2030,2025-10-13 10:23:21,job_board,applied,0.862
14748,1370,1444,2025-06-08 17:22:24,referral,interview,0.596
14749,993,3966,2025-01-25 20:46:02,linkedin,interview,0.468
14750,845,5111,2024-10-23 00:52:18,job_board,applied,0.659
14751,601,1787,2024-08-26 09:07:13,job_board,interview,0.764
14752,140,1311,2024-02-24 05:55:59,linkedin,applied,0.443
14753,154,2977,2024-03-05 07:31:51,referral,screened,0.952
14754,1137,3159,2025-03-14 00:32:20,referral,interview,0.909
14755,1709,2008,2025-08-25 19:15:57,job_board,applied,0.964
14756,1387,4155,2025-05-11 00:10:39,outbound,applied,0.531
14757,1708,4608,2025-09-19 11:04:20,referral,screened,0.65
14758,1479,872,2025-06-28 20:32:19,job_board,interview,0.895
14759,707,6,2024-08-23 21:30:30,outbound,applied,0.721
14760,1869,325,2025-10-27 16:25:13,linkedin,applied,0.879
14761,415,7123,2024-05-12 21:46:51,linkedin,interview,0.35
14762,548,7258,2024-07-17 08:17:49,job_board,applied,0.678
14763,1347,1431,2025-05-03 16:25:08,job_board,applied,0.922
14764,75,8479,2024-02-26 21:03:28,referral,applied,0.832
14765,1514,2468,2025-06-28 20:00:03,referral,offer,0.407
14766,606,8059,2024-08-03 23:47:56,recruiter,applied,0.854
14767,1444,1575,2025-06-10 19:55:32,referral,applied,0.539
14768,1480,7357,2025-06-15 23:23:57,linkedin,screened,0.751
14769,143,3186,2024-03-09 06:45:29,outbound,applied,0.581
14770,657,7038,2024-09-03 18:11:47,job_board,applied,0.898
14771,1969,694,2025-12-15 09:56:04,job_board,interview,0.888
14772,1862,5153,2025-11-12 13:33:11,referral,applied,0.936
14773,1090,7731,2025-02-14 03:44:48,referral,applied,0.691
14774,853,1145,2024-10-16 21:01:11,job_board,screened,0.702
14775,1217,3735,2025-03-09 19:01:24,job_board,applied,0.429
14776,1461,8028,2025-06-16 11:58:52,job_board,screened,0.754
14777,91,8318,2024-02-16 18:21:24,job_board,offer,0.959
14778,635,4501,2024-08-14 21:11:06,job_board,applied,0.89
14779,24,423,2024-01-30 14:03:26,outbound,interview,0.589
14780,1013,8491,2025-02-03 12:07:58,referral,interview,0.508
14781,253,1554,2024-03-13 03:55:00,linkedin,interview,0.57
14782,1795,3694,2025-09-25 20:41:16,job_board,interview,0.87
14783,782,7523,2024-10-24 04:23:31,recruiter,applied,0.697
14784,1769,991,2025-09-26 06:35:07,job_board,screened,0.502
14785,1890,4175,2025-11-24 04:54:18,linkedin,interview,0.728
14786,545,5605,2024-06-26 15:07:04,job_board,interview,0.561
14787,1457,535,2025-07-13 14:11:08,job_board,applied,0.731
14788,97,4358,2024-02-24 11:17:41,job_board,screened,0.573
14789,1999,421,2026-02-13 03:52:44,job_board,applied,0.825
14790,1512,5817,2025-08-06 15:19:12,job_board,offer,0.664
14791,1360,8054,2025-05-05 21:03:05,job_board,applied,0.69
14792,1161,1832,2025-02-28 14:38:53,linkedin,applied,0.375
14793,200,2356,2024-03-30 12:46:57,linkedin,applied,0.943
14794,524,1165,2024-07-10 15:10:24,job_board,applied,0.383
14795,1389,3698,2025-06-04 16:02:29,job_board,interview,0.43
14796,427,35,2024-05-30 17:19:30,job_board,screened,0.412
14797,1283,8074,2025-04-13 05:09:24,recruiter,interview,0.478
14798,1663,861,2025-08-25 11:47:05,referral,applied,0.621
14799,1773,6009,2025-10-23 17:06:30,linkedin,applied,0.38
14800,132,2886,2024-02-23 20:17:58,job_board,interview,0.553
14801,1089,6935,2025-02-09 23:01:13,referral,applied,0.828
14802,262,461,2024-04-01 16:57:10,job_board,applied,0.781
14803,492,4244,2024-06-28 06:40:56,job_board,applied,0.386
14804,1761,836,2025-09-22 09:35:30,referral,applied,0.863
14805,1466,6258,2025-06-19 05:05:55,referral,interview,0.592
14806,1351,1731,2025-05-19 11:44:24,linkedin,applied,0.867
14807,1507,5259,2025-07-28 11:42:20,outbound,interview,0.608
14808,238,3663,2024-03-19 03:06:15,job_board,applied,0.931
14809,1029,1533,2025-02-16 16:16:50,referral,applied,0.896
14810,460,1734,2024-07-05 04:23:51,job_board,screened,0.546
14811,190,5155,2024-02-23 08:59:57,outbound,applied,0.73
14812,1830,1938,2025-10-13 16:47:43,job_board,applied,0.629
14813,828,8331,2024-11-01 05:14:46,job_board,applied,0.637
14814,406,6872,2024-05-13 07:05:06,job_board,applied,0.628
14815,1680,3108,2025-08-18 00:31:28,outbound,screened,0.757
14816,1413,3528,2025-06-17 10:04:43,outbound,offer,0.608
14817,608,4445,2024-08-25 02:40:00,job_board,screened,0.76
14818,1636,7223,2025-08-12 00:51:01,job_board,interview,0.539
14819,1464,3745,2025-06-11 09:30:13,job_board,applied,0.915
14820,535,3696,2024-07-28 02:52:40,recruiter,screened,0.925
14821,508,6198,2024-06-13 07:27:34,linkedin,screened,0.784
14822,344,2311,2024-04-09 15:23:23,job_board,applied,0.714
14823,658,5644,2024-09-03 03:42:04,linkedin,applied,0.753
14824,575,3462,2024-07-14 09:48:47,job_board,applied,0.59
14825,675,4294,2024-09-05 01:25:10,job_board,interview,0.615
14826,401,6969,2024-05-17 00:50:20,outbound,screened,0.671
14827,272,426,2024-04-01 00:17:07,linkedin,screened,0.543
14828,1421,5865,2025-06-27 02:43:53,job_board,applied,0.524
14829,703,2381,2024-09-12 20:01:28,linkedin,applied,0.683
14830,203,84,2024-03-03 11:13:39,job_board,offer,0.765
14831,1448,2831,2025-07-01 03:35:42,job_board,interview,0.66
14832,459,7010,2024-05-27 18:07:25,linkedin,applied,0.483
14833,803,6593,2024-10-01 02:58:05,job_board,screened,0.586
14834,1684,2312,2025-08-31 09:19:51,linkedin,applied,0.795
14835,600,3567,2024-07-27 08:57:05,job_board,applied,0.844
14836,368,7830,2024-05-31 19:37:50,outbound,applied,0.828
14837,1402,3405,2025-05-28 06:23:38,linkedin,applied,0.768
14838,160,2292,2024-02-26 07:00:10,job_board,applied,0.497
14839,1031,4013,2025-02-05 00:30:13,job_board,applied,0.607
14840,1638,7052,2025-08-22 15:16:15,job_board,interview,0.701
14841,872,3888,2024-11-17 02:50:14,job_board,applied,0.955
14842,316,4635,2024-04-15 13:37:47,job_board,applied,0.463
14843,1593,6460,2025-08-09 17:30:28,referral,applied,0.729
14844,1457,7748,2025-07-10 14:11:08,job_board,interview,0.604
14845,764,6033,2024-10-08 00:04:34,recruiter,applied,0.613
14846,303,3656,2024-03-27 21:25:01,linkedin,applied,0.823
14847,1089,6866,2025-01-22 23:01:13,referral,interview,0.766
14848,1558,7019,2025-07-30 00:48:08,linkedin,applied,0.684
14849,64,1867,2024-01-30 05:24:37,recruiter,applied,0.389
14850,977,6261,2025-01-09 04:07:16,referral,offer,0.408
14851,679,6674,2024-09-02 23:35:11,job_board,screened,0.679
14852,723,2717,2024-10-01 11:50:42,linkedin,applied,0.881
14853,474,2666,2024-06-11 13:49:24,job_board,applied,0.664
14854,1302,6067,2025-05-01 15:20:45,job_board,offer,0.705
14855,1772,1,2025-10-29 03:11:36,referral,applied,0.976
14856,189,2615,2024-02-25 05:35:58,job_board,applied,0.504
14857,43,5757,2024-02-24 07:04:40,job_board,applied,0.682
14858,787,4090,2024-10-29 14:50:19,referral,interview,0.832
14859,1401,107,2025-05-22 20:08:37,job_board,applied,0.95
14860,155,1145,2024-03-12 16:03:34,linkedin,applied,0.869
14861,1513,882,2025-07-06 08:33:03,linkedin,applied,0.685
14862,1447,4778,2025-05-27 22:53:27,referral,applied,0.759
14863,666,371,2024-08-15 09:41:15,job_board,applied,0.861
14864,662,6864,2024-08-09 19:46:13,job_board,applied,0.575
14865,515,5458,2024-07-03 18:20:07,referral,applied,0.852
14866,1421,4538,2025-05-27 02:43:53,job_board,applied,0.692
14867,330,1871,2024-05-17 10:05:49,job_board,applied,0.553
14868,668,1674,2024-08-27 17:30:58,job_board,interview,0.629
14869,555,7283,2024-07-08 16:28:37,referral,applied,0.929
14870,749,5542,2024-09-13 23:57:38,linkedin,applied,0.718
14871,1828,3207,2025-10-18 13:08:49,linkedin,applied,0.931
14872,50,1883,2024-01-17 12:22:18,job_board,applied,0.94
14873,87,3017,2024-02-16 03:13:40,job_board,applied,0.766
14874,820,2712,2024-10-04 03:34:12,outbound,interview,0.39
14875,914,4634,2024-12-08 12:39:42,job_board,offer,0.932
14876,1990,2379,2026-01-26 12:25:53,referral,screened,0.823
14877,529,6976,2024-07-19 07:32:12,outbound,applied,0.609
14878,1120,521,2025-01-31 14:03:25,job_board,applied,0.637
14879,1392,6268,2025-06-06 08:07:18,job_board,screened,0.366
14880,1396,57,2025-05-27 18:33:26,job_board,applied,0.899
14881,668,1859,2024-09-09 17:30:58,job_board,applied,0.934
14882,1702,8440,2025-09-07 23:43:15,job_board,interview,0.42
14883,692,6872,2024-09-02 19:56:28,linkedin,screened,0.83
14884,866,8843,2024-11-06 09:42:14,linkedin,screened,0.686
14885,117,4562,2024-02-01 00:38:11,referral,applied,0.446
14886,1993,1240,2026-01-17 16:46:12,job_board,applied,0.773
14887,1821,8887,2025-11-01 05:55:58,job_board,applied,0.845
14888,492,6841,2024-07-13 06:40:56,outbound,applied,0.693
14889,1044,4652,2025-02-06 22:19:51,job_board,screened,0.456
14890,1674,6915,2025-08-27 18:36:31,job_board,applied,0.958
14891,138,2576,2024-02-12 03:43:50,outbound,interview,0.655
14892,1349,7103,2025-05-27 01:11:58,job_board,applied,0.948
14893,1504,6851,2025-07-28 07:05:07,recruiter,applied,0.587
14894,1285,1250,2025-04-06 22:08:51,job_board,applied,0.698
14895,1561,264,2025-08-12 12:10:49,job_board,applied,0.685
14896,449,7619,2024-06-25 17:43:42,referral,applied,0.447
14897,923,6522,2024-12-06 09:06:28,linkedin,interview,0.937
14898,1269,2642,2025-04-15 16:10:15,outbound,applied,0.758
14899,1959,4889,2026-01-18 04:20:06,job_board,applied,0.876
14900,118,267,2024-02-25 11:46:59,referral,applied,0.374
14901,453,1581,2024-06-19 08:34:38,outbound,applied,0.39
14902,653,797,2024-09-08 18:31:52,linkedin,applied,0.603
14903,1689,217,2025-09-26 01:45:59,referral,offer,0.959
14904,1529,1239,2025-08-05 12:26:02,job_board,applied,0.896
14905,1693,420,2025-09-17 17:06:39,job_board,applied,0.863
14906,1291,8494,2025-04-06 10:26:06,referral,interview,0.831
14907,1043,737,2025-02-11 22:02:50,job_board,applied,0.748
14908,801,1183,2024-10-09 22:08:05,recruiter,applied,0.785
14909,1081,4390,2025-01-30 15:34:01,job_board,applied,0.596
14910,204,5416,2024-04-05 22:05:18,job_board,interview,0.906
14911,225,6369,2024-03-16 03:08:29,job_board,applied,0.565
14912,142,877,2024-03-02 07:37:23,job_board,offer,0.593
14913,267,1205,2024-04-09 15:54:34,linkedin,interview,0.455
14914,660,148,2024-08-29 08:12:18,outbound,applied,0.376
14915,846,1431,2024-11-19 01:08:32,job_board,applied,0.488
14916,1979,1720,2026-01-25 13:49:25,recruiter,applied,0.417
14917,1837,7327,2025-11-17 22:21:32,referral,screened,0.684
14918,1542,5318,2025-08-15 04:46:22,referral,applied,0.544
14919,430,2052,2024-05-15 14:44:11,job_board,offer,0.602
14920,1057,1063,2025-02-02 05:13:27,linkedin,offer,0.643
14921,951,7452,2025-01-04 17:00:59,referral,applied,0.548
14922,1252,6419,2025-04-20 06:41:19,job_board,screened,0.461
14923,129,856,2024-02-12 12:04:26,referral,applied,0.418
14924,124,5034,2024-03-08 05:30:37,job_board,applied,0.909
14925,599,7533,2024-08-13 22:26:06,job_board,interview,0.566
14926,162,2432,2024-03-03 15:16:51,job_board,offer,0.601
14927,745,6594,2024-09-13 22:45:35,job_board,offer,0.88
14928,778,3486,2024-10-10 13:18:43,linkedin,applied,0.578
14929,1926,1330,2025-12-15 08:13:05,outbound,screened,0.829
14930,1351,2545,2025-05-03 11:44:24,outbound,applied,0.486
14931,387,3042,2024-05-15 21:00:18,job_board,interview,0.396
14932,1177,356,2025-03-13 11:20:48,job_board,screened,0.843
14933,202,2999,2024-03-31 00:56:02,job_board,offer,0.711
14934,1947,8695,2025-12-08 20:40:19,recruiter,applied,0.443
14935,108,1205,2024-02-24 07:17:28,referral,interview,0.649
14936,451,103,2024-05-23 04:45:35,job_board,applied,0.845
14937,1045,3395,2025-01-22 16:06:55,job_board,applied,0.976
14938,1373,8658,2025-06-04 17:53:27,job_board,applied,0.583
14939,1039,6101,2025-02-08 08:57:35,job_board,interview,0.612
14940,1877,4622,2025-11-06 14:19:52,referral,applied,0.849
14941,392,6575,2024-05-22 09:35:54,job_board,screened,0.382
14942,1999,90,2026-02-12 03:52:44,job_board,screened,0.716
14943,496,1827,2024-06-23 08:20:27,referral,applied,0.676
14944,1463,7582,2025-07-04 13:06:03,job_board,applied,0.459
14945,638,6497,2024-08-07 22:33:40,job_board,screened,0.648
14946,1367,4151,2025-05-12 06:19:34,recruiter,applied,0.973
14947,19,2400,2024-02-15 05:16:16,linkedin,applied,0.853
14948,1440,2048,2025-05-30 04:34:08,linkedin,screened,0.663
14949,1635,383,2025-08-07 16:45:45,job_board,interview,0.831
14950,681,7941,2024-08-11 08:07:02,recruiter,applied,0.568
14951,1546,1752,2025-07-13 21:50:45,referral,applied,0.433
14952,1066,7328,2025-02-21 13:42:28,job_board,screened,0.571
14953,641,3081,2024-08-22 23:08:51,job_board,offer,0.455
14954,1166,8182,2025-02-16 15:10:28,job_board,applied,0.653
14955,1149,324,2025-02-21 19:15:06,job_board,applied,0.965
14956,685,4653,2024-09-15 17:28:03,job_board,applied,0.847
14957,657,858,2024-08-22 18:11:47,job_board,interview,0.788
14958,893,14,2024-12-01 17:16:59,job_board,interview,0.584
14959,54,3207,2024-01-25 20:02:57,job_board,screened,0.448
14960,1151,5736,2025-03-22 01:55:55,job_board,interview,0.778
14961,1180,8322,2025-03-05 21:57:46,linkedin,offer,0.429
14962,1078,1363,2025-03-03 21:52:30,job_board,interview,0.685
14963,1444,5723,2025-06-12 19:55:32,linkedin,applied,0.882
14964,988,7218,2025-01-24 04:43:45,linkedin,screened,0.907
14965,668,8410,2024-08-30 17:30:58,referral,applied,0.644
14966,1609,2508,2025-08-19 04:31:02,job_board,applied,0.368
14967,483,336,2024-06-05 09:26:29,job_board,screened,0.938
14968,19,8610,2024-02-10 05:16:16,linkedin,applied,0.691
14969,529,7813,2024-07-09 07:32:12,recruiter,interview,0.771
14970,1433,2282,2025-05-31 03:11:08,outbound,applied,0.961
14971,699,1222,2024-09-14 12:43:48,linkedin,screened,0.42
14972,336,4805,2024-05-10 20:10:49,linkedin,applied,0.862
14973,936,2133,2024-12-25 12:07:21,outbound,screened,0.938
14974,383,5074,2024-06-01 18:34:52,job_board,interview,0.431
14975,1510,903,2025-07-07 01:17:20,job_board,applied,0.973
14976,207,8347,2024-03-01 02:25:00,job_board,applied,0.968
14977,399,3701,2024-05-21 13:50:40,linkedin,screened,0.491
14978,1565,1267,2025-07-26 13:07:20,job_board,applied,0.721
14979,1413,1823,2025-05-30 10:04:43,outbound,applied,0.622
14980,491,5983,2024-07-03 09:01:10,job_board,interview,0.837
14981,1930,6655,2025-11-25 06:22:28,job_board,interview,0.96
14982,129,957,2024-02-20 12:04:26,linkedin,applied,0.974
14983,361,6795,2024-05-05 02:19:28,job_board,applied,0.703
14984,456,8419,2024-05-21 16:25:59,job_board,offer,0.811
14985,1016,2615,2025-02-02 07:30:20,referral,screened,0.973
14986,1022,5552,2025-02-11 14:06:25,job_board,interview,0.351
14987,723,7199,2024-10-05 11:50:42,job_board,applied,0.439
14988,469,8477,2024-07-07 14:16:53,job_board,applied,0.632
14989,1201,1473,2025-02-28 12:14:58,recruiter,applied,0.841
14990,805,7997,2024-10-06 00:05:34,linkedin,interview,0.569
14991,1762,363,2025-10-02 10:22:31,linkedin,applied,0.604
14992,152,4987,2024-03-02 21:14:02,referral,applied,0.927
14993,1773,1486,2025-10-29 17:06:30,referral,applied,0.36
14994,1638,1020,2025-08-14 15:16:15,job_board,applied,0.501
14995,887,2212,2024-11-19 16:55:06,referral,applied,0.976
14996,1399,1411,2025-06-05 14:09:40,referral,screened,0.486
14997,1515,453,2025-08-06 04:29:11,linkedin,applied,0.821
14998,1770,2704,2025-10-17 21:09:53,linkedin,screened,0.404
14999,1023,989,2025-02-05 07:47:08,linkedin,applied,0.399
15000,163,3450,2024-03-24 18:27:50,recruiter,applied,0.568
