candidate_id,candidate_name,years_experience,current_city,top_skill_area,summary
1,Terry Coffey,2,Atlanta,support,Led multi-region ERP rollout across three warehouses.
2,Seth Brock,5,Remote,analytics,Managed high-volume healthcare recruiting for clinical roles.
3,Bernard Webster,17,Remote,support,Built dbt models and Airflow pipelines for finance analytics.
4,Michael Craig,4,Atlanta,engineering,Negotiated software procurement and vendor savings initiatives.
5,Ryan Grant,9,Remote,engineering,"Implemented Okta and SCIM provisioning for 2,000 employees."
6,James Baker,0,Austin,product,Led multi-region ERP rollout across three warehouses.
7,Jacob Curry,15,Chicago,operations,Built dbt models and Airflow pipelines for finance analytics.
8,James Little,12,Chicago,support,Built role-based compensation benchmarking dashboards.
9,Michael Ruiz,2,Remote,product,Built churn propensity model for customer success team.
10,Terri Murphy,11,Atlanta,engineering,Built dbt models and Airflow pipelines for finance analytics.
11,Maria Reid,3,Chicago,support,Managed high-volume healthcare recruiting for clinical roles.
12,Michael Banks,7,Chicago,sales,Designed interview loops for engineering leveling refresh.
13,Andrew Johnson,9,Seattle,engineering,Expanded support knowledge base and deflected repetitive tickets.
14,Audrey Young DDS,16,Remote,sales,Improved fulfillment SLA reporting with automated dashboards.
15,Jacob Avery,5,Austin,support,Built dbt models and Airflow pipelines for finance analytics.
16,Kimberly Matthews,0,Denver,engineering,Improved NPS by redesigning incident communications workflow.
17,Stacey Pena,7,Atlanta,support,Designed interview loops for engineering leveling refresh.
18,Lisa Crosby,16,Chicago,operations,Built dbt models and Airflow pipelines for finance analytics.
19,Michael Robinson,14,Seattle,sales,Designed interview loops for engineering leveling refresh.
20,David Cox,1,Seattle,sales,Designed interview loops for engineering leveling refresh.
21,Mrs. Stephanie Newman,0,Remote,operations,Improved fulfillment SLA reporting with automated dashboards.
22,Donald Donaldson,13,Seattle,operations,"Implemented Okta and SCIM provisioning for 2,000 employees."
23,Samantha Davis,12,Remote,sales,Built dbt models and Airflow pipelines for finance analytics.
24,Mark Maddox,10,Denver,analytics,Ran agile ceremonies for cross-functional product squad.
25,Gavin Zhang,1,Chicago,product,Led multi-region ERP rollout across three warehouses.
26,Christine Gallegos,5,Chicago,operations,Built churn propensity model for customer success team.
27,Laurie Li,15,Remote,sales,Led multi-region ERP rollout across three warehouses.
28,Raymond Kramer,2,Atlanta,analytics,Expanded support knowledge base and deflected repetitive tickets.
29,Destiny Riggs,3,Chicago,support,Managed high-volume healthcare recruiting for clinical roles.
30,Ms. Rebecca Rodriguez,8,Seattle,analytics,Built role-based compensation benchmarking dashboards.
31,Bonnie Howard,13,Chicago,analytics,Scaled self-serve onboarding funnel for SMB customers.
32,Leah Smith,14,Chicago,support,"Drove product launch for analytics module used by 8,000 accounts."
33,Cameron Fisher,10,Austin,product,Managed high-volume healthcare recruiting for clinical roles.
34,Arthur West,8,Remote,engineering,Scaled self-serve onboarding funnel for SMB customers.
35,Kevin Hayes,6,Chicago,product,Designed interview loops for engineering leveling refresh.
36,Luis Acosta,0,Seattle,product,Introduced warehouse slotting optimization process.
37,Mary Turner,4,Austin,product,Designed interview loops for engineering leveling refresh.
38,Amanda Lutz,3,Austin,operations,Built churn propensity model for customer success team.
39,Jessica Rodriguez,1,Seattle,product,"Implemented Okta and SCIM provisioning for 2,000 employees."
40,Jill Lam,13,Austin,engineering,Improved fulfillment SLA reporting with automated dashboards.
41,Charles Martinez,6,Austin,operations,Introduced warehouse slotting optimization process.
42,Lauren Joseph,9,Chicago,product,Automated revenue recognition data quality checks.
43,Kyle Phillips,3,Atlanta,sales,Managed high-volume healthcare recruiting for clinical roles.
44,Jessica Mcguire,10,Austin,support,Designed interview loops for engineering leveling refresh.
45,Matthew Rich,2,Austin,sales,Built role-based compensation benchmarking dashboards.
46,Sharon Jordan,12,Denver,analytics,Automated revenue recognition data quality checks.
47,Jennifer Wilcox,13,Seattle,analytics,Scaled self-serve onboarding funnel for SMB customers.
48,Nicholas Edwards,5,Austin,product,Reduced cloud spend by redesigning batch compute workloads.
49,David Mckay,3,Chicago,operations,Scaled self-serve onboarding funnel for SMB customers.
50,Kara Davis,14,Chicago,support,Shipped experimentation framework for signup conversion.
51,Jeffrey Garner,4,Chicago,operations,Expanded support knowledge base and deflected repetitive tickets.
52,Carlos Brown,3,Chicago,operations,Introduced warehouse slotting optimization process.
53,Kristina Santiago,6,Atlanta,engineering,Owned forecasting model for outbound pipeline generation.
54,Shane Pugh,17,Austin,engineering,Improved NPS by redesigning incident communications workflow.
55,Thomas Williams,8,Remote,support,"Implemented Okta and SCIM provisioning for 2,000 employees."
56,Erik Garcia,4,Chicago,engineering,Maintained SOC 2 evidence collection process.
57,Brittney Olson,9,Remote,engineering,Ran agile ceremonies for cross-functional product squad.
58,Hayley Hawkins,6,Seattle,sales,"Implemented Okta and SCIM provisioning for 2,000 employees."
59,Donald Perez,11,Denver,operations,Built churn propensity model for customer success team.
60,Justin Saunders,7,Chicago,engineering,Managed enterprise renewals exceeding $4M ARR.
61,Megan Hawkins,10,Remote,analytics,Closed strategic logistics accounts in manufacturing sector.
62,Mary Steele,7,Remote,support,Launched partner onboarding program across EMEA region.
63,Donald Farmer,8,Atlanta,analytics,Led multi-region ERP rollout across three warehouses.
64,Heather White,8,Austin,analytics,Negotiated software procurement and vendor savings initiatives.
65,Matthew Jones,7,Remote,product,Owned forecasting model for outbound pipeline generation.
66,Valerie Davis,17,Denver,product,Introduced warehouse slotting optimization process.
67,Jamie Chavez,4,Austin,analytics,Owned forecasting model for outbound pipeline generation.
68,Eric Nguyen,14,Seattle,engineering,Shipped experimentation framework for signup conversion.
69,Linda Ware,12,Austin,support,Maintained SOC 2 evidence collection process.
70,Paul Williams,9,Denver,support,Built role-based compensation benchmarking dashboards.
71,Jeremy Coleman,5,Austin,sales,Managed high-volume healthcare recruiting for clinical roles.
72,Jennifer Lewis,8,Denver,engineering,Migrated legacy monolith endpoints to event-driven services.
73,Haley Rodriguez,15,Seattle,engineering,Migrated legacy monolith endpoints to event-driven services.
74,Leslie Rose,3,Austin,sales,Improved fulfillment SLA reporting with automated dashboards.
75,Daniel Joyce,10,Austin,support,Negotiated software procurement and vendor savings initiatives.
76,Dan Dougherty,13,Remote,product,Ran agile ceremonies for cross-functional product squad.
77,Pamela Roberts,11,Chicago,engineering,Built role-based compensation benchmarking dashboards.
78,Jonathan Jordan,2,Austin,operations,Designed interview loops for engineering leveling refresh.
79,Joseph Hall,9,Atlanta,product,Managed enterprise renewals exceeding $4M ARR.
80,Mary Gomez,3,Chicago,engineering,Managed enterprise renewals exceeding $4M ARR.
81,Patrick Graham,16,Remote,product,Migrated legacy monolith endpoints to event-driven services.
82,Blake Edwards,6,Austin,engineering,Expanded support knowledge base and deflected repetitive tickets.
83,Jared Bowman,7,Atlanta,sales,Launched partner onboarding program across EMEA region.
84,Jared Burch,15,Remote,engineering,Improved NPS by redesigning incident communications workflow.
85,Travis Stevens,7,Seattle,support,Maintained SOC 2 evidence collection process.
86,Heidi Kim,3,Austin,operations,Ran agile ceremonies for cross-functional product squad.
87,Jeffrey Morales,16,Chicago,operations,Negotiated software procurement and vendor savings initiatives.
88,Seth Reese,11,Austin,analytics,Reduced cloud spend by redesigning batch compute workloads.
89,Richard Jones,10,Remote,sales,Improved NPS by redesigning incident communications workflow.
90,Kerry Lee,1,Chicago,support,Owned forecasting model for outbound pipeline generation.
91,Heather Mullen,8,Austin,operations,Launched partner onboarding program across EMEA region.
92,Brittany Garcia,8,Denver,support,Scaled self-serve onboarding funnel for SMB customers.
93,Christopher Hernandez,4,Chicago,analytics,Scaled self-serve onboarding funnel for SMB customers.
94,Angela Bean,10,Austin,support,"Implemented Okta and SCIM provisioning for 2,000 employees."
95,Julie Elliott,4,Denver,product,Migrated legacy monolith endpoints to event-driven services.
96,Melanie Macias,8,Remote,analytics,Shipped experimentation framework for signup conversion.
97,Victoria Morris,14,Chicago,sales,Closed strategic logistics accounts in manufacturing sector.
98,Emily Gonzales,13,Remote,support,Migrated legacy monolith endpoints to event-driven services.
99,Mark Hogan,5,Atlanta,support,Launched partner onboarding program across EMEA region.
100,Heather Jones,3,Denver,operations,Shipped experimentation framework for signup conversion.
101,Andrew Wood,0,Seattle,operations,Closed strategic logistics accounts in manufacturing sector.
102,Matthew Madden,6,Denver,product,Improved NPS by redesigning incident communications workflow.
103,Kirk Cruz,0,Chicago,sales,Managed high-volume healthcare recruiting for clinical roles.
104,Tiffany Stevenson,2,Chicago,engineering,Built role-based compensation benchmarking dashboards.
105,Terry Armstrong,17,Austin,analytics,Introduced warehouse slotting optimization process.
106,Larry Mason,15,Atlanta,engineering,Shipped experimentation framework for signup conversion.
107,Joanna Shepherd,10,Austin,support,Built role-based compensation benchmarking dashboards.
108,Vickie Miller,13,Chicago,product,Shipped experimentation framework for signup conversion.
109,Amanda Zimmerman,8,Austin,support,"Drove product launch for analytics module used by 8,000 accounts."
110,Kelly Bishop MD,10,Austin,sales,Reduced cloud spend by redesigning batch compute workloads.
111,Jasmine Schroeder,16,Remote,product,Maintained SOC 2 evidence collection process.
112,Amy Mccoy,1,Austin,engineering,Negotiated software procurement and vendor savings initiatives.
113,Gary Grant,6,Atlanta,engineering,Closed strategic logistics accounts in manufacturing sector.
114,David York,2,Chicago,sales,Maintained SOC 2 evidence collection process.
115,Lindsey Hernandez,14,Austin,analytics,Designed interview loops for engineering leveling refresh.
116,Matthew Rangel,14,Chicago,support,Ran agile ceremonies for cross-functional product squad.
117,Matthew Bates,12,Austin,sales,Managed high-volume healthcare recruiting for clinical roles.
118,Michael Miller,10,Chicago,product,Closed strategic logistics accounts in manufacturing sector.
119,Maria Murphy,8,Seattle,support,Built churn propensity model for customer success team.
120,Michael Valentine,0,Atlanta,sales,Ran agile ceremonies for cross-functional product squad.
121,Susan Davis DDS,13,Seattle,engineering,Expanded support knowledge base and deflected repetitive tickets.
122,Alicia Parker,16,Seattle,support,Ran agile ceremonies for cross-functional product squad.
123,Gloria Miranda,17,Remote,sales,Built dbt models and Airflow pipelines for finance analytics.
124,Zachary Moore,6,Austin,sales,Improved fulfillment SLA reporting with automated dashboards.
125,Richard Romero,3,Austin,support,Shipped experimentation framework for signup conversion.
126,Nancy Rose,11,Denver,sales,Managed enterprise renewals exceeding $4M ARR.
127,Sherri Williamson,0,Atlanta,operations,Maintained SOC 2 evidence collection process.
128,Brittany White,1,Seattle,product,Automated revenue recognition data quality checks.
129,Lori Orr,14,Austin,support,Reduced cloud spend by redesigning batch compute workloads.
130,Amanda Diaz,17,Austin,analytics,Led multi-region ERP rollout across three warehouses.
131,Tracy Bishop,7,Seattle,product,Led multi-region ERP rollout across three warehouses.
132,Rachel Young,9,Atlanta,support,Shipped experimentation framework for signup conversion.
133,Vincent Mueller,9,Denver,operations,Built dbt models and Airflow pipelines for finance analytics.
134,Cheyenne Gregory,2,Chicago,analytics,Improved NPS by redesigning incident communications workflow.
135,Jessica Hammond,4,Seattle,analytics,Managed enterprise renewals exceeding $4M ARR.
136,Kathryn Barnes,5,Seattle,operations,Managed high-volume healthcare recruiting for clinical roles.
137,Curtis Jacobs,15,Austin,product,Built dbt models and Airflow pipelines for finance analytics.
138,Amy Castillo,7,Austin,analytics,Automated revenue recognition data quality checks.
139,Timothy Dawson,12,Seattle,support,Built dbt models and Airflow pipelines for finance analytics.
140,Belinda Miller,3,Remote,operations,Automated revenue recognition data quality checks.
141,Jerry Palmer,17,Chicago,sales,Built role-based compensation benchmarking dashboards.
142,Anna Lozano,15,Seattle,engineering,Improved NPS by redesigning incident communications workflow.
143,Stacey Arias,8,Remote,support,Automated revenue recognition data quality checks.
144,James Brooks,4,Austin,analytics,Shipped experimentation framework for signup conversion.
145,Brad Walker,17,Chicago,analytics,Expanded support knowledge base and deflected repetitive tickets.
146,Brett Espinoza,14,Austin,engineering,Improved NPS by redesigning incident communications workflow.
147,Charles Johnson,9,Seattle,support,Migrated legacy monolith endpoints to event-driven services.
148,Kaitlyn Guerra,4,Seattle,sales,Managed high-volume healthcare recruiting for clinical roles.
149,Julie Gilbert,11,Austin,analytics,Closed strategic logistics accounts in manufacturing sector.
150,Alicia Lewis,6,Chicago,operations,Built dbt models and Airflow pipelines for finance analytics.
151,Todd Lynch,12,Atlanta,sales,Shipped experimentation framework for signup conversion.
152,Ricardo Young,14,Remote,engineering,Shipped experimentation framework for signup conversion.
153,David Fowler,8,Seattle,support,Owned forecasting model for outbound pipeline generation.
154,Amy Copeland,0,Chicago,engineering,Maintained SOC 2 evidence collection process.
155,Mr. Mark Andrews DDS,10,Denver,engineering,Launched partner onboarding program across EMEA region.
156,Aaron Gomez,15,Austin,sales,Ran agile ceremonies for cross-functional product squad.
157,Chelsea Barnett,4,Chicago,product,Shipped experimentation framework for signup conversion.
158,Heather Ashley,17,Atlanta,support,Improved NPS by redesigning incident communications workflow.
159,Rachel Romero,6,Denver,support,Negotiated software procurement and vendor savings initiatives.
160,Shane Williams,12,Atlanta,sales,"Drove product launch for analytics module used by 8,000 accounts."
161,James Burgess,12,Chicago,product,Designed interview loops for engineering leveling refresh.
162,Austin Allen,3,Atlanta,engineering,Managed enterprise renewals exceeding $4M ARR.
163,Ashley Perkins,0,Atlanta,engineering,Ran agile ceremonies for cross-functional product squad.
164,Brandi Bell,17,Chicago,operations,Owned forecasting model for outbound pipeline generation.
165,Marvin Greer,12,Austin,operations,Built churn propensity model for customer success team.
166,Veronica Mendoza,11,Denver,sales,Managed enterprise renewals exceeding $4M ARR.
167,Chad Baldwin,5,Austin,sales,Owned forecasting model for outbound pipeline generation.
168,Amanda Harris,1,Austin,sales,Launched partner onboarding program across EMEA region.
169,Stacey Stewart,4,Chicago,operations,Owned forecasting model for outbound pipeline generation.
170,James Ochoa,9,Denver,analytics,Built churn propensity model for customer success team.
171,Andrew Lucas,12,Chicago,operations,Designed interview loops for engineering leveling refresh.
172,Scott Williams,5,Austin,sales,Closed strategic logistics accounts in manufacturing sector.
173,Denise Lloyd,3,Chicago,analytics,Owned forecasting model for outbound pipeline generation.
174,James Gonzales,4,Remote,analytics,Introduced warehouse slotting optimization process.
175,Gina Lopez,17,Seattle,operations,Led multi-region ERP rollout across three warehouses.
176,Holly Salinas,11,Denver,engineering,Built churn propensity model for customer success team.
177,Bradley Coleman,17,Austin,product,Built dbt models and Airflow pipelines for finance analytics.
178,Zachary White,0,Denver,analytics,Improved NPS by redesigning incident communications workflow.
179,Brian Murphy,8,Remote,sales,Ran agile ceremonies for cross-functional product squad.
180,Jeremy Robbins,8,Seattle,support,Managed high-volume healthcare recruiting for clinical roles.
181,Jeremy West,7,Seattle,operations,Shipped experimentation framework for signup conversion.
182,Susan Mendez,7,Chicago,engineering,Managed high-volume healthcare recruiting for clinical roles.
183,Mark Moody,1,Denver,support,Ran agile ceremonies for cross-functional product squad.
184,Michael Sullivan,0,Austin,engineering,Built churn propensity model for customer success team.
185,Nicole Moore,14,Remote,sales,Migrated legacy monolith endpoints to event-driven services.
186,Samuel Gregory,7,Austin,analytics,Managed high-volume healthcare recruiting for clinical roles.
187,Cameron Young,2,Atlanta,support,Negotiated software procurement and vendor savings initiatives.
188,Heidi Herring,6,Chicago,product,Launched partner onboarding program across EMEA region.
189,Christian Cole,16,Atlanta,support,Introduced warehouse slotting optimization process.
190,Jeremy Jones,8,Seattle,sales,Expanded support knowledge base and deflected repetitive tickets.
191,Jacob Edwards,17,Chicago,support,Introduced warehouse slotting optimization process.
192,Tyler Johnson,2,Austin,support,Shipped experimentation framework for signup conversion.
193,Joseph Mcintyre,2,Atlanta,support,Introduced warehouse slotting optimization process.
194,Reginald Padilla,10,Atlanta,support,Expanded support knowledge base and deflected repetitive tickets.
195,Logan Benson,12,Austin,support,Owned forecasting model for outbound pipeline generation.
196,Mrs. Brandy Jones MD,17,Austin,analytics,Migrated legacy monolith endpoints to event-driven services.
197,Yolanda Cochran,8,Atlanta,product,Closed strategic logistics accounts in manufacturing sector.
198,Victoria Contreras,3,Atlanta,analytics,Built churn propensity model for customer success team.
199,Krista Roberts,9,Austin,engineering,Designed interview loops for engineering leveling refresh.
200,Christopher Mckinney,5,Atlanta,sales,Led multi-region ERP rollout across three warehouses.
201,Carrie Ward,3,Denver,operations,Built role-based compensation benchmarking dashboards.
202,William Conner,1,Austin,operations,Improved fulfillment SLA reporting with automated dashboards.
203,Johnny Ward,13,Atlanta,support,"Implemented Okta and SCIM provisioning for 2,000 employees."
204,Julie Bird,11,Atlanta,support,Expanded support knowledge base and deflected repetitive tickets.
205,Stephen Jones,2,Austin,engineering,Scaled self-serve onboarding funnel for SMB customers.
206,Mitchell Mendoza,10,Seattle,operations,Maintained SOC 2 evidence collection process.
207,Jason Andrews,15,Chicago,analytics,Reduced cloud spend by redesigning batch compute workloads.
208,Evan Jones,14,Atlanta,product,Improved NPS by redesigning incident communications workflow.
209,Joseph Anderson,8,Seattle,analytics,Improved fulfillment SLA reporting with automated dashboards.
210,Kristen Matthews,1,Remote,sales,Launched partner onboarding program across EMEA region.
211,Betty Shaw,11,Chicago,sales,Built role-based compensation benchmarking dashboards.
212,Sandra Holmes,9,Denver,sales,Built churn propensity model for customer success team.
213,Christopher Donovan,16,Austin,operations,Migrated legacy monolith endpoints to event-driven services.
214,Travis Stone,9,Remote,engineering,Closed strategic logistics accounts in manufacturing sector.
215,Blake Gonzalez,13,Chicago,support,Reduced cloud spend by redesigning batch compute workloads.
216,Denise Weber,9,Seattle,engineering,Migrated legacy monolith endpoints to event-driven services.
217,Anna Davidson,9,Remote,engineering,Automated revenue recognition data quality checks.
218,Lauren Jackson,5,Denver,engineering,Led multi-region ERP rollout across three warehouses.
219,Stephanie Morgan,7,Seattle,engineering,Designed interview loops for engineering leveling refresh.
220,Amanda Shields,5,Denver,analytics,Built churn propensity model for customer success team.
221,Travis Wise,8,Atlanta,support,Improved fulfillment SLA reporting with automated dashboards.
222,Daniel Armstrong,17,Chicago,product,Introduced warehouse slotting optimization process.
223,Amanda Small,6,Remote,support,Managed high-volume healthcare recruiting for clinical roles.
224,Maria Turner,8,Austin,support,Migrated legacy monolith endpoints to event-driven services.
225,Robert Sullivan,17,Atlanta,analytics,Owned forecasting model for outbound pipeline generation.
226,Michael Moore,2,Remote,sales,Shipped experimentation framework for signup conversion.
227,John Peterson,4,Seattle,operations,Automated revenue recognition data quality checks.
228,Scott Flores,8,Seattle,product,Automated revenue recognition data quality checks.
229,Haley Ross PhD,7,Atlanta,engineering,Expanded support knowledge base and deflected repetitive tickets.
230,Ashley Allen,6,Remote,support,Led multi-region ERP rollout across three warehouses.
231,Jerry Thomas,14,Remote,support,Owned forecasting model for outbound pipeline generation.
232,Tony Lin,8,Chicago,engineering,"Implemented Okta and SCIM provisioning for 2,000 employees."
233,Victor Barrera,6,Atlanta,sales,Closed strategic logistics accounts in manufacturing sector.
234,Taylor Griffith,8,Denver,sales,Reduced cloud spend by redesigning batch compute workloads.
235,Christopher Ferrell,15,Chicago,product,Improved NPS by redesigning incident communications workflow.
236,Shawn Jimenez,17,Seattle,operations,Negotiated software procurement and vendor savings initiatives.
237,James Bryant,4,Austin,support,Reduced cloud spend by redesigning batch compute workloads.
238,Kevin Williams,0,Austin,analytics,"Drove product launch for analytics module used by 8,000 accounts."
239,Kyle Cameron,0,Austin,engineering,Introduced warehouse slotting optimization process.
240,Donna Smith,8,Chicago,support,Introduced warehouse slotting optimization process.
241,Cesar Baker,11,Atlanta,analytics,Reduced cloud spend by redesigning batch compute workloads.
242,Jamie Williams,0,Remote,product,Reduced cloud spend by redesigning batch compute workloads.
243,Justin Cox,9,Remote,product,Reduced cloud spend by redesigning batch compute workloads.
244,James Cole,7,Remote,analytics,Introduced warehouse slotting optimization process.
245,Samantha Hanson,16,Seattle,product,Designed interview loops for engineering leveling refresh.
246,Betty Davis,10,Denver,engineering,Designed interview loops for engineering leveling refresh.
247,William Grant,7,Seattle,analytics,"Drove product launch for analytics module used by 8,000 accounts."
248,Charles Morrison,10,Chicago,analytics,Automated revenue recognition data quality checks.
249,Andrew Williams,2,Atlanta,sales,Introduced warehouse slotting optimization process.
250,Regina Stone,8,Austin,analytics,Improved fulfillment SLA reporting with automated dashboards.
251,Steven Taylor,5,Remote,support,Maintained SOC 2 evidence collection process.
252,Emily Long,3,Remote,operations,Shipped experimentation framework for signup conversion.
253,Sarah Wheeler,7,Seattle,analytics,Managed high-volume healthcare recruiting for clinical roles.
254,Katrina Burns,11,Chicago,support,Built churn propensity model for customer success team.
255,Karen Smith,10,Chicago,analytics,Negotiated software procurement and vendor savings initiatives.
256,Brian Butler,17,Seattle,operations,"Drove product launch for analytics module used by 8,000 accounts."
257,Steven Wiggins,4,Denver,sales,Improved fulfillment SLA reporting with automated dashboards.
258,Linda Baker,12,Atlanta,analytics,Reduced cloud spend by redesigning batch compute workloads.
259,Valerie Lane,9,Denver,product,Designed interview loops for engineering leveling refresh.
260,Anthony Castillo,15,Remote,operations,Designed interview loops for engineering leveling refresh.
261,Michelle Hampton,16,Austin,analytics,Closed strategic logistics accounts in manufacturing sector.
262,Roberto Allen,12,Denver,product,Owned forecasting model for outbound pipeline generation.
263,Melody Lee,7,Chicago,sales,Migrated legacy monolith endpoints to event-driven services.
264,Jason Gutierrez,9,Seattle,support,Built dbt models and Airflow pipelines for finance analytics.
265,Jonathan Carr,11,Chicago,sales,Negotiated software procurement and vendor savings initiatives.
266,Ryan Luna,14,Chicago,sales,"Drove product launch for analytics module used by 8,000 accounts."
267,Kelly Hoffman,4,Chicago,sales,"Drove product launch for analytics module used by 8,000 accounts."
268,Mrs. Jamie Frye DDS,15,Remote,engineering,Managed enterprise renewals exceeding $4M ARR.
269,Kimberly Lowe,14,Chicago,operations,Managed high-volume healthcare recruiting for clinical roles.
270,Melanie Lara,1,Remote,operations,Built role-based compensation benchmarking dashboards.
271,John Bernard,4,Remote,sales,Closed strategic logistics accounts in manufacturing sector.
272,Edwin David,4,Remote,support,Launched partner onboarding program across EMEA region.
273,Dr. Michele Vaughn,10,Denver,analytics,Closed strategic logistics accounts in manufacturing sector.
274,John Castro DVM,3,Atlanta,sales,Reduced cloud spend by redesigning batch compute workloads.
275,Donna Berry,5,Seattle,sales,Maintained SOC 2 evidence collection process.
276,Stephanie Foster,3,Austin,support,Reduced cloud spend by redesigning batch compute workloads.
277,Raymond Thomas,1,Austin,sales,Expanded support knowledge base and deflected repetitive tickets.
278,Tyler Miller,8,Chicago,operations,Built role-based compensation benchmarking dashboards.
279,Mary Burgess,5,Remote,engineering,Led multi-region ERP rollout across three warehouses.
280,Ronald Nelson,9,Austin,support,"Implemented Okta and SCIM provisioning for 2,000 employees."
281,Denise Rodriguez,3,Seattle,operations,Maintained SOC 2 evidence collection process.
282,Cynthia Williams,5,Remote,support,Built dbt models and Airflow pipelines for finance analytics.
283,Courtney Hall,16,Remote,operations,Improved NPS by redesigning incident communications workflow.
284,Gary Kennedy,14,Atlanta,support,Improved fulfillment SLA reporting with automated dashboards.
285,Brenda Oconnell,4,Atlanta,operations,Closed strategic logistics accounts in manufacturing sector.
286,Brooke Delgado,2,Seattle,product,Automated revenue recognition data quality checks.
287,Karen Santos,17,Atlanta,support,"Drove product launch for analytics module used by 8,000 accounts."
288,Donna Mitchell,12,Seattle,operations,Ran agile ceremonies for cross-functional product squad.
289,Randy Pearson,8,Denver,operations,Shipped experimentation framework for signup conversion.
290,Parker Jefferson,12,Remote,analytics,Improved fulfillment SLA reporting with automated dashboards.
291,Thomas Butler,3,Denver,support,Improved NPS by redesigning incident communications workflow.
292,Taylor Johnson,7,Chicago,support,Launched partner onboarding program across EMEA region.
293,Rachel Lopez,7,Seattle,engineering,Owned forecasting model for outbound pipeline generation.
294,Shelia Roberts,12,Atlanta,sales,Expanded support knowledge base and deflected repetitive tickets.
295,Edwin Morrison,3,Austin,operations,"Drove product launch for analytics module used by 8,000 accounts."
296,Frances Gibson,8,Austin,analytics,Owned forecasting model for outbound pipeline generation.
297,Kelly Small,15,Austin,engineering,Improved NPS by redesigning incident communications workflow.
298,Jonathan Nelson,3,Atlanta,sales,Built dbt models and Airflow pipelines for finance analytics.
299,Erin Simon,2,Remote,operations,Negotiated software procurement and vendor savings initiatives.
300,Michelle Smith,14,Chicago,operations,Managed high-volume healthcare recruiting for clinical roles.
301,Edward Craig,15,Austin,analytics,Introduced warehouse slotting optimization process.
302,Levi Fowler,7,Remote,engineering,Launched partner onboarding program across EMEA region.
303,Jeffrey Murphy,0,Seattle,support,Shipped experimentation framework for signup conversion.
304,Brandon Holden,9,Atlanta,sales,Maintained SOC 2 evidence collection process.
305,Timothy Smith,5,Chicago,analytics,Managed high-volume healthcare recruiting for clinical roles.
306,Jeremy Adams,10,Seattle,product,Improved NPS by redesigning incident communications workflow.
307,Kevin Berry,2,Denver,operations,Managed high-volume healthcare recruiting for clinical roles.
308,Ian Young,14,Chicago,sales,Built churn propensity model for customer success team.
309,Julie Moore,12,Chicago,sales,Launched partner onboarding program across EMEA region.
310,Tammy Barron,11,Austin,analytics,Migrated legacy monolith endpoints to event-driven services.
311,Melissa Fowler,9,Denver,product,Scaled self-serve onboarding funnel for SMB customers.
312,Holly Walker,3,Seattle,analytics,Scaled self-serve onboarding funnel for SMB customers.
313,Karen Gibson,16,Seattle,sales,Managed enterprise renewals exceeding $4M ARR.
314,Jacqueline Miles DVM,4,Seattle,product,Built dbt models and Airflow pipelines for finance analytics.
315,Rebecca Petersen,6,Remote,engineering,Improved NPS by redesigning incident communications workflow.
316,Melanie Larson,16,Remote,operations,"Implemented Okta and SCIM provisioning for 2,000 employees."
317,Kelly Rice,0,Chicago,engineering,Improved fulfillment SLA reporting with automated dashboards.
318,Thomas Rodriguez,2,Denver,engineering,"Drove product launch for analytics module used by 8,000 accounts."
319,Stephanie Harris,13,Denver,product,"Implemented Okta and SCIM provisioning for 2,000 employees."
320,Carmen Bond,6,Seattle,engineering,Ran agile ceremonies for cross-functional product squad.
321,Michael Love,10,Remote,product,Built dbt models and Airflow pipelines for finance analytics.
322,Steven Griffin Jr.,10,Remote,analytics,"Implemented Okta and SCIM provisioning for 2,000 employees."
323,Jason Elliott,14,Austin,sales,Improved fulfillment SLA reporting with automated dashboards.
324,Megan Parker,11,Atlanta,product,Built dbt models and Airflow pipelines for finance analytics.
325,David Smith,7,Austin,engineering,Owned forecasting model for outbound pipeline generation.
326,Benjamin Henderson,9,Chicago,support,"Implemented Okta and SCIM provisioning for 2,000 employees."
327,Kimberly Brown,13,Denver,support,Reduced cloud spend by redesigning batch compute workloads.
328,Victoria Kennedy,6,Atlanta,operations,Managed enterprise renewals exceeding $4M ARR.
329,Christopher Taylor,3,Seattle,sales,Negotiated software procurement and vendor savings initiatives.
330,Monica Stuart,8,Remote,engineering,Maintained SOC 2 evidence collection process.
331,Steven West,17,Denver,engineering,Automated revenue recognition data quality checks.
332,Jamie Miller,2,Atlanta,engineering,Closed strategic logistics accounts in manufacturing sector.
333,Shelly Anderson,3,Austin,operations,Launched partner onboarding program across EMEA region.
334,Barbara Haney,17,Austin,analytics,Negotiated software procurement and vendor savings initiatives.
335,Cameron Irwin,14,Remote,operations,Managed enterprise renewals exceeding $4M ARR.
336,Nicole Good,2,Remote,support,Built churn propensity model for customer success team.
337,Nathan Coleman,3,Remote,operations,"Implemented Okta and SCIM provisioning for 2,000 employees."
338,David Murray,12,Chicago,support,Designed interview loops for engineering leveling refresh.
339,Colin Golden,14,Atlanta,analytics,Shipped experimentation framework for signup conversion.
340,Amanda Keller,13,Chicago,product,Automated revenue recognition data quality checks.
341,Taylor Small,15,Seattle,support,Automated revenue recognition data quality checks.
342,Austin Wheeler,9,Denver,engineering,Built dbt models and Airflow pipelines for finance analytics.
343,Michael Brennan,15,Remote,analytics,Expanded support knowledge base and deflected repetitive tickets.
344,Andrew Gonzales,10,Denver,analytics,Improved NPS by redesigning incident communications workflow.
345,Nicole Parsons,8,Atlanta,engineering,Reduced cloud spend by redesigning batch compute workloads.
346,Wyatt Young,11,Atlanta,engineering,Reduced cloud spend by redesigning batch compute workloads.
347,Laura Ray,7,Seattle,engineering,Migrated legacy monolith endpoints to event-driven services.
348,Sabrina Young,10,Austin,sales,Maintained SOC 2 evidence collection process.
349,Victoria Boyd,15,Denver,product,Built churn propensity model for customer success team.
350,Donald Hawkins,17,Denver,sales,Ran agile ceremonies for cross-functional product squad.
351,Nancy Thompson,10,Chicago,sales,"Implemented Okta and SCIM provisioning for 2,000 employees."
352,Kristi Williams,0,Seattle,operations,Launched partner onboarding program across EMEA region.
353,Mason James,11,Seattle,operations,Expanded support knowledge base and deflected repetitive tickets.
354,Melissa Russell,4,Austin,product,Launched partner onboarding program across EMEA region.
355,Clinton Medina,4,Seattle,engineering,Reduced cloud spend by redesigning batch compute workloads.
356,Darin Mathews,15,Remote,product,Introduced warehouse slotting optimization process.
357,Joel Brown,8,Chicago,sales,Introduced warehouse slotting optimization process.
358,Jason Moreno,14,Atlanta,sales,"Drove product launch for analytics module used by 8,000 accounts."
359,David Rivera,6,Atlanta,operations,Managed enterprise renewals exceeding $4M ARR.
360,Jerry Watson,10,Austin,product,"Implemented Okta and SCIM provisioning for 2,000 employees."
361,Sandra Williams,11,Seattle,sales,Automated revenue recognition data quality checks.
362,Larry Williams,16,Seattle,operations,Improved fulfillment SLA reporting with automated dashboards.
363,Robert Matthews,3,Chicago,analytics,Maintained SOC 2 evidence collection process.
364,Claire Clark,10,Chicago,support,Expanded support knowledge base and deflected repetitive tickets.
365,Elizabeth Stout,7,Seattle,operations,Managed high-volume healthcare recruiting for clinical roles.
366,Colton Figueroa,8,Seattle,engineering,Reduced cloud spend by redesigning batch compute workloads.
367,Nicole Rocha,15,Austin,support,Built role-based compensation benchmarking dashboards.
368,Michele Sanders,2,Denver,product,Led multi-region ERP rollout across three warehouses.
369,Frank Campbell,9,Atlanta,analytics,Owned forecasting model for outbound pipeline generation.
370,Matthew Parker,6,Austin,product,Launched partner onboarding program across EMEA region.
371,Stephen Owens,16,Remote,sales,Ran agile ceremonies for cross-functional product squad.
372,Miranda Gill,3,Chicago,product,Introduced warehouse slotting optimization process.
373,Dale Edwards,4,Remote,support,Improved NPS by redesigning incident communications workflow.
374,Sean Figueroa,1,Austin,product,Improved fulfillment SLA reporting with automated dashboards.
375,Juan Silva,7,Remote,product,Negotiated software procurement and vendor savings initiatives.
376,Elizabeth Gonzalez,0,Austin,operations,Migrated legacy monolith endpoints to event-driven services.
377,Kelly Sanchez,9,Seattle,engineering,Improved NPS by redesigning incident communications workflow.
378,Terri Morgan,4,Denver,support,"Implemented Okta and SCIM provisioning for 2,000 employees."
379,Katherine Cummings,7,Denver,support,Introduced warehouse slotting optimization process.
380,Julia Oconnor,10,Austin,analytics,Improved NPS by redesigning incident communications workflow.
381,Charles Payne,12,Seattle,analytics,Managed high-volume healthcare recruiting for clinical roles.
382,Steve Mooney,1,Atlanta,engineering,Built role-based compensation benchmarking dashboards.
383,Kelly Combs,2,Chicago,support,Expanded support knowledge base and deflected repetitive tickets.
384,Robert Williams,5,Denver,operations,Managed enterprise renewals exceeding $4M ARR.
385,Chad Mccoy,9,Atlanta,engineering,Ran agile ceremonies for cross-functional product squad.
386,Chris Robinson,15,Seattle,product,Managed high-volume healthcare recruiting for clinical roles.
387,Antonio Little,2,Atlanta,engineering,Closed strategic logistics accounts in manufacturing sector.
388,Susan Hopkins,1,Austin,sales,Managed high-volume healthcare recruiting for clinical roles.
389,Joseph Jenkins,11,Atlanta,sales,Launched partner onboarding program across EMEA region.
390,Nathan Nichols,17,Denver,support,Designed interview loops for engineering leveling refresh.
391,Jonathan Wolfe,14,Denver,engineering,Introduced warehouse slotting optimization process.
392,Todd White,10,Denver,operations,Migrated legacy monolith endpoints to event-driven services.
393,Kelly Allen,0,Denver,operations,Improved fulfillment SLA reporting with automated dashboards.
394,Dawn Gomez,10,Chicago,operations,Designed interview loops for engineering leveling refresh.
395,Angela Chung,8,Chicago,product,Scaled self-serve onboarding funnel for SMB customers.
396,David Terry,8,Seattle,sales,Scaled self-serve onboarding funnel for SMB customers.
397,Ronald Miller,8,Chicago,operations,Automated revenue recognition data quality checks.
398,Marie Johnson MD,10,Seattle,operations,Owned forecasting model for outbound pipeline generation.
399,John Walsh,12,Denver,operations,Launched partner onboarding program across EMEA region.
400,Angela Bruce,3,Atlanta,product,Maintained SOC 2 evidence collection process.
401,Erin Madden,1,Austin,sales,Automated revenue recognition data quality checks.
402,Stephanie Ellison,0,Chicago,engineering,Designed interview loops for engineering leveling refresh.
403,Steven Schwartz,7,Remote,operations,Migrated legacy monolith endpoints to event-driven services.
404,Denise Glass,9,Seattle,engineering,Maintained SOC 2 evidence collection process.
405,Diana Daniels,14,Austin,support,Reduced cloud spend by redesigning batch compute workloads.
406,Cassie Jefferson,7,Remote,product,Designed interview loops for engineering leveling refresh.
407,Daniel Thomas,9,Remote,support,Improved fulfillment SLA reporting with automated dashboards.
408,Samantha Hickman,17,Austin,support,"Implemented Okta and SCIM provisioning for 2,000 employees."
409,Justin Knight,13,Chicago,operations,Scaled self-serve onboarding funnel for SMB customers.
410,Megan Fernandez,12,Chicago,support,Scaled self-serve onboarding funnel for SMB customers.
411,Patrick Gibbs,6,Remote,operations,Managed enterprise renewals exceeding $4M ARR.
412,Angela Mcgee,2,Remote,product,Maintained SOC 2 evidence collection process.
413,Brent Hall,16,Seattle,sales,Automated revenue recognition data quality checks.
414,Larry Austin,9,Chicago,engineering,Built dbt models and Airflow pipelines for finance analytics.
415,Tracy Nguyen,1,Remote,product,Maintained SOC 2 evidence collection process.
416,Rachel Hayes,8,Remote,operations,Maintained SOC 2 evidence collection process.
417,Juan Bennett,1,Remote,sales,Shipped experimentation framework for signup conversion.
418,Kevin James,17,Denver,support,Built role-based compensation benchmarking dashboards.
419,Elizabeth Wright,9,Seattle,operations,Built dbt models and Airflow pipelines for finance analytics.
420,Derrick James,14,Seattle,support,Built churn propensity model for customer success team.
421,Brittany Price,8,Austin,operations,Expanded support knowledge base and deflected repetitive tickets.
422,Brandon Hahn,0,Atlanta,support,Improved fulfillment SLA reporting with automated dashboards.
423,Philip Garcia,11,Atlanta,engineering,Closed strategic logistics accounts in manufacturing sector.
424,Jeffrey Hawkins,11,Atlanta,support,Built dbt models and Airflow pipelines for finance analytics.
425,Ashley Davis,4,Denver,sales,"Drove product launch for analytics module used by 8,000 accounts."
426,Linda Mueller,12,Seattle,operations,Built role-based compensation benchmarking dashboards.
427,Alexandria Gutierrez,4,Remote,product,Improved NPS by redesigning incident communications workflow.
428,Misty Hansen,12,Atlanta,operations,Owned forecasting model for outbound pipeline generation.
429,Dana Meyer DDS,13,Remote,engineering,Built role-based compensation benchmarking dashboards.
430,Derrick Adams,2,Seattle,operations,"Implemented Okta and SCIM provisioning for 2,000 employees."
431,Christopher Hill,5,Chicago,sales,Managed high-volume healthcare recruiting for clinical roles.
432,Richard Ward,2,Seattle,operations,Designed interview loops for engineering leveling refresh.
433,Michelle Simpson,13,Seattle,sales,Automated revenue recognition data quality checks.
434,Judith Taylor,4,Remote,analytics,Owned forecasting model for outbound pipeline generation.
435,James Skinner,11,Denver,sales,Owned forecasting model for outbound pipeline generation.
436,Scott Alexander,7,Austin,operations,Launched partner onboarding program across EMEA region.
437,Rodney Curtis,1,Seattle,product,"Implemented Okta and SCIM provisioning for 2,000 employees."
438,Elizabeth Morrison,15,Atlanta,analytics,Managed enterprise renewals exceeding $4M ARR.
439,Karen Thompson,12,Atlanta,support,Managed enterprise renewals exceeding $4M ARR.
440,Francis Navarro,4,Seattle,support,"Drove product launch for analytics module used by 8,000 accounts."
441,Tracy Casey,15,Atlanta,product,Led multi-region ERP rollout across three warehouses.
442,Douglas Hartman,12,Austin,product,Led multi-region ERP rollout across three warehouses.
443,Timothy Gonzalez,14,Remote,product,Improved NPS by redesigning incident communications workflow.
444,Catherine Saunders MD,3,Chicago,operations,Built churn propensity model for customer success team.
445,Terri Clark,0,Chicago,analytics,Managed enterprise renewals exceeding $4M ARR.
446,Sandra Jones,1,Seattle,support,Owned forecasting model for outbound pipeline generation.
447,Rebecca Chambers,9,Seattle,analytics,Launched partner onboarding program across EMEA region.
448,Eric King,14,Atlanta,engineering,Expanded support knowledge base and deflected repetitive tickets.
449,Jay Bennett,16,Seattle,analytics,Ran agile ceremonies for cross-functional product squad.
450,Kyle Aguilar,17,Austin,sales,Improved fulfillment SLA reporting with automated dashboards.
451,Tammy Kane,10,Chicago,support,Ran agile ceremonies for cross-functional product squad.
452,Andrew Schmitt,11,Chicago,product,Designed interview loops for engineering leveling refresh.
453,Robin Wheeler,5,Denver,support,"Drove product launch for analytics module used by 8,000 accounts."
454,Ashley Wright,0,Denver,analytics,Migrated legacy monolith endpoints to event-driven services.
455,Carol Salazar,3,Austin,analytics,Built dbt models and Airflow pipelines for finance analytics.
456,Maria Lucas,1,Seattle,analytics,Introduced warehouse slotting optimization process.
457,Erin Hogan,12,Atlanta,operations,Designed interview loops for engineering leveling refresh.
458,Brett Walker,9,Denver,sales,Closed strategic logistics accounts in manufacturing sector.
459,Kristin Watts,13,Remote,support,"Implemented Okta and SCIM provisioning for 2,000 employees."
460,James Ford,2,Denver,operations,Scaled self-serve onboarding funnel for SMB customers.
461,Melissa Hernandez,16,Austin,engineering,Reduced cloud spend by redesigning batch compute workloads.
462,Mrs. Elizabeth Knapp MD,12,Remote,support,Built role-based compensation benchmarking dashboards.
463,Monica Bailey,16,Austin,analytics,Migrated legacy monolith endpoints to event-driven services.
464,Richard Boyd,11,Austin,analytics,Migrated legacy monolith endpoints to event-driven services.
465,Brent Bowen,6,Denver,analytics,Automated revenue recognition data quality checks.
466,Austin Williams,11,Atlanta,engineering,Built churn propensity model for customer success team.
467,Alison Cooper,10,Chicago,analytics,Improved fulfillment SLA reporting with automated dashboards.
468,Robert Spears,3,Remote,analytics,Built role-based compensation benchmarking dashboards.
469,Kelli Arnold,1,Chicago,analytics,Improved fulfillment SLA reporting with automated dashboards.
470,Jeffery Murray,11,Remote,engineering,Automated revenue recognition data quality checks.
471,Lori Lopez,1,Atlanta,support,Ran agile ceremonies for cross-functional product squad.
472,Jennifer Mclaughlin,1,Chicago,analytics,Automated revenue recognition data quality checks.
473,Joanna Jordan,1,Denver,support,Negotiated software procurement and vendor savings initiatives.
474,Daniel Ramirez,11,Austin,analytics,"Implemented Okta and SCIM provisioning for 2,000 employees."
475,Rebecca Ray,16,Remote,sales,Automated revenue recognition data quality checks.
476,Kimberly Diaz,8,Atlanta,support,Built dbt models and Airflow pipelines for finance analytics.
477,Brian Lambert,2,Denver,operations,Migrated legacy monolith endpoints to event-driven services.
478,Vincent Edwards MD,9,Seattle,operations,"Implemented Okta and SCIM provisioning for 2,000 employees."
479,Brian Bell,8,Atlanta,engineering,Automated revenue recognition data quality checks.
480,Christopher Nunez,10,Atlanta,engineering,"Drove product launch for analytics module used by 8,000 accounts."
481,Tamara Lawrence,7,Denver,engineering,Managed enterprise renewals exceeding $4M ARR.
482,Emily Allen,9,Denver,operations,Ran agile ceremonies for cross-functional product squad.
483,James Thomas,5,Chicago,sales,Shipped experimentation framework for signup conversion.
484,Kyle Andrews,16,Seattle,sales,"Implemented Okta and SCIM provisioning for 2,000 employees."
485,John Medina,9,Denver,support,Improved fulfillment SLA reporting with automated dashboards.
486,Tara Thompson,5,Denver,support,Led multi-region ERP rollout across three warehouses.
487,Dylan Lopez,0,Seattle,support,Launched partner onboarding program across EMEA region.
488,Lisa Glenn,12,Atlanta,support,Shipped experimentation framework for signup conversion.
489,Kari Lee,6,Remote,sales,Improved fulfillment SLA reporting with automated dashboards.
490,Justin Delgado,4,Chicago,analytics,Designed interview loops for engineering leveling refresh.
491,John Mckinney,8,Austin,product,Launched partner onboarding program across EMEA region.
492,Christopher Cunningham,8,Denver,sales,Designed interview loops for engineering leveling refresh.
493,Connie Johnson,14,Atlanta,operations,Maintained SOC 2 evidence collection process.
494,Dylan Norman,9,Seattle,analytics,Maintained SOC 2 evidence collection process.
495,Patricia Simpson,12,Atlanta,support,Improved NPS by redesigning incident communications workflow.
496,Laura Adams,11,Remote,engineering,Improved NPS by redesigning incident communications workflow.
497,Wendy Weaver,15,Austin,operations,Designed interview loops for engineering leveling refresh.
498,Olivia Alexander,0,Atlanta,sales,Managed high-volume healthcare recruiting for clinical roles.
499,Jeffery Fitzgerald,6,Seattle,support,Closed strategic logistics accounts in manufacturing sector.
500,Danielle Golden,12,Atlanta,sales,Built dbt models and Airflow pipelines for finance analytics.
501,Dennis Atkins,2,Chicago,operations,Closed strategic logistics accounts in manufacturing sector.
502,Sean Wilson,7,Seattle,operations,Led multi-region ERP rollout across three warehouses.
503,Christine Rojas,7,Remote,engineering,Improved NPS by redesigning incident communications workflow.
504,Shannon Bishop,14,Chicago,support,Closed strategic logistics accounts in manufacturing sector.
505,Luis Glover,17,Atlanta,sales,Introduced warehouse slotting optimization process.
506,Renee Hudson,1,Seattle,operations,"Drove product launch for analytics module used by 8,000 accounts."
507,Linda Jackson,3,Austin,support,Built churn propensity model for customer success team.
508,Eileen Armstrong,13,Austin,support,Automated revenue recognition data quality checks.
509,Kayla Mccullough,3,Seattle,product,Launched partner onboarding program across EMEA region.
510,Brandy Brady,8,Seattle,engineering,Negotiated software procurement and vendor savings initiatives.
511,Anthony Ramirez,16,Austin,analytics,"Implemented Okta and SCIM provisioning for 2,000 employees."
512,Meredith Anderson,17,Atlanta,sales,Scaled self-serve onboarding funnel for SMB customers.
513,Frank Wright,17,Seattle,support,Automated revenue recognition data quality checks.
514,Jenna Thomas,2,Remote,operations,Managed enterprise renewals exceeding $4M ARR.
515,Lori Brooks,2,Seattle,engineering,Managed enterprise renewals exceeding $4M ARR.
516,Robert Mack,3,Chicago,product,Owned forecasting model for outbound pipeline generation.
517,Paul Neal,13,Atlanta,support,Improved NPS by redesigning incident communications workflow.
518,Jordan Freeman,3,Seattle,sales,Scaled self-serve onboarding funnel for SMB customers.
519,Sheila Boone,7,Chicago,product,Managed high-volume healthcare recruiting for clinical roles.
520,William Reid,14,Austin,operations,Built dbt models and Airflow pipelines for finance analytics.
521,Sarah Flynn,8,Denver,operations,Ran agile ceremonies for cross-functional product squad.
522,Walter Summers,16,Seattle,sales,Maintained SOC 2 evidence collection process.
523,Frank Campbell MD,8,Atlanta,operations,Built dbt models and Airflow pipelines for finance analytics.
524,Samuel Kramer,6,Atlanta,product,Owned forecasting model for outbound pipeline generation.
525,Pamela Williams,17,Atlanta,engineering,Introduced warehouse slotting optimization process.
526,Sara Smith,9,Remote,analytics,Designed interview loops for engineering leveling refresh.
527,Brooke Bryant,3,Atlanta,sales,"Implemented Okta and SCIM provisioning for 2,000 employees."
528,Jessica Forbes DVM,11,Austin,engineering,Introduced warehouse slotting optimization process.
529,Elizabeth Baxter,13,Denver,engineering,Ran agile ceremonies for cross-functional product squad.
530,Anna Ward,15,Chicago,sales,Improved fulfillment SLA reporting with automated dashboards.
531,Matthew Banks,0,Seattle,support,Managed enterprise renewals exceeding $4M ARR.
532,Mario Barber,1,Remote,support,Managed high-volume healthcare recruiting for clinical roles.
533,Jessica Davis,11,Seattle,support,Introduced warehouse slotting optimization process.
534,Daniel Miller,13,Chicago,engineering,Owned forecasting model for outbound pipeline generation.
535,Kelly Wallace,11,Seattle,engineering,Built dbt models and Airflow pipelines for finance analytics.
536,Greg Martinez,6,Austin,product,Built dbt models and Airflow pipelines for finance analytics.
537,Melissa Woods,13,Chicago,product,Expanded support knowledge base and deflected repetitive tickets.
538,Brandon Shaffer,10,Chicago,support,Managed enterprise renewals exceeding $4M ARR.
539,Jacob Evans,16,Denver,product,Owned forecasting model for outbound pipeline generation.
540,Robert Baxter,6,Chicago,support,Maintained SOC 2 evidence collection process.
541,Megan Jones,13,Denver,analytics,Closed strategic logistics accounts in manufacturing sector.
542,Lisa Martin,2,Austin,operations,Led multi-region ERP rollout across three warehouses.
543,Daniel Goodman,13,Seattle,product,"Implemented Okta and SCIM provisioning for 2,000 employees."
544,Lisa Ramos,13,Denver,support,Introduced warehouse slotting optimization process.
545,Steven Taylor,4,Seattle,product,Reduced cloud spend by redesigning batch compute workloads.
546,Nicholas Bell,1,Austin,sales,Built role-based compensation benchmarking dashboards.
547,Richard Wright,17,Remote,sales,Built dbt models and Airflow pipelines for finance analytics.
548,Danielle Burke,1,Atlanta,analytics,Led multi-region ERP rollout across three warehouses.
549,Dominique Pugh,8,Chicago,product,Migrated legacy monolith endpoints to event-driven services.
550,Ryan Liu,0,Seattle,analytics,Built role-based compensation benchmarking dashboards.
551,Lawrence Lopez,7,Seattle,operations,Led multi-region ERP rollout across three warehouses.
552,Matthew Bowers,14,Seattle,engineering,Expanded support knowledge base and deflected repetitive tickets.
553,Cynthia Cruz,9,Remote,engineering,Built role-based compensation benchmarking dashboards.
554,Mark Jones,4,Remote,sales,Managed high-volume healthcare recruiting for clinical roles.
555,Alexandria Ward,7,Austin,sales,Managed high-volume healthcare recruiting for clinical roles.
556,James Combs,1,Chicago,support,Built role-based compensation benchmarking dashboards.
557,Joshua Thompson,10,Austin,support,Automated revenue recognition data quality checks.
558,William Jones,0,Austin,operations,Migrated legacy monolith endpoints to event-driven services.
559,Alexis Lewis,6,Austin,product,Owned forecasting model for outbound pipeline generation.
560,Tiffany Sanders,1,Seattle,operations,Negotiated software procurement and vendor savings initiatives.
561,Micheal Wang,4,Atlanta,operations,Owned forecasting model for outbound pipeline generation.
562,James Davidson,1,Austin,analytics,Managed high-volume healthcare recruiting for clinical roles.
563,Brittany Miller,16,Denver,analytics,Ran agile ceremonies for cross-functional product squad.
564,Thomas Mccann,13,Austin,sales,Built churn propensity model for customer success team.
565,Gabriel Willis,16,Chicago,sales,Maintained SOC 2 evidence collection process.
566,Marie Day,12,Austin,support,Built role-based compensation benchmarking dashboards.
567,Jeffrey Ashley,8,Atlanta,product,Automated revenue recognition data quality checks.
568,David Middleton,3,Austin,operations,Managed enterprise renewals exceeding $4M ARR.
569,Logan Brown,17,Seattle,engineering,Maintained SOC 2 evidence collection process.
570,Mary Thompson,16,Remote,product,Closed strategic logistics accounts in manufacturing sector.
571,Chad Smith,7,Remote,analytics,"Implemented Okta and SCIM provisioning for 2,000 employees."
572,Gregory Holmes PhD,4,Seattle,operations,Built dbt models and Airflow pipelines for finance analytics.
573,Jacob Brady,6,Seattle,analytics,Negotiated software procurement and vendor savings initiatives.
574,Morgan Wilson,7,Remote,support,Built dbt models and Airflow pipelines for finance analytics.
575,Frances Patterson,16,Remote,engineering,Designed interview loops for engineering leveling refresh.
576,Deborah Proctor,1,Chicago,operations,Built role-based compensation benchmarking dashboards.
577,Kathleen Dixon,11,Atlanta,product,Ran agile ceremonies for cross-functional product squad.
578,Scott Jackson,13,Chicago,sales,Ran agile ceremonies for cross-functional product squad.
579,Raymond Shannon,13,Remote,product,Improved NPS by redesigning incident communications workflow.
580,Ashley Yang,3,Austin,sales,Introduced warehouse slotting optimization process.
581,Scott Smith,7,Denver,operations,Owned forecasting model for outbound pipeline generation.
582,Jack Mora,6,Denver,engineering,Shipped experimentation framework for signup conversion.
583,Tyler Johnson,7,Remote,support,Migrated legacy monolith endpoints to event-driven services.
584,Michelle Rios,1,Chicago,sales,Managed high-volume healthcare recruiting for clinical roles.
585,David Moon,1,Remote,product,Built role-based compensation benchmarking dashboards.
586,Roger Duncan,0,Denver,engineering,Reduced cloud spend by redesigning batch compute workloads.
587,Michael Williams,17,Seattle,engineering,Led multi-region ERP rollout across three warehouses.
588,Jose Williams,7,Atlanta,operations,Closed strategic logistics accounts in manufacturing sector.
589,Shawn Cline,4,Denver,engineering,Designed interview loops for engineering leveling refresh.
590,Emily Miller,14,Chicago,sales,Closed strategic logistics accounts in manufacturing sector.
591,Jacob Carter,8,Chicago,support,Closed strategic logistics accounts in manufacturing sector.
592,Nancy Sanchez,6,Atlanta,analytics,Automated revenue recognition data quality checks.
593,Wesley Cuevas,2,Chicago,analytics,Reduced cloud spend by redesigning batch compute workloads.
594,Morgan Payne,6,Remote,engineering,Owned forecasting model for outbound pipeline generation.
595,Brittany Randolph,11,Austin,support,"Drove product launch for analytics module used by 8,000 accounts."
596,Joshua Fields,11,Chicago,engineering,Built role-based compensation benchmarking dashboards.
597,Alexandra Rogers,7,Austin,analytics,Improved NPS by redesigning incident communications workflow.
598,Jamie Rojas,11,Remote,support,Managed high-volume healthcare recruiting for clinical roles.
599,Daniel Bird,13,Denver,support,Shipped experimentation framework for signup conversion.
600,Tyrone Kaufman,16,Austin,operations,Maintained SOC 2 evidence collection process.
601,Douglas Williams,9,Austin,engineering,Built churn propensity model for customer success team.
602,Ryan Gutierrez,4,Remote,support,Expanded support knowledge base and deflected repetitive tickets.
603,Judy Adkins,2,Remote,sales,Negotiated software procurement and vendor savings initiatives.
604,Kathy Walsh,2,Chicago,operations,Migrated legacy monolith endpoints to event-driven services.
605,Kevin Brown,0,Atlanta,sales,Built dbt models and Airflow pipelines for finance analytics.
606,Bianca Carter,10,Chicago,engineering,Designed interview loops for engineering leveling refresh.
607,Tammy Long,3,Remote,operations,Improved fulfillment SLA reporting with automated dashboards.
608,Erika Chavez,4,Seattle,analytics,Launched partner onboarding program across EMEA region.
609,Tony Taylor,13,Denver,support,Built dbt models and Airflow pipelines for finance analytics.
610,Ashley Garcia,5,Remote,support,Introduced warehouse slotting optimization process.
611,Erik Martinez,14,Chicago,support,Designed interview loops for engineering leveling refresh.
612,Randy Hayes,2,Remote,support,Managed high-volume healthcare recruiting for clinical roles.
613,Samuel Davis,6,Chicago,operations,Automated revenue recognition data quality checks.
614,Elizabeth Bush,0,Remote,operations,Migrated legacy monolith endpoints to event-driven services.
615,Cindy Gates,9,Remote,analytics,"Implemented Okta and SCIM provisioning for 2,000 employees."
616,Michael Schmitt,2,Atlanta,operations,Expanded support knowledge base and deflected repetitive tickets.
617,Anthony Evans,4,Austin,sales,Designed interview loops for engineering leveling refresh.
618,Carrie Crane,13,Seattle,engineering,Managed enterprise renewals exceeding $4M ARR.
619,Kristi Pierce,15,Seattle,operations,Launched partner onboarding program across EMEA region.
620,Brian Leon,9,Remote,operations,Managed high-volume healthcare recruiting for clinical roles.
621,Antonio Norman,17,Chicago,product,Automated revenue recognition data quality checks.
622,Craig Morales,13,Chicago,support,Maintained SOC 2 evidence collection process.
623,Teresa Miller,13,Denver,sales,Automated revenue recognition data quality checks.
624,Sylvia Jones,17,Denver,engineering,Negotiated software procurement and vendor savings initiatives.
625,Christina Brewer PhD,1,Austin,support,Closed strategic logistics accounts in manufacturing sector.
626,Ryan Lamb,4,Austin,operations,Managed high-volume healthcare recruiting for clinical roles.
627,Tom Williams,7,Denver,engineering,Built role-based compensation benchmarking dashboards.
628,Jessica Ramsey,11,Remote,support,Built churn propensity model for customer success team.
629,James Simmons MD,17,Austin,operations,Improved NPS by redesigning incident communications workflow.
630,Denise Griffin,1,Chicago,sales,"Drove product launch for analytics module used by 8,000 accounts."
631,Lucas Jensen,4,Remote,analytics,Shipped experimentation framework for signup conversion.
632,Kathleen Andrade,5,Austin,support,Negotiated software procurement and vendor savings initiatives.
633,Brandon Reyes,12,Austin,support,Negotiated software procurement and vendor savings initiatives.
634,Marvin Robles,17,Remote,sales,Managed high-volume healthcare recruiting for clinical roles.
635,Zachary Stephens,16,Chicago,analytics,Ran agile ceremonies for cross-functional product squad.
636,James Reeves,13,Chicago,operations,Launched partner onboarding program across EMEA region.
637,Richard Cooper,13,Austin,product,Built dbt models and Airflow pipelines for finance analytics.
638,Erica Nelson,7,Denver,sales,Negotiated software procurement and vendor savings initiatives.
639,Kyle Johnson,10,Remote,support,Built churn propensity model for customer success team.
640,Diana Stokes,3,Remote,operations,Built churn propensity model for customer success team.
641,Hunter Silva,9,Atlanta,analytics,Managed high-volume healthcare recruiting for clinical roles.
642,Christopher Wright,5,Seattle,analytics,Ran agile ceremonies for cross-functional product squad.
643,Joseph Moody,16,Atlanta,operations,Built dbt models and Airflow pipelines for finance analytics.
644,Pamela Gould,6,Seattle,sales,Managed high-volume healthcare recruiting for clinical roles.
645,Vickie Price,7,Atlanta,operations,Migrated legacy monolith endpoints to event-driven services.
646,Wendy Thompson,7,Chicago,analytics,"Implemented Okta and SCIM provisioning for 2,000 employees."
647,Evan Rojas,16,Remote,analytics,Improved fulfillment SLA reporting with automated dashboards.
648,Kevin Warner,16,Remote,analytics,Closed strategic logistics accounts in manufacturing sector.
649,Keith Thomas,7,Austin,analytics,Migrated legacy monolith endpoints to event-driven services.
650,Sara Cochran,17,Austin,engineering,Expanded support knowledge base and deflected repetitive tickets.
651,Kimberly Thompson,13,Seattle,operations,Expanded support knowledge base and deflected repetitive tickets.
652,Anthony Guzman,15,Austin,sales,Led multi-region ERP rollout across three warehouses.
653,John Rivera,16,Seattle,operations,Managed high-volume healthcare recruiting for clinical roles.
654,Renee Peterson,5,Remote,operations,Ran agile ceremonies for cross-functional product squad.
655,Robert Oneill,9,Austin,sales,Negotiated software procurement and vendor savings initiatives.
656,Charles Bush,5,Seattle,product,Built dbt models and Airflow pipelines for finance analytics.
657,Brian Fox,5,Austin,engineering,Maintained SOC 2 evidence collection process.
658,Benjamin Bush,8,Chicago,analytics,Improved fulfillment SLA reporting with automated dashboards.
659,Laurie Rogers,0,Atlanta,operations,Expanded support knowledge base and deflected repetitive tickets.
660,William Oconnor,3,Seattle,support,Designed interview loops for engineering leveling refresh.
661,Mark Freeman,14,Austin,support,Built dbt models and Airflow pipelines for finance analytics.
662,Michael Hoffman,2,Austin,analytics,"Implemented Okta and SCIM provisioning for 2,000 employees."
663,Lisa Kelly,11,Chicago,support,Negotiated software procurement and vendor savings initiatives.
664,Robin Gray,13,Seattle,sales,Maintained SOC 2 evidence collection process.
665,Elizabeth Thompson,4,Denver,product,Led multi-region ERP rollout across three warehouses.
666,Michael Berry,8,Chicago,engineering,Negotiated software procurement and vendor savings initiatives.
667,Patricia Bradley,15,Austin,support,Ran agile ceremonies for cross-functional product squad.
668,Evan Lamb,15,Remote,engineering,Migrated legacy monolith endpoints to event-driven services.
669,Margaret Garcia,16,Seattle,sales,Led multi-region ERP rollout across three warehouses.
670,Gary Miller MD,11,Remote,support,Designed interview loops for engineering leveling refresh.
671,Mark Mccarty,15,Denver,support,Managed enterprise renewals exceeding $4M ARR.
672,Meagan Daniel,7,Seattle,analytics,Reduced cloud spend by redesigning batch compute workloads.
673,Adam Clark,10,Atlanta,support,"Drove product launch for analytics module used by 8,000 accounts."
674,Hayley Buchanan,12,Atlanta,sales,Improved NPS by redesigning incident communications workflow.
675,Amber Kim,17,Denver,analytics,Improved NPS by redesigning incident communications workflow.
676,Christopher Gutierrez,6,Atlanta,sales,"Implemented Okta and SCIM provisioning for 2,000 employees."
677,Heather Bennett,15,Denver,operations,Shipped experimentation framework for signup conversion.
678,Rachel Lane,9,Atlanta,operations,Launched partner onboarding program across EMEA region.
679,Courtney Hayes,1,Denver,analytics,Automated revenue recognition data quality checks.
680,Amanda Smith,11,Remote,engineering,Maintained SOC 2 evidence collection process.
681,Brian Peterson,17,Remote,engineering,Improved NPS by redesigning incident communications workflow.
682,Candace Jones,8,Denver,engineering,Maintained SOC 2 evidence collection process.
683,Vanessa Morgan,9,Denver,sales,Owned forecasting model for outbound pipeline generation.
684,Dr. Michele Reynolds,16,Seattle,analytics,Launched partner onboarding program across EMEA region.
685,Lisa Hamilton,16,Atlanta,engineering,Built role-based compensation benchmarking dashboards.
686,Gary Mccann,7,Chicago,product,Maintained SOC 2 evidence collection process.
687,Julian Frost,13,Remote,operations,Managed high-volume healthcare recruiting for clinical roles.
688,Mary Evans,11,Seattle,sales,Automated revenue recognition data quality checks.
689,James Dunn,11,Atlanta,product,Shipped experimentation framework for signup conversion.
690,Anthony Smith Jr.,12,Seattle,sales,Automated revenue recognition data quality checks.
691,Lori Castillo,5,Chicago,sales,Maintained SOC 2 evidence collection process.
692,Daniel Little,5,Seattle,operations,Shipped experimentation framework for signup conversion.
693,Kara Wilson,0,Austin,engineering,Reduced cloud spend by redesigning batch compute workloads.
694,Kaitlin Jacobson,15,Seattle,support,Reduced cloud spend by redesigning batch compute workloads.
695,Martin Hughes,4,Atlanta,support,Reduced cloud spend by redesigning batch compute workloads.
696,James Lopez,12,Atlanta,operations,Reduced cloud spend by redesigning batch compute workloads.
697,Jeremiah Baker,12,Seattle,product,Launched partner onboarding program across EMEA region.
698,Kristy Hernandez,12,Chicago,engineering,Introduced warehouse slotting optimization process.
699,Anne Barnett,15,Seattle,analytics,Negotiated software procurement and vendor savings initiatives.
700,Jennifer Avila,15,Austin,support,Launched partner onboarding program across EMEA region.
701,Antonio Hughes,0,Seattle,operations,Launched partner onboarding program across EMEA region.
702,Tracie Mcdaniel,15,Seattle,product,Negotiated software procurement and vendor savings initiatives.
703,Laura Young,3,Austin,operations,Ran agile ceremonies for cross-functional product squad.
704,James Nash,11,Seattle,product,Led multi-region ERP rollout across three warehouses.
705,Kenneth Black,12,Seattle,analytics,Built role-based compensation benchmarking dashboards.
706,Vickie Hernandez,0,Atlanta,sales,Shipped experimentation framework for signup conversion.
707,Joann Rush,5,Atlanta,support,"Drove product launch for analytics module used by 8,000 accounts."
708,Daniel Lee,16,Austin,engineering,Improved fulfillment SLA reporting with automated dashboards.
709,Blake Vega,2,Remote,sales,Built churn propensity model for customer success team.
710,Rodney Hernandez,4,Remote,support,Built role-based compensation benchmarking dashboards.
711,Emma Acosta,1,Seattle,product,Closed strategic logistics accounts in manufacturing sector.
712,Angie Hawkins,3,Austin,operations,Migrated legacy monolith endpoints to event-driven services.
713,Shannon Stone,11,Denver,analytics,Improved fulfillment SLA reporting with automated dashboards.
714,Alexandria Graves,15,Seattle,support,Shipped experimentation framework for signup conversion.
715,Rachael Rodriguez,10,Seattle,support,Expanded support knowledge base and deflected repetitive tickets.
716,Keith Aguilar,5,Remote,product,Scaled self-serve onboarding funnel for SMB customers.
717,Ariel Garcia,15,Atlanta,engineering,Owned forecasting model for outbound pipeline generation.
718,Rachel Dillon,6,Seattle,sales,Shipped experimentation framework for signup conversion.
719,Sherry Baker,5,Denver,product,Launched partner onboarding program across EMEA region.
720,Laura Kennedy,9,Seattle,analytics,Managed high-volume healthcare recruiting for clinical roles.
721,Jamie Montgomery,2,Atlanta,analytics,Built churn propensity model for customer success team.
722,Jennifer Foster,6,Seattle,operations,Managed enterprise renewals exceeding $4M ARR.
723,Melissa Williams,14,Chicago,operations,Ran agile ceremonies for cross-functional product squad.
724,Derrick Watson,10,Chicago,sales,Automated revenue recognition data quality checks.
725,Riley Collins,17,Austin,operations,Built churn propensity model for customer success team.
726,Shannon Cohen,13,Seattle,engineering,Closed strategic logistics accounts in manufacturing sector.
727,Crystal Turner,6,Seattle,sales,Closed strategic logistics accounts in manufacturing sector.
728,Patricia Flores,13,Chicago,product,Designed interview loops for engineering leveling refresh.
729,Lisa Davis,15,Denver,engineering,"Implemented Okta and SCIM provisioning for 2,000 employees."
730,Thomas Russell,11,Atlanta,support,Introduced warehouse slotting optimization process.
731,Mr. James Brown,13,Seattle,engineering,Expanded support knowledge base and deflected repetitive tickets.
732,Ana Mckinney,9,Chicago,support,Scaled self-serve onboarding funnel for SMB customers.
733,Richard Warren,16,Denver,sales,Managed high-volume healthcare recruiting for clinical roles.
734,Carrie Golden,4,Chicago,support,Expanded support knowledge base and deflected repetitive tickets.
735,Anthony Johnson,7,Seattle,operations,Migrated legacy monolith endpoints to event-driven services.
736,Isaac Gonzalez,4,Remote,support,Led multi-region ERP rollout across three warehouses.
737,John Sanders,1,Seattle,support,Ran agile ceremonies for cross-functional product squad.
738,Melanie Allen,11,Seattle,analytics,Scaled self-serve onboarding funnel for SMB customers.
739,Jeremy Horne MD,2,Seattle,support,Introduced warehouse slotting optimization process.
740,Hailey Monroe,4,Remote,product,Built dbt models and Airflow pipelines for finance analytics.
741,Ronald Davis,13,Denver,analytics,Owned forecasting model for outbound pipeline generation.
742,Anthony Nash,4,Chicago,sales,Managed high-volume healthcare recruiting for clinical roles.
743,Cindy Walker,15,Remote,engineering,Owned forecasting model for outbound pipeline generation.
744,Daniel Pearson,0,Austin,analytics,Shipped experimentation framework for signup conversion.
745,Sharon Coffey,8,Denver,operations,Migrated legacy monolith endpoints to event-driven services.
746,Kara Anderson,1,Seattle,analytics,Reduced cloud spend by redesigning batch compute workloads.
747,Robert Walker,1,Seattle,support,Owned forecasting model for outbound pipeline generation.
748,Terri Marquez,14,Seattle,sales,Introduced warehouse slotting optimization process.
749,Desiree Woodard,1,Denver,support,Reduced cloud spend by redesigning batch compute workloads.
750,Judy Robinson,16,Remote,product,Expanded support knowledge base and deflected repetitive tickets.
751,Joseph Hanson,10,Chicago,sales,Improved fulfillment SLA reporting with automated dashboards.
752,Adrienne Key,8,Austin,product,Launched partner onboarding program across EMEA region.
753,Sara Hoffman,16,Atlanta,product,Designed interview loops for engineering leveling refresh.
754,Diane Cohen,6,Chicago,operations,Owned forecasting model for outbound pipeline generation.
755,Mr. Donald Nguyen,7,Denver,support,Introduced warehouse slotting optimization process.
756,Matthew Farley,7,Denver,product,Built dbt models and Airflow pipelines for finance analytics.
757,Chelsea Holmes,11,Chicago,product,Built churn propensity model for customer success team.
758,Anthony Mathews,15,Remote,operations,Improved NPS by redesigning incident communications workflow.
759,Jennifer Flores,9,Denver,analytics,Closed strategic logistics accounts in manufacturing sector.
760,Alexander Jimenez,5,Seattle,analytics,Led multi-region ERP rollout across three warehouses.
761,Terry Sullivan,16,Austin,operations,Closed strategic logistics accounts in manufacturing sector.
762,Lauren Cooley,10,Remote,analytics,Led multi-region ERP rollout across three warehouses.
763,Grace Reeves,14,Remote,product,Reduced cloud spend by redesigning batch compute workloads.
764,Margaret Alvarez,7,Austin,engineering,Automated revenue recognition data quality checks.
765,Heather Evans,3,Atlanta,product,Shipped experimentation framework for signup conversion.
766,Matthew Grant,17,Atlanta,operations,Built role-based compensation benchmarking dashboards.
767,John Figueroa,12,Chicago,support,Built churn propensity model for customer success team.
768,Kristin Gaines,5,Seattle,engineering,Improved fulfillment SLA reporting with automated dashboards.
769,Stephanie Pena,15,Seattle,product,Expanded support knowledge base and deflected repetitive tickets.
770,Daniel Savage,0,Remote,operations,Reduced cloud spend by redesigning batch compute workloads.
771,Stephen Watson,16,Atlanta,product,Migrated legacy monolith endpoints to event-driven services.
772,Julie Wilson,10,Seattle,operations,"Implemented Okta and SCIM provisioning for 2,000 employees."
773,Mark Carpenter,10,Seattle,support,Reduced cloud spend by redesigning batch compute workloads.
774,Kaitlyn Lee,0,Seattle,analytics,Introduced warehouse slotting optimization process.
775,Michael Moreno,3,Atlanta,sales,Improved NPS by redesigning incident communications workflow.
776,Seth Hernandez,12,Seattle,sales,Shipped experimentation framework for signup conversion.
777,Grace Benitez DVM,10,Austin,analytics,"Implemented Okta and SCIM provisioning for 2,000 employees."
778,Mrs. Shannon White,2,Atlanta,operations,Migrated legacy monolith endpoints to event-driven services.
779,Gary Hatfield,11,Chicago,analytics,Built role-based compensation benchmarking dashboards.
780,Anthony Hayes,13,Denver,support,Led multi-region ERP rollout across three warehouses.
781,Raymond Johnston,4,Seattle,support,Migrated legacy monolith endpoints to event-driven services.
782,Richard Chan,12,Austin,engineering,Maintained SOC 2 evidence collection process.
783,Jeffrey Jordan,17,Seattle,operations,Built dbt models and Airflow pipelines for finance analytics.
784,John Smith,8,Chicago,engineering,Launched partner onboarding program across EMEA region.
785,Monica Dodson,4,Seattle,analytics,Designed interview loops for engineering leveling refresh.
786,Nicole Schmidt,17,Seattle,analytics,Closed strategic logistics accounts in manufacturing sector.
787,Aaron Gross,16,Austin,product,Improved NPS by redesigning incident communications workflow.
788,Shawn Collins,8,Chicago,operations,Managed enterprise renewals exceeding $4M ARR.
789,Jonathan Torres,7,Seattle,operations,Scaled self-serve onboarding funnel for SMB customers.
790,Angel Fry,15,Denver,analytics,"Drove product launch for analytics module used by 8,000 accounts."
791,Joseph Warren,0,Denver,engineering,Owned forecasting model for outbound pipeline generation.
792,Michael Anderson,5,Austin,engineering,Owned forecasting model for outbound pipeline generation.
793,Katherine Christensen MD,9,Seattle,support,Negotiated software procurement and vendor savings initiatives.
794,Robin Smith,11,Austin,sales,Launched partner onboarding program across EMEA region.
795,William Clark,11,Chicago,operations,Reduced cloud spend by redesigning batch compute workloads.
796,Jonathan Martinez,6,Denver,product,Closed strategic logistics accounts in manufacturing sector.
797,Rebecca Brooks,15,Seattle,sales,Managed enterprise renewals exceeding $4M ARR.
798,Patricia Dean,11,Denver,product,"Implemented Okta and SCIM provisioning for 2,000 employees."
799,Amber Rodriguez,9,Remote,analytics,Built dbt models and Airflow pipelines for finance analytics.
800,Amber Wilson,16,Atlanta,sales,Designed interview loops for engineering leveling refresh.
801,Caleb King,1,Chicago,product,Closed strategic logistics accounts in manufacturing sector.
802,Christine Jennings,12,Chicago,analytics,Built churn propensity model for customer success team.
803,Jason Garcia,16,Seattle,sales,Migrated legacy monolith endpoints to event-driven services.
804,Lisa Haynes,11,Denver,operations,Managed enterprise renewals exceeding $4M ARR.
805,Steven Hunt,10,Atlanta,operations,Automated revenue recognition data quality checks.
806,Diane Glover,6,Denver,product,Migrated legacy monolith endpoints to event-driven services.
807,Mr. Richard Decker DVM,4,Chicago,operations,Negotiated software procurement and vendor savings initiatives.
808,Jason Martin,9,Atlanta,engineering,Improved fulfillment SLA reporting with automated dashboards.
809,Susan Watts,16,Chicago,support,Scaled self-serve onboarding funnel for SMB customers.
810,Mr. Adam Davis,8,Remote,support,Designed interview loops for engineering leveling refresh.
811,Kenneth Snyder,2,Seattle,operations,"Implemented Okta and SCIM provisioning for 2,000 employees."
812,Penny Jones,8,Seattle,product,"Implemented Okta and SCIM provisioning for 2,000 employees."
813,Summer Newman,1,Chicago,operations,Improved fulfillment SLA reporting with automated dashboards.
814,William Baker,16,Austin,sales,Launched partner onboarding program across EMEA region.
815,Robert Sawyer,9,Austin,support,Designed interview loops for engineering leveling refresh.
816,Heather Rhodes,3,Remote,engineering,Ran agile ceremonies for cross-functional product squad.
817,Brian York,11,Remote,product,Built dbt models and Airflow pipelines for finance analytics.
818,Alexandra Taylor,9,Seattle,support,Negotiated software procurement and vendor savings initiatives.
819,Erin Kline,9,Atlanta,sales,Managed high-volume healthcare recruiting for clinical roles.
820,Debra Quinn,10,Chicago,engineering,Built churn propensity model for customer success team.
821,Grant Wilson,16,Seattle,analytics,Expanded support knowledge base and deflected repetitive tickets.
822,Jesus Houston,15,Atlanta,analytics,Introduced warehouse slotting optimization process.
823,Karen Fisher,4,Atlanta,support,Managed enterprise renewals exceeding $4M ARR.
824,Carol Anderson,4,Austin,sales,Improved fulfillment SLA reporting with automated dashboards.
825,Vicki Richard,17,Atlanta,sales,Shipped experimentation framework for signup conversion.
826,Thomas Webb,11,Seattle,operations,Scaled self-serve onboarding funnel for SMB customers.
827,Jessica Carr,0,Seattle,support,Shipped experimentation framework for signup conversion.
828,Lisa Huffman,9,Austin,product,Launched partner onboarding program across EMEA region.
829,Monica Snow,2,Austin,operations,Built churn propensity model for customer success team.
830,Mr. Stephen Alexander,0,Remote,engineering,"Drove product launch for analytics module used by 8,000 accounts."
831,Matthew Smith,3,Chicago,engineering,Ran agile ceremonies for cross-functional product squad.
832,Kelly Manning,4,Denver,analytics,Led multi-region ERP rollout across three warehouses.
833,Courtney Sosa,1,Atlanta,engineering,Improved NPS by redesigning incident communications workflow.
834,Kelly Watts,15,Denver,support,Improved fulfillment SLA reporting with automated dashboards.
835,Jessica Barber,7,Remote,engineering,Reduced cloud spend by redesigning batch compute workloads.
836,Mr. Martin Hernandez,9,Remote,operations,Scaled self-serve onboarding funnel for SMB customers.
837,Stephanie Salazar,15,Denver,support,Migrated legacy monolith endpoints to event-driven services.
838,Timothy Wagner,15,Chicago,operations,Managed enterprise renewals exceeding $4M ARR.
839,Jon Martin,14,Remote,support,Built dbt models and Airflow pipelines for finance analytics.
840,Erica Rivera,3,Seattle,operations,"Drove product launch for analytics module used by 8,000 accounts."
841,Jonathon Pierce,13,Seattle,support,Introduced warehouse slotting optimization process.
842,Robert Miller,17,Denver,operations,Negotiated software procurement and vendor savings initiatives.
843,Kenneth Miller,0,Denver,support,Expanded support knowledge base and deflected repetitive tickets.
844,Mr. William Mcgee Jr.,15,Chicago,product,Managed high-volume healthcare recruiting for clinical roles.
845,Andrew Dunn,15,Denver,operations,Closed strategic logistics accounts in manufacturing sector.
846,Rebecca Richmond,15,Atlanta,sales,Maintained SOC 2 evidence collection process.
847,Stefanie Hart,7,Austin,product,Managed high-volume healthcare recruiting for clinical roles.
848,Joy Peterson,3,Atlanta,support,Maintained SOC 2 evidence collection process.
849,Ruth Richard,13,Atlanta,product,Automated revenue recognition data quality checks.
850,Randall Greene,11,Remote,operations,Launched partner onboarding program across EMEA region.
851,Heidi Chavez,13,Austin,operations,Built role-based compensation benchmarking dashboards.
852,Matthew Smith,4,Chicago,engineering,Managed high-volume healthcare recruiting for clinical roles.
853,Mark Marsh,3,Denver,support,Scaled self-serve onboarding funnel for SMB customers.
854,Jacqueline Rodriguez,16,Remote,product,Built churn propensity model for customer success team.
855,Katherine Underwood,9,Chicago,support,"Drove product launch for analytics module used by 8,000 accounts."
856,Jennifer King,15,Remote,sales,Scaled self-serve onboarding funnel for SMB customers.
857,Bryan Phelps,16,Remote,operations,Managed enterprise renewals exceeding $4M ARR.
858,Roger Lee,8,Austin,operations,Built churn propensity model for customer success team.
859,Peter Williams,4,Denver,engineering,Negotiated software procurement and vendor savings initiatives.
860,Megan Martinez,16,Chicago,engineering,Reduced cloud spend by redesigning batch compute workloads.
861,Judith Lawrence,12,Denver,operations,Migrated legacy monolith endpoints to event-driven services.
862,Tracey Smith,11,Remote,analytics,"Implemented Okta and SCIM provisioning for 2,000 employees."
863,Kristen Reynolds,17,Denver,product,Managed enterprise renewals exceeding $4M ARR.
864,Tammy Norman,4,Atlanta,product,Maintained SOC 2 evidence collection process.
865,Melissa Thompson,6,Austin,support,Closed strategic logistics accounts in manufacturing sector.
866,Ashley Sandoval,0,Atlanta,product,"Implemented Okta and SCIM provisioning for 2,000 employees."
867,Erica Keith,6,Denver,support,Built churn propensity model for customer success team.
868,Lee Schwartz,8,Remote,analytics,Migrated legacy monolith endpoints to event-driven services.
869,James Cooper,8,Seattle,product,Scaled self-serve onboarding funnel for SMB customers.
870,Robert Taylor,2,Chicago,product,"Drove product launch for analytics module used by 8,000 accounts."
871,Stacey Hunt,14,Atlanta,sales,Ran agile ceremonies for cross-functional product squad.
872,Kimberly Edwards,8,Denver,sales,Reduced cloud spend by redesigning batch compute workloads.
873,Kristen Robinson,7,Denver,product,Improved NPS by redesigning incident communications workflow.
874,Miguel Parks,15,Denver,engineering,Closed strategic logistics accounts in manufacturing sector.
875,Brandi Page,8,Seattle,analytics,Led multi-region ERP rollout across three warehouses.
876,Cassandra Daniels,16,Chicago,operations,Negotiated software procurement and vendor savings initiatives.
877,Michelle Hodges,4,Austin,support,Built role-based compensation benchmarking dashboards.
878,Lauren Bender,15,Chicago,product,Launched partner onboarding program across EMEA region.
879,Megan English,17,Seattle,sales,Managed enterprise renewals exceeding $4M ARR.
880,Sherry Henderson,13,Chicago,sales,Ran agile ceremonies for cross-functional product squad.
881,Brian James,16,Austin,sales,Led multi-region ERP rollout across three warehouses.
882,Anthony Adams,13,Denver,support,Built churn propensity model for customer success team.
883,Victoria Vega,10,Remote,operations,Designed interview loops for engineering leveling refresh.
884,Antonio Mueller,13,Remote,analytics,Launched partner onboarding program across EMEA region.
885,Joshua Howard,17,Remote,operations,Managed enterprise renewals exceeding $4M ARR.
886,Luis Lowe,10,Seattle,support,Shipped experimentation framework for signup conversion.
887,Courtney Holland,12,Seattle,engineering,Migrated legacy monolith endpoints to event-driven services.
888,Jorge Robles,1,Seattle,operations,Owned forecasting model for outbound pipeline generation.
889,Melissa Williams,17,Austin,sales,"Drove product launch for analytics module used by 8,000 accounts."
890,Jason French,13,Denver,analytics,Launched partner onboarding program across EMEA region.
891,Tracy Brown,2,Atlanta,analytics,"Implemented Okta and SCIM provisioning for 2,000 employees."
892,Christina Melton,5,Denver,support,"Drove product launch for analytics module used by 8,000 accounts."
893,Jessica Perez,4,Seattle,product,Built role-based compensation benchmarking dashboards.
894,Michelle Richardson,5,Remote,support,Shipped experimentation framework for signup conversion.
895,Nancy Gonzalez,15,Atlanta,engineering,"Drove product launch for analytics module used by 8,000 accounts."
896,Cheryl Cole,8,Austin,support,Migrated legacy monolith endpoints to event-driven services.
897,Mrs. Tonya Moss,7,Denver,engineering,Managed high-volume healthcare recruiting for clinical roles.
898,Andrew Ramirez,14,Chicago,operations,"Implemented Okta and SCIM provisioning for 2,000 employees."
899,Christopher Singleton,6,Denver,analytics,"Drove product launch for analytics module used by 8,000 accounts."
900,John Pineda,15,Chicago,sales,Built dbt models and Airflow pipelines for finance analytics.
901,Timothy Carlson,13,Austin,support,Ran agile ceremonies for cross-functional product squad.
902,Lori Cameron,4,Chicago,support,Improved fulfillment SLA reporting with automated dashboards.
903,Richard Pierce,11,Denver,analytics,"Implemented Okta and SCIM provisioning for 2,000 employees."
904,Michael Fox,8,Austin,analytics,Automated revenue recognition data quality checks.
905,Kelly Hartman,6,Austin,product,Managed enterprise renewals exceeding $4M ARR.
906,Joshua Powell,16,Chicago,analytics,Negotiated software procurement and vendor savings initiatives.
907,Stephen Alvarado,7,Atlanta,sales,Shipped experimentation framework for signup conversion.
908,Edward Clements,2,Atlanta,analytics,Managed high-volume healthcare recruiting for clinical roles.
909,Karen Hoffman,7,Denver,operations,"Implemented Okta and SCIM provisioning for 2,000 employees."
910,Marie Wilson,9,Atlanta,engineering,Managed enterprise renewals exceeding $4M ARR.
911,David May,2,Chicago,product,Ran agile ceremonies for cross-functional product squad.
912,Dana Williams,13,Seattle,support,Designed interview loops for engineering leveling refresh.
913,Jane Hogan,4,Austin,analytics,Migrated legacy monolith endpoints to event-driven services.
914,David Ramsey,1,Austin,support,Built dbt models and Airflow pipelines for finance analytics.
915,Jose Townsend,9,Remote,analytics,Expanded support knowledge base and deflected repetitive tickets.
916,Katie Tucker,2,Denver,operations,Built churn propensity model for customer success team.
917,Matthew Flores,14,Atlanta,product,Scaled self-serve onboarding funnel for SMB customers.
918,Brendan Bonilla,1,Denver,analytics,Scaled self-serve onboarding funnel for SMB customers.
919,Kim Sims,7,Atlanta,operations,Built role-based compensation benchmarking dashboards.
920,Mark Lewis,0,Seattle,support,Scaled self-serve onboarding funnel for SMB customers.
921,Sara Harris,6,Seattle,engineering,"Drove product launch for analytics module used by 8,000 accounts."
922,Sherry Figueroa,16,Chicago,sales,Led multi-region ERP rollout across three warehouses.
923,Robert Jones,11,Atlanta,engineering,Scaled self-serve onboarding funnel for SMB customers.
924,Allison Love,9,Seattle,engineering,Expanded support knowledge base and deflected repetitive tickets.
925,Benjamin Thompson,2,Denver,support,Maintained SOC 2 evidence collection process.
926,Benjamin Underwood,5,Denver,operations,"Drove product launch for analytics module used by 8,000 accounts."
927,Jennifer Hayes,6,Atlanta,product,"Implemented Okta and SCIM provisioning for 2,000 employees."
928,Eugene Price,10,Atlanta,analytics,Improved fulfillment SLA reporting with automated dashboards.
929,Aaron Cortez,3,Chicago,sales,Reduced cloud spend by redesigning batch compute workloads.
930,Patrick Williams,17,Remote,sales,Maintained SOC 2 evidence collection process.
931,Heather Shaw,11,Atlanta,operations,Closed strategic logistics accounts in manufacturing sector.
932,Michael Obrien,5,Atlanta,engineering,Designed interview loops for engineering leveling refresh.
933,Timothy James,2,Chicago,analytics,Scaled self-serve onboarding funnel for SMB customers.
934,Amanda Moore,10,Seattle,operations,Built dbt models and Airflow pipelines for finance analytics.
935,Paul Robles,8,Remote,engineering,"Implemented Okta and SCIM provisioning for 2,000 employees."
936,Elizabeth Walters,12,Seattle,analytics,Improved fulfillment SLA reporting with automated dashboards.
937,Stephen Sanford,10,Atlanta,product,Introduced warehouse slotting optimization process.
938,Maria Bernard,11,Atlanta,product,Ran agile ceremonies for cross-functional product squad.
939,Shaun Thomas,15,Chicago,operations,Designed interview loops for engineering leveling refresh.
940,Kenneth Long,9,Austin,engineering,"Drove product launch for analytics module used by 8,000 accounts."
941,Angela Clark,13,Atlanta,product,Migrated legacy monolith endpoints to event-driven services.
942,Molly Lewis,6,Chicago,analytics,Scaled self-serve onboarding funnel for SMB customers.
943,Sarah Thomas,16,Austin,support,Improved NPS by redesigning incident communications workflow.
944,Luis King,7,Seattle,engineering,Scaled self-serve onboarding funnel for SMB customers.
945,Michael Bradley,12,Denver,sales,Reduced cloud spend by redesigning batch compute workloads.
946,Paul Branch,17,Remote,sales,Negotiated software procurement and vendor savings initiatives.
947,Maria Jones,6,Remote,support,Managed high-volume healthcare recruiting for clinical roles.
948,Danielle Gonzalez,1,Austin,support,Improved NPS by redesigning incident communications workflow.
949,Tiffany Howard,4,Seattle,support,Owned forecasting model for outbound pipeline generation.
950,Cynthia Mitchell,4,Denver,operations,Ran agile ceremonies for cross-functional product squad.
951,Corey Tucker,1,Seattle,sales,Reduced cloud spend by redesigning batch compute workloads.
952,Matthew Steele,9,Austin,sales,Improved fulfillment SLA reporting with automated dashboards.
953,Keith Aguirre,4,Denver,sales,Scaled self-serve onboarding funnel for SMB customers.
954,Caroline Edwards,1,Atlanta,engineering,"Drove product launch for analytics module used by 8,000 accounts."
955,Michelle Davidson,2,Denver,support,Migrated legacy monolith endpoints to event-driven services.
956,Ian Frazier,4,Atlanta,support,Scaled self-serve onboarding funnel for SMB customers.
957,John Griffin,6,Austin,support,"Implemented Okta and SCIM provisioning for 2,000 employees."
958,Katelyn Rodriguez,17,Austin,product,Reduced cloud spend by redesigning batch compute workloads.
959,Angela Ramirez,12,Atlanta,support,Improved NPS by redesigning incident communications workflow.
960,Stephanie Gonzalez,12,Denver,sales,Closed strategic logistics accounts in manufacturing sector.
961,Lori Luna,12,Atlanta,sales,Scaled self-serve onboarding funnel for SMB customers.
962,Sarah Welch,14,Denver,engineering,Led multi-region ERP rollout across three warehouses.
963,Lauren Hammond,5,Austin,support,Scaled self-serve onboarding funnel for SMB customers.
964,Andrew Green,1,Seattle,product,"Drove product launch for analytics module used by 8,000 accounts."
965,Kimberly Valdez,9,Austin,support,Owned forecasting model for outbound pipeline generation.
966,James Vance,0,Seattle,operations,Built dbt models and Airflow pipelines for finance analytics.
967,Shannon Anderson,3,Austin,sales,Designed interview loops for engineering leveling refresh.
968,Ann Cox,13,Remote,operations,Closed strategic logistics accounts in manufacturing sector.
969,David Maynard,9,Chicago,sales,Launched partner onboarding program across EMEA region.
970,Miss Nicole Taylor,12,Remote,engineering,Built role-based compensation benchmarking dashboards.
971,Keith Knight,9,Austin,operations,Launched partner onboarding program across EMEA region.
972,Brianna Dennis,9,Denver,sales,Built role-based compensation benchmarking dashboards.
973,Amanda Juarez,5,Denver,support,Built role-based compensation benchmarking dashboards.
974,Dennis Young,3,Austin,product,Ran agile ceremonies for cross-functional product squad.
975,Kelly Moody,4,Denver,sales,Reduced cloud spend by redesigning batch compute workloads.
976,Thomas Keith,14,Chicago,engineering,Scaled self-serve onboarding funnel for SMB customers.
977,Matthew Garcia,17,Denver,product,Scaled self-serve onboarding funnel for SMB customers.
978,Madeline Hill,1,Denver,sales,Ran agile ceremonies for cross-functional product squad.
979,Lauren Hudson,9,Chicago,sales,Ran agile ceremonies for cross-functional product squad.
980,James Matthews,8,Seattle,product,"Drove product launch for analytics module used by 8,000 accounts."
981,Angela King,10,Atlanta,product,Improved NPS by redesigning incident communications workflow.
982,Courtney Sullivan,4,Remote,analytics,Designed interview loops for engineering leveling refresh.
983,Haley Sparks,0,Seattle,engineering,Scaled self-serve onboarding funnel for SMB customers.
984,Adriana Macias,3,Chicago,support,Automated revenue recognition data quality checks.
985,David Robertson,3,Chicago,support,Built dbt models and Airflow pipelines for finance analytics.
986,Chris Moore,0,Remote,operations,Managed enterprise renewals exceeding $4M ARR.
987,Ruth Guerrero,6,Chicago,analytics,Introduced warehouse slotting optimization process.
988,Gary Wilson,12,Austin,analytics,Scaled self-serve onboarding funnel for SMB customers.
989,Karen Garza,17,Atlanta,analytics,Reduced cloud spend by redesigning batch compute workloads.
990,Jennifer Sanchez,11,Remote,analytics,Maintained SOC 2 evidence collection process.
991,Kevin Taylor,3,Chicago,product,Closed strategic logistics accounts in manufacturing sector.
992,Stephanie Thomas,6,Atlanta,engineering,Scaled self-serve onboarding funnel for SMB customers.
993,Thomas Black,5,Denver,engineering,Improved fulfillment SLA reporting with automated dashboards.
994,Wayne Walsh,3,Denver,engineering,Built role-based compensation benchmarking dashboards.
995,Monica Nicholson,17,Denver,engineering,Built role-based compensation benchmarking dashboards.
996,Claire Obrien,11,Austin,operations,Negotiated software procurement and vendor savings initiatives.
997,John Robinson,8,Denver,engineering,Built churn propensity model for customer success team.
998,Charles Aguilar,7,Chicago,sales,Designed interview loops for engineering leveling refresh.
999,Lisa Dixon,5,Seattle,analytics,Maintained SOC 2 evidence collection process.
1000,Michael Nielsen,7,Chicago,product,Negotiated software procurement and vendor savings initiatives.
1001,Andrea Gray,11,Remote,support,Managed enterprise renewals exceeding $4M ARR.
1002,Alan Mills,16,Austin,sales,Shipped experimentation framework for signup conversion.
1003,Melinda Serrano,8,Denver,engineering,Closed strategic logistics accounts in manufacturing sector.
1004,Cassandra Valenzuela,3,Chicago,support,Managed enterprise renewals exceeding $4M ARR.
1005,Sherry Schmidt,17,Denver,support,Ran agile ceremonies for cross-functional product squad.
1006,Anna Hopkins,5,Seattle,product,Led multi-region ERP rollout across three warehouses.
1007,Kimberly Smith,1,Remote,operations,Led multi-region ERP rollout across three warehouses.
1008,Meghan Reynolds,9,Seattle,engineering,Reduced cloud spend by redesigning batch compute workloads.
1009,Shaun Wolfe,14,Atlanta,product,Built churn propensity model for customer success team.
1010,Todd Olson,4,Atlanta,sales,Designed interview loops for engineering leveling refresh.
1011,Hayley Ballard,5,Remote,operations,Improved fulfillment SLA reporting with automated dashboards.
1012,Sara Johnston,5,Remote,operations,Automated revenue recognition data quality checks.
1013,David Cannon,14,Seattle,product,Introduced warehouse slotting optimization process.
1014,Angela George,17,Austin,operations,Built dbt models and Airflow pipelines for finance analytics.
1015,Deanna Smith,15,Chicago,analytics,Expanded support knowledge base and deflected repetitive tickets.
1016,Adrienne Mills,4,Chicago,analytics,"Drove product launch for analytics module used by 8,000 accounts."
1017,Jaime Harris,15,Chicago,product,Launched partner onboarding program across EMEA region.
1018,Jennifer Rodriguez,5,Remote,product,Reduced cloud spend by redesigning batch compute workloads.
1019,Kevin Green,15,Austin,analytics,Maintained SOC 2 evidence collection process.
1020,Krystal Carr,17,Remote,engineering,Owned forecasting model for outbound pipeline generation.
1021,Jennifer Harris DDS,12,Seattle,operations,Improved fulfillment SLA reporting with automated dashboards.
1022,Cassandra Hansen,17,Atlanta,analytics,Scaled self-serve onboarding funnel for SMB customers.
1023,Dr. Kenneth Schroeder,2,Chicago,support,Expanded support knowledge base and deflected repetitive tickets.
1024,Charles Shields,11,Chicago,support,Improved NPS by redesigning incident communications workflow.
1025,David Logan,0,Seattle,operations,Closed strategic logistics accounts in manufacturing sector.
1026,Ariel Romero,11,Seattle,support,Closed strategic logistics accounts in manufacturing sector.
1027,Rebecca Mendez,6,Atlanta,sales,Scaled self-serve onboarding funnel for SMB customers.
1028,Amy Price,17,Atlanta,analytics,Managed high-volume healthcare recruiting for clinical roles.
1029,Regina Morrow,8,Seattle,operations,Ran agile ceremonies for cross-functional product squad.
1030,Kyle Davis,13,Seattle,support,Owned forecasting model for outbound pipeline generation.
1031,Jacob Lynch,5,Seattle,product,Scaled self-serve onboarding funnel for SMB customers.
1032,Tara Morales,1,Chicago,support,Ran agile ceremonies for cross-functional product squad.
1033,Donna Stuart,13,Austin,support,Led multi-region ERP rollout across three warehouses.
1034,Raymond Thompson,3,Denver,support,Launched partner onboarding program across EMEA region.
1035,Adam Jefferson DVM,13,Denver,sales,Ran agile ceremonies for cross-functional product squad.
1036,Chloe Bowers,8,Denver,sales,Improved NPS by redesigning incident communications workflow.
1037,Melissa Gilbert,17,Atlanta,product,Led multi-region ERP rollout across three warehouses.
1038,Heather Pena,6,Remote,analytics,Shipped experimentation framework for signup conversion.
1039,Angie Hill,7,Seattle,operations,Built dbt models and Airflow pipelines for finance analytics.
1040,Michael Sullivan,13,Seattle,analytics,Ran agile ceremonies for cross-functional product squad.
1041,Adrian Padilla,14,Seattle,engineering,Led multi-region ERP rollout across three warehouses.
1042,Krista Barber,2,Denver,engineering,Introduced warehouse slotting optimization process.
1043,Lauren Bailey,13,Atlanta,engineering,Shipped experimentation framework for signup conversion.
1044,Courtney Mccarty,8,Denver,analytics,Owned forecasting model for outbound pipeline generation.
1045,Jared Smith,17,Seattle,engineering,Scaled self-serve onboarding funnel for SMB customers.
1046,Jonathan Hansen,11,Remote,engineering,Built dbt models and Airflow pipelines for finance analytics.
1047,Gina Wilson,13,Denver,support,Reduced cloud spend by redesigning batch compute workloads.
1048,Deanna Medina,6,Seattle,support,Reduced cloud spend by redesigning batch compute workloads.
1049,Danielle Ramos,5,Austin,sales,Improved fulfillment SLA reporting with automated dashboards.
1050,John Sanchez,14,Denver,support,Designed interview loops for engineering leveling refresh.
1051,Reginald Maldonado,0,Remote,engineering,Reduced cloud spend by redesigning batch compute workloads.
1052,Shannon Olson,10,Seattle,operations,Closed strategic logistics accounts in manufacturing sector.
1053,James Kramer,17,Atlanta,operations,Owned forecasting model for outbound pipeline generation.
1054,Michael Mcbride,17,Chicago,operations,"Drove product launch for analytics module used by 8,000 accounts."
1055,Harry Nichols,12,Seattle,product,Shipped experimentation framework for signup conversion.
1056,Deborah Mitchell,8,Remote,engineering,Maintained SOC 2 evidence collection process.
1057,Paul Peterson,14,Denver,analytics,Maintained SOC 2 evidence collection process.
1058,Cassandra Edwards,0,Seattle,sales,Managed high-volume healthcare recruiting for clinical roles.
1059,Kenneth White,14,Atlanta,operations,Shipped experimentation framework for signup conversion.
1060,Tara Lee,3,Denver,sales,Reduced cloud spend by redesigning batch compute workloads.
1061,Cynthia Allen,13,Chicago,support,Improved NPS by redesigning incident communications workflow.
1062,Daryl Conley,6,Atlanta,engineering,Maintained SOC 2 evidence collection process.
1063,Heather Maxwell,13,Denver,engineering,"Drove product launch for analytics module used by 8,000 accounts."
1064,Blake Sosa,10,Atlanta,sales,Closed strategic logistics accounts in manufacturing sector.
1065,Aaron Vincent DVM,16,Austin,product,"Implemented Okta and SCIM provisioning for 2,000 employees."
1066,Jacqueline Stewart,14,Denver,engineering,Managed high-volume healthcare recruiting for clinical roles.
1067,Sierra Andrews,16,Seattle,sales,Built churn propensity model for customer success team.
1068,Clayton Duran,2,Remote,operations,Automated revenue recognition data quality checks.
1069,Jennifer Christensen,6,Chicago,engineering,Reduced cloud spend by redesigning batch compute workloads.
1070,Joseph Henderson,7,Atlanta,analytics,Improved NPS by redesigning incident communications workflow.
1071,Amanda Reed,0,Chicago,operations,Automated revenue recognition data quality checks.
1072,Patty Bryant,0,Seattle,analytics,Ran agile ceremonies for cross-functional product squad.
1073,Joseph Stewart,0,Denver,engineering,Led multi-region ERP rollout across three warehouses.
1074,Michael Gray,13,Seattle,sales,Built churn propensity model for customer success team.
1075,Isaiah Hensley,8,Denver,sales,Improved NPS by redesigning incident communications workflow.
1076,Dennis Adams,13,Chicago,support,Designed interview loops for engineering leveling refresh.
1077,Grace White,15,Atlanta,support,"Drove product launch for analytics module used by 8,000 accounts."
1078,Jason Goodwin,0,Atlanta,engineering,Migrated legacy monolith endpoints to event-driven services.
1079,James Hayes,15,Seattle,operations,Introduced warehouse slotting optimization process.
1080,Veronica Parks,4,Seattle,support,Designed interview loops for engineering leveling refresh.
1081,Michelle Brock,7,Seattle,engineering,Built role-based compensation benchmarking dashboards.
1082,Selena Gonzalez,17,Remote,engineering,Designed interview loops for engineering leveling refresh.
1083,Nancy Kennedy,5,Denver,analytics,Improved fulfillment SLA reporting with automated dashboards.
1084,Javier Taylor,16,Atlanta,analytics,Led multi-region ERP rollout across three warehouses.
1085,Lydia Ferguson,9,Denver,support,Built dbt models and Airflow pipelines for finance analytics.
1086,John King,0,Atlanta,operations,Built churn propensity model for customer success team.
1087,Amber Garcia,14,Austin,product,Improved fulfillment SLA reporting with automated dashboards.
1088,Daniel King,0,Remote,engineering,Built dbt models and Airflow pipelines for finance analytics.
1089,Anne Garner,11,Atlanta,engineering,Reduced cloud spend by redesigning batch compute workloads.
1090,Isaac Grant,8,Atlanta,analytics,Improved fulfillment SLA reporting with automated dashboards.
1091,Hailey Jenkins,2,Remote,product,Built churn propensity model for customer success team.
1092,Michael Jacobs,9,Denver,engineering,Scaled self-serve onboarding funnel for SMB customers.
1093,Marie Ryan,6,Denver,support,Built role-based compensation benchmarking dashboards.
1094,Dominique Nguyen,1,Atlanta,product,Shipped experimentation framework for signup conversion.
1095,Patricia Griffin,9,Remote,analytics,Ran agile ceremonies for cross-functional product squad.
1096,Louis Ford,0,Chicago,support,"Implemented Okta and SCIM provisioning for 2,000 employees."
1097,Sheena Davidson,9,Austin,sales,Improved NPS by redesigning incident communications workflow.
1098,Jennifer Salazar,4,Austin,support,Led multi-region ERP rollout across three warehouses.
1099,Terry Miller,14,Seattle,operations,Improved NPS by redesigning incident communications workflow.
1100,Erik Delgado,17,Austin,sales,Expanded support knowledge base and deflected repetitive tickets.
1101,Lisa Foster,16,Seattle,sales,Owned forecasting model for outbound pipeline generation.
1102,Priscilla Mcmillan,16,Remote,product,Introduced warehouse slotting optimization process.
1103,Kelly Cole,1,Seattle,support,Negotiated software procurement and vendor savings initiatives.
1104,Scott Martinez,9,Chicago,support,"Implemented Okta and SCIM provisioning for 2,000 employees."
1105,David Manning,4,Atlanta,support,Built churn propensity model for customer success team.
1106,Christine Sanders,1,Denver,sales,"Drove product launch for analytics module used by 8,000 accounts."
1107,Timothy Kennedy,7,Austin,sales,Managed enterprise renewals exceeding $4M ARR.
1108,Randy Warren,7,Chicago,analytics,Launched partner onboarding program across EMEA region.
1109,Ashley Montgomery MD,5,Seattle,sales,Negotiated software procurement and vendor savings initiatives.
1110,Jean Perez,2,Atlanta,analytics,Migrated legacy monolith endpoints to event-driven services.
1111,Jessica Martinez,7,Denver,product,Built churn propensity model for customer success team.
1112,Carolyn Johnson,2,Seattle,support,Built churn propensity model for customer success team.
1113,Thomas Lin,0,Atlanta,operations,Managed enterprise renewals exceeding $4M ARR.
1114,Seth Donovan,8,Remote,product,"Implemented Okta and SCIM provisioning for 2,000 employees."
1115,Brandy Fry,1,Austin,analytics,Improved NPS by redesigning incident communications workflow.
1116,Leslie Bryant,17,Chicago,operations,Closed strategic logistics accounts in manufacturing sector.
1117,Sherry Graham,15,Chicago,product,Improved fulfillment SLA reporting with automated dashboards.
1118,Kimberly Stout,16,Denver,operations,Led multi-region ERP rollout across three warehouses.
1119,Mr. Brandon Parker,1,Remote,sales,"Implemented Okta and SCIM provisioning for 2,000 employees."
1120,Christopher Smith,8,Denver,engineering,Built churn propensity model for customer success team.
1121,Olivia Taylor,14,Chicago,analytics,Owned forecasting model for outbound pipeline generation.
1122,Joseph Watts,10,Austin,analytics,Improved NPS by redesigning incident communications workflow.
1123,Pedro Evans DDS,5,Denver,support,Migrated legacy monolith endpoints to event-driven services.
1124,Linda Robles,14,Chicago,engineering,Managed enterprise renewals exceeding $4M ARR.
1125,Chelsea Khan,5,Chicago,sales,"Drove product launch for analytics module used by 8,000 accounts."
1126,David Espinoza,17,Austin,engineering,Led multi-region ERP rollout across three warehouses.
1127,Sandra Walker,1,Atlanta,sales,Led multi-region ERP rollout across three warehouses.
1128,Mario Black,12,Seattle,product,Maintained SOC 2 evidence collection process.
1129,Lisa Benson,0,Seattle,product,Managed high-volume healthcare recruiting for clinical roles.
1130,Matthew Patel,16,Austin,operations,Shipped experimentation framework for signup conversion.
1131,Cole Jones,6,Remote,engineering,Improved fulfillment SLA reporting with automated dashboards.
1132,Brian Gibson,0,Atlanta,product,"Drove product launch for analytics module used by 8,000 accounts."
1133,Michael Vasquez,15,Atlanta,engineering,Built churn propensity model for customer success team.
1134,Christian Booker,17,Remote,engineering,Owned forecasting model for outbound pipeline generation.
1135,William Campbell,16,Chicago,operations,Introduced warehouse slotting optimization process.
1136,Jeffrey Smith,8,Atlanta,product,Built dbt models and Airflow pipelines for finance analytics.
1137,Adrian Robinson,1,Austin,support,Scaled self-serve onboarding funnel for SMB customers.
1138,Richard Jimenez,4,Denver,operations,Ran agile ceremonies for cross-functional product squad.
1139,Michael Johnson,0,Chicago,operations,Improved fulfillment SLA reporting with automated dashboards.
1140,Paul Thomas,0,Chicago,engineering,Built dbt models and Airflow pipelines for finance analytics.
1141,James Daniels,2,Atlanta,sales,Owned forecasting model for outbound pipeline generation.
1142,Steven Wright,10,Austin,support,Designed interview loops for engineering leveling refresh.
1143,Adam Villegas,13,Remote,operations,Introduced warehouse slotting optimization process.
1144,Janice Proctor,10,Chicago,product,Maintained SOC 2 evidence collection process.
1145,Zachary Gonzalez,3,Austin,operations,Expanded support knowledge base and deflected repetitive tickets.
1146,Anna Wade,10,Denver,product,"Drove product launch for analytics module used by 8,000 accounts."
1147,James Ali,4,Denver,support,Improved fulfillment SLA reporting with automated dashboards.
1148,Caitlin Chandler,8,Atlanta,analytics,Built dbt models and Airflow pipelines for finance analytics.
1149,Krista Martinez,16,Seattle,product,Managed enterprise renewals exceeding $4M ARR.
1150,Mr. Isaac Williams,2,Atlanta,product,Led multi-region ERP rollout across three warehouses.
1151,Valerie Young,15,Atlanta,sales,Led multi-region ERP rollout across three warehouses.
1152,Adrian Bauer,4,Seattle,sales,Designed interview loops for engineering leveling refresh.
1153,Jennifer Sanchez,12,Atlanta,support,Closed strategic logistics accounts in manufacturing sector.
1154,Lauren Vazquez,4,Austin,engineering,Expanded support knowledge base and deflected repetitive tickets.
1155,Brittney Townsend,2,Denver,support,"Drove product launch for analytics module used by 8,000 accounts."
1156,Jonathan Parks,8,Seattle,operations,Owned forecasting model for outbound pipeline generation.
1157,Wayne Malone,6,Chicago,support,Launched partner onboarding program across EMEA region.
1158,Henry Moore,9,Remote,engineering,Automated revenue recognition data quality checks.
1159,Ashley Freeman,4,Denver,analytics,Launched partner onboarding program across EMEA region.
1160,Justin Newman,17,Chicago,analytics,"Implemented Okta and SCIM provisioning for 2,000 employees."
1161,Steven Quinn,12,Denver,engineering,Scaled self-serve onboarding funnel for SMB customers.
1162,James Ramsey,15,Atlanta,analytics,Migrated legacy monolith endpoints to event-driven services.
1163,Andrew Mann,14,Seattle,analytics,Designed interview loops for engineering leveling refresh.
1164,Kimberly Henry,13,Chicago,operations,Owned forecasting model for outbound pipeline generation.
1165,Kimberly Morris,2,Chicago,analytics,Built role-based compensation benchmarking dashboards.
1166,Sean George,10,Austin,sales,Managed enterprise renewals exceeding $4M ARR.
1167,Caitlyn Schmidt,16,Denver,analytics,Owned forecasting model for outbound pipeline generation.
1168,Robert Weaver,1,Remote,sales,Improved NPS by redesigning incident communications workflow.
1169,Ricardo Hunter,8,Remote,sales,Built churn propensity model for customer success team.
1170,Sonya Harvey,3,Atlanta,engineering,Improved fulfillment SLA reporting with automated dashboards.
1171,Manuel Flores,14,Atlanta,engineering,Built churn propensity model for customer success team.
1172,Walter Fuentes,16,Atlanta,engineering,Designed interview loops for engineering leveling refresh.
1173,Michael Cannon,0,Chicago,sales,Owned forecasting model for outbound pipeline generation.
1174,Douglas Ortiz,14,Denver,support,Launched partner onboarding program across EMEA region.
1175,Brent Hopkins,6,Remote,sales,Maintained SOC 2 evidence collection process.
1176,Todd White,17,Atlanta,operations,Scaled self-serve onboarding funnel for SMB customers.
1177,Brian Lee,0,Chicago,sales,Led multi-region ERP rollout across three warehouses.
1178,Martin Price,3,Austin,operations,Shipped experimentation framework for signup conversion.
1179,Marcus Garza Jr.,12,Seattle,sales,Improved fulfillment SLA reporting with automated dashboards.
1180,Mitchell Smith,14,Remote,sales,Built dbt models and Airflow pipelines for finance analytics.
1181,Mary Hebert,1,Austin,engineering,Closed strategic logistics accounts in manufacturing sector.
1182,Julie Fowler,2,Denver,analytics,"Drove product launch for analytics module used by 8,000 accounts."
1183,Patrick Zamora,6,Remote,sales,Negotiated software procurement and vendor savings initiatives.
1184,Rebecca Brown,0,Chicago,analytics,Built role-based compensation benchmarking dashboards.
1185,Kendra Navarro,14,Chicago,product,Led multi-region ERP rollout across three warehouses.
1186,Angela Lewis,12,Denver,operations,"Implemented Okta and SCIM provisioning for 2,000 employees."
1187,Ashley Hall,13,Denver,analytics,Closed strategic logistics accounts in manufacturing sector.
1188,Corey Sandoval,8,Denver,support,Reduced cloud spend by redesigning batch compute workloads.
1189,Theresa Hansen,11,Remote,operations,Led multi-region ERP rollout across three warehouses.
1190,Nichole Miranda,10,Remote,engineering,Introduced warehouse slotting optimization process.
1191,Megan Park,12,Atlanta,support,Closed strategic logistics accounts in manufacturing sector.
1192,Brian Sparks,8,Austin,analytics,Built role-based compensation benchmarking dashboards.
1193,Kathy Sandoval,11,Chicago,operations,Managed high-volume healthcare recruiting for clinical roles.
1194,Lindsay Mahoney,11,Chicago,operations,Maintained SOC 2 evidence collection process.
1195,Krista Shea,11,Austin,engineering,Designed interview loops for engineering leveling refresh.
1196,Jennifer Schultz,15,Denver,analytics,Launched partner onboarding program across EMEA region.
1197,Erica Allen,6,Austin,analytics,Built role-based compensation benchmarking dashboards.
1198,Jaime Pierce,15,Atlanta,analytics,Expanded support knowledge base and deflected repetitive tickets.
1199,Heather Chavez,0,Chicago,sales,Launched partner onboarding program across EMEA region.
1200,April Johnson,8,Seattle,engineering,Expanded support knowledge base and deflected repetitive tickets.
1201,Alan Taylor,7,Atlanta,analytics,"Implemented Okta and SCIM provisioning for 2,000 employees."
1202,Abigail Joyce,15,Remote,analytics,Expanded support knowledge base and deflected repetitive tickets.
1203,Ethan Ingram,0,Denver,sales,Built role-based compensation benchmarking dashboards.
1204,Samantha Ellison,3,Austin,engineering,Built role-based compensation benchmarking dashboards.
1205,Laura Duncan,8,Remote,operations,Owned forecasting model for outbound pipeline generation.
1206,Joe Moore,14,Chicago,engineering,Designed interview loops for engineering leveling refresh.
1207,Steve Wright,8,Seattle,sales,Launched partner onboarding program across EMEA region.
1208,Eric Duncan,11,Seattle,analytics,Scaled self-serve onboarding funnel for SMB customers.
1209,Claudia Jones,3,Remote,sales,Launched partner onboarding program across EMEA region.
1210,John Freeman,16,Atlanta,operations,Owned forecasting model for outbound pipeline generation.
1211,Michele Weiss,14,Atlanta,support,Ran agile ceremonies for cross-functional product squad.
1212,Martin Johnson,0,Denver,sales,Closed strategic logistics accounts in manufacturing sector.
1213,Jane Deleon,12,Denver,sales,Managed high-volume healthcare recruiting for clinical roles.
1214,Felicia Hobbs,2,Seattle,sales,Scaled self-serve onboarding funnel for SMB customers.
1215,Timothy Martinez,10,Atlanta,operations,Launched partner onboarding program across EMEA region.
1216,Nicole Atkinson,12,Austin,analytics,Built churn propensity model for customer success team.
1217,Madison Chen,16,Denver,engineering,Automated revenue recognition data quality checks.
1218,Joseph Flores,1,Remote,operations,Led multi-region ERP rollout across three warehouses.
1219,Erin Wolfe,5,Chicago,support,Designed interview loops for engineering leveling refresh.
1220,Michael Osborn,12,Denver,product,Maintained SOC 2 evidence collection process.
1221,Nicole Johnston,4,Remote,analytics,Shipped experimentation framework for signup conversion.
1222,Jeffrey Hartman,12,Chicago,analytics,Reduced cloud spend by redesigning batch compute workloads.
1223,George Alvarez,3,Seattle,support,Owned forecasting model for outbound pipeline generation.
1224,Kimberly Baker,2,Seattle,support,Launched partner onboarding program across EMEA region.
1225,Jeffrey Wolfe,9,Chicago,analytics,Improved fulfillment SLA reporting with automated dashboards.
1226,Karen Gonzalez,12,Remote,analytics,Shipped experimentation framework for signup conversion.
1227,Kenneth Hoffman,3,Denver,product,Automated revenue recognition data quality checks.
1228,Kelly Allen MD,15,Chicago,support,Negotiated software procurement and vendor savings initiatives.
1229,Michael Johnston,15,Chicago,sales,"Implemented Okta and SCIM provisioning for 2,000 employees."
1230,Jason Diaz,1,Chicago,operations,Built dbt models and Airflow pipelines for finance analytics.
1231,Gregory Rios,5,Atlanta,support,Expanded support knowledge base and deflected repetitive tickets.
1232,Caroline Bailey,10,Chicago,analytics,Owned forecasting model for outbound pipeline generation.
1233,Rebekah Hanson,8,Denver,operations,Reduced cloud spend by redesigning batch compute workloads.
1234,Thomas Hall,4,Seattle,analytics,Owned forecasting model for outbound pipeline generation.
1235,Brittney Chandler,9,Remote,operations,Designed interview loops for engineering leveling refresh.
1236,Patrick Sanchez,17,Seattle,support,Shipped experimentation framework for signup conversion.
1237,Brittany Wall,5,Atlanta,support,Launched partner onboarding program across EMEA region.
1238,Greg Brock,3,Seattle,product,Scaled self-serve onboarding funnel for SMB customers.
1239,John Rivera,13,Denver,product,Shipped experimentation framework for signup conversion.
1240,Christy Payne,10,Chicago,support,Designed interview loops for engineering leveling refresh.
1241,Kimberly Dean,12,Seattle,support,Launched partner onboarding program across EMEA region.
1242,Melissa Barnett MD,11,Austin,support,Reduced cloud spend by redesigning batch compute workloads.
1243,Kelsey Scott,13,Remote,sales,Built dbt models and Airflow pipelines for finance analytics.
1244,Curtis Horton,13,Denver,product,Designed interview loops for engineering leveling refresh.
1245,John Landry,10,Seattle,analytics,Reduced cloud spend by redesigning batch compute workloads.
1246,Matthew Alvarado,8,Austin,product,Led multi-region ERP rollout across three warehouses.
1247,Heather Rodriguez,8,Denver,sales,Maintained SOC 2 evidence collection process.
1248,Stephen Hughes,4,Denver,sales,Ran agile ceremonies for cross-functional product squad.
1249,Katie Mckinney,8,Denver,analytics,Shipped experimentation framework for signup conversion.
1250,Kari Harper,10,Atlanta,analytics,Improved fulfillment SLA reporting with automated dashboards.
1251,Cristian Rasmussen,12,Atlanta,operations,Automated revenue recognition data quality checks.
1252,Michelle Williams,13,Remote,sales,Built churn propensity model for customer success team.
1253,Elizabeth Burns,6,Seattle,sales,Closed strategic logistics accounts in manufacturing sector.
1254,Alicia Sutton,13,Chicago,support,Expanded support knowledge base and deflected repetitive tickets.
1255,Eric Ferrell,7,Remote,engineering,Managed high-volume healthcare recruiting for clinical roles.
1256,Desiree Brown,6,Denver,engineering,Owned forecasting model for outbound pipeline generation.
1257,James Cooke,2,Denver,product,Introduced warehouse slotting optimization process.
1258,Terry Avery MD,4,Austin,product,Automated revenue recognition data quality checks.
1259,James Taylor,12,Seattle,engineering,Designed interview loops for engineering leveling refresh.
1260,Kelly Gregory,3,Remote,engineering,"Drove product launch for analytics module used by 8,000 accounts."
1261,Melissa Butler,1,Chicago,sales,Scaled self-serve onboarding funnel for SMB customers.
1262,Jessica Edwards,4,Remote,analytics,Migrated legacy monolith endpoints to event-driven services.
1263,Joann Anderson,17,Austin,sales,Led multi-region ERP rollout across three warehouses.
1264,Lauren Sutton,2,Remote,product,Introduced warehouse slotting optimization process.
1265,Charles Barker,2,Chicago,operations,Closed strategic logistics accounts in manufacturing sector.
1266,Susan Jordan,7,Denver,analytics,Introduced warehouse slotting optimization process.
1267,Patricia Douglas,6,Austin,sales,Built churn propensity model for customer success team.
1268,Brooke Jones,16,Remote,sales,Owned forecasting model for outbound pipeline generation.
1269,Michelle White,4,Atlanta,support,Improved fulfillment SLA reporting with automated dashboards.
1270,Brianna Johnson,7,Remote,analytics,Ran agile ceremonies for cross-functional product squad.
1271,William Ali,5,Denver,sales,Shipped experimentation framework for signup conversion.
1272,Patrick Underwood,4,Austin,operations,Managed enterprise renewals exceeding $4M ARR.
1273,Nancy Hernandez,5,Seattle,sales,"Implemented Okta and SCIM provisioning for 2,000 employees."
1274,Carlos Johnson,4,Austin,operations,Reduced cloud spend by redesigning batch compute workloads.
1275,Miss Lisa Salazar,12,Atlanta,sales,Launched partner onboarding program across EMEA region.
1276,Crystal Johnson,14,Austin,product,Scaled self-serve onboarding funnel for SMB customers.
1277,Richard Anderson,3,Chicago,sales,Maintained SOC 2 evidence collection process.
1278,Julie Banks,8,Atlanta,operations,Led multi-region ERP rollout across three warehouses.
1279,James Wells,4,Seattle,analytics,Ran agile ceremonies for cross-functional product squad.
1280,Darrell Ortiz,15,Austin,engineering,Led multi-region ERP rollout across three warehouses.
1281,Tammy Clements,1,Chicago,sales,Ran agile ceremonies for cross-functional product squad.
1282,Michael Harris,7,Remote,product,Negotiated software procurement and vendor savings initiatives.
1283,Christopher Blevins,5,Austin,support,Expanded support knowledge base and deflected repetitive tickets.
1284,Luis Watts,6,Chicago,sales,Built role-based compensation benchmarking dashboards.
1285,Stacy Patterson,16,Remote,operations,Designed interview loops for engineering leveling refresh.
1286,Lisa Holloway,9,Atlanta,product,Automated revenue recognition data quality checks.
1287,Jennifer Crosby,6,Austin,sales,Closed strategic logistics accounts in manufacturing sector.
1288,Kimberly Davidson,14,Remote,sales,Led multi-region ERP rollout across three warehouses.
1289,Amanda Rodriguez,13,Denver,sales,Ran agile ceremonies for cross-functional product squad.
1290,Shawn Rich,2,Seattle,analytics,Launched partner onboarding program across EMEA region.
1291,Joshua Terrell,8,Atlanta,analytics,Designed interview loops for engineering leveling refresh.
1292,James Hubbard,7,Denver,analytics,Improved fulfillment SLA reporting with automated dashboards.
1293,Cheryl Gonzales,8,Denver,operations,Launched partner onboarding program across EMEA region.
1294,Patricia Mitchell,6,Atlanta,sales,Built role-based compensation benchmarking dashboards.
1295,Edward Ellison,14,Denver,analytics,Managed enterprise renewals exceeding $4M ARR.
1296,Stephanie Ford,17,Chicago,support,Negotiated software procurement and vendor savings initiatives.
1297,Ann Mason,0,Seattle,support,Migrated legacy monolith endpoints to event-driven services.
1298,Kevin Shannon,15,Seattle,support,Maintained SOC 2 evidence collection process.
1299,Jenna Morris,15,Atlanta,engineering,Managed enterprise renewals exceeding $4M ARR.
1300,Jesse Mosley,6,Seattle,operations,Built dbt models and Airflow pipelines for finance analytics.
1301,Sonya Davis,8,Atlanta,operations,Automated revenue recognition data quality checks.
1302,Matthew Dawson,1,Remote,product,Owned forecasting model for outbound pipeline generation.
1303,Nicholas Davis,6,Remote,operations,Managed high-volume healthcare recruiting for clinical roles.
1304,Madison Miller,4,Remote,sales,Closed strategic logistics accounts in manufacturing sector.
1305,Monica Hester,16,Austin,sales,Improved fulfillment SLA reporting with automated dashboards.
1306,Caitlin Pierce,1,Austin,sales,Reduced cloud spend by redesigning batch compute workloads.
1307,Christopher Rogers,6,Denver,operations,Reduced cloud spend by redesigning batch compute workloads.
1308,Shari Martin,8,Seattle,sales,Reduced cloud spend by redesigning batch compute workloads.
1309,Randy Williams,17,Chicago,analytics,Launched partner onboarding program across EMEA region.
1310,Nicholas Woodward,14,Austin,sales,Managed enterprise renewals exceeding $4M ARR.
1311,Christopher Roach,16,Austin,analytics,Shipped experimentation framework for signup conversion.
1312,April Cannon,5,Atlanta,analytics,Improved NPS by redesigning incident communications workflow.
1313,Jonathan Jimenez,4,Remote,support,Led multi-region ERP rollout across three warehouses.
1314,Lisa Snyder,10,Denver,product,Migrated legacy monolith endpoints to event-driven services.
1315,Matthew Chavez,6,Seattle,engineering,"Implemented Okta and SCIM provisioning for 2,000 employees."
1316,Kyle Smith,0,Austin,engineering,Managed enterprise renewals exceeding $4M ARR.
1317,Diana Fuller,14,Chicago,operations,Launched partner onboarding program across EMEA region.
1318,Christine Lopez,1,Seattle,analytics,Improved fulfillment SLA reporting with automated dashboards.
1319,Gregory Thomas,3,Denver,support,Migrated legacy monolith endpoints to event-driven services.
1320,Kenneth Morrison,16,Austin,sales,Owned forecasting model for outbound pipeline generation.
1321,Brandon Rodriguez,13,Chicago,operations,"Drove product launch for analytics module used by 8,000 accounts."
1322,Candace Mitchell DDS,11,Seattle,analytics,Launched partner onboarding program across EMEA region.
1323,Laura Hart,2,Seattle,analytics,Automated revenue recognition data quality checks.
1324,Nicole Ward,4,Seattle,analytics,Led multi-region ERP rollout across three warehouses.
1325,Randy Morris,3,Denver,analytics,Ran agile ceremonies for cross-functional product squad.
1326,Samantha Chang,11,Remote,engineering,Closed strategic logistics accounts in manufacturing sector.
1327,Ana Ruiz,9,Remote,operations,Owned forecasting model for outbound pipeline generation.
1328,Scott Murphy,6,Denver,analytics,Built dbt models and Airflow pipelines for finance analytics.
1329,Daniel Clark,13,Chicago,engineering,Introduced warehouse slotting optimization process.
1330,Kenneth Krause,14,Remote,product,Launched partner onboarding program across EMEA region.
1331,Anita Ramsey,13,Denver,analytics,Led multi-region ERP rollout across three warehouses.
1332,Rachel Mann,1,Denver,support,Owned forecasting model for outbound pipeline generation.
1333,Ryan Green,10,Remote,analytics,Negotiated software procurement and vendor savings initiatives.
1334,Lisa Ho,3,Chicago,product,Built dbt models and Airflow pipelines for finance analytics.
1335,Kathleen Daniel,4,Remote,engineering,Expanded support knowledge base and deflected repetitive tickets.
1336,Dr. Stephen Hall IV,17,Austin,product,Improved fulfillment SLA reporting with automated dashboards.
1337,Bruce Marshall,7,Chicago,sales,Built churn propensity model for customer success team.
1338,Nancy Clark,14,Denver,product,Maintained SOC 2 evidence collection process.
1339,Jennifer Williams,4,Denver,engineering,Built role-based compensation benchmarking dashboards.
1340,Robert Lewis,17,Chicago,sales,Closed strategic logistics accounts in manufacturing sector.
1341,Melissa King,4,Remote,analytics,Improved fulfillment SLA reporting with automated dashboards.
1342,Eric Pierce,3,Atlanta,analytics,Scaled self-serve onboarding funnel for SMB customers.
1343,Ashley Cook,5,Seattle,engineering,Improved NPS by redesigning incident communications workflow.
1344,Keith Choi,3,Seattle,operations,Migrated legacy monolith endpoints to event-driven services.
1345,Cheyenne Bass,10,Atlanta,product,Maintained SOC 2 evidence collection process.
1346,Karen Wells,2,Atlanta,sales,Built role-based compensation benchmarking dashboards.
1347,Chad Moore,3,Atlanta,product,Expanded support knowledge base and deflected repetitive tickets.
1348,Sean Huang,12,Seattle,support,Built churn propensity model for customer success team.
1349,Robert Reilly,0,Remote,product,Launched partner onboarding program across EMEA region.
1350,Joseph Cunningham,7,Chicago,product,Automated revenue recognition data quality checks.
1351,Kristen Smith,12,Atlanta,sales,"Implemented Okta and SCIM provisioning for 2,000 employees."
1352,Evelyn Hendricks,8,Chicago,product,"Drove product launch for analytics module used by 8,000 accounts."
1353,Andrea Hernandez,0,Chicago,operations,Built dbt models and Airflow pipelines for finance analytics.
1354,Gina Brooks,2,Remote,sales,Reduced cloud spend by redesigning batch compute workloads.
1355,Carol Obrien,17,Denver,product,"Implemented Okta and SCIM provisioning for 2,000 employees."
1356,Bruce Patton,13,Seattle,operations,Shipped experimentation framework for signup conversion.
1357,Scott Mckinney,6,Seattle,support,Ran agile ceremonies for cross-functional product squad.
1358,Brandon Wiley,15,Austin,analytics,Improved NPS by redesigning incident communications workflow.
1359,Ronald Turner,0,Denver,sales,Managed high-volume healthcare recruiting for clinical roles.
1360,Carrie Brooks,0,Chicago,product,Led multi-region ERP rollout across three warehouses.
1361,Dale Davis,15,Chicago,product,Migrated legacy monolith endpoints to event-driven services.
1362,Rebecca Stein,12,Chicago,analytics,Led multi-region ERP rollout across three warehouses.
1363,Gerald Webb,10,Atlanta,analytics,Led multi-region ERP rollout across three warehouses.
1364,Emily Murphy,6,Austin,engineering,Managed enterprise renewals exceeding $4M ARR.
1365,Annette Hendrix,14,Denver,support,Introduced warehouse slotting optimization process.
1366,Wendy Harris,10,Chicago,product,Improved NPS by redesigning incident communications workflow.
1367,James Hancock,7,Remote,product,Managed high-volume healthcare recruiting for clinical roles.
1368,Eric Williams,6,Seattle,analytics,Maintained SOC 2 evidence collection process.
1369,Shelby Cook,6,Denver,product,Built churn propensity model for customer success team.
1370,Ashley Miranda,10,Chicago,support,Shipped experimentation framework for signup conversion.
1371,Alison Blake,11,Seattle,analytics,Managed high-volume healthcare recruiting for clinical roles.
1372,Christine Gonzalez,14,Atlanta,support,"Drove product launch for analytics module used by 8,000 accounts."
1373,Joseph Mejia,7,Atlanta,engineering,Scaled self-serve onboarding funnel for SMB customers.
1374,Denise Moore,4,Austin,support,Improved fulfillment SLA reporting with automated dashboards.
1375,Tyler Castro,10,Austin,analytics,Scaled self-serve onboarding funnel for SMB customers.
1376,Joshua Dunn,10,Atlanta,operations,"Implemented Okta and SCIM provisioning for 2,000 employees."
1377,Tony Brock,5,Denver,analytics,Negotiated software procurement and vendor savings initiatives.
1378,Carolyn Collins,1,Seattle,product,Migrated legacy monolith endpoints to event-driven services.
1379,Kimberly Williams,5,Austin,analytics,Closed strategic logistics accounts in manufacturing sector.
1380,Steven Williams,1,Chicago,operations,Managed high-volume healthcare recruiting for clinical roles.
1381,Brandon Myers,1,Seattle,operations,Automated revenue recognition data quality checks.
1382,Stephanie Soto,17,Remote,analytics,Migrated legacy monolith endpoints to event-driven services.
1383,Jill Kelly,14,Seattle,analytics,Shipped experimentation framework for signup conversion.
1384,Craig Chang,0,Austin,sales,Expanded support knowledge base and deflected repetitive tickets.
1385,Angela Livingston,6,Austin,analytics,Migrated legacy monolith endpoints to event-driven services.
1386,Laura Davis,4,Remote,sales,Maintained SOC 2 evidence collection process.
1387,Melissa Davis,17,Denver,product,Closed strategic logistics accounts in manufacturing sector.
1388,Matthew Miranda,7,Denver,analytics,Built role-based compensation benchmarking dashboards.
1389,Travis Thomas,4,Remote,product,Built churn propensity model for customer success team.
1390,Deanna Cox,11,Chicago,operations,Ran agile ceremonies for cross-functional product squad.
1391,Thomas Rivera,8,Chicago,operations,"Implemented Okta and SCIM provisioning for 2,000 employees."
1392,Erika Freeman,3,Seattle,sales,"Implemented Okta and SCIM provisioning for 2,000 employees."
1393,Brian Mendoza,5,Remote,analytics,"Drove product launch for analytics module used by 8,000 accounts."
1394,Diane Bailey,2,Denver,analytics,Expanded support knowledge base and deflected repetitive tickets.
1395,Katie Sullivan,12,Austin,analytics,Shipped experimentation framework for signup conversion.
1396,Ashley Hawkins,17,Austin,product,Managed high-volume healthcare recruiting for clinical roles.
1397,Eric Murray,14,Austin,analytics,Designed interview loops for engineering leveling refresh.
1398,Cynthia Sanchez,6,Denver,support,Introduced warehouse slotting optimization process.
1399,John Jones,8,Atlanta,engineering,"Implemented Okta and SCIM provisioning for 2,000 employees."
1400,Michael Reynolds,1,Denver,operations,Built churn propensity model for customer success team.
1401,Ms. Gloria Benson,6,Chicago,support,Expanded support knowledge base and deflected repetitive tickets.
1402,Michael Stevenson,0,Seattle,operations,Maintained SOC 2 evidence collection process.
1403,Sara Wilson,13,Remote,support,Built dbt models and Airflow pipelines for finance analytics.
1404,Erika Davis,16,Chicago,analytics,Reduced cloud spend by redesigning batch compute workloads.
1405,Eric Sullivan,3,Seattle,operations,Automated revenue recognition data quality checks.
1406,Melissa Carlson,12,Atlanta,analytics,Closed strategic logistics accounts in manufacturing sector.
1407,Erin Newman,10,Seattle,product,Launched partner onboarding program across EMEA region.
1408,Daniel Taylor,7,Austin,support,Improved NPS by redesigning incident communications workflow.
1409,Nicole Pacheco,13,Seattle,product,"Drove product launch for analytics module used by 8,000 accounts."
1410,Mary Chavez,12,Seattle,engineering,Introduced warehouse slotting optimization process.
1411,Luis West,4,Seattle,support,"Implemented Okta and SCIM provisioning for 2,000 employees."
1412,Shawn Evans,14,Remote,product,Improved NPS by redesigning incident communications workflow.
1413,Meghan Sellers,11,Seattle,product,Designed interview loops for engineering leveling refresh.
1414,Michelle Herman,5,Remote,analytics,Reduced cloud spend by redesigning batch compute workloads.
1415,Lauren Carr DDS,13,Seattle,operations,Maintained SOC 2 evidence collection process.
1416,Sarah Brown,11,Denver,analytics,Negotiated software procurement and vendor savings initiatives.
1417,Tracy Smith,2,Remote,product,Shipped experimentation framework for signup conversion.
1418,Veronica Rodriguez,2,Seattle,product,Managed enterprise renewals exceeding $4M ARR.
1419,Andre Reynolds,5,Atlanta,product,Expanded support knowledge base and deflected repetitive tickets.
1420,Lori Joseph,0,Atlanta,product,Migrated legacy monolith endpoints to event-driven services.
1421,Jeffrey Clark,7,Denver,analytics,Built dbt models and Airflow pipelines for finance analytics.
1422,Charles Peters,8,Atlanta,sales,Managed high-volume healthcare recruiting for clinical roles.
1423,Heather Butler,13,Denver,engineering,Improved fulfillment SLA reporting with automated dashboards.
1424,Shane Martinez,3,Austin,product,Owned forecasting model for outbound pipeline generation.
1425,Matthew Thomas,10,Denver,engineering,Closed strategic logistics accounts in manufacturing sector.
1426,Mary Proctor,11,Remote,engineering,Managed high-volume healthcare recruiting for clinical roles.
1427,Chad Shaffer,8,Chicago,operations,Improved NPS by redesigning incident communications workflow.
1428,Stephanie Dominguez,16,Seattle,support,Expanded support knowledge base and deflected repetitive tickets.
1429,Lisa Gibson,5,Denver,support,Led multi-region ERP rollout across three warehouses.
1430,Robert Cruz,7,Chicago,sales,Expanded support knowledge base and deflected repetitive tickets.
1431,Jeff Smith,0,Denver,analytics,Managed enterprise renewals exceeding $4M ARR.
1432,Dr. Michael Adams DVM,7,Remote,product,Led multi-region ERP rollout across three warehouses.
1433,Amanda Johnson,0,Austin,support,Built dbt models and Airflow pipelines for finance analytics.
1434,Mr. Kevin Nixon,17,Seattle,product,Scaled self-serve onboarding funnel for SMB customers.
1435,Nicholas Fox,4,Seattle,support,Reduced cloud spend by redesigning batch compute workloads.
1436,Nicole Ramirez,14,Chicago,engineering,Ran agile ceremonies for cross-functional product squad.
1437,Kelly Bishop,2,Seattle,sales,Launched partner onboarding program across EMEA region.
1438,Mark Alvarado,4,Atlanta,sales,Designed interview loops for engineering leveling refresh.
1439,Melinda Ryan,2,Denver,engineering,Negotiated software procurement and vendor savings initiatives.
1440,Lisa Berger,6,Chicago,product,Introduced warehouse slotting optimization process.
1441,Alexandra Gibson,10,Remote,support,Built dbt models and Airflow pipelines for finance analytics.
1442,Laura Rivera,7,Chicago,product,Led multi-region ERP rollout across three warehouses.
1443,William Phillips,10,Remote,sales,Built churn propensity model for customer success team.
1444,Michael Harper,14,Atlanta,product,Improved fulfillment SLA reporting with automated dashboards.
1445,Richard Green,0,Remote,product,Reduced cloud spend by redesigning batch compute workloads.
1446,Laura Berry,7,Chicago,engineering,"Drove product launch for analytics module used by 8,000 accounts."
1447,Dorothy Mclaughlin,10,Austin,product,Managed high-volume healthcare recruiting for clinical roles.
1448,John Martinez,9,Atlanta,engineering,Built role-based compensation benchmarking dashboards.
1449,Richard King,2,Denver,operations,Scaled self-serve onboarding funnel for SMB customers.
1450,Denise Scott,3,Atlanta,sales,Built dbt models and Airflow pipelines for finance analytics.
1451,Lindsey Kent,6,Denver,analytics,Owned forecasting model for outbound pipeline generation.
1452,Mary Wood,11,Chicago,engineering,Improved NPS by redesigning incident communications workflow.
1453,Richard Young,17,Seattle,product,Owned forecasting model for outbound pipeline generation.
1454,Joseph Johnson,6,Atlanta,operations,Improved fulfillment SLA reporting with automated dashboards.
1455,Dr. Linda Underwood,9,Atlanta,product,Improved NPS by redesigning incident communications workflow.
1456,Nicole Gutierrez,5,Seattle,operations,Closed strategic logistics accounts in manufacturing sector.
1457,Matthew Barber,0,Seattle,analytics,Automated revenue recognition data quality checks.
1458,Kenneth Wilkinson,7,Chicago,support,Automated revenue recognition data quality checks.
1459,Dennis Weiss,6,Seattle,product,Automated revenue recognition data quality checks.
1460,John Alvarez,2,Chicago,operations,Migrated legacy monolith endpoints to event-driven services.
1461,Travis Nielsen,12,Remote,analytics,Built churn propensity model for customer success team.
1462,Michael Price,4,Seattle,sales,Maintained SOC 2 evidence collection process.
1463,Joseph Graham,4,Atlanta,engineering,Reduced cloud spend by redesigning batch compute workloads.
1464,Robert Reyes,7,Chicago,product,"Drove product launch for analytics module used by 8,000 accounts."
1465,Joseph Blanchard,17,Remote,analytics,Improved fulfillment SLA reporting with automated dashboards.
1466,Joseph Gomez,11,Atlanta,operations,Expanded support knowledge base and deflected repetitive tickets.
1467,Lisa Pearson,7,Seattle,support,Led multi-region ERP rollout across three warehouses.
1468,Devin Lang,14,Austin,support,Improved fulfillment SLA reporting with automated dashboards.
1469,Kevin Murray,0,Denver,product,Managed enterprise renewals exceeding $4M ARR.
1470,Dana Powers,6,Chicago,operations,Reduced cloud spend by redesigning batch compute workloads.
1471,Kelly Byrd,9,Seattle,engineering,Improved fulfillment SLA reporting with automated dashboards.
1472,Emily Smith MD,8,Denver,operations,Built churn propensity model for customer success team.
1473,Jason Fox,12,Austin,operations,Built role-based compensation benchmarking dashboards.
1474,Heather Hardy,12,Atlanta,sales,Designed interview loops for engineering leveling refresh.
1475,Andrew Harvey,8,Austin,analytics,Built role-based compensation benchmarking dashboards.
1476,Kristopher Shannon,16,Denver,operations,"Drove product launch for analytics module used by 8,000 accounts."
1477,Kyle Martinez,16,Remote,product,Maintained SOC 2 evidence collection process.
1478,Angelica Jacobs,8,Denver,engineering,Managed enterprise renewals exceeding $4M ARR.
1479,Phillip Wong,16,Denver,support,Closed strategic logistics accounts in manufacturing sector.
1480,Cathy Rodriguez,11,Austin,analytics,Maintained SOC 2 evidence collection process.
1481,Edward Guerrero,2,Denver,sales,Launched partner onboarding program across EMEA region.
1482,Jesse Carney,2,Remote,operations,Negotiated software procurement and vendor savings initiatives.
1483,Melissa Contreras,1,Remote,product,Closed strategic logistics accounts in manufacturing sector.
1484,Dawn Norman,3,Remote,operations,Closed strategic logistics accounts in manufacturing sector.
1485,Antonio Price,5,Denver,analytics,Automated revenue recognition data quality checks.
1486,Deanna Hess MD,1,Austin,analytics,Reduced cloud spend by redesigning batch compute workloads.
1487,William Gonzalez,10,Chicago,product,Improved fulfillment SLA reporting with automated dashboards.
1488,Matthew Rodriguez,7,Chicago,analytics,Shipped experimentation framework for signup conversion.
1489,Jessica Mendez,10,Austin,product,Built role-based compensation benchmarking dashboards.
1490,Jeremy Green,9,Seattle,product,Negotiated software procurement and vendor savings initiatives.
1491,Benjamin Luna,4,Atlanta,engineering,Maintained SOC 2 evidence collection process.
1492,Alicia Jimenez,11,Seattle,product,Improved fulfillment SLA reporting with automated dashboards.
1493,April Johnson,17,Chicago,product,Improved fulfillment SLA reporting with automated dashboards.
1494,Christian Rivera,5,Seattle,engineering,"Drove product launch for analytics module used by 8,000 accounts."
1495,Aaron Zimmerman,5,Austin,operations,Built churn propensity model for customer success team.
1496,Karen Powell,9,Seattle,sales,Improved fulfillment SLA reporting with automated dashboards.
1497,Robin Jones,14,Seattle,product,Maintained SOC 2 evidence collection process.
1498,James Norris,9,Chicago,operations,Built dbt models and Airflow pipelines for finance analytics.
1499,Barbara Nichols,14,Chicago,sales,Shipped experimentation framework for signup conversion.
1500,Felicia Turner MD,1,Denver,engineering,Designed interview loops for engineering leveling refresh.
1501,Maria Diaz DVM,1,Atlanta,support,Managed high-volume healthcare recruiting for clinical roles.
1502,Ryan Hodges,7,Atlanta,engineering,Designed interview loops for engineering leveling refresh.
1503,Dale Spencer,4,Austin,sales,Introduced warehouse slotting optimization process.
1504,Mary Evans,0,Denver,analytics,Migrated legacy monolith endpoints to event-driven services.
1505,Brian Barker,3,Atlanta,engineering,"Drove product launch for analytics module used by 8,000 accounts."
1506,Dr. Jeffrey Lopez,4,Atlanta,sales,"Drove product launch for analytics module used by 8,000 accounts."
1507,Alexander Davies,16,Atlanta,product,Managed high-volume healthcare recruiting for clinical roles.
1508,James Sparks,14,Atlanta,operations,Managed enterprise renewals exceeding $4M ARR.
1509,Kathryn Hanna,6,Denver,sales,Improved fulfillment SLA reporting with automated dashboards.
1510,Tracy Smith,17,Atlanta,product,Designed interview loops for engineering leveling refresh.
1511,George Le,15,Denver,engineering,Led multi-region ERP rollout across three warehouses.
1512,Daniel Valdez,4,Chicago,sales,Designed interview loops for engineering leveling refresh.
1513,Teresa Berg,8,Chicago,product,Managed high-volume healthcare recruiting for clinical roles.
1514,Natalie Hall,16,Denver,support,Led multi-region ERP rollout across three warehouses.
1515,Nicolas Burns,8,Austin,operations,Introduced warehouse slotting optimization process.
1516,Terry Montgomery,6,Chicago,product,Automated revenue recognition data quality checks.
1517,Matthew Smith,16,Austin,analytics,Maintained SOC 2 evidence collection process.
1518,Summer Hoover,11,Denver,support,Managed high-volume healthcare recruiting for clinical roles.
1519,Logan Conley,7,Denver,product,Built churn propensity model for customer success team.
1520,Robert Wilson,15,Austin,analytics,Scaled self-serve onboarding funnel for SMB customers.
1521,Lisa Brown,13,Austin,operations,"Drove product launch for analytics module used by 8,000 accounts."
1522,George Huff,6,Atlanta,analytics,Automated revenue recognition data quality checks.
1523,Jennifer Martinez,7,Chicago,engineering,Introduced warehouse slotting optimization process.
1524,Kimberly Morris,0,Remote,operations,Negotiated software procurement and vendor savings initiatives.
1525,Cindy Williams,1,Austin,support,Expanded support knowledge base and deflected repetitive tickets.
1526,Arthur Hill,17,Denver,operations,Shipped experimentation framework for signup conversion.
1527,Carol Wood,0,Seattle,support,Introduced warehouse slotting optimization process.
1528,David Perkins,15,Austin,operations,Scaled self-serve onboarding funnel for SMB customers.
1529,Richard Chen,3,Denver,sales,Migrated legacy monolith endpoints to event-driven services.
1530,Christopher Hobbs,9,Denver,engineering,Negotiated software procurement and vendor savings initiatives.
1531,Adam Howe,13,Atlanta,analytics,"Implemented Okta and SCIM provisioning for 2,000 employees."
1532,Linda Campbell,17,Remote,sales,Built role-based compensation benchmarking dashboards.
1533,Rebecca Alvarez,6,Atlanta,operations,Led multi-region ERP rollout across three warehouses.
1534,Charles Nelson,16,Denver,analytics,Closed strategic logistics accounts in manufacturing sector.
1535,David Thompson,8,Denver,engineering,Negotiated software procurement and vendor savings initiatives.
1536,Linda Love,15,Atlanta,operations,Improved fulfillment SLA reporting with automated dashboards.
1537,Anita Serrano,1,Chicago,sales,Owned forecasting model for outbound pipeline generation.
1538,Jason Grant,4,Seattle,sales,Expanded support knowledge base and deflected repetitive tickets.
1539,William Davila,11,Denver,product,Reduced cloud spend by redesigning batch compute workloads.
1540,Shari Hatfield,12,Austin,product,Automated revenue recognition data quality checks.
1541,Julie Sims,14,Atlanta,sales,Built dbt models and Airflow pipelines for finance analytics.
1542,Anthony Rodriguez,6,Chicago,product,Launched partner onboarding program across EMEA region.
1543,Ryan Pruitt,11,Denver,sales,Built churn propensity model for customer success team.
1544,Christopher Livingston Jr.,11,Chicago,operations,Built churn propensity model for customer success team.
1545,Daniel King,17,Austin,product,Improved NPS by redesigning incident communications workflow.
1546,Stefanie Chavez,2,Chicago,engineering,Designed interview loops for engineering leveling refresh.
1547,Anthony Medina,0,Remote,operations,Launched partner onboarding program across EMEA region.
1548,Allen Robertson,10,Chicago,support,Designed interview loops for engineering leveling refresh.
1549,David Wallace,0,Seattle,product,Ran agile ceremonies for cross-functional product squad.
1550,Jennifer Burgess,3,Denver,product,Migrated legacy monolith endpoints to event-driven services.
1551,Crystal Rodriguez,9,Austin,product,Owned forecasting model for outbound pipeline generation.
1552,David Gutierrez,4,Remote,product,Shipped experimentation framework for signup conversion.
1553,Steven Jones,4,Remote,operations,"Drove product launch for analytics module used by 8,000 accounts."
1554,Amy Graham,6,Chicago,sales,Negotiated software procurement and vendor savings initiatives.
1555,Leon Thompson,12,Chicago,operations,Built role-based compensation benchmarking dashboards.
1556,Jimmy Lee,6,Remote,engineering,Migrated legacy monolith endpoints to event-driven services.
1557,Derrick Rogers,14,Austin,engineering,Designed interview loops for engineering leveling refresh.
1558,Keith Ramirez,2,Remote,product,Owned forecasting model for outbound pipeline generation.
1559,John Barnes,1,Chicago,sales,Ran agile ceremonies for cross-functional product squad.
1560,Colleen Phillips,2,Remote,analytics,Owned forecasting model for outbound pipeline generation.
1561,Robert Cisneros,16,Remote,sales,Closed strategic logistics accounts in manufacturing sector.
1562,Laura Tran,4,Chicago,analytics,Expanded support knowledge base and deflected repetitive tickets.
1563,Jason Boyd,0,Chicago,operations,"Implemented Okta and SCIM provisioning for 2,000 employees."
1564,Cindy Wells,5,Austin,engineering,"Implemented Okta and SCIM provisioning for 2,000 employees."
1565,Adrian Patterson,12,Seattle,operations,Negotiated software procurement and vendor savings initiatives.
1566,Danielle Hamilton,6,Denver,support,Built role-based compensation benchmarking dashboards.
1567,Timothy Shah,6,Atlanta,support,"Drove product launch for analytics module used by 8,000 accounts."
1568,Stephanie Butler,1,Atlanta,sales,Improved fulfillment SLA reporting with automated dashboards.
1569,William Quinn,12,Atlanta,sales,Automated revenue recognition data quality checks.
1570,Jessica Foster,3,Chicago,support,Closed strategic logistics accounts in manufacturing sector.
1571,Melissa Garcia,1,Denver,operations,Owned forecasting model for outbound pipeline generation.
1572,Bradley Mullins DDS,12,Atlanta,engineering,Improved fulfillment SLA reporting with automated dashboards.
1573,Daniel Howard,16,Austin,engineering,Migrated legacy monolith endpoints to event-driven services.
1574,Zachary Smith,10,Denver,operations,Owned forecasting model for outbound pipeline generation.
1575,Candice Stevens,16,Seattle,sales,Built churn propensity model for customer success team.
1576,Lauren Bray,7,Denver,engineering,Launched partner onboarding program across EMEA region.
1577,Charles Warner,9,Denver,support,Owned forecasting model for outbound pipeline generation.
1578,Seth Sims,6,Remote,operations,Migrated legacy monolith endpoints to event-driven services.
1579,April Burton,9,Atlanta,support,Built role-based compensation benchmarking dashboards.
1580,Michael Schmidt,16,Seattle,engineering,Built churn propensity model for customer success team.
1581,Paul Wolfe,11,Austin,operations,Managed enterprise renewals exceeding $4M ARR.
1582,Laura Clark,0,Remote,operations,Improved NPS by redesigning incident communications workflow.
1583,Lisa Rogers,10,Seattle,analytics,Designed interview loops for engineering leveling refresh.
1584,Kayla Kent,6,Seattle,product,Improved NPS by redesigning incident communications workflow.
1585,Anthony Reyes,9,Seattle,operations,Led multi-region ERP rollout across three warehouses.
1586,Andrew Richardson,10,Atlanta,operations,Improved NPS by redesigning incident communications workflow.
1587,Michele Castro,10,Atlanta,product,Launched partner onboarding program across EMEA region.
1588,Brenda Rogers,15,Atlanta,operations,Led multi-region ERP rollout across three warehouses.
1589,Mariah Mclaughlin,15,Denver,operations,Introduced warehouse slotting optimization process.
1590,Shelby Warner,17,Seattle,engineering,Introduced warehouse slotting optimization process.
1591,Paige Flores,10,Denver,support,Migrated legacy monolith endpoints to event-driven services.
1592,Kathy Henderson,5,Seattle,engineering,Closed strategic logistics accounts in manufacturing sector.
1593,Jake Chavez,3,Denver,sales,Launched partner onboarding program across EMEA region.
1594,Sandra Harrison,15,Denver,operations,Shipped experimentation framework for signup conversion.
1595,Samantha Lam,16,Austin,operations,Maintained SOC 2 evidence collection process.
1596,Jacob Nunez,0,Remote,engineering,"Drove product launch for analytics module used by 8,000 accounts."
1597,Vanessa Ware,3,Seattle,analytics,Built role-based compensation benchmarking dashboards.
1598,Stephen Miller,12,Chicago,product,Introduced warehouse slotting optimization process.
1599,Christopher Mullen,2,Austin,engineering,Ran agile ceremonies for cross-functional product squad.
1600,Christopher Rodriguez,0,Remote,operations,Introduced warehouse slotting optimization process.
1601,Chris Harris,17,Austin,analytics,"Drove product launch for analytics module used by 8,000 accounts."
1602,Alison Butler,1,Denver,sales,Improved NPS by redesigning incident communications workflow.
1603,Tara Wells,3,Austin,analytics,Improved NPS by redesigning incident communications workflow.
1604,Oscar Smith,17,Seattle,operations,Built dbt models and Airflow pipelines for finance analytics.
1605,Alex Pham,1,Chicago,engineering,Scaled self-serve onboarding funnel for SMB customers.
1606,Kelly Rogers,14,Denver,product,Maintained SOC 2 evidence collection process.
1607,Mary Buchanan,10,Atlanta,product,Managed enterprise renewals exceeding $4M ARR.
1608,Mr. Joseph Kelley,9,Denver,operations,Introduced warehouse slotting optimization process.
1609,Keith Villanueva,14,Seattle,engineering,Introduced warehouse slotting optimization process.
1610,Richard Perez,0,Atlanta,engineering,Designed interview loops for engineering leveling refresh.
1611,Dwayne Bruce,1,Denver,product,Introduced warehouse slotting optimization process.
1612,Duane Huber,3,Chicago,product,Negotiated software procurement and vendor savings initiatives.
1613,Caitlyn Nichols,8,Denver,operations,Built churn propensity model for customer success team.
1614,Christopher Erickson,17,Chicago,product,Ran agile ceremonies for cross-functional product squad.
1615,Rebecca Martin,1,Atlanta,sales,Introduced warehouse slotting optimization process.
1616,Xavier Andrews,7,Seattle,operations,Introduced warehouse slotting optimization process.
1617,Jacob Harris,7,Atlanta,engineering,Automated revenue recognition data quality checks.
1618,Mary Spence,3,Austin,analytics,Improved fulfillment SLA reporting with automated dashboards.
1619,Jerry Cantrell,6,Remote,support,Negotiated software procurement and vendor savings initiatives.
1620,Barbara Johnson,3,Seattle,product,Negotiated software procurement and vendor savings initiatives.
1621,Patricia Gould,2,Seattle,support,"Implemented Okta and SCIM provisioning for 2,000 employees."
1622,Brittney Cordova,9,Austin,analytics,Managed enterprise renewals exceeding $4M ARR.
1623,Katie Holland,16,Seattle,support,Reduced cloud spend by redesigning batch compute workloads.
1624,Steven Montes,7,Denver,analytics,"Implemented Okta and SCIM provisioning for 2,000 employees."
1625,Wendy Estrada,11,Remote,operations,Scaled self-serve onboarding funnel for SMB customers.
1626,Monica Nielsen,12,Seattle,analytics,Expanded support knowledge base and deflected repetitive tickets.
1627,Brian Mendoza,15,Remote,sales,"Implemented Okta and SCIM provisioning for 2,000 employees."
1628,Michael Wilson,14,Austin,engineering,Reduced cloud spend by redesigning batch compute workloads.
1629,Luke Robinson,16,Atlanta,support,Built role-based compensation benchmarking dashboards.
1630,Gabriel Franklin,14,Seattle,operations,Managed high-volume healthcare recruiting for clinical roles.
1631,Joseph Harrington,16,Atlanta,product,Led multi-region ERP rollout across three warehouses.
1632,Christina Miller,17,Seattle,engineering,Improved fulfillment SLA reporting with automated dashboards.
1633,Megan Rosario,13,Seattle,operations,Improved fulfillment SLA reporting with automated dashboards.
1634,Jennifer Henry,8,Austin,sales,Migrated legacy monolith endpoints to event-driven services.
1635,Kayla Brown,5,Chicago,product,Designed interview loops for engineering leveling refresh.
1636,Jennifer Baldwin,10,Atlanta,operations,Scaled self-serve onboarding funnel for SMB customers.
1637,James Smith,14,Denver,analytics,"Drove product launch for analytics module used by 8,000 accounts."
1638,Eric Griffin,13,Denver,engineering,Introduced warehouse slotting optimization process.
1639,Cindy Barron,9,Remote,analytics,Migrated legacy monolith endpoints to event-driven services.
1640,Jennifer Ramos,1,Austin,operations,Designed interview loops for engineering leveling refresh.
1641,Nicholas Hurst,4,Atlanta,analytics,Built role-based compensation benchmarking dashboards.
1642,Jennifer Houston,10,Chicago,analytics,Introduced warehouse slotting optimization process.
1643,Briana Turner,6,Austin,engineering,Launched partner onboarding program across EMEA region.
1644,Kelly Rogers DVM,8,Denver,engineering,Migrated legacy monolith endpoints to event-driven services.
1645,Jaime Smith,5,Denver,engineering,Managed high-volume healthcare recruiting for clinical roles.
1646,Denise Thompson,1,Denver,sales,Led multi-region ERP rollout across three warehouses.
1647,Keith Melendez,8,Austin,support,Launched partner onboarding program across EMEA region.
1648,Ronnie Roberts,8,Seattle,sales,Ran agile ceremonies for cross-functional product squad.
1649,Rodney Turner MD,14,Denver,product,Ran agile ceremonies for cross-functional product squad.
1650,Patrick Walker DDS,2,Atlanta,engineering,Expanded support knowledge base and deflected repetitive tickets.
1651,Eric Davidson,8,Atlanta,analytics,Improved fulfillment SLA reporting with automated dashboards.
1652,Becky Wade,15,Atlanta,support,Designed interview loops for engineering leveling refresh.
1653,Christopher Knox,4,Atlanta,engineering,Improved NPS by redesigning incident communications workflow.
1654,Alyssa Hubbard,5,Chicago,analytics,Improved NPS by redesigning incident communications workflow.
1655,Wesley George MD,1,Denver,engineering,Closed strategic logistics accounts in manufacturing sector.
1656,Mr. David Jennings,10,Atlanta,support,Scaled self-serve onboarding funnel for SMB customers.
1657,Sabrina Brooks,15,Austin,operations,Improved NPS by redesigning incident communications workflow.
1658,Alicia Green,8,Seattle,product,Migrated legacy monolith endpoints to event-driven services.
1659,Brianna Murray,7,Denver,analytics,Built dbt models and Airflow pipelines for finance analytics.
1660,Heather Brown,13,Chicago,sales,Built churn propensity model for customer success team.
1661,Mark Friedman,7,Austin,engineering,Improved NPS by redesigning incident communications workflow.
1662,Eddie Fowler,7,Chicago,engineering,Negotiated software procurement and vendor savings initiatives.
1663,Cory Burton,13,Denver,engineering,Maintained SOC 2 evidence collection process.
1664,Linda Jackson,5,Remote,sales,Owned forecasting model for outbound pipeline generation.
1665,Eugene Kirk,15,Atlanta,support,Launched partner onboarding program across EMEA region.
1666,Denise Wolfe,4,Denver,operations,Launched partner onboarding program across EMEA region.
1667,Joseph Bell,9,Austin,engineering,"Implemented Okta and SCIM provisioning for 2,000 employees."
1668,Chad Campbell,4,Chicago,engineering,Expanded support knowledge base and deflected repetitive tickets.
1669,Jennifer Mccall,11,Remote,operations,Managed enterprise renewals exceeding $4M ARR.
1670,Daniel Gordon,7,Austin,sales,Maintained SOC 2 evidence collection process.
1671,Rebecca Hansen,4,Atlanta,support,Improved NPS by redesigning incident communications workflow.
1672,Tiffany Mathis,13,Atlanta,operations,Built role-based compensation benchmarking dashboards.
1673,Michaela Lang,16,Chicago,engineering,Automated revenue recognition data quality checks.
1674,Thomas Wilson,0,Remote,sales,Scaled self-serve onboarding funnel for SMB customers.
1675,Alan Bailey,10,Denver,operations,Built role-based compensation benchmarking dashboards.
1676,Brenda Ramos,12,Atlanta,engineering,Managed high-volume healthcare recruiting for clinical roles.
1677,Ms. Tracy Jackson,12,Austin,engineering,Designed interview loops for engineering leveling refresh.
1678,Patrick Wilson,3,Remote,product,Ran agile ceremonies for cross-functional product squad.
1679,Michael Watts,2,Austin,operations,Improved fulfillment SLA reporting with automated dashboards.
1680,Daniel Zavala,9,Chicago,support,Automated revenue recognition data quality checks.
1681,Phillip Rodriguez,11,Remote,product,Maintained SOC 2 evidence collection process.
1682,John Reynolds,5,Atlanta,engineering,Built churn propensity model for customer success team.
1683,Andrew Keller,6,Seattle,support,Improved NPS by redesigning incident communications workflow.
1684,Julie Kerr,9,Chicago,support,Improved NPS by redesigning incident communications workflow.
1685,Eric Smith,8,Seattle,engineering,Built churn propensity model for customer success team.
1686,Caleb Guzman,8,Remote,sales,Built dbt models and Airflow pipelines for finance analytics.
1687,Christina Lambert,12,Atlanta,engineering,Improved NPS by redesigning incident communications workflow.
1688,Charles Francis,17,Chicago,engineering,Maintained SOC 2 evidence collection process.
1689,Kevin Bell,14,Remote,sales,"Drove product launch for analytics module used by 8,000 accounts."
1690,Phyllis Austin,0,Austin,sales,Expanded support knowledge base and deflected repetitive tickets.
1691,Andrea Weiss,6,Remote,product,Improved fulfillment SLA reporting with automated dashboards.
1692,Kendra Baldwin,0,Austin,sales,"Implemented Okta and SCIM provisioning for 2,000 employees."
1693,Carolyn Webster,15,Austin,support,Managed enterprise renewals exceeding $4M ARR.
1694,Nicholas Glass,11,Austin,engineering,Migrated legacy monolith endpoints to event-driven services.
1695,Sarah Wells,3,Chicago,analytics,Owned forecasting model for outbound pipeline generation.
1696,Cathy Nunez,15,Seattle,support,Launched partner onboarding program across EMEA region.
1697,Ruben Zavala,10,Denver,engineering,Automated revenue recognition data quality checks.
1698,Jose Russell,0,Austin,operations,Designed interview loops for engineering leveling refresh.
1699,Emily Owens,2,Denver,product,Owned forecasting model for outbound pipeline generation.
1700,Kathleen Ward,14,Remote,analytics,Shipped experimentation framework for signup conversion.
1701,Nathan Miller,5,Atlanta,support,Shipped experimentation framework for signup conversion.
1702,James Bryant DDS,9,Seattle,operations,Reduced cloud spend by redesigning batch compute workloads.
1703,Sarah Perez,16,Chicago,sales,Improved fulfillment SLA reporting with automated dashboards.
1704,William Patterson,5,Atlanta,operations,Expanded support knowledge base and deflected repetitive tickets.
1705,Stephanie Lang,0,Seattle,operations,Launched partner onboarding program across EMEA region.
1706,Holly Smith,1,Seattle,product,Designed interview loops for engineering leveling refresh.
1707,Megan Sanders,16,Austin,operations,Built churn propensity model for customer success team.
1708,Megan Wilson,10,Atlanta,analytics,Improved NPS by redesigning incident communications workflow.
1709,Michael Madden,5,Seattle,analytics,Improved fulfillment SLA reporting with automated dashboards.
1710,Stephanie Jackson,1,Austin,operations,Built role-based compensation benchmarking dashboards.
1711,Curtis Gonzalez,12,Denver,operations,Migrated legacy monolith endpoints to event-driven services.
1712,Jennifer Hall,0,Atlanta,product,Managed enterprise renewals exceeding $4M ARR.
1713,Jonathan Hubbard,1,Austin,sales,Negotiated software procurement and vendor savings initiatives.
1714,Linda Avila,10,Seattle,operations,Built role-based compensation benchmarking dashboards.
1715,Terri Kelly,11,Remote,support,Negotiated software procurement and vendor savings initiatives.
1716,Tiffany Archer,10,Atlanta,engineering,Launched partner onboarding program across EMEA region.
1717,Brittany Gibson,16,Denver,support,Owned forecasting model for outbound pipeline generation.
1718,John Hall,4,Austin,support,Built churn propensity model for customer success team.
1719,Alyssa Rojas,9,Seattle,operations,Built churn propensity model for customer success team.
1720,Kathleen Johnson,5,Remote,analytics,Built churn propensity model for customer success team.
1721,Larry Murphy,6,Remote,operations,Managed enterprise renewals exceeding $4M ARR.
1722,Marcus Wolf,2,Atlanta,analytics,"Drove product launch for analytics module used by 8,000 accounts."
1723,Kelly Vasquez,14,Austin,engineering,Introduced warehouse slotting optimization process.
1724,Edward Jimenez,12,Chicago,analytics,Built churn propensity model for customer success team.
1725,Kimberly Pacheco,12,Chicago,operations,"Drove product launch for analytics module used by 8,000 accounts."
1726,Alicia Gallagher,2,Austin,engineering,Improved NPS by redesigning incident communications workflow.
1727,Sheryl Wilson MD,2,Austin,support,Negotiated software procurement and vendor savings initiatives.
1728,Jessica Johnson,14,Atlanta,engineering,Introduced warehouse slotting optimization process.
1729,Matthew Chan,11,Austin,analytics,Automated revenue recognition data quality checks.
1730,Carly Jordan,0,Austin,product,"Implemented Okta and SCIM provisioning for 2,000 employees."
1731,James Gallagher,11,Remote,product,"Implemented Okta and SCIM provisioning for 2,000 employees."
1732,Katherine Spencer,17,Atlanta,analytics,Scaled self-serve onboarding funnel for SMB customers.
1733,Julie Hart,13,Seattle,support,Built role-based compensation benchmarking dashboards.
1734,Anthony Baker,4,Chicago,analytics,"Drove product launch for analytics module used by 8,000 accounts."
1735,Jamie Rhodes,5,Denver,support,Launched partner onboarding program across EMEA region.
1736,Diane Brown,13,Atlanta,product,Closed strategic logistics accounts in manufacturing sector.
1737,Bethany Richardson,7,Seattle,operations,Managed enterprise renewals exceeding $4M ARR.
1738,Lauren Hubbard,13,Denver,operations,Managed enterprise renewals exceeding $4M ARR.
1739,Jamie Patterson,17,Remote,sales,Expanded support knowledge base and deflected repetitive tickets.
1740,Jennifer Brown MD,7,Seattle,product,Expanded support knowledge base and deflected repetitive tickets.
1741,Erik Miller,10,Chicago,product,Migrated legacy monolith endpoints to event-driven services.
1742,Sheila Wilson,8,Austin,support,Reduced cloud spend by redesigning batch compute workloads.
1743,Joshua Johnson,9,Austin,analytics,Managed high-volume healthcare recruiting for clinical roles.
1744,Jenny Robertson,1,Remote,sales,Maintained SOC 2 evidence collection process.
1745,Alex Harrison,17,Seattle,product,"Implemented Okta and SCIM provisioning for 2,000 employees."
1746,Eugene Hudson,9,Denver,engineering,Built dbt models and Airflow pipelines for finance analytics.
1747,Brent Freeman,4,Seattle,analytics,Owned forecasting model for outbound pipeline generation.
1748,Christine Crawford,10,Remote,sales,"Implemented Okta and SCIM provisioning for 2,000 employees."
1749,Mary Jackson,7,Austin,operations,"Implemented Okta and SCIM provisioning for 2,000 employees."
1750,Wayne Harris,14,Remote,engineering,Introduced warehouse slotting optimization process.
1751,Valerie Jones,13,Denver,engineering,Expanded support knowledge base and deflected repetitive tickets.
1752,Cindy Baker,6,Denver,operations,Launched partner onboarding program across EMEA region.
1753,Kenneth Ballard,12,Austin,operations,Owned forecasting model for outbound pipeline generation.
1754,Tina Robbins,0,Seattle,product,Designed interview loops for engineering leveling refresh.
1755,Leslie Nelson,17,Atlanta,analytics,Introduced warehouse slotting optimization process.
1756,Kiara Simmons,9,Austin,engineering,Managed high-volume healthcare recruiting for clinical roles.
1757,Billy Colon,11,Atlanta,product,Built role-based compensation benchmarking dashboards.
1758,Elizabeth Alvarado,11,Austin,analytics,Negotiated software procurement and vendor savings initiatives.
1759,Jason King,5,Chicago,support,Built role-based compensation benchmarking dashboards.
1760,Megan Kelley,12,Atlanta,product,Designed interview loops for engineering leveling refresh.
1761,Lori Black,7,Seattle,analytics,Maintained SOC 2 evidence collection process.
1762,Jonathan Guerrero,12,Austin,sales,Improved NPS by redesigning incident communications workflow.
1763,Teresa Adams,1,Denver,operations,Expanded support knowledge base and deflected repetitive tickets.
1764,Rhonda Farrell,2,Chicago,support,Managed enterprise renewals exceeding $4M ARR.
1765,Taylor Barber,16,Seattle,engineering,Negotiated software procurement and vendor savings initiatives.
1766,Curtis Ford,13,Seattle,product,Negotiated software procurement and vendor savings initiatives.
1767,Paul Cannon,2,Atlanta,operations,Expanded support knowledge base and deflected repetitive tickets.
1768,Jennifer Dalton,3,Seattle,analytics,Migrated legacy monolith endpoints to event-driven services.
1769,Madison Singleton,9,Denver,product,Designed interview loops for engineering leveling refresh.
1770,Dustin Martin,0,Atlanta,product,Improved fulfillment SLA reporting with automated dashboards.
1771,Cynthia Allen,7,Chicago,support,Scaled self-serve onboarding funnel for SMB customers.
1772,Alexis Robles,5,Remote,sales,Built role-based compensation benchmarking dashboards.
1773,John Esparza,2,Chicago,analytics,Improved fulfillment SLA reporting with automated dashboards.
1774,Taylor Harris,5,Remote,analytics,Reduced cloud spend by redesigning batch compute workloads.
1775,Allen Clarke,5,Seattle,product,Designed interview loops for engineering leveling refresh.
1776,Juan Newman,1,Remote,engineering,Launched partner onboarding program across EMEA region.
1777,Nathan Casey,11,Atlanta,engineering,Owned forecasting model for outbound pipeline generation.
1778,Steven Edwards,4,Denver,engineering,Improved fulfillment SLA reporting with automated dashboards.
1779,Arthur Friedman,0,Chicago,product,"Drove product launch for analytics module used by 8,000 accounts."
1780,Megan Blackwell,0,Chicago,analytics,"Drove product launch for analytics module used by 8,000 accounts."
1781,Ryan Cameron,17,Remote,support,Scaled self-serve onboarding funnel for SMB customers.
1782,Kenneth Mason,2,Austin,engineering,Managed high-volume healthcare recruiting for clinical roles.
1783,Matthew Carpenter,16,Seattle,engineering,Migrated legacy monolith endpoints to event-driven services.
1784,Kelly Crawford,2,Seattle,analytics,Designed interview loops for engineering leveling refresh.
1785,Kyle Mejia,1,Austin,support,Reduced cloud spend by redesigning batch compute workloads.
1786,Ronnie Mclaughlin,9,Remote,operations,Negotiated software procurement and vendor savings initiatives.
1787,Natasha Walls,15,Austin,engineering,Owned forecasting model for outbound pipeline generation.
1788,Brian Lewis,1,Austin,operations,Ran agile ceremonies for cross-functional product squad.
1789,Jason Roy,5,Atlanta,analytics,Closed strategic logistics accounts in manufacturing sector.
1790,Joseph Lyons,13,Austin,sales,Automated revenue recognition data quality checks.
1791,Joshua Wells,1,Austin,sales,Owned forecasting model for outbound pipeline generation.
1792,Donald Mueller,3,Atlanta,support,Built role-based compensation benchmarking dashboards.
1793,John Richardson,5,Remote,sales,Introduced warehouse slotting optimization process.
1794,Matthew Stein,14,Austin,engineering,Built churn propensity model for customer success team.
1795,Patrick Lindsey,14,Atlanta,analytics,Improved fulfillment SLA reporting with automated dashboards.
1796,Thomas Powers,12,Atlanta,engineering,Introduced warehouse slotting optimization process.
1797,James Fowler,11,Austin,operations,Launched partner onboarding program across EMEA region.
1798,Stephanie Jennings,0,Austin,analytics,Negotiated software procurement and vendor savings initiatives.
1799,Cynthia Ramos,4,Denver,engineering,Ran agile ceremonies for cross-functional product squad.
1800,Tyler Pennington,16,Seattle,analytics,Managed enterprise renewals exceeding $4M ARR.
1801,Elizabeth Mayer,12,Chicago,support,Scaled self-serve onboarding funnel for SMB customers.
1802,Elizabeth Villarreal,4,Denver,product,Negotiated software procurement and vendor savings initiatives.
1803,Jeffrey Stewart,12,Denver,sales,Expanded support knowledge base and deflected repetitive tickets.
1804,Maria Mccormick,13,Seattle,sales,Managed enterprise renewals exceeding $4M ARR.
1805,Bobby Chan,13,Chicago,analytics,Ran agile ceremonies for cross-functional product squad.
1806,Norman House MD,17,Seattle,analytics,Maintained SOC 2 evidence collection process.
1807,Thomas Garcia,9,Seattle,analytics,Built role-based compensation benchmarking dashboards.
1808,Dean Jones,1,Atlanta,sales,Managed enterprise renewals exceeding $4M ARR.
1809,Nicholas Kelley,14,Seattle,engineering,Expanded support knowledge base and deflected repetitive tickets.
1810,Michael Gill,0,Chicago,engineering,Reduced cloud spend by redesigning batch compute workloads.
1811,Catherine Ramos,11,Remote,product,Migrated legacy monolith endpoints to event-driven services.
1812,April Gonzalez,14,Chicago,operations,Owned forecasting model for outbound pipeline generation.
1813,Kenneth Rodriguez,2,Chicago,operations,Scaled self-serve onboarding funnel for SMB customers.
1814,Micheal Saunders,14,Atlanta,analytics,Launched partner onboarding program across EMEA region.
1815,Beverly Wheeler,14,Denver,sales,Scaled self-serve onboarding funnel for SMB customers.
1816,Todd Hayes,11,Denver,operations,Introduced warehouse slotting optimization process.
1817,Brandi Thompson,5,Seattle,operations,"Implemented Okta and SCIM provisioning for 2,000 employees."
1818,Erin Campbell,3,Atlanta,engineering,Negotiated software procurement and vendor savings initiatives.
1819,Jacob Long,12,Denver,analytics,Designed interview loops for engineering leveling refresh.
1820,Ruben Hudson,2,Seattle,sales,"Implemented Okta and SCIM provisioning for 2,000 employees."
1821,Alexander Hansen,12,Denver,engineering,Negotiated software procurement and vendor savings initiatives.
1822,Crystal Davis,3,Remote,analytics,Launched partner onboarding program across EMEA region.
1823,Dennis Christian,6,Remote,sales,"Implemented Okta and SCIM provisioning for 2,000 employees."
1824,Luke Burke,9,Denver,support,Reduced cloud spend by redesigning batch compute workloads.
1825,Tyler Jackson,2,Seattle,analytics,Built churn propensity model for customer success team.
1826,Alexis Fox,14,Seattle,engineering,Maintained SOC 2 evidence collection process.
1827,Tanya Wilcox,12,Remote,support,Built role-based compensation benchmarking dashboards.
1828,Danny Harris DVM,0,Denver,engineering,Ran agile ceremonies for cross-functional product squad.
1829,Deborah Francis,15,Denver,sales,Led multi-region ERP rollout across three warehouses.
1830,Jeffrey Clark,12,Chicago,support,Introduced warehouse slotting optimization process.
1831,Roger Acosta,15,Atlanta,operations,Scaled self-serve onboarding funnel for SMB customers.
1832,Christopher Sparks,10,Atlanta,operations,"Drove product launch for analytics module used by 8,000 accounts."
1833,William Young,11,Denver,sales,Owned forecasting model for outbound pipeline generation.
1834,David Aguilar,6,Chicago,operations,Owned forecasting model for outbound pipeline generation.
1835,Angelica Harrison,4,Denver,sales,Improved fulfillment SLA reporting with automated dashboards.
1836,Valerie Sanders,4,Atlanta,product,Managed high-volume healthcare recruiting for clinical roles.
1837,James Henderson,5,Austin,support,Introduced warehouse slotting optimization process.
1838,Angel Hawkins,5,Atlanta,product,Negotiated software procurement and vendor savings initiatives.
1839,Timothy Ruiz,13,Remote,operations,Designed interview loops for engineering leveling refresh.
1840,Larry Lambert,9,Chicago,product,Led multi-region ERP rollout across three warehouses.
1841,Michelle Pacheco,7,Denver,sales,Closed strategic logistics accounts in manufacturing sector.
1842,Jonathan James,13,Austin,sales,"Drove product launch for analytics module used by 8,000 accounts."
1843,Megan Anderson,13,Atlanta,sales,Managed enterprise renewals exceeding $4M ARR.
1844,Amanda White,16,Denver,analytics,Launched partner onboarding program across EMEA region.
1845,Johnathan Morgan,5,Remote,analytics,Launched partner onboarding program across EMEA region.
1846,Brandon Page,4,Remote,engineering,Reduced cloud spend by redesigning batch compute workloads.
1847,David Edwards,0,Seattle,analytics,Improved fulfillment SLA reporting with automated dashboards.
1848,Kathryn Mcpherson,2,Chicago,product,Introduced warehouse slotting optimization process.
1849,Isaac Jordan,10,Chicago,operations,Designed interview loops for engineering leveling refresh.
1850,Deborah Gallegos,14,Denver,support,Built role-based compensation benchmarking dashboards.
1851,Kelly Graham,10,Atlanta,analytics,Led multi-region ERP rollout across three warehouses.
1852,Norman Henry,17,Austin,product,"Implemented Okta and SCIM provisioning for 2,000 employees."
1853,Kristi Livingston,11,Denver,analytics,Expanded support knowledge base and deflected repetitive tickets.
1854,Jessica Lopez,15,Austin,operations,Negotiated software procurement and vendor savings initiatives.
1855,Clifford Harrison,4,Chicago,engineering,Automated revenue recognition data quality checks.
1856,John Wilson,5,Denver,support,"Drove product launch for analytics module used by 8,000 accounts."
1857,Kathleen Alexander,14,Austin,operations,Improved fulfillment SLA reporting with automated dashboards.
1858,Kristina Ellis MD,11,Chicago,product,Ran agile ceremonies for cross-functional product squad.
1859,Brittany Bailey,8,Atlanta,sales,Closed strategic logistics accounts in manufacturing sector.
1860,Duane Conley,17,Remote,operations,Managed high-volume healthcare recruiting for clinical roles.
1861,Samantha Elliott,13,Seattle,support,Designed interview loops for engineering leveling refresh.
1862,Christy Bolton,5,Chicago,engineering,Managed enterprise renewals exceeding $4M ARR.
1863,Randall White,10,Remote,sales,Expanded support knowledge base and deflected repetitive tickets.
1864,Danielle Jimenez,7,Denver,support,Scaled self-serve onboarding funnel for SMB customers.
1865,Gary Mitchell,7,Denver,sales,Built role-based compensation benchmarking dashboards.
1866,Mrs. Jacqueline Hickman,14,Remote,product,"Implemented Okta and SCIM provisioning for 2,000 employees."
1867,Frank Johnson,12,Denver,analytics,Built dbt models and Airflow pipelines for finance analytics.
1868,Michael Castillo,0,Seattle,support,Scaled self-serve onboarding funnel for SMB customers.
1869,Debra Barrett,10,Austin,analytics,Introduced warehouse slotting optimization process.
1870,Andrew Dean,11,Chicago,engineering,Scaled self-serve onboarding funnel for SMB customers.
1871,Travis Cooke,9,Remote,support,Owned forecasting model for outbound pipeline generation.
1872,Rebecca Anderson,5,Chicago,operations,Expanded support knowledge base and deflected repetitive tickets.
1873,Rebecca Campbell,11,Remote,operations,Improved NPS by redesigning incident communications workflow.
1874,Natasha Payne,17,Denver,support,Reduced cloud spend by redesigning batch compute workloads.
1875,Anna Scott,1,Remote,sales,Led multi-region ERP rollout across three warehouses.
1876,Randy Ross,10,Denver,operations,Managed enterprise renewals exceeding $4M ARR.
1877,Daniel Price,16,Denver,analytics,Migrated legacy monolith endpoints to event-driven services.
1878,Matthew Best,7,Denver,analytics,Introduced warehouse slotting optimization process.
1879,Edwin Owen,6,Chicago,support,Ran agile ceremonies for cross-functional product squad.
1880,Tammy Mckee,4,Remote,engineering,Introduced warehouse slotting optimization process.
1881,Heather Davis,4,Atlanta,product,Managed high-volume healthcare recruiting for clinical roles.
1882,Curtis Griffin,7,Atlanta,analytics,Automated revenue recognition data quality checks.
1883,Derrick Burke,13,Denver,analytics,Ran agile ceremonies for cross-functional product squad.
1884,Jay Richardson,3,Seattle,product,Expanded support knowledge base and deflected repetitive tickets.
1885,Mark Davis,4,Denver,operations,Managed enterprise renewals exceeding $4M ARR.
1886,Valerie Rhodes,17,Chicago,engineering,Designed interview loops for engineering leveling refresh.
1887,Michelle Arias,17,Austin,engineering,Negotiated software procurement and vendor savings initiatives.
1888,Maria Miller,4,Remote,product,Expanded support knowledge base and deflected repetitive tickets.
1889,Bob Solis,7,Austin,product,Maintained SOC 2 evidence collection process.
1890,William Sutton,7,Remote,engineering,Built dbt models and Airflow pipelines for finance analytics.
1891,David Patterson,5,Denver,support,Managed high-volume healthcare recruiting for clinical roles.
1892,Kristen Lowery,2,Austin,analytics,Expanded support knowledge base and deflected repetitive tickets.
1893,Kayla Gutierrez,1,Remote,engineering,Managed enterprise renewals exceeding $4M ARR.
1894,Nathan Hess,11,Seattle,support,Improved NPS by redesigning incident communications workflow.
1895,Kevin Mack,0,Seattle,operations,Built churn propensity model for customer success team.
1896,Patrick Ford,11,Atlanta,sales,Improved NPS by redesigning incident communications workflow.
1897,Sarah Williams,1,Seattle,analytics,Launched partner onboarding program across EMEA region.
1898,Michael Edwards,2,Austin,product,Built dbt models and Airflow pipelines for finance analytics.
1899,Nicole Cole,0,Chicago,sales,Managed enterprise renewals exceeding $4M ARR.
1900,Gloria Hull,7,Atlanta,analytics,Reduced cloud spend by redesigning batch compute workloads.
1901,Christine Miller,5,Seattle,support,Negotiated software procurement and vendor savings initiatives.
1902,Mrs. Megan Hamilton,5,Atlanta,analytics,Negotiated software procurement and vendor savings initiatives.
1903,James Smith,5,Denver,analytics,Maintained SOC 2 evidence collection process.
1904,Julia Sullivan,16,Seattle,support,Improved fulfillment SLA reporting with automated dashboards.
1905,Natasha Swanson,7,Austin,sales,Negotiated software procurement and vendor savings initiatives.
1906,Robert Jensen,14,Atlanta,engineering,Improved NPS by redesigning incident communications workflow.
1907,Tracey Leonard,4,Denver,product,"Drove product launch for analytics module used by 8,000 accounts."
1908,Anita Taylor,8,Denver,sales,Improved NPS by redesigning incident communications workflow.
1909,Robert Horton,1,Austin,product,Designed interview loops for engineering leveling refresh.
1910,Alexander Castillo,4,Remote,sales,Introduced warehouse slotting optimization process.
1911,David Wilkinson,1,Remote,sales,Improved fulfillment SLA reporting with automated dashboards.
1912,Kimberly Miller,0,Remote,engineering,Automated revenue recognition data quality checks.
1913,Brittany Henderson,3,Remote,operations,Owned forecasting model for outbound pipeline generation.
1914,Steven Rodgers,2,Atlanta,product,Negotiated software procurement and vendor savings initiatives.
1915,John Smith,5,Chicago,product,Managed enterprise renewals exceeding $4M ARR.
1916,David Phillips,13,Austin,sales,Owned forecasting model for outbound pipeline generation.
1917,Jenna Cook,2,Atlanta,operations,Managed enterprise renewals exceeding $4M ARR.
1918,Ryan Reynolds,10,Remote,support,Improved fulfillment SLA reporting with automated dashboards.
1919,Jon Lane,6,Denver,product,Launched partner onboarding program across EMEA region.
1920,Yvonne Johnson,7,Remote,analytics,Negotiated software procurement and vendor savings initiatives.
1921,Jose Hardy,16,Austin,sales,Managed enterprise renewals exceeding $4M ARR.
1922,Susan Dillon,8,Chicago,operations,Improved fulfillment SLA reporting with automated dashboards.
1923,Antonio Smith,4,Atlanta,support,Managed enterprise renewals exceeding $4M ARR.
1924,Kristen Adams,4,Denver,engineering,Expanded support knowledge base and deflected repetitive tickets.
1925,Stacy Wilson,3,Seattle,analytics,Built churn propensity model for customer success team.
1926,Maria West,14,Denver,support,Reduced cloud spend by redesigning batch compute workloads.
1927,Christopher Barber,11,Seattle,operations,Launched partner onboarding program across EMEA region.
1928,Jeffrey Romero,4,Chicago,analytics,Built dbt models and Airflow pipelines for finance analytics.
1929,Melinda Dorsey,8,Austin,support,Maintained SOC 2 evidence collection process.
1930,Michelle Mcdonald,9,Atlanta,analytics,Built dbt models and Airflow pipelines for finance analytics.
1931,Miranda Myers,0,Atlanta,engineering,Migrated legacy monolith endpoints to event-driven services.
1932,Todd Delgado,16,Atlanta,analytics,Led multi-region ERP rollout across three warehouses.
1933,John Maddox,14,Austin,sales,"Implemented Okta and SCIM provisioning for 2,000 employees."
1934,Daniel Vazquez,9,Denver,support,Closed strategic logistics accounts in manufacturing sector.
1935,John Thompson,12,Austin,sales,Migrated legacy monolith endpoints to event-driven services.
1936,Johnathan Leon,1,Seattle,product,Designed interview loops for engineering leveling refresh.
1937,Katherine Young,17,Austin,engineering,Automated revenue recognition data quality checks.
1938,Yvonne Howard,11,Remote,product,Ran agile ceremonies for cross-functional product squad.
1939,Michael Thompson,16,Austin,engineering,Owned forecasting model for outbound pipeline generation.
1940,Kathy Roman,15,Atlanta,support,Built role-based compensation benchmarking dashboards.
1941,Brian Perez,10,Denver,operations,Managed enterprise renewals exceeding $4M ARR.
1942,Katelyn Chaney,5,Austin,sales,Built role-based compensation benchmarking dashboards.
1943,Patricia Carrillo,12,Denver,sales,Negotiated software procurement and vendor savings initiatives.
1944,Stephanie Castaneda,9,Austin,engineering,Designed interview loops for engineering leveling refresh.
1945,Lindsey Garcia,7,Seattle,engineering,Built dbt models and Airflow pipelines for finance analytics.
1946,Tracy Lloyd,12,Remote,operations,Managed high-volume healthcare recruiting for clinical roles.
1947,Nicole Villegas,15,Chicago,engineering,Owned forecasting model for outbound pipeline generation.
1948,Lisa Garrison,3,Denver,product,Migrated legacy monolith endpoints to event-driven services.
1949,Justin Romero,9,Austin,support,Improved fulfillment SLA reporting with automated dashboards.
1950,Bruce Harris,14,Denver,operations,Scaled self-serve onboarding funnel for SMB customers.
1951,Nicholas Erickson,5,Remote,engineering,Shipped experimentation framework for signup conversion.
1952,Kathleen Harrell,6,Atlanta,product,Ran agile ceremonies for cross-functional product squad.
1953,Jack Fuentes,0,Remote,support,Built churn propensity model for customer success team.
1954,Dakota Montes,5,Seattle,sales,Ran agile ceremonies for cross-functional product squad.
1955,Adriana Davenport,10,Austin,engineering,Negotiated software procurement and vendor savings initiatives.
1956,Dustin Jackson,17,Austin,analytics,Negotiated software procurement and vendor savings initiatives.
1957,Mike Perry,9,Denver,engineering,Expanded support knowledge base and deflected repetitive tickets.
1958,Danielle Mullins,5,Remote,analytics,Scaled self-serve onboarding funnel for SMB customers.
1959,Rachel Taylor,14,Chicago,operations,Maintained SOC 2 evidence collection process.
1960,Thomas Villanueva,3,Austin,product,Negotiated software procurement and vendor savings initiatives.
1961,Kelli Fleming,3,Remote,operations,"Implemented Okta and SCIM provisioning for 2,000 employees."
1962,Jessica Carrillo,9,Chicago,operations,Scaled self-serve onboarding funnel for SMB customers.
1963,Kelly Jones,14,Denver,analytics,Reduced cloud spend by redesigning batch compute workloads.
1964,James Barton,3,Seattle,product,Expanded support knowledge base and deflected repetitive tickets.
1965,James Johnson,0,Austin,support,Expanded support knowledge base and deflected repetitive tickets.
1966,Brittany Andrews,13,Chicago,support,Closed strategic logistics accounts in manufacturing sector.
1967,Veronica Lloyd,10,Seattle,sales,Built role-based compensation benchmarking dashboards.
1968,Valerie Barnes,12,Austin,operations,Managed enterprise renewals exceeding $4M ARR.
1969,Mercedes Russo,7,Seattle,sales,Shipped experimentation framework for signup conversion.
1970,Emily Cooper,2,Atlanta,operations,Ran agile ceremonies for cross-functional product squad.
1971,Stephanie Bishop,5,Chicago,support,Negotiated software procurement and vendor savings initiatives.
1972,Jared Schneider,8,Atlanta,engineering,"Drove product launch for analytics module used by 8,000 accounts."
1973,Lori Montgomery,7,Chicago,engineering,Automated revenue recognition data quality checks.
1974,Gregory Cain,16,Remote,analytics,Owned forecasting model for outbound pipeline generation.
1975,Patricia Ibarra,4,Denver,support,Introduced warehouse slotting optimization process.
1976,Joshua Price,5,Seattle,product,Built role-based compensation benchmarking dashboards.
1977,Sheryl Meyer,3,Chicago,analytics,Built churn propensity model for customer success team.
1978,Cindy Hunt,10,Remote,analytics,Maintained SOC 2 evidence collection process.
1979,Glen Reid,14,Chicago,sales,Introduced warehouse slotting optimization process.
1980,Steve Fernandez,15,Atlanta,operations,Led multi-region ERP rollout across three warehouses.
1981,Ronnie Torres,4,Seattle,sales,Managed enterprise renewals exceeding $4M ARR.
1982,Jonathan Dennis,7,Remote,engineering,Launched partner onboarding program across EMEA region.
1983,Debbie Romero,13,Seattle,operations,"Drove product launch for analytics module used by 8,000 accounts."
1984,Peter Pugh,0,Seattle,sales,"Drove product launch for analytics module used by 8,000 accounts."
1985,Kenneth Smith,12,Seattle,analytics,Built dbt models and Airflow pipelines for finance analytics.
1986,David Reese,2,Denver,support,Expanded support knowledge base and deflected repetitive tickets.
1987,Michelle Pineda,0,Seattle,product,Built dbt models and Airflow pipelines for finance analytics.
1988,Sarah Hall,2,Atlanta,product,Built churn propensity model for customer success team.
1989,Michael Briggs,15,Atlanta,sales,"Drove product launch for analytics module used by 8,000 accounts."
1990,Brenda Gray,12,Chicago,product,Shipped experimentation framework for signup conversion.
1991,Ashley Black,14,Denver,product,Automated revenue recognition data quality checks.
1992,Richard Gibson,12,Austin,analytics,Scaled self-serve onboarding funnel for SMB customers.
1993,Jeffery Jenkins,14,Seattle,sales,Closed strategic logistics accounts in manufacturing sector.
1994,Jeffery Anderson,8,Austin,support,Managed enterprise renewals exceeding $4M ARR.
1995,Blake Rhodes,14,Austin,engineering,Migrated legacy monolith endpoints to event-driven services.
1996,Justin Maxwell,1,Chicago,operations,Improved fulfillment SLA reporting with automated dashboards.
1997,Lauren Fields,10,Austin,analytics,Improved NPS by redesigning incident communications workflow.
1998,Melissa Gould PhD,13,Seattle,product,Introduced warehouse slotting optimization process.
1999,Christopher Wagner,17,Austin,product,Designed interview loops for engineering leveling refresh.
2000,Mr. Walter Palmer,6,Denver,support,Shipped experimentation framework for signup conversion.
2001,Melissa Gibson,3,Seattle,operations,Designed interview loops for engineering leveling refresh.
2002,Christopher Hansen,12,Atlanta,engineering,Improved fulfillment SLA reporting with automated dashboards.
2003,Barbara Phelps,1,Atlanta,support,Built churn propensity model for customer success team.
2004,Jacob Roberts,13,Denver,product,Expanded support knowledge base and deflected repetitive tickets.
2005,Autumn Torres,12,Denver,operations,Scaled self-serve onboarding funnel for SMB customers.
2006,Edward Johnson,12,Seattle,analytics,Owned forecasting model for outbound pipeline generation.
2007,Richard Fisher,5,Denver,product,Migrated legacy monolith endpoints to event-driven services.
2008,Elizabeth Campbell,2,Seattle,engineering,Improved fulfillment SLA reporting with automated dashboards.
2009,Patrick Smith,10,Seattle,support,Maintained SOC 2 evidence collection process.
2010,Andrea Williams,6,Chicago,analytics,Scaled self-serve onboarding funnel for SMB customers.
2011,Mr. Jesse Morgan,7,Austin,support,Owned forecasting model for outbound pipeline generation.
2012,Ruben Bass,3,Denver,sales,Closed strategic logistics accounts in manufacturing sector.
2013,Charles Fields,6,Denver,analytics,Ran agile ceremonies for cross-functional product squad.
2014,Mary Hernandez,14,Austin,sales,Reduced cloud spend by redesigning batch compute workloads.
2015,Ann Weber,16,Seattle,analytics,Owned forecasting model for outbound pipeline generation.
2016,Jasmine Mccullough,6,Atlanta,analytics,Negotiated software procurement and vendor savings initiatives.
2017,Angel Santiago,2,Atlanta,product,Built churn propensity model for customer success team.
2018,Donald Davis,0,Seattle,support,"Implemented Okta and SCIM provisioning for 2,000 employees."
2019,Alexander Mccoy,3,Denver,analytics,Ran agile ceremonies for cross-functional product squad.
2020,Ellen Brewer,0,Atlanta,operations,Led multi-region ERP rollout across three warehouses.
2021,Angela Friedman,12,Chicago,operations,Improved NPS by redesigning incident communications workflow.
2022,Nina Bernard,11,Seattle,analytics,Shipped experimentation framework for signup conversion.
2023,Nicole Shaw,14,Remote,product,Migrated legacy monolith endpoints to event-driven services.
2024,Matthew Schmidt,5,Remote,analytics,Shipped experimentation framework for signup conversion.
2025,Denise Harris,14,Denver,analytics,Closed strategic logistics accounts in manufacturing sector.
2026,Sara Riley,3,Austin,sales,Closed strategic logistics accounts in manufacturing sector.
2027,Joseph Flores,4,Remote,analytics,Built dbt models and Airflow pipelines for finance analytics.
2028,Katherine Peck,16,Atlanta,analytics,"Implemented Okta and SCIM provisioning for 2,000 employees."
2029,Christopher Johnson,15,Seattle,support,Launched partner onboarding program across EMEA region.
2030,Janet Davis,10,Chicago,sales,Launched partner onboarding program across EMEA region.
2031,Kimberly Mitchell,10,Remote,operations,Closed strategic logistics accounts in manufacturing sector.
2032,Randy Moore,12,Remote,operations,Improved fulfillment SLA reporting with automated dashboards.
2033,Meghan Brown,14,Austin,operations,Built dbt models and Airflow pipelines for finance analytics.
2034,Catherine Reeves,4,Atlanta,sales,Built dbt models and Airflow pipelines for finance analytics.
2035,Brett Thomas,1,Denver,sales,Built dbt models and Airflow pipelines for finance analytics.
2036,Deanna David,3,Atlanta,analytics,Improved fulfillment SLA reporting with automated dashboards.
2037,Amber Allen,6,Chicago,product,Built role-based compensation benchmarking dashboards.
2038,Cynthia Romero,4,Austin,engineering,Maintained SOC 2 evidence collection process.
2039,Tiffany Adams,9,Chicago,analytics,"Implemented Okta and SCIM provisioning for 2,000 employees."
2040,Juan Jones,2,Atlanta,support,"Drove product launch for analytics module used by 8,000 accounts."
2041,Mark Mcintyre,10,Chicago,support,Shipped experimentation framework for signup conversion.
2042,Julian Willis,12,Denver,product,Designed interview loops for engineering leveling refresh.
2043,Phillip Pearson,1,Denver,sales,Owned forecasting model for outbound pipeline generation.
2044,Keith Griffin,5,Seattle,engineering,"Drove product launch for analytics module used by 8,000 accounts."
2045,Kathryn Patton,9,Denver,product,Managed high-volume healthcare recruiting for clinical roles.
2046,Joshua Jackson,1,Austin,support,Migrated legacy monolith endpoints to event-driven services.
2047,Troy Ali,11,Atlanta,operations,Migrated legacy monolith endpoints to event-driven services.
2048,Amanda Hess,13,Chicago,product,Built churn propensity model for customer success team.
2049,Lisa Delgado,6,Chicago,operations,Automated revenue recognition data quality checks.
2050,Antonio Weeks,0,Seattle,support,"Drove product launch for analytics module used by 8,000 accounts."
2051,David Frazier,9,Chicago,product,Introduced warehouse slotting optimization process.
2052,Dr. Christy Pittman MD,15,Austin,support,Expanded support knowledge base and deflected repetitive tickets.
2053,Joseph Jones,5,Denver,analytics,Reduced cloud spend by redesigning batch compute workloads.
2054,Michael Rivas,15,Denver,sales,Built role-based compensation benchmarking dashboards.
2055,Yvonne Johns,15,Seattle,product,Introduced warehouse slotting optimization process.
2056,Jonathan Pham,5,Seattle,operations,Managed high-volume healthcare recruiting for clinical roles.
2057,Theresa Reid,10,Austin,analytics,Launched partner onboarding program across EMEA region.
2058,Michelle Nelson,0,Seattle,analytics,Managed high-volume healthcare recruiting for clinical roles.
2059,Erica Clark,9,Seattle,sales,Managed high-volume healthcare recruiting for clinical roles.
2060,Erin Sloan,15,Chicago,analytics,Reduced cloud spend by redesigning batch compute workloads.
2061,Thomas Lynch,16,Denver,operations,Migrated legacy monolith endpoints to event-driven services.
2062,Adam Thompson,3,Seattle,operations,Scaled self-serve onboarding funnel for SMB customers.
2063,Melissa Burns,11,Atlanta,product,Managed high-volume healthcare recruiting for clinical roles.
2064,Brad Mcdowell,1,Denver,support,Maintained SOC 2 evidence collection process.
2065,Kimberly Stafford,5,Seattle,operations,"Drove product launch for analytics module used by 8,000 accounts."
2066,Jill Martinez,15,Atlanta,engineering,Built churn propensity model for customer success team.
2067,Jamie Burke,11,Atlanta,support,"Drove product launch for analytics module used by 8,000 accounts."
2068,Ryan Cain,7,Austin,support,Negotiated software procurement and vendor savings initiatives.
2069,Mrs. Jacqueline Lee,17,Atlanta,engineering,Improved fulfillment SLA reporting with automated dashboards.
2070,Patrick Chang,13,Chicago,support,Maintained SOC 2 evidence collection process.
2071,Michelle Lee,0,Remote,operations,Maintained SOC 2 evidence collection process.
2072,Lori Stokes,1,Chicago,support,Managed high-volume healthcare recruiting for clinical roles.
2073,William Coffey,11,Austin,product,Built role-based compensation benchmarking dashboards.
2074,Johnathan Padilla,15,Denver,support,Built role-based compensation benchmarking dashboards.
2075,Adrienne Joyce,2,Denver,product,Led multi-region ERP rollout across three warehouses.
2076,Ashley Ramirez,9,Denver,engineering,Migrated legacy monolith endpoints to event-driven services.
2077,Carolyn Lee,14,Remote,sales,"Implemented Okta and SCIM provisioning for 2,000 employees."
2078,Megan Morrison,15,Chicago,engineering,Built role-based compensation benchmarking dashboards.
2079,Kevin Reese,11,Remote,sales,Built role-based compensation benchmarking dashboards.
2080,Timothy Foley,17,Austin,operations,Designed interview loops for engineering leveling refresh.
2081,Monica Hill,16,Atlanta,engineering,Reduced cloud spend by redesigning batch compute workloads.
2082,Allison Booker,15,Austin,operations,Expanded support knowledge base and deflected repetitive tickets.
2083,Lisa Becker,12,Chicago,engineering,Managed high-volume healthcare recruiting for clinical roles.
2084,April Simmons,17,Austin,engineering,Improved NPS by redesigning incident communications workflow.
2085,Marie Nash,0,Chicago,product,Automated revenue recognition data quality checks.
2086,Ryan Russell,1,Denver,support,Owned forecasting model for outbound pipeline generation.
2087,Joseph Simpson,9,Remote,operations,Reduced cloud spend by redesigning batch compute workloads.
2088,Amanda Griffith,12,Seattle,analytics,Negotiated software procurement and vendor savings initiatives.
2089,Thomas Patel,16,Seattle,sales,Introduced warehouse slotting optimization process.
2090,James Cook,12,Denver,operations,Designed interview loops for engineering leveling refresh.
2091,Rhonda Mooney,4,Chicago,support,Shipped experimentation framework for signup conversion.
2092,Michael Rosario,16,Chicago,analytics,Migrated legacy monolith endpoints to event-driven services.
2093,Christina Murphy,1,Austin,support,Migrated legacy monolith endpoints to event-driven services.
2094,Mario Johnson,1,Atlanta,operations,Managed high-volume healthcare recruiting for clinical roles.
2095,Alexander Robles,12,Seattle,operations,Launched partner onboarding program across EMEA region.
2096,Sara Wright,17,Atlanta,product,Scaled self-serve onboarding funnel for SMB customers.
2097,Tyler Wall,9,Atlanta,product,Improved fulfillment SLA reporting with automated dashboards.
2098,Kelly Young,2,Denver,sales,Expanded support knowledge base and deflected repetitive tickets.
2099,Kyle Gonzales,0,Remote,operations,Owned forecasting model for outbound pipeline generation.
2100,Jeremy Martinez,17,Remote,support,Built role-based compensation benchmarking dashboards.
2101,Sydney Bennett,5,Denver,sales,Shipped experimentation framework for signup conversion.
2102,Melissa Patton,11,Seattle,support,Managed high-volume healthcare recruiting for clinical roles.
2103,Robert Brown,5,Denver,product,Negotiated software procurement and vendor savings initiatives.
2104,Jessica Garcia,3,Austin,sales,Improved NPS by redesigning incident communications workflow.
2105,Anthony Horn,12,Chicago,engineering,Expanded support knowledge base and deflected repetitive tickets.
2106,Luis Jenkins,13,Remote,product,Introduced warehouse slotting optimization process.
2107,Rachel Hanson,8,Denver,product,Built dbt models and Airflow pipelines for finance analytics.
2108,John Patterson,9,Remote,product,Migrated legacy monolith endpoints to event-driven services.
2109,Ashley Curtis,8,Chicago,analytics,Expanded support knowledge base and deflected repetitive tickets.
2110,Allison Holmes,10,Denver,engineering,Built dbt models and Airflow pipelines for finance analytics.
2111,Ashley Smith,14,Austin,product,Led multi-region ERP rollout across three warehouses.
2112,Leslie Randall,12,Seattle,sales,Expanded support knowledge base and deflected repetitive tickets.
2113,Beth Hicks,5,Chicago,sales,Closed strategic logistics accounts in manufacturing sector.
2114,John Oliver,4,Austin,support,Built churn propensity model for customer success team.
2115,Chad Williams,12,Chicago,operations,Launched partner onboarding program across EMEA region.
2116,Kevin Palmer,11,Atlanta,product,Launched partner onboarding program across EMEA region.
2117,Heather Silva,6,Seattle,product,Designed interview loops for engineering leveling refresh.
2118,Brianna Harrison,15,Remote,support,Closed strategic logistics accounts in manufacturing sector.
2119,Donna Cordova,7,Chicago,product,Introduced warehouse slotting optimization process.
2120,Mary Thomas,6,Atlanta,analytics,"Implemented Okta and SCIM provisioning for 2,000 employees."
2121,Robert Hansen,10,Denver,product,Improved NPS by redesigning incident communications workflow.
2122,Gregg Bray,3,Seattle,product,Managed high-volume healthcare recruiting for clinical roles.
2123,Christina Jones,12,Seattle,sales,Shipped experimentation framework for signup conversion.
2124,John Holt,16,Austin,operations,Managed high-volume healthcare recruiting for clinical roles.
2125,Michael Christian,17,Austin,analytics,"Implemented Okta and SCIM provisioning for 2,000 employees."
2126,Gabriela Evans,8,Atlanta,product,Expanded support knowledge base and deflected repetitive tickets.
2127,Brian Walter,4,Atlanta,operations,Managed enterprise renewals exceeding $4M ARR.
2128,Kathleen Mora,8,Remote,sales,Built role-based compensation benchmarking dashboards.
2129,Melissa Owens,1,Remote,sales,Automated revenue recognition data quality checks.
2130,John Tate,12,Austin,support,Introduced warehouse slotting optimization process.
2131,Renee Bennett,7,Atlanta,analytics,Improved fulfillment SLA reporting with automated dashboards.
2132,Ronald Smith,2,Denver,sales,"Implemented Okta and SCIM provisioning for 2,000 employees."
2133,Hunter Spencer,9,Denver,support,"Implemented Okta and SCIM provisioning for 2,000 employees."
2134,Jeremiah Welch,12,Austin,analytics,Expanded support knowledge base and deflected repetitive tickets.
2135,Heather Hester,4,Remote,analytics,"Implemented Okta and SCIM provisioning for 2,000 employees."
2136,Duane Robinson,7,Austin,analytics,Led multi-region ERP rollout across three warehouses.
2137,Christopher Abbott,16,Remote,sales,"Implemented Okta and SCIM provisioning for 2,000 employees."
2138,Craig Thompson,12,Remote,sales,Closed strategic logistics accounts in manufacturing sector.
2139,Brian Decker,14,Seattle,support,Introduced warehouse slotting optimization process.
2140,Matthew Dyer,8,Austin,support,Reduced cloud spend by redesigning batch compute workloads.
2141,Daniel Bryant,8,Denver,product,Built role-based compensation benchmarking dashboards.
2142,Jaime Jackson,8,Austin,product,Reduced cloud spend by redesigning batch compute workloads.
2143,Rebecca Hanson,8,Atlanta,operations,Expanded support knowledge base and deflected repetitive tickets.
2144,Michael Wilson,2,Remote,operations,Built dbt models and Airflow pipelines for finance analytics.
2145,Bianca Lopez,0,Atlanta,product,Migrated legacy monolith endpoints to event-driven services.
2146,Melissa Stewart,14,Austin,engineering,Managed enterprise renewals exceeding $4M ARR.
2147,Mark Mccall,9,Chicago,product,Scaled self-serve onboarding funnel for SMB customers.
2148,Laurie Dickerson,9,Chicago,sales,Launched partner onboarding program across EMEA region.
2149,Charles Wright,10,Denver,sales,Launched partner onboarding program across EMEA region.
2150,Diana Martinez,7,Denver,operations,Migrated legacy monolith endpoints to event-driven services.
2151,Lauren Burns,16,Seattle,support,Designed interview loops for engineering leveling refresh.
2152,Rachel Gibbs,8,Chicago,operations,Owned forecasting model for outbound pipeline generation.
2153,Carol Hughes,9,Chicago,product,Maintained SOC 2 evidence collection process.
2154,Nicole Brooks,9,Chicago,support,"Implemented Okta and SCIM provisioning for 2,000 employees."
2155,Cassidy Marquez,2,Remote,support,Introduced warehouse slotting optimization process.
2156,Karen Sosa,3,Chicago,support,Negotiated software procurement and vendor savings initiatives.
2157,Kevin Little,3,Remote,engineering,Launched partner onboarding program across EMEA region.
2158,Marie Clark,4,Atlanta,support,Ran agile ceremonies for cross-functional product squad.
2159,Jodi Young,2,Chicago,analytics,"Implemented Okta and SCIM provisioning for 2,000 employees."
2160,Jeffery Bennett,4,Atlanta,sales,Led multi-region ERP rollout across three warehouses.
2161,Ryan Scott,16,Austin,support,Expanded support knowledge base and deflected repetitive tickets.
2162,Paul Phillips,6,Remote,engineering,Migrated legacy monolith endpoints to event-driven services.
2163,Crystal Williams,14,Remote,analytics,Maintained SOC 2 evidence collection process.
2164,Gabrielle Hayes,7,Chicago,analytics,Ran agile ceremonies for cross-functional product squad.
2165,Jacob Jimenez,14,Chicago,engineering,Reduced cloud spend by redesigning batch compute workloads.
2166,Alexander Alexander,13,Denver,operations,Built dbt models and Airflow pipelines for finance analytics.
2167,Bill Valenzuela,15,Seattle,engineering,Built role-based compensation benchmarking dashboards.
2168,Jonathan Payne,5,Atlanta,product,"Drove product launch for analytics module used by 8,000 accounts."
2169,Donald Perez,1,Austin,support,Managed enterprise renewals exceeding $4M ARR.
2170,Isaac Payne,5,Austin,product,Migrated legacy monolith endpoints to event-driven services.
2171,Michael Wright,12,Chicago,operations,Led multi-region ERP rollout across three warehouses.
2172,Patricia Bruce,11,Seattle,sales,Scaled self-serve onboarding funnel for SMB customers.
2173,Larry Taylor,12,Chicago,product,Maintained SOC 2 evidence collection process.
2174,Michelle Daniels,17,Remote,sales,Built dbt models and Airflow pipelines for finance analytics.
2175,Randy Campbell,4,Chicago,operations,Closed strategic logistics accounts in manufacturing sector.
2176,Zachary Bautista,7,Remote,engineering,Designed interview loops for engineering leveling refresh.
2177,Norma Smith,8,Remote,support,Built dbt models and Airflow pipelines for finance analytics.
2178,Virginia Lynn,2,Seattle,engineering,Negotiated software procurement and vendor savings initiatives.
2179,Crystal Cummings,11,Chicago,engineering,Managed enterprise renewals exceeding $4M ARR.
2180,David Matthews,0,Austin,support,Automated revenue recognition data quality checks.
2181,Julie Olsen,16,Chicago,product,Managed enterprise renewals exceeding $4M ARR.
2182,Brady Singleton,1,Atlanta,product,Closed strategic logistics accounts in manufacturing sector.
2183,Tom Butler,1,Seattle,product,"Implemented Okta and SCIM provisioning for 2,000 employees."
2184,Samuel Johnson,3,Remote,engineering,Shipped experimentation framework for signup conversion.
2185,Shane Torres,16,Remote,operations,Introduced warehouse slotting optimization process.
2186,Kathryn Hopkins,15,Chicago,support,Led multi-region ERP rollout across three warehouses.
2187,Darin Simmons,16,Denver,sales,Scaled self-serve onboarding funnel for SMB customers.
2188,Pamela Vaughn,14,Seattle,support,Migrated legacy monolith endpoints to event-driven services.
2189,Kevin Bradley,16,Seattle,product,Built churn propensity model for customer success team.
2190,Charles Rowland,8,Chicago,product,"Drove product launch for analytics module used by 8,000 accounts."
2191,Laura Lloyd DVM,0,Austin,support,Closed strategic logistics accounts in manufacturing sector.
2192,Jeanne James,7,Austin,support,Expanded support knowledge base and deflected repetitive tickets.
2193,Amy Hughes,3,Seattle,analytics,Improved NPS by redesigning incident communications workflow.
2194,Gary Hayden,4,Denver,engineering,Improved NPS by redesigning incident communications workflow.
2195,Elizabeth Jackson,12,Seattle,operations,Negotiated software procurement and vendor savings initiatives.
2196,Cassandra Serrano,3,Seattle,product,"Implemented Okta and SCIM provisioning for 2,000 employees."
2197,Alyssa Gonzalez,5,Remote,product,Scaled self-serve onboarding funnel for SMB customers.
2198,Jasmin Harris,7,Denver,sales,Built dbt models and Airflow pipelines for finance analytics.
2199,Joseph Gibson,1,Atlanta,support,Led multi-region ERP rollout across three warehouses.
2200,Adam Murphy,12,Chicago,sales,"Drove product launch for analytics module used by 8,000 accounts."
2201,Jeanne Mayo,13,Remote,operations,Managed enterprise renewals exceeding $4M ARR.
2202,Jason Paul,10,Remote,analytics,Negotiated software procurement and vendor savings initiatives.
2203,Steven Clark,0,Denver,operations,Reduced cloud spend by redesigning batch compute workloads.
2204,Emily Meyers,14,Denver,analytics,Improved fulfillment SLA reporting with automated dashboards.
2205,Caitlin Andrews,8,Seattle,engineering,Built churn propensity model for customer success team.
2206,Dale Moran,4,Denver,sales,Designed interview loops for engineering leveling refresh.
2207,Dakota Ritter,17,Seattle,support,Led multi-region ERP rollout across three warehouses.
2208,Roger Jacobs,15,Austin,analytics,Built role-based compensation benchmarking dashboards.
2209,Gary Carroll,7,Chicago,product,Launched partner onboarding program across EMEA region.
2210,Joel Williams Jr.,7,Seattle,product,Expanded support knowledge base and deflected repetitive tickets.
2211,Tamara Reed,16,Remote,operations,Negotiated software procurement and vendor savings initiatives.
2212,Rebecca Myers,3,Austin,sales,Shipped experimentation framework for signup conversion.
2213,Sarah Perry,7,Seattle,sales,Improved fulfillment SLA reporting with automated dashboards.
2214,Luke Reynolds,10,Austin,analytics,Maintained SOC 2 evidence collection process.
2215,Matthew Hale,6,Remote,sales,Led multi-region ERP rollout across three warehouses.
2216,Michael Williams,5,Chicago,operations,Reduced cloud spend by redesigning batch compute workloads.
2217,Brooke Khan,1,Denver,sales,Maintained SOC 2 evidence collection process.
2218,Mary Jones,4,Seattle,operations,Launched partner onboarding program across EMEA region.
2219,Stephanie Kerr,6,Remote,product,Maintained SOC 2 evidence collection process.
2220,Philip Martinez,15,Denver,operations,Maintained SOC 2 evidence collection process.
2221,Pedro Gordon,6,Chicago,support,Scaled self-serve onboarding funnel for SMB customers.
2222,Jennifer Martin,2,Remote,operations,Migrated legacy monolith endpoints to event-driven services.
2223,Andrew Johnson,15,Remote,operations,Closed strategic logistics accounts in manufacturing sector.
2224,Megan Murray,6,Atlanta,analytics,Managed enterprise renewals exceeding $4M ARR.
2225,James Lee,16,Austin,engineering,Improved fulfillment SLA reporting with automated dashboards.
2226,David Fletcher,1,Remote,operations,Introduced warehouse slotting optimization process.
2227,Michael Marshall,0,Atlanta,engineering,Automated revenue recognition data quality checks.
2228,Bradley Sandoval,16,Atlanta,sales,Ran agile ceremonies for cross-functional product squad.
2229,Jessica Ruiz,1,Austin,support,Improved NPS by redesigning incident communications workflow.
2230,Christopher Roberson,0,Remote,sales,Built role-based compensation benchmarking dashboards.
2231,Cassandra Martinez,11,Seattle,sales,Improved fulfillment SLA reporting with automated dashboards.
2232,Caroline Powers,5,Chicago,analytics,Managed high-volume healthcare recruiting for clinical roles.
2233,Donald Alexander,8,Denver,operations,Owned forecasting model for outbound pipeline generation.
2234,Miguel Stafford,7,Denver,engineering,Shipped experimentation framework for signup conversion.
2235,Jessica Williams,5,Remote,product,Closed strategic logistics accounts in manufacturing sector.
2236,Kelly Bates,8,Denver,product,Built churn propensity model for customer success team.
2237,Ashley Vaughn,4,Remote,analytics,Migrated legacy monolith endpoints to event-driven services.
2238,Kyle Williams,4,Seattle,analytics,"Drove product launch for analytics module used by 8,000 accounts."
2239,Dakota Wright,4,Denver,support,Shipped experimentation framework for signup conversion.
2240,Christina Smith,2,Denver,product,Closed strategic logistics accounts in manufacturing sector.
2241,Adrian Hoover,9,Seattle,engineering,Built churn propensity model for customer success team.
2242,Amy Benjamin,9,Denver,engineering,Launched partner onboarding program across EMEA region.
2243,Russell Beck,0,Seattle,sales,Expanded support knowledge base and deflected repetitive tickets.
2244,Amanda Hunt,8,Austin,sales,Managed high-volume healthcare recruiting for clinical roles.
2245,Erica Sims,13,Denver,product,Improved NPS by redesigning incident communications workflow.
2246,Taylor Foster,0,Atlanta,analytics,Expanded support knowledge base and deflected repetitive tickets.
2247,David Rodriguez,5,Denver,support,Automated revenue recognition data quality checks.
2248,Adrian Valdez,17,Remote,support,Built dbt models and Airflow pipelines for finance analytics.
2249,Daniel Robinson,7,Chicago,support,"Implemented Okta and SCIM provisioning for 2,000 employees."
2250,Diana Hanson,0,Remote,product,Led multi-region ERP rollout across three warehouses.
2251,Stephen Jenkins,9,Austin,analytics,Owned forecasting model for outbound pipeline generation.
2252,Kathryn Mooney,7,Denver,support,Managed enterprise renewals exceeding $4M ARR.
2253,Raven Nielsen,3,Atlanta,sales,Migrated legacy monolith endpoints to event-driven services.
2254,Darlene Davis,1,Chicago,sales,Shipped experimentation framework for signup conversion.
2255,Mark Price,15,Atlanta,analytics,Scaled self-serve onboarding funnel for SMB customers.
2256,Patricia Anderson,14,Remote,product,Owned forecasting model for outbound pipeline generation.
2257,Philip Watts,12,Denver,engineering,Scaled self-serve onboarding funnel for SMB customers.
2258,Mary Jones,0,Atlanta,analytics,Built dbt models and Airflow pipelines for finance analytics.
2259,Thomas Cole,15,Remote,sales,Scaled self-serve onboarding funnel for SMB customers.
2260,Natalie Gordon,8,Remote,product,Closed strategic logistics accounts in manufacturing sector.
2261,Alexis Smith,8,Austin,analytics,Negotiated software procurement and vendor savings initiatives.
2262,Becky Young,15,Seattle,engineering,Improved NPS by redesigning incident communications workflow.
2263,David Miller,7,Remote,engineering,Launched partner onboarding program across EMEA region.
2264,Jonathan Harris,4,Remote,analytics,Managed enterprise renewals exceeding $4M ARR.
2265,Martin Young,4,Seattle,sales,Ran agile ceremonies for cross-functional product squad.
2266,Virginia Wallace,16,Austin,engineering,Migrated legacy monolith endpoints to event-driven services.
2267,Brandy Stewart,9,Seattle,engineering,Built role-based compensation benchmarking dashboards.
2268,Amanda Conner,10,Remote,engineering,Managed high-volume healthcare recruiting for clinical roles.
2269,Robert Christensen,10,Atlanta,operations,Launched partner onboarding program across EMEA region.
2270,Nicholas Cooper,3,Austin,support,Introduced warehouse slotting optimization process.
2271,Anthony Hardin,7,Chicago,product,Built churn propensity model for customer success team.
2272,Rebecca Horton MD,17,Chicago,analytics,Built dbt models and Airflow pipelines for finance analytics.
2273,Kelly White,2,Remote,product,Introduced warehouse slotting optimization process.
2274,Amy Vasquez,17,Austin,support,"Implemented Okta and SCIM provisioning for 2,000 employees."
2275,Amy Braun,4,Seattle,engineering,Improved NPS by redesigning incident communications workflow.
2276,Beth Thompson,5,Chicago,support,Improved NPS by redesigning incident communications workflow.
2277,Rebecca Harris,0,Seattle,sales,Ran agile ceremonies for cross-functional product squad.
2278,Jessica Mcdonald,11,Austin,product,Introduced warehouse slotting optimization process.
2279,Craig Coleman,5,Chicago,product,Expanded support knowledge base and deflected repetitive tickets.
2280,Elizabeth Ray,8,Austin,engineering,Shipped experimentation framework for signup conversion.
2281,Christina Huffman,10,Atlanta,sales,Introduced warehouse slotting optimization process.
2282,Dr. Ian Gray,11,Seattle,operations,Negotiated software procurement and vendor savings initiatives.
2283,Jay Lynch,17,Denver,support,Maintained SOC 2 evidence collection process.
2284,Christopher Mckay,10,Atlanta,analytics,Owned forecasting model for outbound pipeline generation.
2285,Dr. Jeffery Miller,3,Atlanta,engineering,Introduced warehouse slotting optimization process.
2286,Elizabeth Medina,12,Denver,analytics,Built dbt models and Airflow pipelines for finance analytics.
2287,Casey James,0,Seattle,analytics,Managed high-volume healthcare recruiting for clinical roles.
2288,Douglas Hart,15,Chicago,product,Reduced cloud spend by redesigning batch compute workloads.
2289,Mr. Miguel Gonzalez,5,Chicago,sales,"Drove product launch for analytics module used by 8,000 accounts."
2290,April Hensley,13,Chicago,engineering,Reduced cloud spend by redesigning batch compute workloads.
2291,Jacqueline Sullivan,2,Chicago,support,Scaled self-serve onboarding funnel for SMB customers.
2292,James Harmon,7,Austin,support,Designed interview loops for engineering leveling refresh.
2293,Eric Archer,12,Austin,analytics,"Implemented Okta and SCIM provisioning for 2,000 employees."
2294,Stephen Riddle,11,Austin,support,Improved fulfillment SLA reporting with automated dashboards.
2295,Timothy Martin,0,Austin,sales,Improved NPS by redesigning incident communications workflow.
2296,Tina Wise,0,Atlanta,engineering,Shipped experimentation framework for signup conversion.
2297,Hannah Fletcher,17,Chicago,operations,"Implemented Okta and SCIM provisioning for 2,000 employees."
2298,Isabel Brown,9,Atlanta,product,Migrated legacy monolith endpoints to event-driven services.
2299,Jeff Wright,15,Austin,analytics,Shipped experimentation framework for signup conversion.
2300,Thomas Ward,1,Seattle,analytics,Closed strategic logistics accounts in manufacturing sector.
2301,Alyssa Wade,8,Denver,product,Scaled self-serve onboarding funnel for SMB customers.
2302,Larry Blackburn,10,Denver,sales,Maintained SOC 2 evidence collection process.
2303,David Lane,16,Seattle,operations,Scaled self-serve onboarding funnel for SMB customers.
2304,Candice Wilson,12,Remote,support,Closed strategic logistics accounts in manufacturing sector.
2305,Michael Cruz,11,Seattle,engineering,Introduced warehouse slotting optimization process.
2306,Valerie Miller,5,Denver,operations,Built churn propensity model for customer success team.
2307,Sherri Martin,17,Denver,analytics,Improved fulfillment SLA reporting with automated dashboards.
2308,Michael Mason,5,Denver,sales,Shipped experimentation framework for signup conversion.
2309,Stacie Willis,5,Austin,sales,Built dbt models and Airflow pipelines for finance analytics.
2310,Nicole Glass,13,Denver,operations,Negotiated software procurement and vendor savings initiatives.
2311,Ashley Armstrong,17,Seattle,product,Scaled self-serve onboarding funnel for SMB customers.
2312,Robin Adams,15,Chicago,operations,"Drove product launch for analytics module used by 8,000 accounts."
2313,Paul Hale,3,Denver,product,Built churn propensity model for customer success team.
2314,Christopher Vasquez,14,Austin,support,Built churn propensity model for customer success team.
2315,Raymond Butler,6,Chicago,engineering,Owned forecasting model for outbound pipeline generation.
2316,Dylan Jordan,3,Austin,product,Owned forecasting model for outbound pipeline generation.
2317,Cody Taylor,16,Denver,analytics,Migrated legacy monolith endpoints to event-driven services.
2318,Mr. Brian Bradley,17,Chicago,analytics,Led multi-region ERP rollout across three warehouses.
2319,Curtis Brady,6,Remote,support,Managed enterprise renewals exceeding $4M ARR.
2320,Cheryl Bird,0,Atlanta,engineering,Managed high-volume healthcare recruiting for clinical roles.
2321,Jessica Durham,3,Denver,sales,Led multi-region ERP rollout across three warehouses.
2322,Mark Miller,9,Atlanta,support,Built dbt models and Airflow pipelines for finance analytics.
2323,Caleb Brown,1,Remote,analytics,Led multi-region ERP rollout across three warehouses.
2324,David Washington,4,Chicago,operations,Expanded support knowledge base and deflected repetitive tickets.
2325,Alexandra Adams,2,Chicago,operations,Built dbt models and Airflow pipelines for finance analytics.
2326,Mary Mccormick,17,Atlanta,analytics,"Implemented Okta and SCIM provisioning for 2,000 employees."
2327,Daniel Conner,6,Austin,operations,Expanded support knowledge base and deflected repetitive tickets.
2328,Joseph Hayden,6,Atlanta,operations,Designed interview loops for engineering leveling refresh.
2329,John Sherman,7,Austin,analytics,Designed interview loops for engineering leveling refresh.
2330,Gabrielle Maldonado,0,Remote,sales,Automated revenue recognition data quality checks.
2331,Ethan Allen,9,Seattle,analytics,Closed strategic logistics accounts in manufacturing sector.
2332,James Bishop,16,Austin,support,Managed high-volume healthcare recruiting for clinical roles.
2333,Shelley Drake,14,Atlanta,support,Ran agile ceremonies for cross-functional product squad.
2334,Seth Morales,4,Chicago,analytics,Improved fulfillment SLA reporting with automated dashboards.
2335,Tammy Johnson,0,Atlanta,operations,Improved fulfillment SLA reporting with automated dashboards.
2336,Joseph Tapia,13,Atlanta,analytics,Built churn propensity model for customer success team.
2337,Danielle Hayes,15,Remote,support,Ran agile ceremonies for cross-functional product squad.
2338,Sheila Robertson,16,Chicago,sales,Shipped experimentation framework for signup conversion.
2339,April Little,10,Atlanta,operations,Improved NPS by redesigning incident communications workflow.
2340,Erica Schultz,8,Remote,support,Led multi-region ERP rollout across three warehouses.
2341,Tracy Fitzgerald,13,Austin,analytics,Improved NPS by redesigning incident communications workflow.
2342,Cynthia Washington,12,Chicago,operations,Managed enterprise renewals exceeding $4M ARR.
2343,Rebecca Bailey,13,Seattle,sales,Ran agile ceremonies for cross-functional product squad.
2344,Teresa Alvarez,5,Austin,product,Built dbt models and Airflow pipelines for finance analytics.
2345,Melissa Garcia,16,Chicago,analytics,Managed enterprise renewals exceeding $4M ARR.
2346,Lawrence Joseph,0,Remote,analytics,Built churn propensity model for customer success team.
2347,Sherri Glover,1,Atlanta,operations,Built churn propensity model for customer success team.
2348,Amanda Jimenez,11,Austin,support,Reduced cloud spend by redesigning batch compute workloads.
2349,Ronnie Davies,10,Remote,sales,Introduced warehouse slotting optimization process.
2350,Mrs. Stephanie Friedman,9,Atlanta,product,Improved NPS by redesigning incident communications workflow.
2351,Mr. David Jackson,16,Denver,engineering,Automated revenue recognition data quality checks.
2352,Melissa Garcia,15,Remote,engineering,Improved NPS by redesigning incident communications workflow.
2353,Alyssa Hickman MD,12,Chicago,analytics,Improved fulfillment SLA reporting with automated dashboards.
2354,Douglas Ball,2,Denver,product,Migrated legacy monolith endpoints to event-driven services.
2355,Tiffany Lambert,1,Atlanta,engineering,Managed enterprise renewals exceeding $4M ARR.
2356,Tammy Schultz,2,Chicago,support,Improved fulfillment SLA reporting with automated dashboards.
2357,Robert Cook II,11,Austin,operations,Built role-based compensation benchmarking dashboards.
2358,Tammy Brown,12,Austin,engineering,Scaled self-serve onboarding funnel for SMB customers.
2359,Thomas Paul,14,Chicago,operations,Introduced warehouse slotting optimization process.
2360,Martha Glover,1,Austin,analytics,Introduced warehouse slotting optimization process.
2361,Jessica Hall,4,Atlanta,analytics,Improved fulfillment SLA reporting with automated dashboards.
2362,Earl Rodriguez,6,Remote,product,Scaled self-serve onboarding funnel for SMB customers.
2363,Kevin Lopez,11,Chicago,product,Managed enterprise renewals exceeding $4M ARR.
2364,Laura Anderson,0,Austin,engineering,Improved NPS by redesigning incident communications workflow.
2365,James Mclaughlin,15,Austin,product,Closed strategic logistics accounts in manufacturing sector.
2366,Kevin Lee,1,Austin,engineering,Migrated legacy monolith endpoints to event-driven services.
2367,Jeff Wise,9,Atlanta,product,Managed enterprise renewals exceeding $4M ARR.
2368,Taylor Martinez,16,Denver,support,Migrated legacy monolith endpoints to event-driven services.
2369,Leslie Rodriguez,3,Denver,product,"Implemented Okta and SCIM provisioning for 2,000 employees."
2370,Samuel Stewart,12,Seattle,engineering,"Drove product launch for analytics module used by 8,000 accounts."
2371,Elizabeth Robinson,9,Denver,engineering,Negotiated software procurement and vendor savings initiatives.
2372,Brittany Campbell,14,Atlanta,product,Designed interview loops for engineering leveling refresh.
2373,Sarah Carey,10,Remote,sales,Led multi-region ERP rollout across three warehouses.
2374,Francisco Shaw,15,Chicago,operations,Closed strategic logistics accounts in manufacturing sector.
2375,Denise Abbott,7,Austin,sales,"Implemented Okta and SCIM provisioning for 2,000 employees."
2376,Lynn Lewis,2,Chicago,engineering,Led multi-region ERP rollout across three warehouses.
2377,Vincent Brown,12,Austin,engineering,Launched partner onboarding program across EMEA region.
2378,Brittany Moran,17,Seattle,engineering,Automated revenue recognition data quality checks.
2379,Taylor Walker,7,Remote,product,Improved fulfillment SLA reporting with automated dashboards.
2380,Tammy Parsons,14,Atlanta,engineering,Improved NPS by redesigning incident communications workflow.
2381,Monica Evans,15,Austin,product,"Implemented Okta and SCIM provisioning for 2,000 employees."
2382,Susan Moore,11,Remote,sales,Built churn propensity model for customer success team.
2383,James Henderson,14,Remote,analytics,Migrated legacy monolith endpoints to event-driven services.
2384,Gregory Myers,10,Denver,sales,Built dbt models and Airflow pipelines for finance analytics.
2385,Nicholas Campbell,14,Seattle,product,Launched partner onboarding program across EMEA region.
2386,Meredith Kelley,6,Atlanta,engineering,Built churn propensity model for customer success team.
2387,Frank Moody,9,Atlanta,support,Designed interview loops for engineering leveling refresh.
2388,Amy Michael,1,Denver,product,Improved NPS by redesigning incident communications workflow.
2389,Matthew Ray,3,Chicago,operations,Maintained SOC 2 evidence collection process.
2390,John Merritt,10,Chicago,operations,Introduced warehouse slotting optimization process.
2391,Robert Gonzalez,13,Denver,engineering,Expanded support knowledge base and deflected repetitive tickets.
2392,Heidi Chase,0,Seattle,product,Scaled self-serve onboarding funnel for SMB customers.
2393,Richard Garrison,1,Seattle,product,Closed strategic logistics accounts in manufacturing sector.
2394,William Shelton,0,Austin,operations,Owned forecasting model for outbound pipeline generation.
2395,Anthony Kelly,9,Austin,support,Migrated legacy monolith endpoints to event-driven services.
2396,Tony Wilson,6,Denver,support,Closed strategic logistics accounts in manufacturing sector.
2397,Gina Hamilton,0,Seattle,operations,Expanded support knowledge base and deflected repetitive tickets.
2398,Nathan Sanchez,14,Atlanta,engineering,Migrated legacy monolith endpoints to event-driven services.
2399,James Turner,9,Seattle,engineering,Led multi-region ERP rollout across three warehouses.
2400,Carrie Mcgee,0,Seattle,product,Built role-based compensation benchmarking dashboards.
2401,Wendy Lambert,12,Seattle,support,Built churn propensity model for customer success team.
2402,John Meyers,16,Atlanta,engineering,Built dbt models and Airflow pipelines for finance analytics.
2403,Mark Wallace,7,Austin,support,Managed enterprise renewals exceeding $4M ARR.
2404,Bruce Martinez,17,Chicago,product,Led multi-region ERP rollout across three warehouses.
2405,Susan Walker,7,Seattle,analytics,Improved fulfillment SLA reporting with automated dashboards.
2406,Victoria Mendoza,1,Chicago,operations,Owned forecasting model for outbound pipeline generation.
2407,Anna Watkins,2,Seattle,product,Negotiated software procurement and vendor savings initiatives.
2408,Zachary Park,1,Denver,product,Expanded support knowledge base and deflected repetitive tickets.
2409,Calvin Nguyen,5,Austin,operations,Led multi-region ERP rollout across three warehouses.
2410,Shannon Medina,6,Seattle,operations,Reduced cloud spend by redesigning batch compute workloads.
2411,Michael Long,7,Remote,product,"Drove product launch for analytics module used by 8,000 accounts."
2412,Rachel Moreno,8,Denver,product,Designed interview loops for engineering leveling refresh.
2413,Ryan Ryan,15,Austin,analytics,Managed enterprise renewals exceeding $4M ARR.
2414,Marissa Molina,0,Denver,analytics,Owned forecasting model for outbound pipeline generation.
2415,Matthew Wilson,16,Remote,support,Migrated legacy monolith endpoints to event-driven services.
2416,Melissa Smith,4,Chicago,sales,Built churn propensity model for customer success team.
2417,Ernest Williams,17,Austin,product,Ran agile ceremonies for cross-functional product squad.
2418,Marissa Miller,2,Seattle,sales,Negotiated software procurement and vendor savings initiatives.
2419,Paul Miller,1,Chicago,support,Managed high-volume healthcare recruiting for clinical roles.
2420,Edwin Burch,2,Austin,support,Expanded support knowledge base and deflected repetitive tickets.
2421,William Barrett,5,Seattle,sales,Ran agile ceremonies for cross-functional product squad.
2422,Angel Bautista,16,Denver,support,Reduced cloud spend by redesigning batch compute workloads.
2423,Elaine Ferguson,8,Austin,product,Designed interview loops for engineering leveling refresh.
2424,John Edwards,2,Austin,operations,Automated revenue recognition data quality checks.
2425,Yesenia Obrien,11,Chicago,analytics,Shipped experimentation framework for signup conversion.
2426,Melissa Bates,9,Austin,analytics,Maintained SOC 2 evidence collection process.
2427,Andrew Thomas,12,Austin,engineering,Ran agile ceremonies for cross-functional product squad.
2428,Cindy Anderson,13,Denver,analytics,Expanded support knowledge base and deflected repetitive tickets.
2429,Leslie Ramirez,14,Seattle,support,"Implemented Okta and SCIM provisioning for 2,000 employees."
2430,Jennifer Pierce,2,Denver,analytics,Improved fulfillment SLA reporting with automated dashboards.
2431,Matthew Martin,8,Austin,operations,Shipped experimentation framework for signup conversion.
2432,Tony Rhodes,11,Remote,analytics,Designed interview loops for engineering leveling refresh.
2433,Briana Harris,10,Atlanta,analytics,"Implemented Okta and SCIM provisioning for 2,000 employees."
2434,Debra Schultz,17,Remote,product,"Drove product launch for analytics module used by 8,000 accounts."
2435,Michelle Elliott,17,Atlanta,operations,Introduced warehouse slotting optimization process.
2436,Kayla Martin,14,Denver,sales,Migrated legacy monolith endpoints to event-driven services.
2437,Emily French,4,Atlanta,engineering,"Implemented Okta and SCIM provisioning for 2,000 employees."
2438,Victor Wright,9,Austin,product,Owned forecasting model for outbound pipeline generation.
2439,Joseph Sutton,14,Denver,sales,Managed high-volume healthcare recruiting for clinical roles.
2440,Gary Davis,4,Denver,operations,Improved fulfillment SLA reporting with automated dashboards.
2441,Paula Thomas,12,Chicago,support,Built role-based compensation benchmarking dashboards.
2442,Denise Garcia,4,Remote,sales,Led multi-region ERP rollout across three warehouses.
2443,Courtney Lynn,2,Remote,sales,Maintained SOC 2 evidence collection process.
2444,Becky Fox,4,Denver,analytics,"Drove product launch for analytics module used by 8,000 accounts."
2445,Leah Roman,16,Seattle,analytics,Migrated legacy monolith endpoints to event-driven services.
2446,Gregory Armstrong,17,Chicago,sales,"Drove product launch for analytics module used by 8,000 accounts."
2447,Devin Garcia,15,Remote,analytics,Negotiated software procurement and vendor savings initiatives.
2448,Evan Walton,4,Seattle,support,Built role-based compensation benchmarking dashboards.
2449,Robert Byrd,14,Seattle,sales,Reduced cloud spend by redesigning batch compute workloads.
2450,Kristen Macias,3,Atlanta,operations,Led multi-region ERP rollout across three warehouses.
2451,Kevin Green,2,Seattle,sales,"Implemented Okta and SCIM provisioning for 2,000 employees."
2452,Michelle Sandoval,4,Atlanta,product,Improved NPS by redesigning incident communications workflow.
2453,Keith Adams,2,Remote,operations,Expanded support knowledge base and deflected repetitive tickets.
2454,Margaret Wood,11,Atlanta,product,Led multi-region ERP rollout across three warehouses.
2455,Megan Barnes,12,Denver,product,Led multi-region ERP rollout across three warehouses.
2456,Jeffrey Gomez,0,Chicago,sales,Introduced warehouse slotting optimization process.
2457,Dustin Cisneros,1,Remote,product,Expanded support knowledge base and deflected repetitive tickets.
2458,Michelle Bradshaw,8,Austin,engineering,Maintained SOC 2 evidence collection process.
2459,Mark Miller,2,Austin,operations,Led multi-region ERP rollout across three warehouses.
2460,Randy Bruce,14,Austin,engineering,Built role-based compensation benchmarking dashboards.
2461,Angela Allen,7,Austin,engineering,Owned forecasting model for outbound pipeline generation.
2462,Kenneth Miller,7,Chicago,analytics,Improved fulfillment SLA reporting with automated dashboards.
2463,Timothy Stokes,0,Denver,analytics,Reduced cloud spend by redesigning batch compute workloads.
2464,Travis Rhodes,12,Chicago,analytics,Maintained SOC 2 evidence collection process.
2465,Breanna Jimenez,12,Denver,operations,"Drove product launch for analytics module used by 8,000 accounts."
2466,Megan Patel,13,Denver,support,Automated revenue recognition data quality checks.
2467,Adrian Lee,9,Denver,operations,Improved fulfillment SLA reporting with automated dashboards.
2468,Adrienne Coleman,4,Austin,analytics,Built dbt models and Airflow pipelines for finance analytics.
2469,Haley Gamble,1,Atlanta,operations,Built dbt models and Airflow pipelines for finance analytics.
2470,Tami Kidd,5,Chicago,sales,Designed interview loops for engineering leveling refresh.
2471,Melinda Williams,9,Atlanta,analytics,Led multi-region ERP rollout across three warehouses.
2472,Christopher Conrad,2,Austin,support,Migrated legacy monolith endpoints to event-driven services.
2473,Stephanie Thompson,0,Remote,sales,Maintained SOC 2 evidence collection process.
2474,Casey Gomez,3,Seattle,operations,Migrated legacy monolith endpoints to event-driven services.
2475,Jon Jackson,1,Denver,product,Designed interview loops for engineering leveling refresh.
2476,Gail Shelton,0,Denver,sales,"Implemented Okta and SCIM provisioning for 2,000 employees."
2477,Sarah Hodge,8,Chicago,operations,Managed enterprise renewals exceeding $4M ARR.
2478,John Baker,13,Remote,sales,Built dbt models and Airflow pipelines for finance analytics.
2479,Mark Long,8,Seattle,operations,Scaled self-serve onboarding funnel for SMB customers.
2480,Tanya Haley,1,Denver,operations,Migrated legacy monolith endpoints to event-driven services.
2481,Stephanie Walls,6,Atlanta,product,Owned forecasting model for outbound pipeline generation.
2482,Sarah Brown,0,Austin,engineering,Automated revenue recognition data quality checks.
2483,Joe Evans,11,Seattle,operations,Reduced cloud spend by redesigning batch compute workloads.
2484,Gregory Bowen,4,Atlanta,product,"Drove product launch for analytics module used by 8,000 accounts."
2485,Adam Jordan,6,Chicago,engineering,Introduced warehouse slotting optimization process.
2486,Joseph Roach,16,Seattle,analytics,Reduced cloud spend by redesigning batch compute workloads.
2487,Thomas Smith,10,Austin,engineering,Built dbt models and Airflow pipelines for finance analytics.
2488,Danielle Ruiz,13,Denver,analytics,Led multi-region ERP rollout across three warehouses.
2489,Jacob Mcclain,6,Remote,support,Built role-based compensation benchmarking dashboards.
2490,Debra Mayo,16,Seattle,analytics,Built dbt models and Airflow pipelines for finance analytics.
2491,Jessica Taylor,12,Austin,analytics,Owned forecasting model for outbound pipeline generation.
2492,Abigail Stephenson,9,Atlanta,support,Managed high-volume healthcare recruiting for clinical roles.
2493,Ashley Mitchell,10,Seattle,analytics,Designed interview loops for engineering leveling refresh.
2494,Jason Rivera,11,Atlanta,analytics,Improved NPS by redesigning incident communications workflow.
2495,Melvin Vaughan,2,Chicago,engineering,Improved NPS by redesigning incident communications workflow.
2496,Victoria Wilson,4,Seattle,engineering,Closed strategic logistics accounts in manufacturing sector.
2497,Jon Maldonado Jr.,12,Denver,engineering,"Drove product launch for analytics module used by 8,000 accounts."
2498,Phyllis Ross,7,Remote,analytics,Negotiated software procurement and vendor savings initiatives.
2499,Natalie Petersen,14,Remote,operations,Scaled self-serve onboarding funnel for SMB customers.
2500,Tyler Sparks,9,Remote,operations,"Drove product launch for analytics module used by 8,000 accounts."
2501,Gregory Smith,1,Denver,operations,Managed high-volume healthcare recruiting for clinical roles.
2502,Amber Gallegos,11,Seattle,product,Reduced cloud spend by redesigning batch compute workloads.
2503,Kyle Smith,10,Austin,operations,Migrated legacy monolith endpoints to event-driven services.
2504,Douglas Miller,6,Seattle,operations,Scaled self-serve onboarding funnel for SMB customers.
2505,Luke Daniel,14,Seattle,analytics,Ran agile ceremonies for cross-functional product squad.
2506,Douglas Wilson,6,Seattle,support,Managed enterprise renewals exceeding $4M ARR.
2507,Michael Estrada,2,Austin,support,Reduced cloud spend by redesigning batch compute workloads.
2508,John Patton,2,Denver,product,Migrated legacy monolith endpoints to event-driven services.
2509,Nicholas Carr,16,Chicago,analytics,Shipped experimentation framework for signup conversion.
2510,Scott Fuller,6,Remote,product,Migrated legacy monolith endpoints to event-driven services.
2511,Bryan Morales,7,Atlanta,analytics,Migrated legacy monolith endpoints to event-driven services.
2512,Corey Thomas,5,Atlanta,analytics,Improved fulfillment SLA reporting with automated dashboards.
2513,Curtis Lin,13,Denver,analytics,Improved NPS by redesigning incident communications workflow.
2514,Joseph Graves,10,Austin,operations,Migrated legacy monolith endpoints to event-driven services.
2515,Courtney Simmons,16,Atlanta,sales,Led multi-region ERP rollout across three warehouses.
2516,Jeffery Williams,16,Atlanta,operations,Designed interview loops for engineering leveling refresh.
2517,Jack Hahn,17,Denver,analytics,Shipped experimentation framework for signup conversion.
2518,Danielle Jacobson,5,Atlanta,analytics,Ran agile ceremonies for cross-functional product squad.
2519,Aaron Guerrero,10,Denver,engineering,Improved fulfillment SLA reporting with automated dashboards.
2520,Dustin Ramirez,6,Atlanta,support,Improved NPS by redesigning incident communications workflow.
2521,Jessica King,12,Denver,support,"Drove product launch for analytics module used by 8,000 accounts."
2522,Geoffrey Rodriguez DDS,13,Seattle,analytics,Maintained SOC 2 evidence collection process.
2523,Patricia Anderson,4,Remote,operations,Built churn propensity model for customer success team.
2524,Robert Paul,15,Denver,analytics,"Drove product launch for analytics module used by 8,000 accounts."
2525,Lisa Allen,5,Austin,analytics,Built role-based compensation benchmarking dashboards.
2526,Kevin Miller,17,Seattle,operations,Improved fulfillment SLA reporting with automated dashboards.
2527,Mark Guzman,15,Remote,product,Reduced cloud spend by redesigning batch compute workloads.
2528,Warren Henson,0,Seattle,engineering,Negotiated software procurement and vendor savings initiatives.
2529,Cheryl Griffin,7,Denver,operations,Improved fulfillment SLA reporting with automated dashboards.
2530,Tom Montgomery,6,Atlanta,operations,"Implemented Okta and SCIM provisioning for 2,000 employees."
2531,John Juarez,14,Denver,engineering,Built role-based compensation benchmarking dashboards.
2532,Brittany Anderson,13,Seattle,engineering,Introduced warehouse slotting optimization process.
2533,Michael Snow,0,Seattle,product,Expanded support knowledge base and deflected repetitive tickets.
2534,Sarah Castro,15,Atlanta,support,Built dbt models and Airflow pipelines for finance analytics.
2535,Jacob Soto,3,Denver,operations,Automated revenue recognition data quality checks.
2536,Jeffrey Webb,6,Chicago,sales,Built dbt models and Airflow pipelines for finance analytics.
2537,Tiffany Gibbs,3,Atlanta,operations,Managed high-volume healthcare recruiting for clinical roles.
2538,Donald Ponce,2,Denver,support,"Implemented Okta and SCIM provisioning for 2,000 employees."
2539,Tyler Brown,9,Remote,sales,Designed interview loops for engineering leveling refresh.
2540,Cheryl Olsen,1,Austin,engineering,Managed high-volume healthcare recruiting for clinical roles.
2541,Joseph Palmer Jr.,1,Remote,operations,Negotiated software procurement and vendor savings initiatives.
2542,Jordan Hart,14,Seattle,analytics,Automated revenue recognition data quality checks.
2543,Lawrence Clark,6,Atlanta,analytics,Scaled self-serve onboarding funnel for SMB customers.
2544,Kenneth Vargas,11,Remote,sales,Introduced warehouse slotting optimization process.
2545,Timothy Hunt,17,Seattle,product,Maintained SOC 2 evidence collection process.
2546,Michelle Green,0,Austin,analytics,Introduced warehouse slotting optimization process.
2547,Elizabeth Adams,14,Denver,support,Closed strategic logistics accounts in manufacturing sector.
2548,Danny Ferguson,1,Remote,product,Built churn propensity model for customer success team.
2549,Mark Mcmahon,13,Seattle,analytics,Built role-based compensation benchmarking dashboards.
2550,Casey Marks,5,Austin,analytics,Automated revenue recognition data quality checks.
2551,William Mayo,2,Chicago,support,Migrated legacy monolith endpoints to event-driven services.
2552,Brian Wong,4,Remote,support,Negotiated software procurement and vendor savings initiatives.
2553,Valerie Nguyen,6,Austin,product,Owned forecasting model for outbound pipeline generation.
2554,Stacey Baker,13,Remote,support,Maintained SOC 2 evidence collection process.
2555,Steven Phillips,12,Atlanta,engineering,Maintained SOC 2 evidence collection process.
2556,Miss Alexandra Kelly,13,Seattle,operations,Reduced cloud spend by redesigning batch compute workloads.
2557,Diana Scott,0,Chicago,analytics,Built role-based compensation benchmarking dashboards.
2558,Matthew Parrish,17,Denver,operations,"Drove product launch for analytics module used by 8,000 accounts."
2559,Lauren Sharp,7,Seattle,engineering,Shipped experimentation framework for signup conversion.
2560,Theresa Scott,2,Austin,sales,Led multi-region ERP rollout across three warehouses.
2561,Lindsey Harris,16,Austin,sales,"Drove product launch for analytics module used by 8,000 accounts."
2562,Frederick Harris,14,Atlanta,engineering,"Drove product launch for analytics module used by 8,000 accounts."
2563,Shannon Foster,1,Austin,support,Reduced cloud spend by redesigning batch compute workloads.
2564,Nicholas Hamilton,7,Remote,operations,Designed interview loops for engineering leveling refresh.
2565,John Crawford,16,Seattle,support,Maintained SOC 2 evidence collection process.
2566,Robert Thompson,12,Seattle,product,Designed interview loops for engineering leveling refresh.
2567,Terri White,3,Atlanta,product,Closed strategic logistics accounts in manufacturing sector.
2568,Eric Mcclure,12,Atlanta,product,Built dbt models and Airflow pipelines for finance analytics.
2569,Melissa Lopez,3,Remote,operations,Led multi-region ERP rollout across three warehouses.
2570,Jeffery Gibson,6,Austin,sales,Managed high-volume healthcare recruiting for clinical roles.
2571,Jennifer Ramsey,3,Chicago,engineering,Managed enterprise renewals exceeding $4M ARR.
2572,Paul Smith,12,Seattle,analytics,Built dbt models and Airflow pipelines for finance analytics.
2573,James Rodriguez,16,Austin,engineering,Built dbt models and Airflow pipelines for finance analytics.
2574,Ronald Michael,0,Chicago,sales,Owned forecasting model for outbound pipeline generation.
2575,Randy Adams,10,Austin,sales,"Implemented Okta and SCIM provisioning for 2,000 employees."
2576,Linda Sparks,4,Austin,sales,Managed enterprise renewals exceeding $4M ARR.
2577,Rickey Daniels,13,Denver,operations,"Drove product launch for analytics module used by 8,000 accounts."
2578,Sarah Miller,2,Atlanta,sales,Owned forecasting model for outbound pipeline generation.
2579,Peter Stafford,6,Austin,analytics,Built role-based compensation benchmarking dashboards.
2580,Elizabeth Mendoza,3,Remote,product,Automated revenue recognition data quality checks.
2581,Joshua Adams,15,Seattle,analytics,Launched partner onboarding program across EMEA region.
2582,Alisha Williams,1,Atlanta,support,Launched partner onboarding program across EMEA region.
2583,Ashley Tanner,10,Austin,engineering,Scaled self-serve onboarding funnel for SMB customers.
2584,Aaron Walker,2,Atlanta,engineering,Introduced warehouse slotting optimization process.
2585,James Gomez,10,Remote,sales,Closed strategic logistics accounts in manufacturing sector.
2586,Thomas Cohen,13,Chicago,product,Negotiated software procurement and vendor savings initiatives.
2587,Michelle Valenzuela,13,Atlanta,sales,Designed interview loops for engineering leveling refresh.
2588,William Walker DVM,0,Atlanta,product,Owned forecasting model for outbound pipeline generation.
2589,Billy Cook,13,Seattle,support,Maintained SOC 2 evidence collection process.
2590,Tim Miller,5,Remote,support,"Implemented Okta and SCIM provisioning for 2,000 employees."
2591,Chris Patterson,12,Austin,sales,Shipped experimentation framework for signup conversion.
2592,Christopher Coleman,17,Austin,engineering,Reduced cloud spend by redesigning batch compute workloads.
2593,Melissa Weber,2,Austin,sales,Scaled self-serve onboarding funnel for SMB customers.
2594,Shawn Nelson,6,Chicago,product,Reduced cloud spend by redesigning batch compute workloads.
2595,Mr. Derek Meadows DDS,15,Denver,operations,Built role-based compensation benchmarking dashboards.
2596,Shannon Spence,2,Remote,operations,Designed interview loops for engineering leveling refresh.
2597,Bridget Hernandez,4,Atlanta,sales,Scaled self-serve onboarding funnel for SMB customers.
2598,Robert Bray,9,Seattle,operations,Reduced cloud spend by redesigning batch compute workloads.
2599,Ashley Simmons,17,Atlanta,operations,Improved NPS by redesigning incident communications workflow.
2600,Brianna Morris,5,Remote,support,Scaled self-serve onboarding funnel for SMB customers.
2601,Randall Gomez,6,Chicago,support,Shipped experimentation framework for signup conversion.
2602,John Dudley DDS,14,Seattle,operations,Maintained SOC 2 evidence collection process.
2603,Brenda Raymond,2,Chicago,operations,Maintained SOC 2 evidence collection process.
2604,Janet Dunn,5,Chicago,operations,Maintained SOC 2 evidence collection process.
2605,Katherine Herrera,5,Remote,sales,Managed enterprise renewals exceeding $4M ARR.
2606,Bradley Espinoza,7,Austin,engineering,Expanded support knowledge base and deflected repetitive tickets.
2607,Paula Shepherd,10,Chicago,sales,"Implemented Okta and SCIM provisioning for 2,000 employees."
2608,Brandon Ward,3,Denver,engineering,Managed enterprise renewals exceeding $4M ARR.
2609,Samuel Cox,7,Austin,engineering,Led multi-region ERP rollout across three warehouses.
2610,Casey Rodriguez,16,Seattle,sales,Managed enterprise renewals exceeding $4M ARR.
2611,Heather Atkinson,14,Denver,product,Managed enterprise renewals exceeding $4M ARR.
2612,Brenda Stevens,17,Denver,sales,Shipped experimentation framework for signup conversion.
2613,Kristen Velazquez,12,Chicago,support,Scaled self-serve onboarding funnel for SMB customers.
2614,Daniel Walker,10,Remote,engineering,Automated revenue recognition data quality checks.
2615,Autumn Dominguez,3,Denver,operations,Scaled self-serve onboarding funnel for SMB customers.
2616,Nicholas Horton,2,Seattle,analytics,Built role-based compensation benchmarking dashboards.
2617,Anthony Rodriguez,9,Atlanta,analytics,Migrated legacy monolith endpoints to event-driven services.
2618,Karen Wheeler,7,Remote,support,Built churn propensity model for customer success team.
2619,Charles Thomas,14,Atlanta,sales,Scaled self-serve onboarding funnel for SMB customers.
2620,Adam Guerra,0,Remote,support,Ran agile ceremonies for cross-functional product squad.
2621,Preston Harrison,16,Seattle,operations,Designed interview loops for engineering leveling refresh.
2622,Joseph Rush,3,Austin,operations,Managed enterprise renewals exceeding $4M ARR.
2623,Nathan Wallace,7,Austin,sales,Improved NPS by redesigning incident communications workflow.
2624,Alexis Rodriguez,6,Seattle,product,Negotiated software procurement and vendor savings initiatives.
2625,Marvin Munoz,16,Austin,support,Led multi-region ERP rollout across three warehouses.
2626,Christopher Sanders,12,Chicago,operations,"Implemented Okta and SCIM provisioning for 2,000 employees."
2627,Travis Gibson,0,Seattle,support,Automated revenue recognition data quality checks.
2628,Deanna Armstrong,15,Denver,product,Scaled self-serve onboarding funnel for SMB customers.
2629,Darren Huynh,12,Chicago,sales,Maintained SOC 2 evidence collection process.
2630,Brandon Gray,1,Chicago,sales,Closed strategic logistics accounts in manufacturing sector.
2631,Natalie Morales,14,Chicago,support,Built churn propensity model for customer success team.
2632,James Carson,0,Remote,sales,"Drove product launch for analytics module used by 8,000 accounts."
2633,Lisa Jones,7,Denver,engineering,Introduced warehouse slotting optimization process.
2634,Karen Delgado,2,Remote,analytics,Scaled self-serve onboarding funnel for SMB customers.
2635,James Brown,0,Seattle,sales,Improved NPS by redesigning incident communications workflow.
2636,Jeff Nelson,10,Chicago,analytics,Closed strategic logistics accounts in manufacturing sector.
2637,Jack Maxwell,12,Austin,engineering,Built churn propensity model for customer success team.
2638,David Martin,8,Remote,operations,Maintained SOC 2 evidence collection process.
2639,Daniel Smith,6,Remote,sales,Built churn propensity model for customer success team.
2640,Chelsea Harris,9,Austin,analytics,Managed high-volume healthcare recruiting for clinical roles.
2641,Cynthia Miller,2,Chicago,sales,Expanded support knowledge base and deflected repetitive tickets.
2642,Amanda Downs,0,Seattle,sales,Negotiated software procurement and vendor savings initiatives.
2643,Mr. Brandon Parker,2,Remote,product,Ran agile ceremonies for cross-functional product squad.
2644,Dr. Tina Porter,0,Remote,product,Built churn propensity model for customer success team.
2645,James Kelly,13,Chicago,sales,Reduced cloud spend by redesigning batch compute workloads.
2646,Michael Rivera,10,Remote,analytics,Managed enterprise renewals exceeding $4M ARR.
2647,Kathy Shaw,3,Seattle,operations,Managed high-volume healthcare recruiting for clinical roles.
2648,Allison Flynn,10,Denver,sales,Expanded support knowledge base and deflected repetitive tickets.
2649,Sean Johnson,8,Denver,engineering,Expanded support knowledge base and deflected repetitive tickets.
2650,Michael Miller,2,Seattle,product,Managed enterprise renewals exceeding $4M ARR.
2651,Tiffany Hall,17,Remote,engineering,Migrated legacy monolith endpoints to event-driven services.
2652,Michael Thomas,16,Remote,operations,Launched partner onboarding program across EMEA region.
2653,Wendy Mason,13,Denver,sales,Launched partner onboarding program across EMEA region.
2654,Lisa Mills PhD,14,Chicago,support,Shipped experimentation framework for signup conversion.
2655,Carlos Carter,9,Remote,engineering,Scaled self-serve onboarding funnel for SMB customers.
2656,Teresa Williams,14,Chicago,analytics,Introduced warehouse slotting optimization process.
2657,Melanie Allen,9,Seattle,operations,Built dbt models and Airflow pipelines for finance analytics.
2658,Lisa Rubio DDS,2,Atlanta,analytics,Improved NPS by redesigning incident communications workflow.
2659,Anne Smith PhD,3,Atlanta,sales,Built churn propensity model for customer success team.
2660,Sean Salinas,15,Chicago,engineering,Designed interview loops for engineering leveling refresh.
2661,Kathryn Gibson,8,Chicago,sales,Expanded support knowledge base and deflected repetitive tickets.
2662,Edward Jones,13,Atlanta,analytics,Ran agile ceremonies for cross-functional product squad.
2663,Heather Jones,2,Chicago,analytics,"Drove product launch for analytics module used by 8,000 accounts."
2664,Julia Andersen,8,Seattle,product,Expanded support knowledge base and deflected repetitive tickets.
2665,Pamela Ramos,1,Remote,product,Built role-based compensation benchmarking dashboards.
2666,Teresa Bonilla,3,Austin,support,Scaled self-serve onboarding funnel for SMB customers.
2667,Jack Mitchell MD,1,Remote,engineering,Maintained SOC 2 evidence collection process.
2668,Melanie Alexander,3,Chicago,support,Built dbt models and Airflow pipelines for finance analytics.
2669,Lori Edwards,10,Austin,support,Maintained SOC 2 evidence collection process.
2670,Jason Cole,0,Remote,support,Launched partner onboarding program across EMEA region.
2671,Wendy Williams,3,Chicago,analytics,Ran agile ceremonies for cross-functional product squad.
2672,Amy Gibbs,12,Atlanta,support,Migrated legacy monolith endpoints to event-driven services.
2673,Kristina Moore,2,Austin,analytics,Owned forecasting model for outbound pipeline generation.
2674,James Hudson,10,Austin,analytics,Launched partner onboarding program across EMEA region.
2675,Courtney Sawyer,15,Chicago,support,"Drove product launch for analytics module used by 8,000 accounts."
2676,Hannah Mcdonald,14,Atlanta,engineering,Led multi-region ERP rollout across three warehouses.
2677,Sabrina Rodriguez,2,Chicago,analytics,Built dbt models and Airflow pipelines for finance analytics.
2678,Brian Moyer,2,Chicago,engineering,Ran agile ceremonies for cross-functional product squad.
2679,Jeffrey Morales,12,Remote,product,Managed high-volume healthcare recruiting for clinical roles.
2680,Grant Munoz,6,Chicago,product,Managed enterprise renewals exceeding $4M ARR.
2681,Patrick Wilson,7,Austin,engineering,Led multi-region ERP rollout across three warehouses.
2682,Joshua Fry,8,Austin,product,Led multi-region ERP rollout across three warehouses.
2683,Daniel Carroll,10,Remote,operations,Maintained SOC 2 evidence collection process.
2684,Patricia Brown PhD,8,Denver,support,Managed enterprise renewals exceeding $4M ARR.
2685,Veronica Lewis,0,Remote,analytics,Expanded support knowledge base and deflected repetitive tickets.
2686,Alexander Blake,1,Seattle,engineering,Migrated legacy monolith endpoints to event-driven services.
2687,David Thompson,0,Chicago,product,Improved fulfillment SLA reporting with automated dashboards.
2688,Donald Miller,4,Seattle,analytics,Shipped experimentation framework for signup conversion.
2689,Jocelyn Barnes,14,Denver,operations,Introduced warehouse slotting optimization process.
2690,Steven White,17,Atlanta,analytics,Managed high-volume healthcare recruiting for clinical roles.
2691,Steven Patterson,8,Atlanta,product,Launched partner onboarding program across EMEA region.
2692,Elizabeth Gonzalez,0,Seattle,analytics,Automated revenue recognition data quality checks.
2693,Karen Nichols,1,Chicago,analytics,Improved NPS by redesigning incident communications workflow.
2694,Tracie Kim,14,Austin,product,Closed strategic logistics accounts in manufacturing sector.
2695,Laura Morrow,6,Seattle,support,Built role-based compensation benchmarking dashboards.
2696,Stephanie Gonzalez,15,Remote,engineering,Managed high-volume healthcare recruiting for clinical roles.
2697,Laura Thomas,9,Atlanta,support,"Implemented Okta and SCIM provisioning for 2,000 employees."
2698,Samantha Navarro,15,Austin,product,Managed enterprise renewals exceeding $4M ARR.
2699,Morgan Smith,2,Austin,support,Improved fulfillment SLA reporting with automated dashboards.
2700,Taylor Porter,15,Atlanta,engineering,Maintained SOC 2 evidence collection process.
2701,Ricky Craig,9,Remote,analytics,Ran agile ceremonies for cross-functional product squad.
2702,Nathan Mcneil,7,Atlanta,engineering,"Drove product launch for analytics module used by 8,000 accounts."
2703,Shannon Walters,9,Chicago,support,Built dbt models and Airflow pipelines for finance analytics.
2704,Laura Johnson,5,Atlanta,product,Improved NPS by redesigning incident communications workflow.
2705,Chelsea Horton,10,Austin,engineering,Maintained SOC 2 evidence collection process.
2706,Lindsay Robinson,13,Denver,engineering,Scaled self-serve onboarding funnel for SMB customers.
2707,Corey Frazier,14,Remote,product,Managed enterprise renewals exceeding $4M ARR.
2708,Jacqueline Cox,17,Atlanta,support,Reduced cloud spend by redesigning batch compute workloads.
2709,Eric Fuentes,7,Austin,support,Introduced warehouse slotting optimization process.
2710,Jonathan Duarte,13,Chicago,sales,Built dbt models and Airflow pipelines for finance analytics.
2711,Guy Clayton,15,Austin,analytics,Closed strategic logistics accounts in manufacturing sector.
2712,William Rogers,0,Denver,support,Introduced warehouse slotting optimization process.
2713,Judy Brooks,8,Chicago,engineering,Maintained SOC 2 evidence collection process.
2714,Carla Graham,12,Remote,sales,Negotiated software procurement and vendor savings initiatives.
2715,Matthew Frazier,8,Chicago,sales,Built dbt models and Airflow pipelines for finance analytics.
2716,Michaela Pace,1,Austin,analytics,Designed interview loops for engineering leveling refresh.
2717,Annette Miller,11,Denver,sales,Expanded support knowledge base and deflected repetitive tickets.
2718,Ann Smith,7,Seattle,operations,Led multi-region ERP rollout across three warehouses.
2719,Ashley Brady,11,Seattle,sales,Ran agile ceremonies for cross-functional product squad.
2720,Kimberly Schultz,0,Remote,engineering,Managed high-volume healthcare recruiting for clinical roles.
2721,Renee Contreras,0,Denver,support,Expanded support knowledge base and deflected repetitive tickets.
2722,Christy Frank,10,Atlanta,analytics,Closed strategic logistics accounts in manufacturing sector.
2723,Ashley Gates,17,Atlanta,product,Negotiated software procurement and vendor savings initiatives.
2724,Heather Leon,11,Austin,analytics,Managed enterprise renewals exceeding $4M ARR.
2725,Terry Newman,16,Austin,support,Ran agile ceremonies for cross-functional product squad.
2726,Jennifer Ayers,15,Seattle,operations,Migrated legacy monolith endpoints to event-driven services.
2727,Katie Adams,5,Denver,operations,Maintained SOC 2 evidence collection process.
2728,Elizabeth Orr,1,Seattle,operations,Maintained SOC 2 evidence collection process.
2729,Megan Smith,10,Remote,product,Migrated legacy monolith endpoints to event-driven services.
2730,Amanda Johnson,11,Chicago,operations,Designed interview loops for engineering leveling refresh.
2731,Sara Stone,13,Seattle,product,Expanded support knowledge base and deflected repetitive tickets.
2732,Emily Jackson,9,Chicago,sales,Built churn propensity model for customer success team.
2733,Jessica Peters,16,Seattle,support,Built role-based compensation benchmarking dashboards.
2734,Luis Long,15,Austin,sales,Launched partner onboarding program across EMEA region.
2735,Timothy Patterson,10,Chicago,operations,Automated revenue recognition data quality checks.
2736,Jeanette Chandler,9,Denver,product,Migrated legacy monolith endpoints to event-driven services.
2737,Evan Moore,0,Denver,support,Improved fulfillment SLA reporting with automated dashboards.
2738,Michael Martinez,14,Austin,operations,Improved NPS by redesigning incident communications workflow.
2739,Kenneth Myers,12,Remote,operations,Improved fulfillment SLA reporting with automated dashboards.
2740,Sydney Hood,16,Austin,support,Closed strategic logistics accounts in manufacturing sector.
2741,Frank Davis,1,Remote,engineering,Expanded support knowledge base and deflected repetitive tickets.
2742,Adam Carrillo,2,Chicago,product,Designed interview loops for engineering leveling refresh.
2743,Luke Stephens,12,Seattle,analytics,Built role-based compensation benchmarking dashboards.
2744,Laura Johnson,8,Seattle,sales,Managed enterprise renewals exceeding $4M ARR.
2745,Victoria Walters,10,Denver,support,Improved fulfillment SLA reporting with automated dashboards.
2746,Chelsea Delgado,7,Atlanta,product,"Drove product launch for analytics module used by 8,000 accounts."
2747,Cory Pittman,11,Austin,operations,Built role-based compensation benchmarking dashboards.
2748,Renee Gray,11,Remote,operations,Built churn propensity model for customer success team.
2749,Anthony Miller,3,Austin,product,Owned forecasting model for outbound pipeline generation.
2750,Alexander Mercer,13,Atlanta,operations,Built role-based compensation benchmarking dashboards.
2751,Ashley Ho,8,Austin,product,Managed high-volume healthcare recruiting for clinical roles.
2752,Charles Green,10,Seattle,product,Owned forecasting model for outbound pipeline generation.
2753,Billy Kirk,11,Denver,analytics,Shipped experimentation framework for signup conversion.
2754,Christine Garcia,13,Denver,engineering,Managed enterprise renewals exceeding $4M ARR.
2755,Jennifer Tucker,5,Austin,engineering,Built role-based compensation benchmarking dashboards.
2756,Christine Barnes,0,Chicago,sales,Scaled self-serve onboarding funnel for SMB customers.
2757,Madeline Hayes,3,Denver,engineering,Migrated legacy monolith endpoints to event-driven services.
2758,Edwin Berger,17,Seattle,support,Migrated legacy monolith endpoints to event-driven services.
2759,Lynn Bond,4,Atlanta,analytics,Negotiated software procurement and vendor savings initiatives.
2760,Grant Reed,4,Chicago,operations,Negotiated software procurement and vendor savings initiatives.
2761,Lindsay Smith DDS,15,Atlanta,support,Ran agile ceremonies for cross-functional product squad.
2762,Bryan Obrien,4,Chicago,engineering,Shipped experimentation framework for signup conversion.
2763,Kelly Hodges,8,Atlanta,analytics,Ran agile ceremonies for cross-functional product squad.
2764,Jacob Roach,6,Atlanta,operations,Built churn propensity model for customer success team.
2765,Charles Miller,11,Chicago,engineering,Ran agile ceremonies for cross-functional product squad.
2766,Beth Hill,10,Chicago,operations,Maintained SOC 2 evidence collection process.
2767,Brandon Erickson,9,Atlanta,engineering,Managed high-volume healthcare recruiting for clinical roles.
2768,Julie Lamb,9,Atlanta,engineering,Shipped experimentation framework for signup conversion.
2769,Travis Nielsen,15,Remote,sales,Led multi-region ERP rollout across three warehouses.
2770,Craig Mathis,10,Denver,sales,Built dbt models and Airflow pipelines for finance analytics.
2771,Tonya Garcia,9,Denver,analytics,Managed enterprise renewals exceeding $4M ARR.
2772,Laurie Martin,15,Denver,support,Built churn propensity model for customer success team.
2773,Nathan Hamilton,1,Remote,operations,Scaled self-serve onboarding funnel for SMB customers.
2774,Kyle Nelson,15,Chicago,analytics,Improved fulfillment SLA reporting with automated dashboards.
2775,Brian Reyes,3,Denver,engineering,Improved fulfillment SLA reporting with automated dashboards.
2776,Harry Hurst,5,Denver,support,Improved fulfillment SLA reporting with automated dashboards.
2777,Joanna Preston,0,Atlanta,analytics,Scaled self-serve onboarding funnel for SMB customers.
2778,Dawn Ortiz,10,Seattle,operations,Improved fulfillment SLA reporting with automated dashboards.
2779,Sherry Clements,14,Denver,product,Owned forecasting model for outbound pipeline generation.
2780,Jennifer Wilson,6,Chicago,sales,Maintained SOC 2 evidence collection process.
2781,Jessica Lopez,11,Seattle,operations,Closed strategic logistics accounts in manufacturing sector.
2782,Daniel Watson,7,Chicago,product,"Drove product launch for analytics module used by 8,000 accounts."
2783,Ernest Smith,13,Remote,engineering,Managed enterprise renewals exceeding $4M ARR.
2784,Michelle Lewis,17,Atlanta,analytics,Built churn propensity model for customer success team.
2785,Erica Hall,12,Denver,analytics,"Drove product launch for analytics module used by 8,000 accounts."
2786,Drew Lewis,6,Chicago,support,Launched partner onboarding program across EMEA region.
2787,Justin Moran,14,Seattle,product,Improved fulfillment SLA reporting with automated dashboards.
2788,Rhonda Powers,0,Atlanta,operations,Built role-based compensation benchmarking dashboards.
2789,Maria Fleming,17,Remote,engineering,Built dbt models and Airflow pipelines for finance analytics.
2790,Robert Gonzalez,15,Seattle,operations,Ran agile ceremonies for cross-functional product squad.
2791,Johnny Williams,11,Seattle,engineering,Launched partner onboarding program across EMEA region.
2792,Bryan Chavez,11,Austin,support,Launched partner onboarding program across EMEA region.
2793,Leslie Young,4,Austin,analytics,Shipped experimentation framework for signup conversion.
2794,Albert Logan,7,Atlanta,support,Designed interview loops for engineering leveling refresh.
2795,Abigail Murray,1,Austin,operations,Improved NPS by redesigning incident communications workflow.
2796,Walter Johnson,6,Remote,product,Built churn propensity model for customer success team.
2797,Kelsey Rogers,10,Remote,product,Launched partner onboarding program across EMEA region.
2798,John Gallegos,6,Atlanta,product,Migrated legacy monolith endpoints to event-driven services.
2799,Eric Stewart,13,Seattle,support,Built role-based compensation benchmarking dashboards.
2800,Bobby Hampton,15,Denver,sales,"Drove product launch for analytics module used by 8,000 accounts."
2801,Anthony Evans DVM,10,Remote,engineering,Improved NPS by redesigning incident communications workflow.
2802,Martin Lozano PhD,6,Austin,product,Managed enterprise renewals exceeding $4M ARR.
2803,Ashley Walker,5,Chicago,product,Scaled self-serve onboarding funnel for SMB customers.
2804,Brenda Holder,9,Seattle,product,Launched partner onboarding program across EMEA region.
2805,Misty Perez,12,Seattle,analytics,Improved fulfillment SLA reporting with automated dashboards.
2806,Nathaniel Burnett,2,Chicago,product,Led multi-region ERP rollout across three warehouses.
2807,Kimberly Smith,8,Seattle,operations,Automated revenue recognition data quality checks.
2808,Amy Ware,7,Denver,engineering,Closed strategic logistics accounts in manufacturing sector.
2809,Anthony Torres,5,Remote,sales,Automated revenue recognition data quality checks.
2810,Michael Conner,4,Chicago,product,Designed interview loops for engineering leveling refresh.
2811,Michael Buckley,15,Seattle,analytics,Expanded support knowledge base and deflected repetitive tickets.
2812,Barbara Flores,7,Chicago,product,Led multi-region ERP rollout across three warehouses.
2813,Kevin Horn,10,Austin,product,Managed enterprise renewals exceeding $4M ARR.
2814,Mallory Barnett,0,Seattle,support,Managed high-volume healthcare recruiting for clinical roles.
2815,Cynthia Woods,5,Seattle,engineering,Built role-based compensation benchmarking dashboards.
2816,Douglas Barton MD,4,Chicago,sales,Improved NPS by redesigning incident communications workflow.
2817,Ralph Dawson,5,Atlanta,operations,Built churn propensity model for customer success team.
2818,Russell Sanchez,15,Remote,engineering,Negotiated software procurement and vendor savings initiatives.
2819,Savannah Neal,10,Denver,product,Negotiated software procurement and vendor savings initiatives.
2820,Johnny Lewis,16,Atlanta,sales,Built dbt models and Airflow pipelines for finance analytics.
2821,Julie Cruz,7,Chicago,operations,Built churn propensity model for customer success team.
2822,Gilbert Cervantes DDS,13,Atlanta,support,Negotiated software procurement and vendor savings initiatives.
2823,Emily Blackburn,2,Remote,engineering,"Implemented Okta and SCIM provisioning for 2,000 employees."
2824,Mary Abbott,14,Atlanta,analytics,Managed enterprise renewals exceeding $4M ARR.
2825,Carlos Rangel,10,Austin,engineering,Reduced cloud spend by redesigning batch compute workloads.
2826,Jesse Oliver,0,Seattle,product,Built role-based compensation benchmarking dashboards.
2827,James Jones,12,Denver,support,Improved fulfillment SLA reporting with automated dashboards.
2828,Michael Lynn,8,Austin,operations,Automated revenue recognition data quality checks.
2829,Ashley Murray,0,Atlanta,support,Owned forecasting model for outbound pipeline generation.
2830,Brian Smith,15,Chicago,sales,Improved NPS by redesigning incident communications workflow.
2831,Derek Alvarez,9,Remote,engineering,Shipped experimentation framework for signup conversion.
2832,Heather Wilson,10,Remote,engineering,Led multi-region ERP rollout across three warehouses.
2833,Heather Lewis,10,Seattle,sales,Managed high-volume healthcare recruiting for clinical roles.
2834,Jeffrey Cook,1,Atlanta,support,Migrated legacy monolith endpoints to event-driven services.
2835,Jacob Williams,5,Chicago,analytics,"Implemented Okta and SCIM provisioning for 2,000 employees."
2836,Timothy Lee,12,Austin,sales,Automated revenue recognition data quality checks.
2837,Christopher Hill,6,Austin,support,Reduced cloud spend by redesigning batch compute workloads.
2838,Kelly Rodriguez,15,Denver,operations,Led multi-region ERP rollout across three warehouses.
2839,David Rodriguez,5,Chicago,engineering,Closed strategic logistics accounts in manufacturing sector.
2840,Steven Johnston,8,Remote,support,Led multi-region ERP rollout across three warehouses.
2841,Joseph Hill,8,Chicago,operations,"Implemented Okta and SCIM provisioning for 2,000 employees."
2842,Melissa Sullivan,0,Chicago,analytics,Managed enterprise renewals exceeding $4M ARR.
2843,Daniel Holloway,14,Seattle,analytics,Scaled self-serve onboarding funnel for SMB customers.
2844,Kathleen Jackson,2,Remote,engineering,Managed high-volume healthcare recruiting for clinical roles.
2845,Mark Mccarthy,8,Denver,engineering,Ran agile ceremonies for cross-functional product squad.
2846,Aaron Lopez,16,Austin,engineering,"Drove product launch for analytics module used by 8,000 accounts."
2847,Lisa Stevenson,17,Austin,sales,Improved fulfillment SLA reporting with automated dashboards.
2848,Melissa Jackson,4,Atlanta,sales,Expanded support knowledge base and deflected repetitive tickets.
2849,Carol Cook,6,Remote,product,Negotiated software procurement and vendor savings initiatives.
2850,Victor Wade,10,Denver,support,"Drove product launch for analytics module used by 8,000 accounts."
2851,Alex Mccann,12,Austin,product,Scaled self-serve onboarding funnel for SMB customers.
2852,Carolyn Wolf,4,Denver,operations,Maintained SOC 2 evidence collection process.
2853,Harold Wells,9,Austin,sales,Automated revenue recognition data quality checks.
2854,Shane Kennedy,15,Denver,operations,Built role-based compensation benchmarking dashboards.
2855,Alan Frazier,13,Denver,product,Automated revenue recognition data quality checks.
2856,Darren Gordon,14,Seattle,operations,Negotiated software procurement and vendor savings initiatives.
2857,Patricia Garcia,15,Austin,analytics,Managed enterprise renewals exceeding $4M ARR.
2858,Gabriela Henry,15,Denver,engineering,Managed enterprise renewals exceeding $4M ARR.
2859,Joshua Alvarado,9,Chicago,product,Automated revenue recognition data quality checks.
2860,Jimmy Carey,17,Denver,analytics,Improved NPS by redesigning incident communications workflow.
2861,Gene Holmes,8,Remote,product,Managed high-volume healthcare recruiting for clinical roles.
2862,Sharon Anthony,12,Seattle,sales,Designed interview loops for engineering leveling refresh.
2863,Mr. Joseph Bowman,16,Remote,analytics,Managed high-volume healthcare recruiting for clinical roles.
2864,Jason Robinson,0,Austin,sales,Scaled self-serve onboarding funnel for SMB customers.
2865,Heather Johnson DDS,16,Seattle,operations,Shipped experimentation framework for signup conversion.
2866,Jessica Clark,14,Remote,sales,Shipped experimentation framework for signup conversion.
2867,Thomas Gray,17,Seattle,engineering,Negotiated software procurement and vendor savings initiatives.
2868,Donald Sims,13,Seattle,operations,Built churn propensity model for customer success team.
2869,Susan Archer,2,Austin,analytics,"Implemented Okta and SCIM provisioning for 2,000 employees."
2870,Carrie Lozano,5,Seattle,engineering,Managed high-volume healthcare recruiting for clinical roles.
2871,Gary Lawrence,0,Remote,operations,Launched partner onboarding program across EMEA region.
2872,Desiree Lee,10,Chicago,engineering,"Implemented Okta and SCIM provisioning for 2,000 employees."
2873,Mia Flowers,7,Denver,analytics,Managed enterprise renewals exceeding $4M ARR.
2874,Robert Knight,8,Denver,sales,Built role-based compensation benchmarking dashboards.
2875,Hannah Rodriguez,13,Austin,engineering,Led multi-region ERP rollout across three warehouses.
2876,Timothy Thomas,14,Austin,analytics,Closed strategic logistics accounts in manufacturing sector.
2877,Kelly Roberts,1,Chicago,product,Managed enterprise renewals exceeding $4M ARR.
2878,Carla Tucker,16,Austin,product,Led multi-region ERP rollout across three warehouses.
2879,Edward Chavez,6,Atlanta,product,Automated revenue recognition data quality checks.
2880,Roger Martinez,13,Austin,sales,"Implemented Okta and SCIM provisioning for 2,000 employees."
2881,Aaron Bell PhD,10,Austin,sales,Improved NPS by redesigning incident communications workflow.
2882,Chad Koch,7,Atlanta,product,Expanded support knowledge base and deflected repetitive tickets.
2883,Kathryn Mullen,3,Chicago,analytics,Built churn propensity model for customer success team.
2884,Tiffany Reeves,3,Denver,analytics,"Implemented Okta and SCIM provisioning for 2,000 employees."
2885,Nicholas Reynolds,13,Denver,support,Negotiated software procurement and vendor savings initiatives.
2886,Donna Johnson,5,Denver,engineering,Reduced cloud spend by redesigning batch compute workloads.
2887,Danielle Gregory,4,Denver,analytics,Maintained SOC 2 evidence collection process.
2888,James Strong,0,Austin,analytics,"Implemented Okta and SCIM provisioning for 2,000 employees."
2889,Tami Harper,15,Austin,product,Managed enterprise renewals exceeding $4M ARR.
2890,Jeffrey Liu,7,Denver,operations,Launched partner onboarding program across EMEA region.
2891,Brenda Saunders,6,Atlanta,analytics,"Implemented Okta and SCIM provisioning for 2,000 employees."
2892,Jason Gonzalez,6,Seattle,support,Built churn propensity model for customer success team.
2893,Edward Ho,10,Chicago,sales,Closed strategic logistics accounts in manufacturing sector.
2894,Clifford Patton,8,Austin,engineering,Built dbt models and Airflow pipelines for finance analytics.
2895,Anne Rose,9,Atlanta,operations,"Drove product launch for analytics module used by 8,000 accounts."
2896,Kathy Jennings,5,Remote,analytics,"Implemented Okta and SCIM provisioning for 2,000 employees."
2897,Hector Owens,5,Chicago,operations,Led multi-region ERP rollout across three warehouses.
2898,Julia Gaines,15,Austin,support,Negotiated software procurement and vendor savings initiatives.
2899,Randall Davis,7,Denver,sales,Led multi-region ERP rollout across three warehouses.
2900,Terry Buchanan,17,Atlanta,engineering,Expanded support knowledge base and deflected repetitive tickets.
2901,Jacqueline Oliver,15,Atlanta,support,Managed high-volume healthcare recruiting for clinical roles.
2902,Sherry Brown,12,Austin,product,Owned forecasting model for outbound pipeline generation.
2903,Beth Santiago,9,Atlanta,analytics,Built churn propensity model for customer success team.
2904,Phillip Holmes,15,Denver,sales,Shipped experimentation framework for signup conversion.
2905,Angela Nelson,1,Austin,operations,Automated revenue recognition data quality checks.
2906,Mrs. Linda Short,8,Remote,operations,Scaled self-serve onboarding funnel for SMB customers.
2907,Melissa Lin,12,Atlanta,operations,Maintained SOC 2 evidence collection process.
2908,Kevin Dixon,1,Chicago,sales,Maintained SOC 2 evidence collection process.
2909,Meredith Black,3,Seattle,operations,Built role-based compensation benchmarking dashboards.
2910,Tracy Taylor,1,Seattle,sales,"Implemented Okta and SCIM provisioning for 2,000 employees."
2911,Margaret Moore,8,Chicago,operations,Ran agile ceremonies for cross-functional product squad.
2912,Michelle Zuniga,9,Remote,operations,Reduced cloud spend by redesigning batch compute workloads.
2913,Loretta Gonzalez,8,Atlanta,analytics,Reduced cloud spend by redesigning batch compute workloads.
2914,Christian Hobbs,0,Chicago,support,Automated revenue recognition data quality checks.
2915,Danielle Garcia,8,Denver,sales,Built churn propensity model for customer success team.
2916,Jonathan Myers,15,Chicago,engineering,Improved fulfillment SLA reporting with automated dashboards.
2917,Elizabeth Webb,0,Remote,support,Improved fulfillment SLA reporting with automated dashboards.
2918,David Abbott,13,Chicago,sales,Automated revenue recognition data quality checks.
2919,Lonnie Gonzales,4,Denver,product,Built role-based compensation benchmarking dashboards.
2920,Barbara Thomas,1,Austin,analytics,Improved fulfillment SLA reporting with automated dashboards.
2921,Charles Garner,0,Remote,analytics,Built churn propensity model for customer success team.
2922,Jorge Lyons,0,Chicago,operations,"Drove product launch for analytics module used by 8,000 accounts."
2923,John Roberts,7,Atlanta,support,Improved fulfillment SLA reporting with automated dashboards.
2924,Kevin Richardson,8,Denver,analytics,Expanded support knowledge base and deflected repetitive tickets.
2925,James Marsh,11,Atlanta,product,Improved NPS by redesigning incident communications workflow.
2926,Robert Hernandez,1,Atlanta,engineering,Introduced warehouse slotting optimization process.
2927,Bryan Price,11,Chicago,sales,Introduced warehouse slotting optimization process.
2928,Amanda Santos,13,Denver,sales,Designed interview loops for engineering leveling refresh.
2929,Jill Odonnell,1,Atlanta,sales,Built role-based compensation benchmarking dashboards.
2930,Charles Khan,12,Chicago,product,Negotiated software procurement and vendor savings initiatives.
2931,Adam Moore,2,Austin,engineering,Scaled self-serve onboarding funnel for SMB customers.
2932,Shannon Clark,7,Chicago,engineering,Expanded support knowledge base and deflected repetitive tickets.
2933,Kelly Palmer,11,Denver,operations,Reduced cloud spend by redesigning batch compute workloads.
2934,Christian Rios,15,Chicago,sales,Automated revenue recognition data quality checks.
2935,Julia Trevino,9,Chicago,sales,Negotiated software procurement and vendor savings initiatives.
2936,Richard Barrett,7,Seattle,analytics,Designed interview loops for engineering leveling refresh.
2937,Andrea Franco,15,Seattle,analytics,Introduced warehouse slotting optimization process.
2938,Dr. Larry White,3,Remote,product,Automated revenue recognition data quality checks.
2939,Katie Hopkins,3,Seattle,operations,"Drove product launch for analytics module used by 8,000 accounts."
2940,Michael Chapman,8,Denver,product,Owned forecasting model for outbound pipeline generation.
2941,Lauren Gallegos,2,Remote,sales,Closed strategic logistics accounts in manufacturing sector.
2942,Allen Quinn,0,Remote,sales,"Implemented Okta and SCIM provisioning for 2,000 employees."
2943,Maurice Porter,6,Chicago,operations,Automated revenue recognition data quality checks.
2944,Erica Hall,2,Chicago,engineering,Improved fulfillment SLA reporting with automated dashboards.
2945,Sylvia Flynn,11,Remote,engineering,Built dbt models and Airflow pipelines for finance analytics.
2946,Spencer Chandler,9,Remote,operations,Built dbt models and Airflow pipelines for finance analytics.
2947,William Nielsen,8,Remote,analytics,Owned forecasting model for outbound pipeline generation.
2948,David Johnson,8,Denver,sales,Built dbt models and Airflow pipelines for finance analytics.
2949,Jessica Brooks,1,Remote,sales,"Drove product launch for analytics module used by 8,000 accounts."
2950,Alyssa Thompson,7,Seattle,engineering,Designed interview loops for engineering leveling refresh.
2951,Jerry Anderson,1,Seattle,engineering,Improved fulfillment SLA reporting with automated dashboards.
2952,Kristie Gonzalez,6,Atlanta,product,Built churn propensity model for customer success team.
2953,Michael Perez DDS,12,Chicago,engineering,Managed high-volume healthcare recruiting for clinical roles.
2954,Joseph Tyler,17,Seattle,support,Scaled self-serve onboarding funnel for SMB customers.
2955,Alexander Moyer,5,Remote,support,Reduced cloud spend by redesigning batch compute workloads.
2956,Andrew Taylor,4,Remote,sales,Led multi-region ERP rollout across three warehouses.
2957,Raymond Carroll,12,Atlanta,sales,Improved NPS by redesigning incident communications workflow.
2958,Gina Fleming,16,Austin,operations,Designed interview loops for engineering leveling refresh.
2959,Monica Rice,5,Seattle,analytics,Closed strategic logistics accounts in manufacturing sector.
2960,Daniel Carey,15,Chicago,engineering,Managed enterprise renewals exceeding $4M ARR.
2961,Heather Yoder,5,Chicago,support,Designed interview loops for engineering leveling refresh.
2962,Rebecca Gonzales,11,Austin,operations,Expanded support knowledge base and deflected repetitive tickets.
2963,Shelly Carroll,3,Austin,operations,"Implemented Okta and SCIM provisioning for 2,000 employees."
2964,Joseph Garcia,4,Denver,product,Built role-based compensation benchmarking dashboards.
2965,Mr. Joshua Johnson PhD,17,Chicago,engineering,Designed interview loops for engineering leveling refresh.
2966,Ronald Myers,7,Denver,product,Managed enterprise renewals exceeding $4M ARR.
2967,Shane Moore,0,Atlanta,analytics,"Implemented Okta and SCIM provisioning for 2,000 employees."
2968,Joseph Allen,13,Atlanta,operations,Introduced warehouse slotting optimization process.
2969,Lisa Collins,2,Denver,engineering,Negotiated software procurement and vendor savings initiatives.
2970,Kimberly Snow,1,Denver,engineering,Introduced warehouse slotting optimization process.
2971,Taylor Mercer,15,Remote,support,"Implemented Okta and SCIM provisioning for 2,000 employees."
2972,Amanda Fisher,6,Chicago,operations,Managed high-volume healthcare recruiting for clinical roles.
2973,Stephen Brown,2,Austin,support,Ran agile ceremonies for cross-functional product squad.
2974,Robert Rivera,17,Seattle,support,Built role-based compensation benchmarking dashboards.
2975,Susan Brown,5,Austin,operations,Closed strategic logistics accounts in manufacturing sector.
2976,Robert Elliott DDS,11,Seattle,sales,Ran agile ceremonies for cross-functional product squad.
2977,Rhonda Reed,4,Chicago,sales,Expanded support knowledge base and deflected repetitive tickets.
2978,Jason Stevenson,10,Remote,analytics,Designed interview loops for engineering leveling refresh.
2979,Stacy Mendoza,12,Chicago,support,Shipped experimentation framework for signup conversion.
2980,Nathaniel Garcia,13,Austin,operations,Scaled self-serve onboarding funnel for SMB customers.
2981,Danny Bell MD,7,Denver,analytics,Expanded support knowledge base and deflected repetitive tickets.
2982,Sherri Perez,11,Denver,analytics,Migrated legacy monolith endpoints to event-driven services.
2983,Allison Casey,15,Seattle,engineering,Closed strategic logistics accounts in manufacturing sector.
2984,Lee Gray,15,Atlanta,analytics,Negotiated software procurement and vendor savings initiatives.
2985,Alicia Olson,13,Remote,support,Owned forecasting model for outbound pipeline generation.
2986,James Martinez,7,Seattle,product,"Implemented Okta and SCIM provisioning for 2,000 employees."
2987,Kirsten Wilson,9,Chicago,operations,Automated revenue recognition data quality checks.
2988,Luis Berger,17,Austin,sales,Improved NPS by redesigning incident communications workflow.
2989,Greg Hull,4,Chicago,product,Led multi-region ERP rollout across three warehouses.
2990,Brandon Smith,12,Remote,product,Introduced warehouse slotting optimization process.
2991,Paul Morton,14,Seattle,support,Managed high-volume healthcare recruiting for clinical roles.
2992,Amber Pham,8,Seattle,operations,Expanded support knowledge base and deflected repetitive tickets.
2993,Danielle Brown,15,Chicago,sales,Ran agile ceremonies for cross-functional product squad.
2994,Jeffrey Campbell,7,Denver,analytics,Managed enterprise renewals exceeding $4M ARR.
2995,Lance Zamora,15,Seattle,sales,Migrated legacy monolith endpoints to event-driven services.
2996,Mrs. Jennifer Sandoval DDS,11,Remote,support,Improved NPS by redesigning incident communications workflow.
2997,Todd Harris,0,Atlanta,operations,Owned forecasting model for outbound pipeline generation.
2998,Robin Hurst,14,Austin,sales,Negotiated software procurement and vendor savings initiatives.
2999,Jill Turner,12,Remote,support,Shipped experimentation framework for signup conversion.
3000,Juan Melton,4,Remote,operations,"Implemented Okta and SCIM provisioning for 2,000 employees."
3001,Steven Flores,12,Austin,engineering,Led multi-region ERP rollout across three warehouses.
3002,Ashley Reed,9,Denver,support,Migrated legacy monolith endpoints to event-driven services.
3003,Trevor Tucker,16,Remote,sales,Shipped experimentation framework for signup conversion.
3004,Thomas Skinner,5,Remote,analytics,Launched partner onboarding program across EMEA region.
3005,Elizabeth Tran,4,Remote,analytics,Maintained SOC 2 evidence collection process.
3006,Nathaniel French,1,Remote,engineering,Improved NPS by redesigning incident communications workflow.
3007,David Alexander,14,Austin,engineering,Managed enterprise renewals exceeding $4M ARR.
3008,Tiffany Smith,17,Austin,support,Scaled self-serve onboarding funnel for SMB customers.
3009,Debra Chapman,12,Denver,engineering,Scaled self-serve onboarding funnel for SMB customers.
3010,Vincent Brown,6,Atlanta,sales,Built role-based compensation benchmarking dashboards.
3011,Janet Smith,15,Denver,support,Negotiated software procurement and vendor savings initiatives.
3012,Jeremy Walker,4,Chicago,sales,Ran agile ceremonies for cross-functional product squad.
3013,Matthew Patel,12,Chicago,analytics,Scaled self-serve onboarding funnel for SMB customers.
3014,Amanda Hines,10,Atlanta,engineering,Shipped experimentation framework for signup conversion.
3015,Susan Webster,15,Remote,analytics,Built role-based compensation benchmarking dashboards.
3016,Ronald Baker,17,Seattle,support,Maintained SOC 2 evidence collection process.
3017,Claire Johnson,6,Chicago,sales,Designed interview loops for engineering leveling refresh.
3018,Lisa Glenn,1,Austin,sales,Built dbt models and Airflow pipelines for finance analytics.
3019,Tanya Goodwin,2,Chicago,analytics,Reduced cloud spend by redesigning batch compute workloads.
3020,Kristen Farley,13,Seattle,support,"Implemented Okta and SCIM provisioning for 2,000 employees."
3021,Donna Ritter,6,Austin,analytics,Automated revenue recognition data quality checks.
3022,Jessica Ball,2,Seattle,support,Shipped experimentation framework for signup conversion.
3023,Debbie Horne,14,Atlanta,operations,Introduced warehouse slotting optimization process.
3024,Willie Allen,11,Atlanta,engineering,Scaled self-serve onboarding funnel for SMB customers.
3025,Diana Fleming,2,Remote,product,Managed high-volume healthcare recruiting for clinical roles.
3026,Zachary Wise,12,Atlanta,support,Expanded support knowledge base and deflected repetitive tickets.
3027,Kenneth Johnson,11,Atlanta,engineering,Automated revenue recognition data quality checks.
3028,Derrick King,17,Denver,sales,Led multi-region ERP rollout across three warehouses.
3029,Patricia Smith,17,Atlanta,operations,Reduced cloud spend by redesigning batch compute workloads.
3030,Matthew Huff,17,Denver,engineering,Reduced cloud spend by redesigning batch compute workloads.
3031,Jill Smith,16,Austin,product,Led multi-region ERP rollout across three warehouses.
3032,Andrew Howard,14,Austin,sales,Reduced cloud spend by redesigning batch compute workloads.
3033,Kristin Ortiz,12,Seattle,sales,Expanded support knowledge base and deflected repetitive tickets.
3034,Angela Prince,9,Atlanta,sales,Managed enterprise renewals exceeding $4M ARR.
3035,Tiffany Alexander,14,Denver,product,Built churn propensity model for customer success team.
3036,Richard Green,17,Seattle,sales,Automated revenue recognition data quality checks.
3037,Darren Thompson PhD,2,Denver,operations,Launched partner onboarding program across EMEA region.
3038,Crystal Pena,2,Chicago,support,"Drove product launch for analytics module used by 8,000 accounts."
3039,Jonathon Alexander,8,Atlanta,engineering,Migrated legacy monolith endpoints to event-driven services.
3040,Juan Perez,5,Denver,engineering,Improved NPS by redesigning incident communications workflow.
3041,Wendy Hester,9,Remote,engineering,Closed strategic logistics accounts in manufacturing sector.
3042,Ryan Atkinson,5,Seattle,sales,Ran agile ceremonies for cross-functional product squad.
3043,Amanda Young,14,Seattle,sales,Improved fulfillment SLA reporting with automated dashboards.
3044,Jonathon Wilson,16,Seattle,product,Built dbt models and Airflow pipelines for finance analytics.
3045,Damon Hudson,5,Seattle,product,Negotiated software procurement and vendor savings initiatives.
3046,Melanie Jones,13,Seattle,analytics,Improved NPS by redesigning incident communications workflow.
3047,Douglas Johnson,1,Denver,product,Designed interview loops for engineering leveling refresh.
3048,Heather Hester,14,Seattle,engineering,Migrated legacy monolith endpoints to event-driven services.
3049,Jade Dunlap,12,Austin,analytics,Negotiated software procurement and vendor savings initiatives.
3050,Andre Richardson,12,Atlanta,operations,Ran agile ceremonies for cross-functional product squad.
3051,Chris Garza,8,Atlanta,engineering,Expanded support knowledge base and deflected repetitive tickets.
3052,Daniel Edwards,1,Austin,analytics,Closed strategic logistics accounts in manufacturing sector.
3053,Natalie Logan,15,Atlanta,operations,Improved NPS by redesigning incident communications workflow.
3054,Teresa Gray,1,Austin,support,Migrated legacy monolith endpoints to event-driven services.
3055,Mary Hernandez,8,Seattle,operations,Introduced warehouse slotting optimization process.
3056,Marie Friedman,3,Atlanta,operations,Launched partner onboarding program across EMEA region.
3057,Wendy Cunningham,15,Atlanta,sales,Led multi-region ERP rollout across three warehouses.
3058,Miss Morgan Ryan MD,10,Atlanta,operations,Expanded support knowledge base and deflected repetitive tickets.
3059,Rebecca Lawson,9,Chicago,engineering,"Drove product launch for analytics module used by 8,000 accounts."
3060,Kelly Stewart,5,Atlanta,analytics,Migrated legacy monolith endpoints to event-driven services.
3061,Kenneth Bartlett,14,Chicago,operations,Automated revenue recognition data quality checks.
3062,Robert Madden,3,Seattle,sales,"Drove product launch for analytics module used by 8,000 accounts."
3063,Ethan Compton,12,Austin,operations,"Drove product launch for analytics module used by 8,000 accounts."
3064,Jill Rosario,17,Austin,product,"Implemented Okta and SCIM provisioning for 2,000 employees."
3065,Bobby Castro,4,Seattle,support,Built dbt models and Airflow pipelines for finance analytics.
3066,Jack Washington,12,Austin,product,Shipped experimentation framework for signup conversion.
3067,Richard Hall,5,Remote,operations,Built churn propensity model for customer success team.
3068,Victoria Frost,16,Austin,operations,Launched partner onboarding program across EMEA region.
3069,Terry Craig,16,Atlanta,engineering,Managed enterprise renewals exceeding $4M ARR.
3070,Lisa Flynn,5,Remote,support,Ran agile ceremonies for cross-functional product squad.
3071,Bruce Ortiz,4,Seattle,engineering,"Drove product launch for analytics module used by 8,000 accounts."
3072,Brittany Snyder,1,Atlanta,product,Introduced warehouse slotting optimization process.
3073,Christina White,12,Seattle,support,Built churn propensity model for customer success team.
3074,Christopher Barnes,16,Seattle,operations,Improved NPS by redesigning incident communications workflow.
3075,Michelle Harrison,2,Austin,analytics,Built dbt models and Airflow pipelines for finance analytics.
3076,Sean Bass,14,Chicago,product,Shipped experimentation framework for signup conversion.
3077,Christopher Jones,13,Chicago,engineering,Built dbt models and Airflow pipelines for finance analytics.
3078,Kendra Hughes,8,Chicago,support,Automated revenue recognition data quality checks.
3079,Cameron Terry,4,Chicago,product,Improved fulfillment SLA reporting with automated dashboards.
3080,Edward Rogers,11,Atlanta,analytics,Negotiated software procurement and vendor savings initiatives.
3081,Gabrielle Franklin,10,Remote,analytics,Closed strategic logistics accounts in manufacturing sector.
3082,Nathan Jones,14,Atlanta,analytics,Negotiated software procurement and vendor savings initiatives.
3083,Tiffany Lozano,10,Austin,engineering,Negotiated software procurement and vendor savings initiatives.
3084,Natalie Graham,0,Seattle,product,Owned forecasting model for outbound pipeline generation.
3085,Melissa Quinn,3,Atlanta,sales,Improved fulfillment SLA reporting with automated dashboards.
3086,Leah Wilkins,6,Seattle,operations,Built dbt models and Airflow pipelines for finance analytics.
3087,Brittany Smith,8,Denver,product,Improved NPS by redesigning incident communications workflow.
3088,Megan Chavez,6,Denver,engineering,Led multi-region ERP rollout across three warehouses.
3089,Christopher Sharp,15,Atlanta,operations,"Implemented Okta and SCIM provisioning for 2,000 employees."
3090,Raymond Hall,5,Seattle,analytics,Shipped experimentation framework for signup conversion.
3091,Anthony Holmes MD,12,Chicago,sales,Automated revenue recognition data quality checks.
3092,Tanya Mitchell,6,Atlanta,support,Designed interview loops for engineering leveling refresh.
3093,Peter Mckay,17,Remote,analytics,Managed enterprise renewals exceeding $4M ARR.
3094,Tony Khan,16,Austin,sales,Ran agile ceremonies for cross-functional product squad.
3095,Jessica Ramirez,14,Chicago,sales,Ran agile ceremonies for cross-functional product squad.
3096,Emily Reed,13,Atlanta,sales,Scaled self-serve onboarding funnel for SMB customers.
3097,Dwayne Tucker,11,Remote,support,Improved NPS by redesigning incident communications workflow.
3098,Christopher Crosby,10,Remote,analytics,"Drove product launch for analytics module used by 8,000 accounts."
3099,Larry Rodriguez,10,Atlanta,support,Launched partner onboarding program across EMEA region.
3100,Donald Davis,0,Atlanta,support,"Drove product launch for analytics module used by 8,000 accounts."
3101,Katie Jackson,16,Denver,support,Led multi-region ERP rollout across three warehouses.
3102,Amanda Macdonald,17,Denver,product,Maintained SOC 2 evidence collection process.
3103,Chloe Freeman,9,Seattle,analytics,Ran agile ceremonies for cross-functional product squad.
3104,Jaclyn Campbell,15,Atlanta,operations,Launched partner onboarding program across EMEA region.
3105,Jessica Wallace,7,Atlanta,support,Managed enterprise renewals exceeding $4M ARR.
3106,Jesse Hardin,2,Remote,product,Designed interview loops for engineering leveling refresh.
3107,Tamara Wilson,15,Austin,sales,Built churn propensity model for customer success team.
3108,Katherine Miller,9,Remote,operations,Expanded support knowledge base and deflected repetitive tickets.
3109,Donald Barnett,16,Seattle,product,Maintained SOC 2 evidence collection process.
3110,Regina Garner,3,Atlanta,analytics,Shipped experimentation framework for signup conversion.
3111,Benjamin Moore,8,Atlanta,engineering,Automated revenue recognition data quality checks.
3112,Jesse Moss,12,Atlanta,operations,Negotiated software procurement and vendor savings initiatives.
3113,Angela Watts,2,Atlanta,sales,Expanded support knowledge base and deflected repetitive tickets.
3114,Amanda Garcia,17,Denver,operations,"Implemented Okta and SCIM provisioning for 2,000 employees."
3115,Kelly Lee,10,Seattle,product,Improved NPS by redesigning incident communications workflow.
3116,Sara Garrett,3,Chicago,product,Built dbt models and Airflow pipelines for finance analytics.
3117,Lori Sanchez,13,Atlanta,product,Maintained SOC 2 evidence collection process.
3118,Shelby Robinson,15,Atlanta,support,Improved fulfillment SLA reporting with automated dashboards.
3119,John Washington,6,Denver,analytics,"Drove product launch for analytics module used by 8,000 accounts."
3120,Jonathan Anderson,10,Seattle,analytics,Migrated legacy monolith endpoints to event-driven services.
3121,Ann Black,13,Chicago,operations,Managed high-volume healthcare recruiting for clinical roles.
3122,Cindy Hamilton,2,Atlanta,engineering,Automated revenue recognition data quality checks.
3123,Logan Mckinney Jr.,9,Chicago,engineering,Built churn propensity model for customer success team.
3124,Lisa Welch,10,Chicago,analytics,Automated revenue recognition data quality checks.
3125,Gregory Moreno,5,Atlanta,analytics,Closed strategic logistics accounts in manufacturing sector.
3126,Sherry Pittman,5,Remote,sales,"Implemented Okta and SCIM provisioning for 2,000 employees."
3127,Mary Henry,11,Chicago,engineering,Launched partner onboarding program across EMEA region.
3128,Linda Daniels,13,Austin,engineering,Built role-based compensation benchmarking dashboards.
3129,Daniel Mccarty,7,Austin,sales,Migrated legacy monolith endpoints to event-driven services.
3130,Pamela Barnes,2,Denver,product,Closed strategic logistics accounts in manufacturing sector.
3131,David Coleman,14,Seattle,operations,Improved NPS by redesigning incident communications workflow.
3132,Tyler Guerrero,3,Seattle,product,Built dbt models and Airflow pipelines for finance analytics.
3133,James Anderson,0,Chicago,product,Managed enterprise renewals exceeding $4M ARR.
3134,Sara Shields,5,Remote,product,Migrated legacy monolith endpoints to event-driven services.
3135,Melissa Johnson,14,Austin,product,Managed high-volume healthcare recruiting for clinical roles.
3136,Daniel Rosales,13,Atlanta,sales,Launched partner onboarding program across EMEA region.
3137,Justin Morris,5,Remote,product,Shipped experimentation framework for signup conversion.
3138,Jennifer Lamb,9,Seattle,product,Maintained SOC 2 evidence collection process.
3139,Dean Brown,17,Seattle,support,Improved fulfillment SLA reporting with automated dashboards.
3140,Mr. Mark Williams,12,Chicago,sales,"Drove product launch for analytics module used by 8,000 accounts."
3141,Daniel Hutchinson,13,Seattle,sales,Managed enterprise renewals exceeding $4M ARR.
3142,Penny Rodriguez,1,Denver,analytics,Built dbt models and Airflow pipelines for finance analytics.
3143,Lisa Anderson,4,Denver,engineering,Improved NPS by redesigning incident communications workflow.
3144,Tiffany Smith,1,Atlanta,support,Launched partner onboarding program across EMEA region.
3145,Richard Cook,17,Atlanta,operations,"Implemented Okta and SCIM provisioning for 2,000 employees."
3146,Ralph Brown,6,Chicago,engineering,Launched partner onboarding program across EMEA region.
3147,Daniel Nichols,8,Remote,sales,Designed interview loops for engineering leveling refresh.
3148,Dr. Jennifer Robbins,9,Remote,operations,Shipped experimentation framework for signup conversion.
3149,Christopher Brooks,9,Chicago,analytics,Improved NPS by redesigning incident communications workflow.
3150,Juan Wright,0,Chicago,analytics,Owned forecasting model for outbound pipeline generation.
3151,Ryan Fischer,16,Austin,operations,Introduced warehouse slotting optimization process.
3152,Kathryn Moody,6,Denver,analytics,Improved fulfillment SLA reporting with automated dashboards.
3153,Douglas Johnson,16,Chicago,product,Shipped experimentation framework for signup conversion.
3154,Melissa Johnson,13,Remote,operations,Built churn propensity model for customer success team.
3155,Robin Gray,12,Remote,operations,Shipped experimentation framework for signup conversion.
3156,Robert Mcdowell,12,Seattle,engineering,Built churn propensity model for customer success team.
3157,Angela Wagner,17,Chicago,operations,Built churn propensity model for customer success team.
3158,Morgan Smith,5,Seattle,sales,"Implemented Okta and SCIM provisioning for 2,000 employees."
3159,Kimberly Ellison,5,Denver,support,Built role-based compensation benchmarking dashboards.
3160,Kevin Myers,12,Chicago,engineering,Launched partner onboarding program across EMEA region.
3161,Shannon Glover,4,Atlanta,analytics,"Drove product launch for analytics module used by 8,000 accounts."
3162,Patrick Turner,14,Austin,support,Ran agile ceremonies for cross-functional product squad.
3163,Brett Costa,0,Remote,sales,Improved fulfillment SLA reporting with automated dashboards.
3164,Jamie Jordan,16,Austin,engineering,Built dbt models and Airflow pipelines for finance analytics.
3165,Jason Ramirez,6,Chicago,support,Launched partner onboarding program across EMEA region.
3166,Michael Hunter,0,Chicago,analytics,Improved NPS by redesigning incident communications workflow.
3167,Willie Luna,10,Atlanta,analytics,Migrated legacy monolith endpoints to event-driven services.
3168,Pamela Klein,4,Seattle,product,Improved NPS by redesigning incident communications workflow.
3169,Kenneth Johnson,5,Remote,engineering,Owned forecasting model for outbound pipeline generation.
3170,Jillian Woods,8,Denver,sales,Owned forecasting model for outbound pipeline generation.
3171,Eric Thomas,10,Chicago,operations,Reduced cloud spend by redesigning batch compute workloads.
3172,Angela Hoffman,2,Austin,analytics,"Implemented Okta and SCIM provisioning for 2,000 employees."
3173,Tom Watkins,0,Atlanta,product,Improved fulfillment SLA reporting with automated dashboards.
3174,Jamie Massey,8,Remote,analytics,Scaled self-serve onboarding funnel for SMB customers.
3175,Sara Hodges,6,Austin,sales,Improved fulfillment SLA reporting with automated dashboards.
3176,Johnny Jenkins,10,Remote,product,Migrated legacy monolith endpoints to event-driven services.
3177,Sandra Johnson,13,Chicago,operations,Reduced cloud spend by redesigning batch compute workloads.
3178,Linda Savage,11,Remote,product,Designed interview loops for engineering leveling refresh.
3179,Daniel Hart,1,Austin,sales,Negotiated software procurement and vendor savings initiatives.
3180,Jonathan Chung II,17,Remote,support,Led multi-region ERP rollout across three warehouses.
3181,John Peters,12,Chicago,analytics,Ran agile ceremonies for cross-functional product squad.
3182,Morgan Morse,0,Chicago,analytics,Led multi-region ERP rollout across three warehouses.
3183,Billy Martinez,13,Chicago,product,Built churn propensity model for customer success team.
3184,Joseph Martinez,15,Austin,engineering,Managed enterprise renewals exceeding $4M ARR.
3185,Sergio Wilson,10,Seattle,sales,Introduced warehouse slotting optimization process.
3186,Kathleen Sims,14,Austin,sales,Shipped experimentation framework for signup conversion.
3187,Brenda Sawyer,15,Denver,support,Led multi-region ERP rollout across three warehouses.
3188,Adam Wilson,17,Remote,product,Built churn propensity model for customer success team.
3189,Michelle Beard MD,17,Denver,product,Introduced warehouse slotting optimization process.
3190,Steve Elliott,3,Seattle,sales,Designed interview loops for engineering leveling refresh.
3191,Dylan Cohen,0,Seattle,sales,Closed strategic logistics accounts in manufacturing sector.
3192,Tiffany Watson,11,Seattle,operations,"Drove product launch for analytics module used by 8,000 accounts."
3193,Kaitlyn Clark,12,Remote,support,Maintained SOC 2 evidence collection process.
3194,Paul Ferrell,10,Austin,support,Improved fulfillment SLA reporting with automated dashboards.
3195,Carly Espinoza,4,Chicago,product,Reduced cloud spend by redesigning batch compute workloads.
3196,Evan White,17,Chicago,support,Introduced warehouse slotting optimization process.
3197,Willie Smith,7,Austin,product,Negotiated software procurement and vendor savings initiatives.
3198,Christina Davis,13,Austin,sales,Built churn propensity model for customer success team.
3199,Brandon Weber,11,Austin,analytics,Ran agile ceremonies for cross-functional product squad.
3200,Andrea Fields,16,Remote,analytics,Managed enterprise renewals exceeding $4M ARR.
3201,Haley Smith,12,Remote,engineering,Scaled self-serve onboarding funnel for SMB customers.
3202,Duane Buck,11,Atlanta,product,Built churn propensity model for customer success team.
3203,Nicholas Richardson,15,Remote,engineering,Shipped experimentation framework for signup conversion.
3204,Taylor Hoffman,0,Denver,product,Improved fulfillment SLA reporting with automated dashboards.
3205,Christina Watkins,12,Denver,sales,Improved fulfillment SLA reporting with automated dashboards.
3206,Daniel White,10,Remote,sales,Managed enterprise renewals exceeding $4M ARR.
3207,Beth Boyd,13,Austin,analytics,Negotiated software procurement and vendor savings initiatives.
3208,Janet Johnston,4,Austin,operations,Built dbt models and Airflow pipelines for finance analytics.
3209,Lisa Levy,10,Atlanta,operations,Automated revenue recognition data quality checks.
3210,Lisa Blankenship,5,Chicago,product,Managed high-volume healthcare recruiting for clinical roles.
3211,Aaron Hall,2,Seattle,support,Managed high-volume healthcare recruiting for clinical roles.
3212,Timothy Mendez,10,Atlanta,analytics,Improved NPS by redesigning incident communications workflow.
3213,John Smith,0,Chicago,support,Designed interview loops for engineering leveling refresh.
3214,Wayne Taylor,1,Austin,support,Led multi-region ERP rollout across three warehouses.
3215,Jessica Ruiz,9,Austin,sales,Migrated legacy monolith endpoints to event-driven services.
3216,Peter Allen,16,Denver,operations,Led multi-region ERP rollout across three warehouses.
3217,Raymond Mccarthy,12,Chicago,product,Ran agile ceremonies for cross-functional product squad.
3218,Ryan Stewart,0,Austin,support,Negotiated software procurement and vendor savings initiatives.
3219,Larry Lewis,1,Seattle,engineering,Ran agile ceremonies for cross-functional product squad.
3220,Mark Ramirez,7,Remote,sales,Managed high-volume healthcare recruiting for clinical roles.
3221,Jeffrey Alexander,7,Remote,sales,Managed high-volume healthcare recruiting for clinical roles.
3222,Danielle Martinez,0,Austin,analytics,Closed strategic logistics accounts in manufacturing sector.
3223,Marissa Thompson,4,Chicago,support,Ran agile ceremonies for cross-functional product squad.
3224,Savannah Townsend,2,Denver,operations,Maintained SOC 2 evidence collection process.
3225,Jeff Jensen,10,Remote,sales,Introduced warehouse slotting optimization process.
3226,Tammie Lee,11,Atlanta,analytics,Expanded support knowledge base and deflected repetitive tickets.
3227,Timothy Cowan,7,Denver,sales,Designed interview loops for engineering leveling refresh.
3228,Isaac Lee,10,Remote,support,Maintained SOC 2 evidence collection process.
3229,Erin Bartlett,3,Atlanta,product,Improved fulfillment SLA reporting with automated dashboards.
3230,Kathryn Smith,15,Remote,analytics,Designed interview loops for engineering leveling refresh.
3231,Matthew May,0,Remote,product,Expanded support knowledge base and deflected repetitive tickets.
3232,Zachary Padilla,9,Remote,analytics,Improved fulfillment SLA reporting with automated dashboards.
3233,Anthony Armstrong,5,Atlanta,support,Closed strategic logistics accounts in manufacturing sector.
3234,Mitchell Ruiz,8,Denver,product,Owned forecasting model for outbound pipeline generation.
3235,Jordan Thompson,9,Austin,sales,Designed interview loops for engineering leveling refresh.
3236,Maria Gardner,11,Seattle,analytics,"Drove product launch for analytics module used by 8,000 accounts."
3237,Jacob Salazar,16,Chicago,sales,Automated revenue recognition data quality checks.
3238,Michele Thompson,10,Austin,engineering,Maintained SOC 2 evidence collection process.
3239,Angela Flowers,4,Seattle,sales,Ran agile ceremonies for cross-functional product squad.
3240,Jeremy Page,9,Denver,engineering,Reduced cloud spend by redesigning batch compute workloads.
3241,Scott Ramirez,9,Atlanta,sales,"Implemented Okta and SCIM provisioning for 2,000 employees."
3242,Mary Mclaughlin,15,Seattle,engineering,Negotiated software procurement and vendor savings initiatives.
3243,Michael Yoder,10,Chicago,product,Managed high-volume healthcare recruiting for clinical roles.
3244,Caroline Andersen,15,Seattle,operations,Automated revenue recognition data quality checks.
3245,Holly Smith,11,Atlanta,engineering,Managed high-volume healthcare recruiting for clinical roles.
3246,Jennifer Contreras,10,Atlanta,operations,Ran agile ceremonies for cross-functional product squad.
3247,Corey Juarez,5,Chicago,support,Scaled self-serve onboarding funnel for SMB customers.
3248,Derek Thompson,4,Seattle,analytics,Led multi-region ERP rollout across three warehouses.
3249,Lee Barker,1,Chicago,engineering,Reduced cloud spend by redesigning batch compute workloads.
3250,Mark Wilkinson,9,Atlanta,engineering,Managed high-volume healthcare recruiting for clinical roles.
3251,Emily Castro,16,Seattle,analytics,Maintained SOC 2 evidence collection process.
3252,John Huff,0,Austin,product,Introduced warehouse slotting optimization process.
3253,Timothy Davis,17,Denver,engineering,Owned forecasting model for outbound pipeline generation.
3254,Catherine Miller,15,Seattle,product,Scaled self-serve onboarding funnel for SMB customers.
3255,Mark Smith,7,Chicago,engineering,Expanded support knowledge base and deflected repetitive tickets.
3256,Adam Little,5,Austin,operations,Built churn propensity model for customer success team.
3257,Shawn Harding,10,Denver,sales,Negotiated software procurement and vendor savings initiatives.
3258,Michael Bender,15,Denver,operations,"Drove product launch for analytics module used by 8,000 accounts."
3259,Nicole Rojas,0,Remote,product,Improved fulfillment SLA reporting with automated dashboards.
3260,James Mitchell,8,Seattle,sales,Owned forecasting model for outbound pipeline generation.
3261,Karl Gutierrez,0,Chicago,analytics,Managed high-volume healthcare recruiting for clinical roles.
3262,Denise Gonzalez,11,Chicago,sales,Managed enterprise renewals exceeding $4M ARR.
3263,Deanna Gonzales,1,Chicago,analytics,Managed enterprise renewals exceeding $4M ARR.
3264,Henry Cox,5,Remote,engineering,Expanded support knowledge base and deflected repetitive tickets.
3265,Kelly Gallegos,13,Denver,sales,Launched partner onboarding program across EMEA region.
3266,Carolyn Herring,13,Remote,product,Built churn propensity model for customer success team.
3267,Brittney Carroll,4,Austin,support,Introduced warehouse slotting optimization process.
3268,Jessica Brewer DDS,9,Atlanta,product,Introduced warehouse slotting optimization process.
3269,Gordon Schmitt,3,Austin,support,Closed strategic logistics accounts in manufacturing sector.
3270,Natalie Adams,10,Atlanta,sales,Owned forecasting model for outbound pipeline generation.
3271,Christine Robinson,0,Austin,operations,Maintained SOC 2 evidence collection process.
3272,Thomas Holmes,14,Austin,product,Led multi-region ERP rollout across three warehouses.
3273,Karen Mcdonald,0,Austin,support,Maintained SOC 2 evidence collection process.
3274,Justin Barrett,10,Seattle,analytics,Expanded support knowledge base and deflected repetitive tickets.
3275,Erica Garcia,7,Atlanta,product,Built churn propensity model for customer success team.
3276,Steven Moore,4,Atlanta,engineering,"Drove product launch for analytics module used by 8,000 accounts."
3277,George Leach,9,Chicago,product,Shipped experimentation framework for signup conversion.
3278,Hunter Martin,2,Chicago,engineering,Expanded support knowledge base and deflected repetitive tickets.
3279,Nicole Gonzales,10,Denver,product,Negotiated software procurement and vendor savings initiatives.
3280,Linda Neal,11,Remote,support,Led multi-region ERP rollout across three warehouses.
3281,Kara Sanchez,8,Seattle,operations,Automated revenue recognition data quality checks.
3282,Lindsay Olson,6,Austin,operations,Led multi-region ERP rollout across three warehouses.
3283,Andrew Hickman,8,Austin,engineering,Led multi-region ERP rollout across three warehouses.
3284,Timothy Mcintosh,17,Denver,sales,Scaled self-serve onboarding funnel for SMB customers.
3285,Jeffery Adams,13,Chicago,sales,Maintained SOC 2 evidence collection process.
3286,Leslie Martin,0,Denver,support,Improved NPS by redesigning incident communications workflow.
3287,Eric Carlson,5,Remote,sales,Shipped experimentation framework for signup conversion.
3288,Kelly Lynn,0,Chicago,support,Automated revenue recognition data quality checks.
3289,Brenda Alvarado,4,Atlanta,sales,Migrated legacy monolith endpoints to event-driven services.
3290,Amy Davis,14,Denver,product,"Implemented Okta and SCIM provisioning for 2,000 employees."
3291,Brenda Reed,15,Atlanta,operations,Launched partner onboarding program across EMEA region.
3292,Joe Hopkins,8,Atlanta,support,Shipped experimentation framework for signup conversion.
3293,Christopher Parker,12,Atlanta,support,Reduced cloud spend by redesigning batch compute workloads.
3294,Scott Kim,6,Chicago,product,Launched partner onboarding program across EMEA region.
3295,Brittany Peters,8,Remote,analytics,Built churn propensity model for customer success team.
3296,Abigail Moore,14,Chicago,operations,Built churn propensity model for customer success team.
3297,Joshua Long,4,Austin,analytics,Expanded support knowledge base and deflected repetitive tickets.
3298,John Bennett,5,Austin,engineering,Owned forecasting model for outbound pipeline generation.
3299,David Stark,2,Austin,product,Shipped experimentation framework for signup conversion.
3300,Fernando Mcconnell,3,Denver,support,Built role-based compensation benchmarking dashboards.
3301,Gabriel Campbell,0,Seattle,engineering,Built dbt models and Airflow pipelines for finance analytics.
3302,Shelley Carlson,14,Austin,sales,Built churn propensity model for customer success team.
3303,Hannah Santiago,15,Austin,engineering,Led multi-region ERP rollout across three warehouses.
3304,Alyssa Blackwell,7,Atlanta,support,Reduced cloud spend by redesigning batch compute workloads.
3305,David Cox,10,Atlanta,analytics,Reduced cloud spend by redesigning batch compute workloads.
3306,April Greene,4,Atlanta,engineering,Automated revenue recognition data quality checks.
3307,Billy Hall,0,Austin,analytics,Managed high-volume healthcare recruiting for clinical roles.
3308,Mr. Eric Davis MD,9,Chicago,operations,Reduced cloud spend by redesigning batch compute workloads.
3309,Chris Collins,2,Denver,operations,Maintained SOC 2 evidence collection process.
3310,Karen Green,15,Seattle,analytics,Maintained SOC 2 evidence collection process.
3311,Cassie Sanders,5,Atlanta,product,Led multi-region ERP rollout across three warehouses.
3312,Ashley Drake,13,Seattle,product,Reduced cloud spend by redesigning batch compute workloads.
3313,Nicholas Rios,4,Atlanta,engineering,Maintained SOC 2 evidence collection process.
3314,Robert Martin,2,Denver,product,Built dbt models and Airflow pipelines for finance analytics.
3315,Jonathon Parks,9,Atlanta,analytics,Built churn propensity model for customer success team.
3316,Matthew Santiago,3,Denver,sales,Introduced warehouse slotting optimization process.
3317,Anthony Coleman,7,Austin,product,Launched partner onboarding program across EMEA region.
3318,Audrey Roman,5,Atlanta,operations,Launched partner onboarding program across EMEA region.
3319,Kathryn Norman,15,Chicago,operations,Built churn propensity model for customer success team.
3320,Sarah Bonilla,9,Chicago,product,Managed high-volume healthcare recruiting for clinical roles.
3321,Christopher Coleman,12,Seattle,analytics,Maintained SOC 2 evidence collection process.
3322,Sheila Miller,10,Austin,engineering,Managed high-volume healthcare recruiting for clinical roles.
3323,Travis Zimmerman,16,Austin,engineering,Designed interview loops for engineering leveling refresh.
3324,Jose Mendez,7,Denver,support,Designed interview loops for engineering leveling refresh.
3325,Jessica Marshall,15,Atlanta,operations,Reduced cloud spend by redesigning batch compute workloads.
3326,Sean Stevens,16,Remote,engineering,Automated revenue recognition data quality checks.
3327,Kyle Wood,16,Atlanta,engineering,Automated revenue recognition data quality checks.
3328,Michael Wang,12,Chicago,product,Shipped experimentation framework for signup conversion.
3329,Derek Carter,17,Denver,analytics,Designed interview loops for engineering leveling refresh.
3330,Jeremy Evans,13,Denver,analytics,Maintained SOC 2 evidence collection process.
3331,Brian Dennis,5,Denver,analytics,"Drove product launch for analytics module used by 8,000 accounts."
3332,Jennifer Thompson,2,Seattle,operations,Built role-based compensation benchmarking dashboards.
3333,Beth Thomas,3,Seattle,product,Shipped experimentation framework for signup conversion.
3334,Steven Reed MD,10,Seattle,analytics,Closed strategic logistics accounts in manufacturing sector.
3335,Tamara Berger,2,Denver,analytics,Improved NPS by redesigning incident communications workflow.
3336,Samantha Carroll,4,Chicago,product,Migrated legacy monolith endpoints to event-driven services.
3337,Gabriel Johnson,11,Austin,engineering,"Implemented Okta and SCIM provisioning for 2,000 employees."
3338,Misty Burnett,5,Seattle,sales,Negotiated software procurement and vendor savings initiatives.
3339,Jose Swanson,12,Remote,support,Improved NPS by redesigning incident communications workflow.
3340,Mark Turner,17,Austin,engineering,Designed interview loops for engineering leveling refresh.
3341,Clinton Francis,1,Austin,sales,Owned forecasting model for outbound pipeline generation.
3342,Natalie Miller,11,Chicago,engineering,Launched partner onboarding program across EMEA region.
3343,Traci Leon,14,Seattle,support,Designed interview loops for engineering leveling refresh.
3344,Whitney Gilbert,2,Chicago,product,Expanded support knowledge base and deflected repetitive tickets.
3345,Rebecca Benson,14,Austin,sales,Improved fulfillment SLA reporting with automated dashboards.
3346,Kenneth Lewis,9,Denver,support,Built churn propensity model for customer success team.
3347,Denise Barker,11,Denver,support,Built dbt models and Airflow pipelines for finance analytics.
3348,Jonathan Williams,0,Denver,product,Improved NPS by redesigning incident communications workflow.
3349,Christopher Mitchell,7,Atlanta,product,Managed high-volume healthcare recruiting for clinical roles.
3350,Daniel Casey,6,Chicago,operations,"Implemented Okta and SCIM provisioning for 2,000 employees."
3351,Denise Ford,2,Austin,engineering,Migrated legacy monolith endpoints to event-driven services.
3352,Madison Davis,13,Austin,support,Migrated legacy monolith endpoints to event-driven services.
3353,Michael Walker,9,Seattle,analytics,"Drove product launch for analytics module used by 8,000 accounts."
3354,Monica Lynch,15,Atlanta,operations,Negotiated software procurement and vendor savings initiatives.
3355,Jason Larson,2,Chicago,analytics,Scaled self-serve onboarding funnel for SMB customers.
3356,Karen Grant,13,Remote,analytics,"Drove product launch for analytics module used by 8,000 accounts."
3357,Francisco Carson,10,Atlanta,sales,Improved fulfillment SLA reporting with automated dashboards.
3358,Scott Porter,11,Seattle,sales,Negotiated software procurement and vendor savings initiatives.
3359,Carolyn Price,5,Seattle,operations,Improved fulfillment SLA reporting with automated dashboards.
3360,Matthew Duncan,12,Chicago,operations,Improved fulfillment SLA reporting with automated dashboards.
3361,John Mercer,4,Atlanta,support,Closed strategic logistics accounts in manufacturing sector.
3362,Paul Moreno,13,Atlanta,engineering,Owned forecasting model for outbound pipeline generation.
3363,Paul Hayes,7,Denver,sales,Owned forecasting model for outbound pipeline generation.
3364,Christopher Richards,8,Atlanta,support,Improved fulfillment SLA reporting with automated dashboards.
3365,Krystal Perry,10,Denver,engineering,Built churn propensity model for customer success team.
3366,Nicole Campbell,1,Austin,support,Improved NPS by redesigning incident communications workflow.
3367,Wanda Brooks,6,Austin,support,Introduced warehouse slotting optimization process.
3368,Jamie Rush,3,Denver,sales,Shipped experimentation framework for signup conversion.
3369,James Lewis,17,Remote,analytics,Owned forecasting model for outbound pipeline generation.
3370,Dylan Hancock,7,Chicago,operations,Ran agile ceremonies for cross-functional product squad.
3371,Victoria Werner,0,Atlanta,sales,Improved NPS by redesigning incident communications workflow.
3372,Heather Robinson,0,Austin,engineering,Scaled self-serve onboarding funnel for SMB customers.
3373,Diana Townsend,16,Atlanta,product,Launched partner onboarding program across EMEA region.
3374,Mary Mcdaniel,2,Chicago,product,Built role-based compensation benchmarking dashboards.
3375,Makayla Shaw,0,Denver,product,Launched partner onboarding program across EMEA region.
3376,Courtney Powell,3,Seattle,engineering,Owned forecasting model for outbound pipeline generation.
3377,Donna Middleton,3,Denver,product,Designed interview loops for engineering leveling refresh.
3378,Shane Ross,1,Remote,analytics,Ran agile ceremonies for cross-functional product squad.
3379,Ronald Hines,17,Austin,analytics,"Drove product launch for analytics module used by 8,000 accounts."
3380,Melinda Garcia,1,Austin,operations,Introduced warehouse slotting optimization process.
3381,Jennifer Barnes,13,Chicago,sales,Closed strategic logistics accounts in manufacturing sector.
3382,Allen Walker,15,Chicago,sales,Expanded support knowledge base and deflected repetitive tickets.
3383,Kathy Miller,11,Denver,sales,Built role-based compensation benchmarking dashboards.
3384,Jennifer Johnson,2,Remote,support,Launched partner onboarding program across EMEA region.
3385,Carol Garrett,13,Chicago,product,Designed interview loops for engineering leveling refresh.
3386,Tiffany Johnson,5,Denver,product,Managed high-volume healthcare recruiting for clinical roles.
3387,Rachel Price,7,Austin,product,Automated revenue recognition data quality checks.
3388,Cheryl Gentry,4,Seattle,engineering,Scaled self-serve onboarding funnel for SMB customers.
3389,Nathan Allen,14,Atlanta,support,Designed interview loops for engineering leveling refresh.
3390,Micheal Gonzalez,10,Austin,product,Reduced cloud spend by redesigning batch compute workloads.
3391,Austin Johnson,2,Denver,analytics,Negotiated software procurement and vendor savings initiatives.
3392,Judy Sutton,7,Chicago,analytics,Ran agile ceremonies for cross-functional product squad.
3393,David Thompson,14,Denver,operations,Owned forecasting model for outbound pipeline generation.
3394,Martin Lara,16,Chicago,support,Automated revenue recognition data quality checks.
3395,Shelby Stout,16,Seattle,support,Introduced warehouse slotting optimization process.
3396,Nathan Jones,2,Austin,analytics,Expanded support knowledge base and deflected repetitive tickets.
3397,Melanie Russell,15,Atlanta,engineering,Introduced warehouse slotting optimization process.
3398,Julie Cruz,10,Seattle,product,Automated revenue recognition data quality checks.
3399,Tina Ware,13,Austin,analytics,Improved NPS by redesigning incident communications workflow.
3400,Michelle Lawson,6,Remote,product,Expanded support knowledge base and deflected repetitive tickets.
3401,Michelle Gonzales DVM,11,Seattle,support,Improved NPS by redesigning incident communications workflow.
3402,Robert Clayton,4,Chicago,analytics,"Drove product launch for analytics module used by 8,000 accounts."
3403,Amanda Ross,9,Denver,support,Improved NPS by redesigning incident communications workflow.
3404,Lori Alexander,4,Seattle,sales,"Drove product launch for analytics module used by 8,000 accounts."
3405,Ashley Boone,7,Atlanta,operations,Improved NPS by redesigning incident communications workflow.
3406,Lauren Moody,7,Seattle,engineering,Negotiated software procurement and vendor savings initiatives.
3407,Holly Douglas,15,Remote,support,Introduced warehouse slotting optimization process.
3408,David Olson,11,Denver,sales,Shipped experimentation framework for signup conversion.
3409,Gary Benson,11,Austin,engineering,Managed enterprise renewals exceeding $4M ARR.
3410,Michael Goodwin,5,Denver,support,Designed interview loops for engineering leveling refresh.
3411,Grace Norris,7,Atlanta,sales,Ran agile ceremonies for cross-functional product squad.
3412,Jerry Scott,8,Seattle,sales,Improved NPS by redesigning incident communications workflow.
3413,Andrew Taylor,14,Chicago,engineering,"Drove product launch for analytics module used by 8,000 accounts."
3414,Allison Beard,3,Remote,analytics,Built churn propensity model for customer success team.
3415,Michelle Parker,0,Austin,operations,Built dbt models and Airflow pipelines for finance analytics.
3416,Latoya Torres,9,Atlanta,analytics,Expanded support knowledge base and deflected repetitive tickets.
3417,Megan Moore,14,Denver,operations,Managed enterprise renewals exceeding $4M ARR.
3418,Betty Lawson,13,Seattle,support,Migrated legacy monolith endpoints to event-driven services.
3419,Dawn Perez,14,Chicago,operations,Introduced warehouse slotting optimization process.
3420,Lauren Hernandez,7,Remote,support,Closed strategic logistics accounts in manufacturing sector.
3421,Jackson Romero,4,Austin,operations,Designed interview loops for engineering leveling refresh.
3422,Kellie Woods,11,Seattle,engineering,Built dbt models and Airflow pipelines for finance analytics.
3423,Valerie Schneider,0,Denver,operations,Automated revenue recognition data quality checks.
3424,Kathryn Mills,16,Atlanta,sales,Shipped experimentation framework for signup conversion.
3425,Timothy Wong,12,Chicago,operations,Closed strategic logistics accounts in manufacturing sector.
3426,Karen Webb,9,Denver,engineering,Scaled self-serve onboarding funnel for SMB customers.
3427,Michael Brown,3,Denver,support,Built dbt models and Airflow pipelines for finance analytics.
3428,Daniel Hernandez,4,Chicago,analytics,Owned forecasting model for outbound pipeline generation.
3429,Monica Wilson,17,Austin,engineering,"Drove product launch for analytics module used by 8,000 accounts."
3430,Jonathan Hudson,0,Denver,product,Built dbt models and Airflow pipelines for finance analytics.
3431,Alexandria Francis,0,Denver,operations,Shipped experimentation framework for signup conversion.
3432,Rachel Villanueva,6,Seattle,sales,Improved NPS by redesigning incident communications workflow.
3433,Heidi Johnson,4,Denver,engineering,Maintained SOC 2 evidence collection process.
3434,Tiffany Romero,12,Atlanta,sales,Built role-based compensation benchmarking dashboards.
3435,Tyrone Bradford,0,Denver,engineering,Ran agile ceremonies for cross-functional product squad.
3436,Angela Yates,14,Denver,operations,"Implemented Okta and SCIM provisioning for 2,000 employees."
3437,Joseph Sanchez,14,Seattle,analytics,Led multi-region ERP rollout across three warehouses.
3438,Catherine Mayer,4,Seattle,operations,Improved NPS by redesigning incident communications workflow.
3439,Crystal Love,10,Remote,product,Shipped experimentation framework for signup conversion.
3440,William Baker,12,Denver,product,Launched partner onboarding program across EMEA region.
3441,Patrick Quinn,15,Austin,sales,Ran agile ceremonies for cross-functional product squad.
3442,Susan Anderson,13,Atlanta,analytics,Closed strategic logistics accounts in manufacturing sector.
3443,Daniel Sanchez,17,Denver,operations,Designed interview loops for engineering leveling refresh.
3444,Karen Garcia,2,Austin,sales,Managed enterprise renewals exceeding $4M ARR.
3445,Amber Tyler,10,Remote,sales,Launched partner onboarding program across EMEA region.
3446,John Ramos,13,Atlanta,analytics,"Drove product launch for analytics module used by 8,000 accounts."
3447,Brett Lawrence,4,Atlanta,engineering,Owned forecasting model for outbound pipeline generation.
3448,Elizabeth Smith,3,Atlanta,support,Shipped experimentation framework for signup conversion.
3449,Taylor Cortez,1,Remote,product,Automated revenue recognition data quality checks.
3450,Marvin Chapman,17,Seattle,operations,Designed interview loops for engineering leveling refresh.
3451,Nicole Gay,15,Seattle,analytics,Expanded support knowledge base and deflected repetitive tickets.
3452,Jason Nelson,2,Seattle,product,Improved NPS by redesigning incident communications workflow.
3453,Erin Webb,4,Seattle,support,Introduced warehouse slotting optimization process.
3454,Matthew Baker,8,Seattle,operations,Built role-based compensation benchmarking dashboards.
3455,Glenda Byrd,16,Austin,product,Led multi-region ERP rollout across three warehouses.
3456,Lori Rodriguez,14,Denver,engineering,Introduced warehouse slotting optimization process.
3457,Catherine Smith,15,Chicago,analytics,Managed high-volume healthcare recruiting for clinical roles.
3458,Katrina Simpson,14,Remote,sales,Built dbt models and Airflow pipelines for finance analytics.
3459,Philip Chambers,11,Atlanta,sales,Improved NPS by redesigning incident communications workflow.
3460,Scott Peterson,5,Atlanta,analytics,Built dbt models and Airflow pipelines for finance analytics.
3461,Samantha Lee,10,Atlanta,support,Launched partner onboarding program across EMEA region.
3462,David Parker,8,Seattle,support,Maintained SOC 2 evidence collection process.
3463,Randall Kennedy,17,Seattle,support,Introduced warehouse slotting optimization process.
3464,Tanya Clark,8,Chicago,sales,Improved fulfillment SLA reporting with automated dashboards.
3465,Erica Lee,13,Remote,operations,Built role-based compensation benchmarking dashboards.
3466,Christopher Moore,3,Seattle,engineering,Launched partner onboarding program across EMEA region.
3467,Erika Black,12,Chicago,analytics,Built dbt models and Airflow pipelines for finance analytics.
3468,Kurt Butler,8,Atlanta,support,Improved NPS by redesigning incident communications workflow.
3469,Crystal Baker,7,Denver,operations,Managed enterprise renewals exceeding $4M ARR.
3470,Sandra Wood,13,Denver,sales,Closed strategic logistics accounts in manufacturing sector.
3471,Nicholas Calderon,8,Remote,sales,Owned forecasting model for outbound pipeline generation.
3472,Eric Elliott,1,Chicago,analytics,Automated revenue recognition data quality checks.
3473,Abigail Case,7,Remote,support,Expanded support knowledge base and deflected repetitive tickets.
3474,Jason Brewer,17,Atlanta,operations,Maintained SOC 2 evidence collection process.
3475,Jesus Hill,17,Seattle,sales,Maintained SOC 2 evidence collection process.
3476,Christina Bates,11,Seattle,operations,Launched partner onboarding program across EMEA region.
3477,Ronnie Johnson,11,Atlanta,sales,Maintained SOC 2 evidence collection process.
3478,James Grant,4,Chicago,engineering,Shipped experimentation framework for signup conversion.
3479,Rebecca Williamson,14,Remote,operations,Shipped experimentation framework for signup conversion.
3480,Donald Jones,10,Atlanta,product,Maintained SOC 2 evidence collection process.
3481,Nathan David,0,Denver,analytics,Designed interview loops for engineering leveling refresh.
3482,Tiffany Arroyo,17,Chicago,engineering,"Drove product launch for analytics module used by 8,000 accounts."
3483,Jeanette Moyer,15,Austin,product,"Drove product launch for analytics module used by 8,000 accounts."
3484,Danielle Benitez,1,Chicago,sales,Closed strategic logistics accounts in manufacturing sector.
3485,Amy Brown,7,Austin,analytics,Closed strategic logistics accounts in manufacturing sector.
3486,Joshua Kim,13,Remote,analytics,Designed interview loops for engineering leveling refresh.
3487,John Gilmore,13,Denver,support,Managed high-volume healthcare recruiting for clinical roles.
3488,William Oconnor,3,Atlanta,support,Improved NPS by redesigning incident communications workflow.
3489,Shelly Lawrence,0,Seattle,sales,Built churn propensity model for customer success team.
3490,Kristina Gonzales,17,Remote,support,Led multi-region ERP rollout across three warehouses.
3491,Joshua Guerrero,16,Denver,analytics,Managed enterprise renewals exceeding $4M ARR.
3492,Ruth Norris,13,Austin,operations,"Drove product launch for analytics module used by 8,000 accounts."
3493,Randy Harrell,11,Atlanta,engineering,Managed high-volume healthcare recruiting for clinical roles.
3494,Nancy Krueger,12,Remote,analytics,Improved NPS by redesigning incident communications workflow.
3495,Raymond Burgess,8,Denver,operations,Introduced warehouse slotting optimization process.
3496,Frank Perez,12,Austin,operations,Designed interview loops for engineering leveling refresh.
3497,Cristian Mata,5,Seattle,support,Built dbt models and Airflow pipelines for finance analytics.
3498,Larry Cantu,1,Atlanta,support,Scaled self-serve onboarding funnel for SMB customers.
3499,Martin Simmons,5,Austin,sales,Built role-based compensation benchmarking dashboards.
3500,Rebecca Decker,5,Austin,sales,Ran agile ceremonies for cross-functional product squad.
3501,William Brooks,5,Atlanta,product,Led multi-region ERP rollout across three warehouses.
3502,Whitney Moyer,8,Austin,analytics,Designed interview loops for engineering leveling refresh.
3503,Erin Ryan,2,Chicago,operations,Negotiated software procurement and vendor savings initiatives.
3504,Gene Jones,7,Chicago,product,Improved NPS by redesigning incident communications workflow.
3505,Brandon Grant,8,Denver,support,Scaled self-serve onboarding funnel for SMB customers.
3506,Christopher Palmer,3,Seattle,product,Designed interview loops for engineering leveling refresh.
3507,Laura Mcdonald,8,Denver,operations,Ran agile ceremonies for cross-functional product squad.
3508,Cheryl Jones,12,Remote,engineering,"Drove product launch for analytics module used by 8,000 accounts."
3509,Sabrina Owens,7,Atlanta,support,Migrated legacy monolith endpoints to event-driven services.
3510,Wendy Hernandez,0,Denver,support,"Drove product launch for analytics module used by 8,000 accounts."
3511,Christopher Johnston,12,Atlanta,analytics,"Implemented Okta and SCIM provisioning for 2,000 employees."
3512,Richard Stevenson,10,Austin,operations,Ran agile ceremonies for cross-functional product squad.
3513,Stacy Morales,7,Remote,engineering,Improved fulfillment SLA reporting with automated dashboards.
3514,Marcus Price,0,Chicago,sales,Migrated legacy monolith endpoints to event-driven services.
3515,Frank Hernandez,1,Remote,product,Reduced cloud spend by redesigning batch compute workloads.
3516,Lauren Saunders,1,Atlanta,sales,Closed strategic logistics accounts in manufacturing sector.
3517,Martha Gonzalez,15,Chicago,analytics,Expanded support knowledge base and deflected repetitive tickets.
3518,Tammy Barry,5,Denver,analytics,Migrated legacy monolith endpoints to event-driven services.
3519,Laura Lopez,7,Austin,operations,Managed enterprise renewals exceeding $4M ARR.
3520,Eric Garcia,12,Atlanta,product,Owned forecasting model for outbound pipeline generation.
3521,Terry Williams,11,Austin,support,Improved fulfillment SLA reporting with automated dashboards.
3522,Gregory Jones,1,Atlanta,product,Launched partner onboarding program across EMEA region.
3523,Tanya Barrett,16,Chicago,sales,Launched partner onboarding program across EMEA region.
3524,Christopher Ritter,4,Austin,support,Managed enterprise renewals exceeding $4M ARR.
3525,Thomas Barton,13,Chicago,support,Closed strategic logistics accounts in manufacturing sector.
3526,Shawn Blackburn,14,Austin,product,Introduced warehouse slotting optimization process.
3527,Travis Johnson,9,Remote,operations,Designed interview loops for engineering leveling refresh.
3528,Sarah Clark,2,Remote,sales,Ran agile ceremonies for cross-functional product squad.
3529,Jeffrey Gonzalez,9,Remote,support,Scaled self-serve onboarding funnel for SMB customers.
3530,Leslie Martinez,4,Seattle,support,Improved NPS by redesigning incident communications workflow.
3531,Katie Lane,15,Chicago,sales,Migrated legacy monolith endpoints to event-driven services.
3532,Carla Clark,13,Seattle,sales,Owned forecasting model for outbound pipeline generation.
3533,Natalie Howard,14,Seattle,support,Improved fulfillment SLA reporting with automated dashboards.
3534,Jennifer Clark MD,14,Chicago,analytics,Managed enterprise renewals exceeding $4M ARR.
3535,Karen Hicks,3,Remote,product,Closed strategic logistics accounts in manufacturing sector.
3536,Alexis James,0,Remote,analytics,Automated revenue recognition data quality checks.
3537,Tyrone Garcia,11,Denver,product,Owned forecasting model for outbound pipeline generation.
3538,Eric Brown,11,Atlanta,sales,Managed high-volume healthcare recruiting for clinical roles.
3539,Marissa Perez,15,Remote,support,Built role-based compensation benchmarking dashboards.
3540,Marie Patrick,11,Chicago,sales,Launched partner onboarding program across EMEA region.
3541,Alexis Brandt,14,Remote,support,Closed strategic logistics accounts in manufacturing sector.
3542,Stephanie Williams,6,Chicago,operations,Built dbt models and Airflow pipelines for finance analytics.
3543,Cassandra Smith,2,Remote,analytics,Migrated legacy monolith endpoints to event-driven services.
3544,Brenda Harrison,0,Chicago,support,Managed high-volume healthcare recruiting for clinical roles.
3545,Kyle Clark,7,Seattle,engineering,Ran agile ceremonies for cross-functional product squad.
3546,Eileen Williamson,0,Atlanta,sales,"Implemented Okta and SCIM provisioning for 2,000 employees."
3547,Jennifer Thompson,9,Denver,analytics,Built role-based compensation benchmarking dashboards.
3548,Brittany Pacheco,7,Denver,operations,Negotiated software procurement and vendor savings initiatives.
3549,Holly Buckley,4,Chicago,analytics,Maintained SOC 2 evidence collection process.
3550,Amanda Harris,10,Seattle,operations,Built churn propensity model for customer success team.
3551,Jake Skinner,12,Remote,engineering,Closed strategic logistics accounts in manufacturing sector.
3552,Alyssa Johnson,0,Atlanta,product,Shipped experimentation framework for signup conversion.
3553,John Moss,8,Chicago,support,Ran agile ceremonies for cross-functional product squad.
3554,Jason Ryan,16,Seattle,analytics,Expanded support knowledge base and deflected repetitive tickets.
3555,Miranda Jackson,5,Denver,engineering,"Implemented Okta and SCIM provisioning for 2,000 employees."
3556,Gregory Walker,14,Remote,sales,Managed high-volume healthcare recruiting for clinical roles.
3557,Austin Novak,6,Chicago,analytics,Maintained SOC 2 evidence collection process.
3558,Jason Villanueva,4,Atlanta,engineering,Built dbt models and Airflow pipelines for finance analytics.
3559,Scott Pacheco,15,Denver,operations,Launched partner onboarding program across EMEA region.
3560,John Lam,6,Remote,product,Reduced cloud spend by redesigning batch compute workloads.
3561,Frank Fernandez,15,Austin,product,Migrated legacy monolith endpoints to event-driven services.
3562,Mary Davis,11,Atlanta,analytics,Negotiated software procurement and vendor savings initiatives.
3563,Ronald Duncan Jr.,14,Seattle,sales,Ran agile ceremonies for cross-functional product squad.
3564,Renee Thomas,14,Denver,engineering,Reduced cloud spend by redesigning batch compute workloads.
3565,Natalie Love,16,Atlanta,sales,Improved NPS by redesigning incident communications workflow.
3566,Lucas Wright,9,Chicago,sales,Led multi-region ERP rollout across three warehouses.
3567,Nicholas Turner,17,Denver,analytics,Improved NPS by redesigning incident communications workflow.
3568,Julia Garza,1,Remote,support,Managed enterprise renewals exceeding $4M ARR.
3569,Victoria Adams,8,Denver,operations,Shipped experimentation framework for signup conversion.
3570,Erin Brooks,7,Chicago,support,"Drove product launch for analytics module used by 8,000 accounts."
3571,Noah Rosales,1,Atlanta,engineering,Launched partner onboarding program across EMEA region.
3572,Rebecca Welch,15,Denver,operations,Automated revenue recognition data quality checks.
3573,Veronica Smith,14,Seattle,analytics,Owned forecasting model for outbound pipeline generation.
3574,Sara Young,13,Austin,engineering,Ran agile ceremonies for cross-functional product squad.
3575,Adam Castillo,11,Remote,product,"Implemented Okta and SCIM provisioning for 2,000 employees."
3576,Chelsea Kane,10,Seattle,product,Shipped experimentation framework for signup conversion.
3577,Jennifer Haney,6,Remote,support,Built churn propensity model for customer success team.
3578,Dennis Gonzales,12,Denver,support,Introduced warehouse slotting optimization process.
3579,Mary Robertson,17,Denver,sales,Improved fulfillment SLA reporting with automated dashboards.
3580,Zachary Lopez,4,Denver,sales,Led multi-region ERP rollout across three warehouses.
3581,Shane Ingram,6,Remote,sales,Launched partner onboarding program across EMEA region.
3582,Brent Chase,1,Austin,engineering,Improved NPS by redesigning incident communications workflow.
3583,Deborah Casey,16,Atlanta,analytics,Ran agile ceremonies for cross-functional product squad.
3584,Alexander Daniels,9,Chicago,product,Built role-based compensation benchmarking dashboards.
3585,William Greer,10,Atlanta,support,"Drove product launch for analytics module used by 8,000 accounts."
3586,Micheal Martinez,4,Remote,product,Migrated legacy monolith endpoints to event-driven services.
3587,Jesse Tran,0,Seattle,product,Shipped experimentation framework for signup conversion.
3588,Tracy Bonilla,14,Austin,analytics,Migrated legacy monolith endpoints to event-driven services.
3589,Robert Blackwell,15,Denver,engineering,Improved NPS by redesigning incident communications workflow.
3590,Brenda Becker,6,Austin,product,Improved NPS by redesigning incident communications workflow.
3591,Christina Garner,13,Denver,analytics,Built role-based compensation benchmarking dashboards.
3592,Penny Hart,10,Chicago,analytics,Reduced cloud spend by redesigning batch compute workloads.
3593,Amber Patel,11,Seattle,product,"Implemented Okta and SCIM provisioning for 2,000 employees."
3594,Melissa Osborn,3,Atlanta,support,Shipped experimentation framework for signup conversion.
3595,Christopher Becker,11,Chicago,engineering,Introduced warehouse slotting optimization process.
3596,Shannon Perez,2,Remote,support,"Implemented Okta and SCIM provisioning for 2,000 employees."
3597,Michelle Fernandez,3,Seattle,product,Automated revenue recognition data quality checks.
3598,Jessica Harris,6,Atlanta,sales,Ran agile ceremonies for cross-functional product squad.
3599,Wayne Morales,3,Denver,operations,Maintained SOC 2 evidence collection process.
3600,Joseph Fisher,16,Chicago,engineering,Reduced cloud spend by redesigning batch compute workloads.
3601,Frank Griffith,0,Atlanta,support,Shipped experimentation framework for signup conversion.
3602,Benjamin Erickson,16,Seattle,engineering,Led multi-region ERP rollout across three warehouses.
3603,Christine Quinn,2,Remote,operations,Shipped experimentation framework for signup conversion.
3604,Andrea Fischer,15,Seattle,analytics,"Implemented Okta and SCIM provisioning for 2,000 employees."
3605,John Martin,6,Austin,product,Improved fulfillment SLA reporting with automated dashboards.
3606,Vanessa Good,16,Remote,sales,"Drove product launch for analytics module used by 8,000 accounts."
3607,Christopher Barnes,9,Chicago,product,Designed interview loops for engineering leveling refresh.
3608,Danielle Bell,8,Austin,engineering,Scaled self-serve onboarding funnel for SMB customers.
3609,Travis Taylor,2,Atlanta,engineering,Improved NPS by redesigning incident communications workflow.
3610,Nicholas Willis,7,Denver,engineering,Managed enterprise renewals exceeding $4M ARR.
3611,Christine Thomas,10,Austin,support,Managed enterprise renewals exceeding $4M ARR.
3612,Garrett Walsh,17,Chicago,operations,Led multi-region ERP rollout across three warehouses.
3613,Kelly Ingram,4,Chicago,engineering,Built role-based compensation benchmarking dashboards.
3614,Crystal Gonzales,1,Denver,support,Scaled self-serve onboarding funnel for SMB customers.
3615,Kimberly Bishop,4,Seattle,sales,Improved NPS by redesigning incident communications workflow.
3616,Spencer Webster,4,Seattle,support,Automated revenue recognition data quality checks.
3617,Sheri Herring,17,Austin,analytics,Expanded support knowledge base and deflected repetitive tickets.
3618,Ryan Scott,2,Chicago,engineering,Designed interview loops for engineering leveling refresh.
3619,Jessica Jackson,17,Atlanta,analytics,Shipped experimentation framework for signup conversion.
3620,Sharon Freeman,2,Seattle,product,Introduced warehouse slotting optimization process.
3621,Joseph Davis,14,Austin,operations,"Implemented Okta and SCIM provisioning for 2,000 employees."
3622,Tina Grimes,7,Denver,product,Shipped experimentation framework for signup conversion.
3623,Samuel Simpson,0,Austin,sales,Designed interview loops for engineering leveling refresh.
3624,Jessica Brown,11,Denver,sales,Led multi-region ERP rollout across three warehouses.
3625,Randy Kirby,13,Denver,sales,Automated revenue recognition data quality checks.
3626,Summer Bowman,15,Chicago,sales,"Drove product launch for analytics module used by 8,000 accounts."
3627,Michael King,3,Remote,sales,Expanded support knowledge base and deflected repetitive tickets.
3628,Adam Marquez,11,Seattle,analytics,Managed enterprise renewals exceeding $4M ARR.
3629,Mr. Daniel Hamilton,10,Atlanta,engineering,Improved NPS by redesigning incident communications workflow.
3630,Zachary Mckenzie,7,Seattle,analytics,Expanded support knowledge base and deflected repetitive tickets.
3631,Lawrence Cunningham DDS,16,Chicago,sales,Built dbt models and Airflow pipelines for finance analytics.
3632,Mary Williams,7,Remote,engineering,Closed strategic logistics accounts in manufacturing sector.
3633,Ryan Day,6,Denver,support,Automated revenue recognition data quality checks.
3634,Brandon Levy,9,Denver,analytics,Negotiated software procurement and vendor savings initiatives.
3635,Kevin Fletcher,16,Atlanta,sales,"Drove product launch for analytics module used by 8,000 accounts."
3636,Robin Higgins,15,Atlanta,analytics,Introduced warehouse slotting optimization process.
3637,Matthew Alexander,12,Atlanta,product,Managed high-volume healthcare recruiting for clinical roles.
3638,Scott Johnson,1,Seattle,sales,Reduced cloud spend by redesigning batch compute workloads.
3639,Robert Garner,5,Chicago,sales,Built role-based compensation benchmarking dashboards.
3640,Terry Robinson,0,Seattle,support,Automated revenue recognition data quality checks.
3641,Mark Murphy,1,Chicago,operations,Managed enterprise renewals exceeding $4M ARR.
3642,Jason Johnson,14,Chicago,support,Ran agile ceremonies for cross-functional product squad.
3643,Steven Howard,14,Denver,sales,Built dbt models and Airflow pipelines for finance analytics.
3644,Heather Sheppard,1,Atlanta,product,Shipped experimentation framework for signup conversion.
3645,Richard Nguyen,8,Atlanta,engineering,Managed high-volume healthcare recruiting for clinical roles.
3646,Madison Mack,5,Austin,sales,Launched partner onboarding program across EMEA region.
3647,Justin Boyer,1,Seattle,analytics,Ran agile ceremonies for cross-functional product squad.
3648,Natalie Mullins,6,Atlanta,analytics,Ran agile ceremonies for cross-functional product squad.
3649,Carolyn Porter,1,Atlanta,operations,Managed enterprise renewals exceeding $4M ARR.
3650,Guy Medina,13,Seattle,product,Managed high-volume healthcare recruiting for clinical roles.
3651,Tracy Stewart,17,Seattle,operations,Scaled self-serve onboarding funnel for SMB customers.
3652,Thomas Davis,7,Denver,support,Automated revenue recognition data quality checks.
3653,Marc Fowler,4,Denver,operations,Designed interview loops for engineering leveling refresh.
3654,Christina Chase,8,Chicago,operations,Built role-based compensation benchmarking dashboards.
3655,Mr. Jeffrey Ward,17,Atlanta,support,Automated revenue recognition data quality checks.
3656,Christopher Smith,2,Chicago,operations,Designed interview loops for engineering leveling refresh.
3657,Eric Hunter,12,Atlanta,operations,Managed enterprise renewals exceeding $4M ARR.
3658,Elizabeth Castro,1,Denver,support,Owned forecasting model for outbound pipeline generation.
3659,Luke Jones,5,Chicago,engineering,Expanded support knowledge base and deflected repetitive tickets.
3660,Michael Melendez,7,Denver,operations,Managed enterprise renewals exceeding $4M ARR.
3661,Sarah Thomas,6,Remote,sales,Ran agile ceremonies for cross-functional product squad.
3662,Hector Anderson,3,Atlanta,operations,Closed strategic logistics accounts in manufacturing sector.
3663,Ryan Doyle,13,Denver,analytics,Built churn propensity model for customer success team.
3664,Rebecca Austin,12,Denver,operations,Introduced warehouse slotting optimization process.
3665,Erica Walker,7,Atlanta,product,Led multi-region ERP rollout across three warehouses.
3666,Danielle Moore,7,Austin,product,Improved fulfillment SLA reporting with automated dashboards.
3667,Allison Walker DDS,1,Atlanta,engineering,Built churn propensity model for customer success team.
3668,Shaun Alexander,11,Austin,analytics,Introduced warehouse slotting optimization process.
3669,Brianna Phillips,4,Remote,sales,Improved fulfillment SLA reporting with automated dashboards.
3670,Shannon Webb,5,Atlanta,support,Expanded support knowledge base and deflected repetitive tickets.
3671,Justin Murillo,15,Austin,operations,Designed interview loops for engineering leveling refresh.
3672,Cody Stone,11,Denver,product,Managed high-volume healthcare recruiting for clinical roles.
3673,Kenneth Barrera,12,Remote,product,Maintained SOC 2 evidence collection process.
3674,Dean Robles,4,Remote,engineering,Managed enterprise renewals exceeding $4M ARR.
3675,Robert Reynolds,9,Austin,engineering,Scaled self-serve onboarding funnel for SMB customers.
3676,Timothy Young,0,Chicago,engineering,"Drove product launch for analytics module used by 8,000 accounts."
3677,Angela Steele,4,Austin,support,Led multi-region ERP rollout across three warehouses.
3678,Ronald Park,14,Denver,sales,Reduced cloud spend by redesigning batch compute workloads.
3679,Lauren Davis,8,Remote,support,Managed enterprise renewals exceeding $4M ARR.
3680,Victoria Erickson,11,Seattle,sales,Automated revenue recognition data quality checks.
3681,Ashley Mckenzie,14,Chicago,sales,Scaled self-serve onboarding funnel for SMB customers.
3682,Gregory Park,16,Chicago,analytics,"Implemented Okta and SCIM provisioning for 2,000 employees."
3683,Samantha Walker,1,Atlanta,support,Owned forecasting model for outbound pipeline generation.
3684,Russell Stevens,10,Atlanta,analytics,Closed strategic logistics accounts in manufacturing sector.
3685,Kevin Brown,17,Denver,analytics,Managed high-volume healthcare recruiting for clinical roles.
3686,Alison West DDS,3,Denver,support,Maintained SOC 2 evidence collection process.
3687,Karen Mccarthy,15,Remote,sales,Maintained SOC 2 evidence collection process.
3688,Hector Blevins,10,Atlanta,analytics,Managed high-volume healthcare recruiting for clinical roles.
3689,David Mosley,5,Seattle,sales,Led multi-region ERP rollout across three warehouses.
3690,Kyle Jordan,14,Remote,engineering,Built role-based compensation benchmarking dashboards.
3691,Brandi Foster,15,Denver,sales,Reduced cloud spend by redesigning batch compute workloads.
3692,Emily Terry,2,Seattle,sales,Built churn propensity model for customer success team.
3693,David Lindsey,12,Seattle,sales,Negotiated software procurement and vendor savings initiatives.
3694,Jennifer Miranda,16,Chicago,engineering,Automated revenue recognition data quality checks.
3695,Laurie Huffman,11,Chicago,support,Migrated legacy monolith endpoints to event-driven services.
3696,Amy Webster,9,Austin,operations,Reduced cloud spend by redesigning batch compute workloads.
3697,Patricia Jones,2,Atlanta,analytics,Expanded support knowledge base and deflected repetitive tickets.
3698,Jason Martin,8,Seattle,support,"Implemented Okta and SCIM provisioning for 2,000 employees."
3699,William Ayala,16,Seattle,support,Introduced warehouse slotting optimization process.
3700,Sara Johnson DVM,14,Denver,engineering,Reduced cloud spend by redesigning batch compute workloads.
3701,Evelyn Davis,8,Seattle,analytics,Built dbt models and Airflow pipelines for finance analytics.
3702,Michael Jennings,5,Austin,operations,Owned forecasting model for outbound pipeline generation.
3703,Jane Wells,14,Atlanta,operations,"Implemented Okta and SCIM provisioning for 2,000 employees."
3704,Catherine Collins,17,Denver,support,Built dbt models and Airflow pipelines for finance analytics.
3705,Jeffrey King,5,Seattle,engineering,Maintained SOC 2 evidence collection process.
3706,David Gonzalez,14,Remote,sales,Improved NPS by redesigning incident communications workflow.
3707,Matthew Miller,5,Atlanta,support,Ran agile ceremonies for cross-functional product squad.
3708,Brandon Scott,14,Atlanta,operations,Led multi-region ERP rollout across three warehouses.
3709,Amy Hawkins,17,Remote,engineering,Introduced warehouse slotting optimization process.
3710,Anna Smith,11,Denver,sales,Automated revenue recognition data quality checks.
3711,Mrs. Erin Torres,8,Austin,sales,Introduced warehouse slotting optimization process.
3712,Laura Brooks,5,Atlanta,sales,Led multi-region ERP rollout across three warehouses.
3713,Christopher Fields,1,Denver,support,Designed interview loops for engineering leveling refresh.
3714,Mr. William Davis DDS,0,Atlanta,sales,Built dbt models and Airflow pipelines for finance analytics.
3715,James Thompson,15,Seattle,support,Led multi-region ERP rollout across three warehouses.
3716,Ryan Ingram,11,Atlanta,sales,Improved NPS by redesigning incident communications workflow.
3717,Robin Wallace,4,Chicago,engineering,Built dbt models and Airflow pipelines for finance analytics.
3718,Taylor Beasley,9,Atlanta,engineering,"Drove product launch for analytics module used by 8,000 accounts."
3719,Barbara Villa,15,Denver,analytics,Built role-based compensation benchmarking dashboards.
3720,Ashley Vega,11,Chicago,support,Negotiated software procurement and vendor savings initiatives.
3721,Carol Garcia,16,Seattle,engineering,Scaled self-serve onboarding funnel for SMB customers.
3722,Christopher Austin,2,Chicago,sales,Managed high-volume healthcare recruiting for clinical roles.
3723,Jesse Barrett,1,Atlanta,support,Reduced cloud spend by redesigning batch compute workloads.
3724,Rachel Raymond,11,Remote,product,Closed strategic logistics accounts in manufacturing sector.
3725,Ana Sanchez,10,Chicago,support,Launched partner onboarding program across EMEA region.
3726,Tyler Henry,12,Denver,analytics,Scaled self-serve onboarding funnel for SMB customers.
3727,Amanda Brown,17,Chicago,support,Designed interview loops for engineering leveling refresh.
3728,Mrs. Sarah Keller,1,Denver,sales,Owned forecasting model for outbound pipeline generation.
3729,Leslie Abbott,16,Chicago,engineering,Built role-based compensation benchmarking dashboards.
3730,Matthew Buck,1,Remote,analytics,"Drove product launch for analytics module used by 8,000 accounts."
3731,Michaela Boyd,9,Chicago,analytics,Led multi-region ERP rollout across three warehouses.
3732,Maria Campbell,14,Atlanta,support,Closed strategic logistics accounts in manufacturing sector.
3733,Phillip Carter,12,Austin,sales,Ran agile ceremonies for cross-functional product squad.
3734,Jennifer Bennett,4,Denver,product,Expanded support knowledge base and deflected repetitive tickets.
3735,John Morris MD,10,Remote,operations,Managed enterprise renewals exceeding $4M ARR.
3736,Jonathan Hartman,16,Seattle,operations,Improved NPS by redesigning incident communications workflow.
3737,Michael Brown,3,Chicago,product,"Implemented Okta and SCIM provisioning for 2,000 employees."
3738,Chelsea Davis,16,Remote,analytics,Managed enterprise renewals exceeding $4M ARR.
3739,Nicole Duncan,11,Seattle,engineering,Built churn propensity model for customer success team.
3740,Erik Williams,1,Denver,sales,Expanded support knowledge base and deflected repetitive tickets.
3741,Walter Cruz,5,Remote,analytics,Ran agile ceremonies for cross-functional product squad.
3742,Joshua Colon,15,Chicago,sales,Closed strategic logistics accounts in manufacturing sector.
3743,Jessica Romero,6,Chicago,engineering,Managed high-volume healthcare recruiting for clinical roles.
3744,Katie Maldonado,17,Remote,sales,Closed strategic logistics accounts in manufacturing sector.
3745,Daniel Bryant,7,Remote,analytics,"Drove product launch for analytics module used by 8,000 accounts."
3746,Daniel Flores,6,Seattle,engineering,Managed enterprise renewals exceeding $4M ARR.
3747,Kathleen Duncan,15,Chicago,analytics,Managed high-volume healthcare recruiting for clinical roles.
3748,Amber James,14,Chicago,support,"Implemented Okta and SCIM provisioning for 2,000 employees."
3749,Audrey Roberts,4,Atlanta,operations,Built dbt models and Airflow pipelines for finance analytics.
3750,Mary Herman,14,Austin,support,Improved NPS by redesigning incident communications workflow.
3751,Christopher Price,4,Remote,analytics,Ran agile ceremonies for cross-functional product squad.
3752,Thomas Morales,16,Remote,operations,Improved NPS by redesigning incident communications workflow.
3753,Kyle Howell,0,Seattle,product,Shipped experimentation framework for signup conversion.
3754,Thomas Becker,11,Remote,analytics,Introduced warehouse slotting optimization process.
3755,Stephanie Collins,2,Chicago,support,Launched partner onboarding program across EMEA region.
3756,Martha Mcintyre,12,Remote,analytics,"Implemented Okta and SCIM provisioning for 2,000 employees."
3757,Adam Colon,17,Chicago,product,Designed interview loops for engineering leveling refresh.
3758,Ryan Lopez,12,Austin,operations,Built dbt models and Airflow pipelines for finance analytics.
3759,Dawn Smith,7,Chicago,sales,Closed strategic logistics accounts in manufacturing sector.
3760,Amanda Wang,14,Seattle,sales,Designed interview loops for engineering leveling refresh.
3761,Michael Jones,3,Remote,product,Migrated legacy monolith endpoints to event-driven services.
3762,Christopher Moody,9,Atlanta,support,Ran agile ceremonies for cross-functional product squad.
3763,Joshua Jackson,17,Chicago,sales,Scaled self-serve onboarding funnel for SMB customers.
3764,Tina Espinoza,6,Atlanta,operations,Designed interview loops for engineering leveling refresh.
3765,Dominique Mitchell,0,Atlanta,engineering,Managed high-volume healthcare recruiting for clinical roles.
3766,Deborah Juarez,7,Atlanta,product,Improved NPS by redesigning incident communications workflow.
3767,Stephen Harris,8,Denver,operations,Automated revenue recognition data quality checks.
3768,Ryan Gonzalez,14,Austin,operations,Improved NPS by redesigning incident communications workflow.
3769,Amanda Mendoza,14,Denver,sales,Ran agile ceremonies for cross-functional product squad.
3770,Andrew Hughes,6,Remote,engineering,"Drove product launch for analytics module used by 8,000 accounts."
3771,Michael Jones,13,Denver,support,Reduced cloud spend by redesigning batch compute workloads.
3772,Jacob Rodgers,2,Austin,sales,Reduced cloud spend by redesigning batch compute workloads.
3773,Randy Bates,3,Denver,engineering,Expanded support knowledge base and deflected repetitive tickets.
3774,Vanessa Mack,10,Denver,product,Introduced warehouse slotting optimization process.
3775,Amanda Smith,12,Atlanta,analytics,Maintained SOC 2 evidence collection process.
3776,Scott King,14,Atlanta,engineering,Improved fulfillment SLA reporting with automated dashboards.
3777,Joel Valenzuela,11,Denver,sales,Negotiated software procurement and vendor savings initiatives.
3778,James Arroyo,2,Austin,analytics,Introduced warehouse slotting optimization process.
3779,Courtney Burton,12,Denver,sales,Built role-based compensation benchmarking dashboards.
3780,Nathan Johnson,7,Austin,product,Designed interview loops for engineering leveling refresh.
3781,Ryan Guzman,4,Atlanta,product,Scaled self-serve onboarding funnel for SMB customers.
3782,Christopher Payne,6,Denver,product,Owned forecasting model for outbound pipeline generation.
3783,Brian Brown,14,Denver,analytics,Designed interview loops for engineering leveling refresh.
3784,Alicia Le,3,Atlanta,product,Managed enterprise renewals exceeding $4M ARR.
3785,Erica Johnson,10,Seattle,sales,Maintained SOC 2 evidence collection process.
3786,Melinda Smith,1,Chicago,analytics,Reduced cloud spend by redesigning batch compute workloads.
3787,Anthony Hughes,13,Atlanta,support,Expanded support knowledge base and deflected repetitive tickets.
3788,Shannon Gill,2,Atlanta,analytics,Built role-based compensation benchmarking dashboards.
3789,Joshua Smith,16,Atlanta,product,Scaled self-serve onboarding funnel for SMB customers.
3790,Karen Duncan,15,Denver,engineering,Owned forecasting model for outbound pipeline generation.
3791,Michael Hughes,15,Chicago,operations,Closed strategic logistics accounts in manufacturing sector.
3792,Cynthia Henry,6,Chicago,support,Ran agile ceremonies for cross-functional product squad.
3793,William Fields,14,Austin,sales,Shipped experimentation framework for signup conversion.
3794,Steven Gibson,2,Austin,operations,"Implemented Okta and SCIM provisioning for 2,000 employees."
3795,Courtney Mitchell,5,Seattle,product,Improved fulfillment SLA reporting with automated dashboards.
3796,Tonya Price,2,Austin,analytics,"Implemented Okta and SCIM provisioning for 2,000 employees."
3797,Christopher Singh,0,Remote,operations,Reduced cloud spend by redesigning batch compute workloads.
3798,Elijah Williams,6,Remote,operations,Closed strategic logistics accounts in manufacturing sector.
3799,Shawn Christian,10,Chicago,sales,Managed high-volume healthcare recruiting for clinical roles.
3800,Mrs. Lori Clark,15,Denver,support,Improved NPS by redesigning incident communications workflow.
3801,Stephen Murray,0,Denver,engineering,Managed high-volume healthcare recruiting for clinical roles.
3802,Tristan Ford,7,Denver,sales,Closed strategic logistics accounts in manufacturing sector.
3803,Maurice Anderson,12,Denver,engineering,Migrated legacy monolith endpoints to event-driven services.
3804,Danielle Marquez,3,Denver,support,Owned forecasting model for outbound pipeline generation.
3805,Tiffany Daniel,13,Seattle,product,Scaled self-serve onboarding funnel for SMB customers.
3806,Heidi Ford,10,Denver,engineering,Improved fulfillment SLA reporting with automated dashboards.
3807,Rebecca Brooks,10,Chicago,product,Maintained SOC 2 evidence collection process.
3808,James Harrison,2,Denver,product,Improved NPS by redesigning incident communications workflow.
3809,Jodi Conway,3,Remote,analytics,Built dbt models and Airflow pipelines for finance analytics.
3810,Sheila Jenkins,15,Remote,engineering,Managed high-volume healthcare recruiting for clinical roles.
3811,George Wu,15,Austin,support,Expanded support knowledge base and deflected repetitive tickets.
3812,Teresa Reynolds,8,Atlanta,analytics,Expanded support knowledge base and deflected repetitive tickets.
3813,Allison Clark,10,Remote,support,Led multi-region ERP rollout across three warehouses.
3814,Carrie Terrell,9,Chicago,sales,Maintained SOC 2 evidence collection process.
3815,Patricia Davidson,9,Austin,analytics,Maintained SOC 2 evidence collection process.
3816,Rebecca Hernandez,12,Chicago,product,Built dbt models and Airflow pipelines for finance analytics.
3817,David Rodgers,10,Chicago,support,Reduced cloud spend by redesigning batch compute workloads.
3818,Katelyn Bishop,2,Remote,analytics,Scaled self-serve onboarding funnel for SMB customers.
3819,Kerry Fuller,1,Chicago,product,Automated revenue recognition data quality checks.
3820,Brent Jones,15,Chicago,operations,Ran agile ceremonies for cross-functional product squad.
3821,Thomas Booth,13,Chicago,sales,"Implemented Okta and SCIM provisioning for 2,000 employees."
3822,Brandon Huynh,3,Denver,product,Reduced cloud spend by redesigning batch compute workloads.
3823,Patrick Rubio,1,Remote,engineering,Built churn propensity model for customer success team.
3824,Austin Hanson,3,Austin,analytics,Scaled self-serve onboarding funnel for SMB customers.
3825,Tanner Griffin,10,Denver,support,"Drove product launch for analytics module used by 8,000 accounts."
3826,Christopher Turner,10,Atlanta,support,Improved fulfillment SLA reporting with automated dashboards.
3827,Caitlin Gilmore,3,Austin,support,Led multi-region ERP rollout across three warehouses.
3828,Bryan Kent,3,Austin,operations,Launched partner onboarding program across EMEA region.
3829,Justin Fuller,3,Remote,sales,Improved NPS by redesigning incident communications workflow.
3830,Diana Charles,7,Chicago,engineering,Scaled self-serve onboarding funnel for SMB customers.
3831,Brian Dougherty,4,Chicago,sales,Managed enterprise renewals exceeding $4M ARR.
3832,Anne Williams,8,Denver,product,Scaled self-serve onboarding funnel for SMB customers.
3833,Kaitlyn Woods,0,Austin,support,Negotiated software procurement and vendor savings initiatives.
3834,Laurie Huerta,16,Austin,operations,Migrated legacy monolith endpoints to event-driven services.
3835,Jeremy Armstrong,16,Austin,operations,Migrated legacy monolith endpoints to event-driven services.
3836,Alejandro Vasquez,6,Atlanta,operations,Built dbt models and Airflow pipelines for finance analytics.
3837,Hailey Morgan,14,Denver,product,Led multi-region ERP rollout across three warehouses.
3838,Jacob Thompson,9,Chicago,operations,Negotiated software procurement and vendor savings initiatives.
3839,Megan Rangel,0,Remote,product,Negotiated software procurement and vendor savings initiatives.
3840,Timothy Horne,5,Chicago,engineering,Migrated legacy monolith endpoints to event-driven services.
3841,Mark Carter,1,Austin,operations,Managed enterprise renewals exceeding $4M ARR.
3842,Rachel Gomez,12,Austin,analytics,Led multi-region ERP rollout across three warehouses.
3843,Mrs. Lisa Garza,14,Seattle,support,Ran agile ceremonies for cross-functional product squad.
3844,Holly King DDS,11,Atlanta,engineering,Built churn propensity model for customer success team.
3845,Dr. Allison Flores,0,Chicago,analytics,"Drove product launch for analytics module used by 8,000 accounts."
3846,Matthew Graves,4,Chicago,product,Led multi-region ERP rollout across three warehouses.
3847,Zachary Morgan,8,Chicago,engineering,Migrated legacy monolith endpoints to event-driven services.
3848,Zachary Douglas,2,Denver,sales,Shipped experimentation framework for signup conversion.
3849,Faith Johnson,1,Seattle,operations,Ran agile ceremonies for cross-functional product squad.
3850,Tammy Smith,5,Atlanta,sales,Improved NPS by redesigning incident communications workflow.
3851,Elizabeth Gonzalez,10,Seattle,operations,Scaled self-serve onboarding funnel for SMB customers.
3852,James Dominguez,1,Austin,product,Maintained SOC 2 evidence collection process.
3853,James Richardson,17,Atlanta,product,Launched partner onboarding program across EMEA region.
3854,Wendy Coleman,8,Seattle,analytics,Ran agile ceremonies for cross-functional product squad.
3855,Brandi Reed,3,Chicago,product,Managed enterprise renewals exceeding $4M ARR.
3856,Corey Campbell,0,Atlanta,support,Ran agile ceremonies for cross-functional product squad.
3857,Jerry Powers,17,Austin,engineering,Improved NPS by redesigning incident communications workflow.
3858,Susan Hensley,10,Remote,operations,Maintained SOC 2 evidence collection process.
3859,Allison Anderson,15,Seattle,product,Managed enterprise renewals exceeding $4M ARR.
3860,Dana Thompson,13,Atlanta,operations,Ran agile ceremonies for cross-functional product squad.
3861,Kenneth Young,17,Atlanta,analytics,Led multi-region ERP rollout across three warehouses.
3862,Bernard Sharp,16,Seattle,operations,Improved fulfillment SLA reporting with automated dashboards.
3863,Glenda Stout,13,Denver,engineering,Managed enterprise renewals exceeding $4M ARR.
3864,Kevin Sheppard,15,Remote,analytics,Improved fulfillment SLA reporting with automated dashboards.
3865,Lynn Rivera,15,Chicago,operations,Automated revenue recognition data quality checks.
3866,Lisa Brown,4,Seattle,support,Negotiated software procurement and vendor savings initiatives.
3867,Thomas House,10,Seattle,product,Built role-based compensation benchmarking dashboards.
3868,Nathan Davis,17,Remote,engineering,Built dbt models and Airflow pipelines for finance analytics.
3869,Michael Clark,15,Austin,operations,Built role-based compensation benchmarking dashboards.
3870,Jasmine Garrett,1,Denver,operations,Built dbt models and Airflow pipelines for finance analytics.
3871,Robert Erickson,2,Atlanta,support,Improved NPS by redesigning incident communications workflow.
3872,Michael Harrison DDS,3,Atlanta,operations,"Implemented Okta and SCIM provisioning for 2,000 employees."
3873,Shannon Ramos,13,Seattle,analytics,Expanded support knowledge base and deflected repetitive tickets.
3874,Angela Mccann,7,Atlanta,product,Reduced cloud spend by redesigning batch compute workloads.
3875,Shawn Johnston,11,Chicago,analytics,Ran agile ceremonies for cross-functional product squad.
3876,Caleb Gill,2,Seattle,engineering,Migrated legacy monolith endpoints to event-driven services.
3877,Samuel Avila,1,Denver,operations,Built churn propensity model for customer success team.
3878,James Huff,13,Remote,product,Designed interview loops for engineering leveling refresh.
3879,Jason Davidson,5,Atlanta,operations,Improved fulfillment SLA reporting with automated dashboards.
3880,David Cooper,0,Atlanta,product,Built churn propensity model for customer success team.
3881,Adam Zamora,3,Atlanta,product,Automated revenue recognition data quality checks.
3882,Diana Martin,5,Remote,sales,Managed enterprise renewals exceeding $4M ARR.
3883,Johnny Orr,7,Remote,operations,Managed enterprise renewals exceeding $4M ARR.
3884,Perry Jordan,16,Atlanta,sales,Designed interview loops for engineering leveling refresh.
3885,Stephanie Griffin,3,Atlanta,sales,Expanded support knowledge base and deflected repetitive tickets.
3886,Megan Flores,10,Austin,operations,Reduced cloud spend by redesigning batch compute workloads.
3887,Suzanne Wolfe,4,Austin,operations,Managed high-volume healthcare recruiting for clinical roles.
3888,Tina Carroll,8,Seattle,operations,Built role-based compensation benchmarking dashboards.
3889,Emma Howard,5,Denver,support,Owned forecasting model for outbound pipeline generation.
3890,Jacqueline Evans,6,Denver,engineering,Reduced cloud spend by redesigning batch compute workloads.
3891,Joshua Mcgee II,10,Atlanta,operations,Ran agile ceremonies for cross-functional product squad.
3892,Michael Ortiz,10,Chicago,product,Built churn propensity model for customer success team.
3893,Erika Hogan,2,Chicago,support,Built dbt models and Airflow pipelines for finance analytics.
3894,Jennifer Melton,2,Austin,sales,Improved fulfillment SLA reporting with automated dashboards.
3895,Christian Rojas,4,Seattle,sales,Built role-based compensation benchmarking dashboards.
3896,Travis Marks,16,Atlanta,product,Expanded support knowledge base and deflected repetitive tickets.
3897,Jane Berg,5,Chicago,analytics,Negotiated software procurement and vendor savings initiatives.
3898,Jacob Hamilton,10,Atlanta,product,Introduced warehouse slotting optimization process.
3899,Susan Hernandez,8,Austin,product,Closed strategic logistics accounts in manufacturing sector.
3900,Claire Smith,6,Seattle,operations,Managed enterprise renewals exceeding $4M ARR.
3901,Devin Gonzalez,0,Chicago,analytics,Improved NPS by redesigning incident communications workflow.
3902,Christopher Gallegos PhD,7,Chicago,operations,Migrated legacy monolith endpoints to event-driven services.
3903,Colton Lawson,17,Remote,analytics,Led multi-region ERP rollout across three warehouses.
3904,Mr. Samuel Freeman DDS,16,Seattle,analytics,Ran agile ceremonies for cross-functional product squad.
3905,Brian Benton,5,Seattle,support,Designed interview loops for engineering leveling refresh.
3906,Lisa Thomas,9,Atlanta,product,Built role-based compensation benchmarking dashboards.
3907,Kathleen Robinson,5,Atlanta,support,Shipped experimentation framework for signup conversion.
3908,Tyler Welch MD,16,Chicago,engineering,Designed interview loops for engineering leveling refresh.
3909,Luke Carr,9,Chicago,operations,Led multi-region ERP rollout across three warehouses.
3910,Kendra Peterson,16,Remote,analytics,Managed enterprise renewals exceeding $4M ARR.
3911,Michael Anderson,15,Remote,analytics,Owned forecasting model for outbound pipeline generation.
3912,Kara Smith,5,Seattle,product,"Drove product launch for analytics module used by 8,000 accounts."
3913,David Blackburn,8,Remote,operations,Reduced cloud spend by redesigning batch compute workloads.
3914,Susan Orr,10,Seattle,support,Negotiated software procurement and vendor savings initiatives.
3915,Stephanie Alvarez,4,Denver,operations,Launched partner onboarding program across EMEA region.
3916,Glen Leon,14,Seattle,engineering,"Implemented Okta and SCIM provisioning for 2,000 employees."
3917,Stephanie Sheppard,10,Seattle,operations,Launched partner onboarding program across EMEA region.
3918,Laura Pruitt,3,Austin,engineering,Scaled self-serve onboarding funnel for SMB customers.
3919,Lisa Li,8,Remote,operations,Scaled self-serve onboarding funnel for SMB customers.
3920,Justin Zamora,14,Denver,sales,Automated revenue recognition data quality checks.
3921,Spencer Cruz,7,Chicago,engineering,Improved fulfillment SLA reporting with automated dashboards.
3922,Frank Moreno,12,Denver,analytics,Designed interview loops for engineering leveling refresh.
3923,Steven Valentine,17,Chicago,support,Expanded support knowledge base and deflected repetitive tickets.
3924,Andrea Price,6,Chicago,engineering,Managed high-volume healthcare recruiting for clinical roles.
3925,Randy Joseph,17,Atlanta,analytics,"Implemented Okta and SCIM provisioning for 2,000 employees."
3926,Richard Wells,7,Remote,analytics,Built role-based compensation benchmarking dashboards.
3927,Aaron Kelly,10,Denver,engineering,Owned forecasting model for outbound pipeline generation.
3928,Kristina Bowers,13,Chicago,analytics,Automated revenue recognition data quality checks.
3929,Kari Edwards,1,Seattle,sales,Managed enterprise renewals exceeding $4M ARR.
3930,Christina Cochran,12,Chicago,support,Managed enterprise renewals exceeding $4M ARR.
3931,Thomas Jacobs,10,Atlanta,analytics,Maintained SOC 2 evidence collection process.
3932,Antonio Dyer,11,Chicago,engineering,Shipped experimentation framework for signup conversion.
3933,Kathy Wright,17,Chicago,analytics,Led multi-region ERP rollout across three warehouses.
3934,Michael Farrell,8,Chicago,engineering,Built role-based compensation benchmarking dashboards.
3935,Dan Phillips,16,Denver,support,"Drove product launch for analytics module used by 8,000 accounts."
3936,Mathew Fisher,10,Remote,sales,Built role-based compensation benchmarking dashboards.
3937,Ricardo Kaiser,3,Seattle,operations,Built churn propensity model for customer success team.
3938,James Moore,11,Seattle,support,Maintained SOC 2 evidence collection process.
3939,Ernest Giles,3,Austin,product,Led multi-region ERP rollout across three warehouses.
3940,Craig Obrien,16,Austin,analytics,Managed enterprise renewals exceeding $4M ARR.
3941,Kevin Morris,2,Denver,engineering,Negotiated software procurement and vendor savings initiatives.
3942,Anthony Nguyen,8,Remote,sales,Managed enterprise renewals exceeding $4M ARR.
3943,Charles Decker,14,Austin,analytics,Ran agile ceremonies for cross-functional product squad.
3944,Alexander Hamilton,0,Seattle,engineering,Built dbt models and Airflow pipelines for finance analytics.
3945,Christopher Austin,8,Seattle,operations,Automated revenue recognition data quality checks.
3946,Maria Nguyen,9,Chicago,sales,Reduced cloud spend by redesigning batch compute workloads.
3947,Amanda Hunt,6,Austin,sales,Designed interview loops for engineering leveling refresh.
3948,Michelle Crawford,12,Austin,product,Improved NPS by redesigning incident communications workflow.
3949,Brenda Garcia,5,Austin,product,Managed enterprise renewals exceeding $4M ARR.
3950,Miguel Davis,6,Remote,product,Reduced cloud spend by redesigning batch compute workloads.
3951,Howard Miller,4,Seattle,product,Migrated legacy monolith endpoints to event-driven services.
3952,Benjamin Morales,11,Seattle,product,Reduced cloud spend by redesigning batch compute workloads.
3953,Jason Clarke,15,Austin,sales,Improved fulfillment SLA reporting with automated dashboards.
3954,Kimberly Davis,3,Remote,operations,Scaled self-serve onboarding funnel for SMB customers.
3955,Christopher Farmer,7,Seattle,engineering,Automated revenue recognition data quality checks.
3956,Crystal Brown,4,Seattle,support,Scaled self-serve onboarding funnel for SMB customers.
3957,Allison Day,4,Denver,product,Managed enterprise renewals exceeding $4M ARR.
3958,Karen Williams,17,Chicago,engineering,Improved fulfillment SLA reporting with automated dashboards.
3959,Tiffany Best,12,Seattle,sales,Improved NPS by redesigning incident communications workflow.
3960,Francisco Hughes,17,Austin,sales,Built dbt models and Airflow pipelines for finance analytics.
3961,Jennifer Dixon,11,Chicago,product,"Drove product launch for analytics module used by 8,000 accounts."
3962,Alexander Espinoza,11,Austin,support,Scaled self-serve onboarding funnel for SMB customers.
3963,Barry Gonzalez,12,Austin,sales,Built churn propensity model for customer success team.
3964,Dave Henry,11,Atlanta,engineering,"Implemented Okta and SCIM provisioning for 2,000 employees."
3965,Bobby Keith,14,Chicago,operations,Managed enterprise renewals exceeding $4M ARR.
3966,Sandra Sanders,5,Remote,analytics,"Drove product launch for analytics module used by 8,000 accounts."
3967,Adam Burton,1,Remote,engineering,Owned forecasting model for outbound pipeline generation.
3968,Deborah Brooks,8,Chicago,operations,Scaled self-serve onboarding funnel for SMB customers.
3969,Ruben Webster,0,Seattle,analytics,Designed interview loops for engineering leveling refresh.
3970,Craig Hurst,0,Austin,product,Built churn propensity model for customer success team.
3971,Matthew Hayes,0,Chicago,sales,Designed interview loops for engineering leveling refresh.
3972,Walter Powers,1,Atlanta,sales,Designed interview loops for engineering leveling refresh.
3973,Christine Rodriguez,12,Chicago,operations,Built role-based compensation benchmarking dashboards.
3974,Brian Fitzpatrick,10,Austin,sales,Owned forecasting model for outbound pipeline generation.
3975,Peter Fitzgerald,16,Austin,product,Reduced cloud spend by redesigning batch compute workloads.
3976,Michael Lewis,5,Atlanta,support,Built churn propensity model for customer success team.
3977,Elizabeth Ford,5,Chicago,sales,Built dbt models and Airflow pipelines for finance analytics.
3978,Crystal Zamora,8,Chicago,operations,Built role-based compensation benchmarking dashboards.
3979,Claire Johnson,14,Chicago,analytics,Built churn propensity model for customer success team.
3980,Ronald Dalton,16,Remote,product,Launched partner onboarding program across EMEA region.
3981,Travis Price,13,Remote,sales,"Drove product launch for analytics module used by 8,000 accounts."
3982,William Guzman,9,Seattle,sales,Launched partner onboarding program across EMEA region.
3983,John Hoffman,17,Austin,analytics,Shipped experimentation framework for signup conversion.
3984,William Mathews,3,Chicago,product,Migrated legacy monolith endpoints to event-driven services.
3985,Luis Wilkerson,8,Remote,sales,Improved fulfillment SLA reporting with automated dashboards.
3986,Lisa Vincent,4,Atlanta,operations,Launched partner onboarding program across EMEA region.
3987,Tara Turner,2,Austin,support,Ran agile ceremonies for cross-functional product squad.
3988,Keith Moore,7,Chicago,operations,Launched partner onboarding program across EMEA region.
3989,Daniel Lee,13,Seattle,support,Automated revenue recognition data quality checks.
3990,Shawn Jones,5,Remote,analytics,Introduced warehouse slotting optimization process.
3991,Alex Townsend,14,Denver,product,"Implemented Okta and SCIM provisioning for 2,000 employees."
3992,Elizabeth Baker,10,Austin,analytics,Improved NPS by redesigning incident communications workflow.
3993,Stacy Mcbride,12,Austin,product,Managed high-volume healthcare recruiting for clinical roles.
3994,Thomas Garner,4,Chicago,product,Improved fulfillment SLA reporting with automated dashboards.
3995,Amanda Galvan,15,Seattle,sales,Introduced warehouse slotting optimization process.
3996,Adrian Miller,3,Seattle,product,Led multi-region ERP rollout across three warehouses.
3997,Sergio Riley,6,Chicago,engineering,Built churn propensity model for customer success team.
3998,Debra Warner,14,Remote,sales,Migrated legacy monolith endpoints to event-driven services.
3999,Nicholas Hernandez,12,Remote,engineering,Managed high-volume healthcare recruiting for clinical roles.
4000,Michael Johnson,5,Remote,engineering,Launched partner onboarding program across EMEA region.
4001,Ronald Gutierrez DVM,4,Seattle,support,Closed strategic logistics accounts in manufacturing sector.
4002,Amanda Brown,7,Atlanta,engineering,Reduced cloud spend by redesigning batch compute workloads.
4003,Diana Campbell,8,Remote,sales,Improved NPS by redesigning incident communications workflow.
4004,Robert Johnson,1,Seattle,operations,Built dbt models and Airflow pipelines for finance analytics.
4005,Shane Young,4,Seattle,support,Built churn propensity model for customer success team.
4006,Aaron Santos,2,Denver,support,Managed enterprise renewals exceeding $4M ARR.
4007,Sara Graham,2,Chicago,product,Closed strategic logistics accounts in manufacturing sector.
4008,Katherine Hall,6,Atlanta,engineering,Led multi-region ERP rollout across three warehouses.
4009,Amber Cox,0,Denver,engineering,Ran agile ceremonies for cross-functional product squad.
4010,Joy Kennedy,12,Denver,operations,Led multi-region ERP rollout across three warehouses.
4011,Matthew Watson,12,Seattle,sales,Introduced warehouse slotting optimization process.
4012,Brianna Moss,3,Atlanta,engineering,Automated revenue recognition data quality checks.
4013,Christopher Morales,15,Chicago,analytics,Managed high-volume healthcare recruiting for clinical roles.
4014,Gregory Carter,10,Chicago,operations,Improved fulfillment SLA reporting with automated dashboards.
4015,Nicole Simpson,5,Atlanta,operations,Improved fulfillment SLA reporting with automated dashboards.
4016,Heather Reynolds,3,Chicago,engineering,Ran agile ceremonies for cross-functional product squad.
4017,Stacey Cook,7,Chicago,operations,Managed enterprise renewals exceeding $4M ARR.
4018,John Molina,17,Chicago,operations,Improved NPS by redesigning incident communications workflow.
4019,Carly Williams,0,Atlanta,sales,"Drove product launch for analytics module used by 8,000 accounts."
4020,Shannon Weber,0,Denver,support,Led multi-region ERP rollout across three warehouses.
4021,Kimberly Collier,7,Denver,product,Managed high-volume healthcare recruiting for clinical roles.
4022,Robert Taylor,16,Austin,product,Built dbt models and Airflow pipelines for finance analytics.
4023,Christine Steele,5,Austin,support,Maintained SOC 2 evidence collection process.
4024,Jason Rodriguez,13,Seattle,support,Maintained SOC 2 evidence collection process.
4025,Amanda Garcia,10,Remote,engineering,Improved fulfillment SLA reporting with automated dashboards.
4026,Timothy Ortega,3,Chicago,operations,Maintained SOC 2 evidence collection process.
4027,Darrell Mckinney,16,Remote,engineering,Launched partner onboarding program across EMEA region.
4028,Bruce Dennis,2,Atlanta,analytics,Launched partner onboarding program across EMEA region.
4029,Kimberly Foster,9,Chicago,support,Scaled self-serve onboarding funnel for SMB customers.
4030,Jenna Ray,11,Atlanta,support,Managed enterprise renewals exceeding $4M ARR.
4031,Melissa Travis,12,Austin,engineering,Managed enterprise renewals exceeding $4M ARR.
4032,Mathew Moore,15,Denver,analytics,Expanded support knowledge base and deflected repetitive tickets.
4033,Nicole Moran,12,Seattle,product,"Drove product launch for analytics module used by 8,000 accounts."
4034,Tracy Marsh,11,Remote,engineering,Built churn propensity model for customer success team.
4035,Thomas Neal MD,2,Chicago,analytics,Introduced warehouse slotting optimization process.
4036,Elizabeth Clark,5,Remote,sales,Built role-based compensation benchmarking dashboards.
4037,Tiffany Lee,6,Atlanta,product,"Implemented Okta and SCIM provisioning for 2,000 employees."
4038,Edward Clark,6,Chicago,analytics,Maintained SOC 2 evidence collection process.
4039,Melanie Jones,2,Seattle,support,Built dbt models and Airflow pipelines for finance analytics.
4040,Bryan Duffy,1,Remote,analytics,Built role-based compensation benchmarking dashboards.
4041,Alexandra Harper,7,Chicago,product,Migrated legacy monolith endpoints to event-driven services.
4042,James Torres,13,Austin,sales,Owned forecasting model for outbound pipeline generation.
4043,Tamara Reid,15,Chicago,support,Managed high-volume healthcare recruiting for clinical roles.
4044,Meghan Rowland,16,Seattle,operations,Improved NPS by redesigning incident communications workflow.
4045,Mr. David Wells DDS,8,Austin,analytics,Managed high-volume healthcare recruiting for clinical roles.
4046,Patricia Henderson,16,Chicago,support,Scaled self-serve onboarding funnel for SMB customers.
4047,Shirley Avery,8,Chicago,sales,"Drove product launch for analytics module used by 8,000 accounts."
4048,Wendy James,8,Austin,product,Shipped experimentation framework for signup conversion.
4049,Olivia Miller,3,Atlanta,support,Reduced cloud spend by redesigning batch compute workloads.
4050,Brandon Sanchez,11,Seattle,operations,Introduced warehouse slotting optimization process.
4051,Lynn Davis,5,Austin,analytics,"Implemented Okta and SCIM provisioning for 2,000 employees."
4052,George Munoz,8,Remote,analytics,Led multi-region ERP rollout across three warehouses.
4053,Frank Tran,16,Remote,operations,Owned forecasting model for outbound pipeline generation.
4054,Joanne Austin,9,Remote,analytics,Ran agile ceremonies for cross-functional product squad.
4055,Michael Watkins,5,Seattle,analytics,Migrated legacy monolith endpoints to event-driven services.
4056,Alyssa Hunter,12,Denver,support,Managed high-volume healthcare recruiting for clinical roles.
4057,Christopher Hill,13,Chicago,sales,Built churn propensity model for customer success team.
4058,Rebecca Nichols,10,Remote,engineering,Expanded support knowledge base and deflected repetitive tickets.
4059,Dawn Wilson,0,Atlanta,operations,Shipped experimentation framework for signup conversion.
4060,Carrie Hayes,4,Denver,support,"Drove product launch for analytics module used by 8,000 accounts."
4061,Amanda Burke,2,Denver,engineering,Expanded support knowledge base and deflected repetitive tickets.
4062,Michael Schmitt,17,Chicago,product,Expanded support knowledge base and deflected repetitive tickets.
4063,John Wright,5,Denver,operations,Led multi-region ERP rollout across three warehouses.
4064,Patrick Valdez,8,Seattle,sales,Shipped experimentation framework for signup conversion.
4065,James Turner,16,Atlanta,operations,Improved fulfillment SLA reporting with automated dashboards.
4066,Sean Silva,17,Denver,support,Maintained SOC 2 evidence collection process.
4067,Miguel Stokes DVM,3,Austin,product,Shipped experimentation framework for signup conversion.
4068,Christopher Anderson,15,Denver,analytics,Migrated legacy monolith endpoints to event-driven services.
4069,Lisa Johnson,13,Chicago,analytics,"Drove product launch for analytics module used by 8,000 accounts."
4070,Robert Jordan DDS,11,Denver,support,Ran agile ceremonies for cross-functional product squad.
4071,Isabella Stephens,3,Austin,product,Introduced warehouse slotting optimization process.
4072,Andrew Graham,12,Remote,support,Maintained SOC 2 evidence collection process.
4073,Andrea Miller,11,Chicago,product,Launched partner onboarding program across EMEA region.
4074,Mary Wells,8,Austin,support,"Drove product launch for analytics module used by 8,000 accounts."
4075,Dana Reilly,10,Atlanta,engineering,Migrated legacy monolith endpoints to event-driven services.
4076,Alexander Miller,3,Denver,engineering,"Implemented Okta and SCIM provisioning for 2,000 employees."
4077,Craig Keller,11,Remote,analytics,Led multi-region ERP rollout across three warehouses.
4078,Kristin Woods,2,Denver,product,Launched partner onboarding program across EMEA region.
4079,Mary Perkins,5,Atlanta,sales,"Implemented Okta and SCIM provisioning for 2,000 employees."
4080,Andrew Harris,8,Remote,product,Built churn propensity model for customer success team.
4081,Paul Myers,2,Remote,product,Built dbt models and Airflow pipelines for finance analytics.
4082,Jordan Smith,16,Seattle,engineering,Automated revenue recognition data quality checks.
4083,Deborah Moreno,15,Atlanta,operations,"Implemented Okta and SCIM provisioning for 2,000 employees."
4084,Robert Flores,8,Seattle,sales,Improved fulfillment SLA reporting with automated dashboards.
4085,John Lewis,10,Chicago,engineering,Managed enterprise renewals exceeding $4M ARR.
4086,Karen Lewis,5,Remote,support,Negotiated software procurement and vendor savings initiatives.
4087,Juan Sims,3,Remote,sales,Closed strategic logistics accounts in manufacturing sector.
4088,Andrea Estrada,17,Denver,analytics,Automated revenue recognition data quality checks.
4089,Brianna Hodges,7,Austin,support,Managed high-volume healthcare recruiting for clinical roles.
4090,William Jones,17,Seattle,operations,Ran agile ceremonies for cross-functional product squad.
4091,Mark Gutierrez,1,Austin,engineering,Scaled self-serve onboarding funnel for SMB customers.
4092,Teresa Clayton,1,Austin,engineering,Managed high-volume healthcare recruiting for clinical roles.
4093,Paul Williams,8,Remote,operations,Scaled self-serve onboarding funnel for SMB customers.
4094,James Lee,14,Atlanta,engineering,Launched partner onboarding program across EMEA region.
4095,Jacqueline Cole,7,Atlanta,product,Negotiated software procurement and vendor savings initiatives.
4096,Courtney Solomon,15,Remote,engineering,Maintained SOC 2 evidence collection process.
4097,Travis Hicks,2,Remote,engineering,Managed enterprise renewals exceeding $4M ARR.
4098,Shane Reid,15,Remote,engineering,Maintained SOC 2 evidence collection process.
4099,Joseph Crawford,7,Austin,support,Owned forecasting model for outbound pipeline generation.
4100,Kyle Butler,5,Chicago,analytics,Reduced cloud spend by redesigning batch compute workloads.
4101,Michele Waters,11,Seattle,support,Migrated legacy monolith endpoints to event-driven services.
4102,Amanda Ramirez,14,Austin,operations,Designed interview loops for engineering leveling refresh.
4103,Matthew Hatfield,16,Chicago,sales,"Implemented Okta and SCIM provisioning for 2,000 employees."
4104,Russell Jacobs,1,Atlanta,support,Built churn propensity model for customer success team.
4105,Savannah Harrison,12,Denver,engineering,"Implemented Okta and SCIM provisioning for 2,000 employees."
4106,Peter Franco MD,5,Chicago,operations,Improved NPS by redesigning incident communications workflow.
4107,Melanie Greene,9,Remote,engineering,Scaled self-serve onboarding funnel for SMB customers.
4108,Breanna Rogers,8,Denver,operations,Expanded support knowledge base and deflected repetitive tickets.
4109,Vanessa Patel,13,Denver,product,Built role-based compensation benchmarking dashboards.
4110,Amy Soto,7,Atlanta,product,Improved NPS by redesigning incident communications workflow.
4111,Shelly Wheeler,5,Seattle,support,Closed strategic logistics accounts in manufacturing sector.
4112,Timothy Nguyen,8,Denver,analytics,Designed interview loops for engineering leveling refresh.
4113,Corey Compton,12,Remote,operations,Built churn propensity model for customer success team.
4114,George Lowe,15,Chicago,support,Built churn propensity model for customer success team.
4115,Kyle Santiago,0,Remote,product,Shipped experimentation framework for signup conversion.
4116,Louis Buchanan,10,Remote,analytics,Managed enterprise renewals exceeding $4M ARR.
4117,Melissa Lee,1,Austin,engineering,Closed strategic logistics accounts in manufacturing sector.
4118,Michelle Tran,11,Seattle,support,Migrated legacy monolith endpoints to event-driven services.
4119,Joel Meyer,11,Austin,engineering,Owned forecasting model for outbound pipeline generation.
4120,Nathan Carter,15,Denver,sales,Managed high-volume healthcare recruiting for clinical roles.
4121,Kyle Schultz,3,Remote,sales,Introduced warehouse slotting optimization process.
4122,Stephen Pacheco,14,Chicago,engineering,Led multi-region ERP rollout across three warehouses.
4123,James Love,12,Atlanta,support,Introduced warehouse slotting optimization process.
4124,Judy Peterson,11,Seattle,analytics,"Implemented Okta and SCIM provisioning for 2,000 employees."
4125,Benjamin Martinez,11,Denver,operations,Managed high-volume healthcare recruiting for clinical roles.
4126,Juan Long,9,Austin,operations,Owned forecasting model for outbound pipeline generation.
4127,Robert Scott,1,Austin,analytics,Maintained SOC 2 evidence collection process.
4128,Timothy Pierce PhD,14,Atlanta,analytics,Built role-based compensation benchmarking dashboards.
4129,Jennifer Baker,7,Austin,sales,Built dbt models and Airflow pipelines for finance analytics.
4130,Miss Katherine Rodriguez,1,Austin,operations,Owned forecasting model for outbound pipeline generation.
4131,Erik Taylor,11,Remote,support,Managed enterprise renewals exceeding $4M ARR.
4132,Philip Gamble,17,Atlanta,analytics,Introduced warehouse slotting optimization process.
4133,Benjamin Rodriguez,12,Denver,support,Reduced cloud spend by redesigning batch compute workloads.
4134,Bethany Davis,4,Austin,analytics,Designed interview loops for engineering leveling refresh.
4135,Jenny Williams,14,Seattle,operations,Scaled self-serve onboarding funnel for SMB customers.
4136,Amy Rodriguez,15,Atlanta,support,Ran agile ceremonies for cross-functional product squad.
4137,Michelle Mitchell,5,Chicago,sales,Built role-based compensation benchmarking dashboards.
4138,Daniel Munoz,9,Seattle,analytics,Shipped experimentation framework for signup conversion.
4139,Tanya Gomez,15,Chicago,analytics,Introduced warehouse slotting optimization process.
4140,Alexander Silva,2,Atlanta,sales,Launched partner onboarding program across EMEA region.
4141,Carolyn Burch,6,Atlanta,sales,Scaled self-serve onboarding funnel for SMB customers.
4142,Joshua Smith,8,Chicago,engineering,Closed strategic logistics accounts in manufacturing sector.
4143,Kenneth Mendez,0,Remote,engineering,Closed strategic logistics accounts in manufacturing sector.
4144,Rhonda Martinez,3,Seattle,engineering,Improved NPS by redesigning incident communications workflow.
4145,Jason Allen,10,Chicago,analytics,Maintained SOC 2 evidence collection process.
4146,Stephanie Lowery,4,Austin,engineering,Led multi-region ERP rollout across three warehouses.
4147,Aaron Lambert,4,Chicago,analytics,Managed high-volume healthcare recruiting for clinical roles.
4148,Scott Atkinson,5,Denver,engineering,Introduced warehouse slotting optimization process.
4149,David Boone,2,Atlanta,support,Introduced warehouse slotting optimization process.
4150,Jeremy Hernandez,11,Denver,support,Migrated legacy monolith endpoints to event-driven services.
4151,Sarah Christensen,4,Austin,sales,Launched partner onboarding program across EMEA region.
4152,Phillip Harris,11,Seattle,support,Closed strategic logistics accounts in manufacturing sector.
4153,Jessica Golden,14,Denver,sales,Improved fulfillment SLA reporting with automated dashboards.
4154,Alex Romero,8,Denver,analytics,Automated revenue recognition data quality checks.
4155,Jeremy Harris,16,Atlanta,analytics,Closed strategic logistics accounts in manufacturing sector.
4156,Billy Hood,3,Remote,operations,"Implemented Okta and SCIM provisioning for 2,000 employees."
4157,Caroline Powell,17,Austin,support,Automated revenue recognition data quality checks.
4158,Harry Hill,5,Remote,product,Built churn propensity model for customer success team.
4159,Stephanie Gray,5,Atlanta,operations,Expanded support knowledge base and deflected repetitive tickets.
4160,Toni Parks,17,Atlanta,sales,Managed high-volume healthcare recruiting for clinical roles.
4161,Maria Brown,8,Austin,operations,Shipped experimentation framework for signup conversion.
4162,Alison Armstrong,13,Seattle,analytics,Built churn propensity model for customer success team.
4163,Alex Graham,14,Seattle,engineering,Negotiated software procurement and vendor savings initiatives.
4164,Jeff Kim,8,Atlanta,product,Built dbt models and Airflow pipelines for finance analytics.
4165,Derrick Buck,5,Seattle,operations,Managed enterprise renewals exceeding $4M ARR.
4166,Christopher Robinson,8,Remote,product,Improved fulfillment SLA reporting with automated dashboards.
4167,Kelly Schmidt,6,Remote,product,Expanded support knowledge base and deflected repetitive tickets.
4168,Andrew James,7,Chicago,engineering,Built churn propensity model for customer success team.
4169,Darryl Mann,4,Seattle,engineering,Launched partner onboarding program across EMEA region.
4170,Luis Tran,16,Austin,sales,Led multi-region ERP rollout across three warehouses.
4171,Joseph Scott,10,Atlanta,analytics,Reduced cloud spend by redesigning batch compute workloads.
4172,Charles Graham,14,Austin,operations,Reduced cloud spend by redesigning batch compute workloads.
4173,Charlotte Ortiz,11,Chicago,engineering,Negotiated software procurement and vendor savings initiatives.
4174,Austin Wiggins,6,Seattle,analytics,Built dbt models and Airflow pipelines for finance analytics.
4175,Laura Logan,5,Denver,sales,Ran agile ceremonies for cross-functional product squad.
4176,Sharon Figueroa,17,Remote,product,Reduced cloud spend by redesigning batch compute workloads.
4177,John Henderson,0,Austin,support,Maintained SOC 2 evidence collection process.
4178,Alan Ali,5,Remote,product,Owned forecasting model for outbound pipeline generation.
4179,Angela Mejia,13,Seattle,analytics,Scaled self-serve onboarding funnel for SMB customers.
4180,Richard Ferguson,9,Denver,support,Launched partner onboarding program across EMEA region.
4181,Kristen Wood,11,Austin,engineering,"Implemented Okta and SCIM provisioning for 2,000 employees."
4182,Joseph Lopez,0,Austin,support,Managed enterprise renewals exceeding $4M ARR.
4183,Erika Jackson,3,Denver,operations,Negotiated software procurement and vendor savings initiatives.
4184,Robert Mason,10,Atlanta,engineering,Improved fulfillment SLA reporting with automated dashboards.
4185,Jennifer Jackson,5,Atlanta,engineering,Built role-based compensation benchmarking dashboards.
4186,Ryan Allen,8,Chicago,sales,Reduced cloud spend by redesigning batch compute workloads.
4187,Holly Logan,17,Atlanta,operations,Owned forecasting model for outbound pipeline generation.
4188,Jesse Mckinney,11,Atlanta,sales,Designed interview loops for engineering leveling refresh.
4189,Carla Obrien,11,Denver,support,Owned forecasting model for outbound pipeline generation.
4190,William Taylor,3,Chicago,operations,Negotiated software procurement and vendor savings initiatives.
4191,Joseph Burns,10,Denver,sales,Closed strategic logistics accounts in manufacturing sector.
4192,Krista Barber,17,Seattle,support,Improved NPS by redesigning incident communications workflow.
4193,Julie Holland,11,Atlanta,operations,Scaled self-serve onboarding funnel for SMB customers.
4194,Rachel Ray,14,Austin,support,Improved fulfillment SLA reporting with automated dashboards.
4195,Jennifer King,17,Remote,analytics,Closed strategic logistics accounts in manufacturing sector.
4196,Carol Hodge,16,Chicago,support,Introduced warehouse slotting optimization process.
4197,Andrew Jones,6,Seattle,product,Built role-based compensation benchmarking dashboards.
4198,Sarah Wilson DVM,5,Austin,engineering,Improved NPS by redesigning incident communications workflow.
4199,Elijah Johnson,5,Chicago,engineering,"Drove product launch for analytics module used by 8,000 accounts."
4200,Dr. Daniel Hampton,13,Atlanta,support,Designed interview loops for engineering leveling refresh.
4201,Joanna Garza,6,Remote,analytics,Improved NPS by redesigning incident communications workflow.
4202,Brenda Leon,14,Atlanta,sales,Managed high-volume healthcare recruiting for clinical roles.
4203,Charles Lester,14,Austin,engineering,Built churn propensity model for customer success team.
4204,Dawn Ross,11,Remote,product,Expanded support knowledge base and deflected repetitive tickets.
4205,Jacqueline Harris,2,Chicago,engineering,Owned forecasting model for outbound pipeline generation.
4206,Tyler Sanchez,12,Denver,operations,Built dbt models and Airflow pipelines for finance analytics.
4207,Mark Garcia,3,Austin,sales,Managed high-volume healthcare recruiting for clinical roles.
4208,Gregory Blankenship,9,Seattle,operations,Improved fulfillment SLA reporting with automated dashboards.
4209,Shelby Miller,4,Denver,support,Migrated legacy monolith endpoints to event-driven services.
4210,Roberto Arnold,1,Chicago,analytics,Ran agile ceremonies for cross-functional product squad.
4211,William Boone,11,Atlanta,engineering,Maintained SOC 2 evidence collection process.
4212,Gary Collins,8,Chicago,engineering,Improved NPS by redesigning incident communications workflow.
4213,Alexandra Garcia,11,Atlanta,product,Built churn propensity model for customer success team.
4214,Kristina Brown,8,Atlanta,sales,Shipped experimentation framework for signup conversion.
4215,Lydia Watson,6,Seattle,operations,Negotiated software procurement and vendor savings initiatives.
4216,Geoffrey Austin,0,Seattle,support,Maintained SOC 2 evidence collection process.
4217,Gabriel Richardson,4,Atlanta,product,Built dbt models and Airflow pipelines for finance analytics.
4218,Laurie Stephenson,15,Austin,sales,"Drove product launch for analytics module used by 8,000 accounts."
4219,Jessica Palmer,13,Chicago,sales,Negotiated software procurement and vendor savings initiatives.
4220,Kimberly Curry,8,Atlanta,operations,Scaled self-serve onboarding funnel for SMB customers.
4221,Yvonne Hernandez,0,Atlanta,operations,Migrated legacy monolith endpoints to event-driven services.
4222,Erin Klein,17,Atlanta,support,Automated revenue recognition data quality checks.
4223,Madison Thomas,13,Seattle,support,Managed high-volume healthcare recruiting for clinical roles.
4224,Christina Jensen,0,Remote,sales,Launched partner onboarding program across EMEA region.
4225,Daniel Williams,3,Atlanta,operations,Scaled self-serve onboarding funnel for SMB customers.
4226,Casey Barnes,3,Austin,support,Improved fulfillment SLA reporting with automated dashboards.
4227,Robert Ware,16,Denver,analytics,"Drove product launch for analytics module used by 8,000 accounts."
4228,Keith Mooney,17,Chicago,analytics,"Implemented Okta and SCIM provisioning for 2,000 employees."
4229,William Martin,7,Atlanta,support,Designed interview loops for engineering leveling refresh.
4230,Nicholas Buchanan,3,Atlanta,analytics,Introduced warehouse slotting optimization process.
4231,Thomas Martin,11,Atlanta,analytics,Negotiated software procurement and vendor savings initiatives.
4232,Ashley Caldwell,4,Atlanta,operations,Introduced warehouse slotting optimization process.
4233,Grace Luna,2,Chicago,product,Maintained SOC 2 evidence collection process.
4234,John Huber,4,Chicago,engineering,Built dbt models and Airflow pipelines for finance analytics.
4235,Kimberly Valenzuela,4,Remote,engineering,Scaled self-serve onboarding funnel for SMB customers.
4236,Lynn Nguyen,0,Denver,support,Managed high-volume healthcare recruiting for clinical roles.
4237,Michael Moran,12,Chicago,analytics,"Drove product launch for analytics module used by 8,000 accounts."
4238,Diana Wheeler,6,Remote,sales,Negotiated software procurement and vendor savings initiatives.
4239,Courtney Johnson,9,Austin,analytics,Introduced warehouse slotting optimization process.
4240,Mr. Jordan Porter,9,Denver,engineering,Introduced warehouse slotting optimization process.
4241,Jennifer Crane,13,Seattle,analytics,Ran agile ceremonies for cross-functional product squad.
4242,Scott Rodriguez,13,Denver,operations,Ran agile ceremonies for cross-functional product squad.
4243,Danny Logan,10,Remote,analytics,Maintained SOC 2 evidence collection process.
4244,Danielle Stein,15,Denver,operations,Designed interview loops for engineering leveling refresh.
4245,Melissa Wagner,10,Atlanta,support,Improved fulfillment SLA reporting with automated dashboards.
4246,James Knight,0,Denver,engineering,Led multi-region ERP rollout across three warehouses.
4247,David Dean,15,Denver,product,Scaled self-serve onboarding funnel for SMB customers.
4248,Mary Hampton,13,Denver,operations,Expanded support knowledge base and deflected repetitive tickets.
4249,Amy Sullivan,7,Remote,sales,Managed enterprise renewals exceeding $4M ARR.
4250,Jason Good,6,Seattle,product,Managed high-volume healthcare recruiting for clinical roles.
4251,Jacob Parker,16,Denver,engineering,Built churn propensity model for customer success team.
4252,Dr. Timothy Sanders,7,Denver,analytics,Migrated legacy monolith endpoints to event-driven services.
4253,Jeffrey Young,6,Denver,engineering,Built dbt models and Airflow pipelines for finance analytics.
4254,Robert Rogers,13,Seattle,product,Built churn propensity model for customer success team.
4255,Linda Castaneda,5,Atlanta,engineering,Improved fulfillment SLA reporting with automated dashboards.
4256,Bradley Mclaughlin,7,Atlanta,sales,Reduced cloud spend by redesigning batch compute workloads.
4257,Jeffrey Mosley,14,Denver,analytics,Expanded support knowledge base and deflected repetitive tickets.
4258,Rebecca Terry,4,Denver,product,Introduced warehouse slotting optimization process.
4259,Anthony Ruiz,0,Atlanta,operations,Managed high-volume healthcare recruiting for clinical roles.
4260,Eddie Bridges,6,Seattle,sales,Led multi-region ERP rollout across three warehouses.
4261,Tamara Graves,3,Remote,operations,Built role-based compensation benchmarking dashboards.
4262,Anita Martin,6,Austin,product,Closed strategic logistics accounts in manufacturing sector.
4263,Brett Davies,1,Chicago,product,Maintained SOC 2 evidence collection process.
4264,Andrew Smith,10,Seattle,engineering,Designed interview loops for engineering leveling refresh.
4265,Rachel Prince,9,Austin,product,Owned forecasting model for outbound pipeline generation.
4266,Katherine Adams,4,Atlanta,product,Owned forecasting model for outbound pipeline generation.
4267,Russell Jones,11,Denver,analytics,Led multi-region ERP rollout across three warehouses.
4268,Brenda Ford,2,Chicago,sales,Shipped experimentation framework for signup conversion.
4269,Brooke Parsons,0,Atlanta,operations,Built churn propensity model for customer success team.
4270,Kathleen Walker,8,Atlanta,support,Reduced cloud spend by redesigning batch compute workloads.
4271,James Morgan,2,Seattle,sales,Launched partner onboarding program across EMEA region.
4272,John Chavez,15,Seattle,operations,Managed enterprise renewals exceeding $4M ARR.
4273,Elizabeth Valdez,5,Remote,operations,Introduced warehouse slotting optimization process.
4274,Jennifer Arias,7,Denver,engineering,Designed interview loops for engineering leveling refresh.
4275,Sarah Wade,5,Seattle,operations,Shipped experimentation framework for signup conversion.
4276,Joel Warner,7,Seattle,engineering,Expanded support knowledge base and deflected repetitive tickets.
4277,Anthony Golden,1,Remote,engineering,Maintained SOC 2 evidence collection process.
4278,Zachary Martinez,16,Atlanta,operations,Owned forecasting model for outbound pipeline generation.
4279,Diane Cook,3,Chicago,support,Built churn propensity model for customer success team.
4280,David Olson,7,Denver,product,Built role-based compensation benchmarking dashboards.
4281,Timothy Barnett,15,Chicago,operations,Led multi-region ERP rollout across three warehouses.
4282,Monica Turner,7,Chicago,support,Automated revenue recognition data quality checks.
4283,Stephanie Douglas,12,Chicago,sales,Reduced cloud spend by redesigning batch compute workloads.
4284,James Reed,1,Denver,analytics,Improved NPS by redesigning incident communications workflow.
4285,Ryan Lara,5,Seattle,analytics,Introduced warehouse slotting optimization process.
4286,Robert Ford,13,Chicago,sales,Launched partner onboarding program across EMEA region.
4287,Rachel Huffman,4,Chicago,operations,Owned forecasting model for outbound pipeline generation.
4288,Robert Mcgee,7,Austin,support,Shipped experimentation framework for signup conversion.
4289,Mary Rubio,1,Chicago,sales,Ran agile ceremonies for cross-functional product squad.
4290,Shawna White,9,Denver,analytics,Automated revenue recognition data quality checks.
4291,Carly King,6,Denver,sales,Designed interview loops for engineering leveling refresh.
4292,Shawn Cook,15,Denver,analytics,Managed enterprise renewals exceeding $4M ARR.
4293,Charles Hunt,7,Chicago,engineering,"Implemented Okta and SCIM provisioning for 2,000 employees."
4294,Donald Harris Jr.,14,Denver,operations,Managed high-volume healthcare recruiting for clinical roles.
4295,Adam Ward,16,Atlanta,analytics,Maintained SOC 2 evidence collection process.
4296,Lucas Rogers,15,Austin,support,Negotiated software procurement and vendor savings initiatives.
4297,Raymond Costa,13,Remote,operations,Closed strategic logistics accounts in manufacturing sector.
4298,Charles Becker,10,Chicago,engineering,Negotiated software procurement and vendor savings initiatives.
4299,Natasha Hill,8,Austin,engineering,"Implemented Okta and SCIM provisioning for 2,000 employees."
4300,Joseph Garza,1,Chicago,analytics,Improved NPS by redesigning incident communications workflow.
4301,Christina Carrillo,2,Atlanta,support,Built churn propensity model for customer success team.
4302,Amanda Maynard,6,Atlanta,product,Managed enterprise renewals exceeding $4M ARR.
4303,Donna Shea,11,Austin,support,Launched partner onboarding program across EMEA region.
4304,Duane Smith,0,Denver,operations,Shipped experimentation framework for signup conversion.
4305,Traci Brown,16,Chicago,operations,Designed interview loops for engineering leveling refresh.
4306,Jennifer Ford,17,Remote,product,Owned forecasting model for outbound pipeline generation.
4307,Laura Leblanc,1,Chicago,product,"Drove product launch for analytics module used by 8,000 accounts."
4308,Courtney Baker,1,Remote,operations,Closed strategic logistics accounts in manufacturing sector.
4309,Sarah Montoya,15,Atlanta,operations,Launched partner onboarding program across EMEA region.
4310,Lauren Foster,3,Remote,engineering,Improved fulfillment SLA reporting with automated dashboards.
4311,Daryl Walker,3,Atlanta,sales,Launched partner onboarding program across EMEA region.
4312,Cynthia Smith,3,Austin,analytics,Improved NPS by redesigning incident communications workflow.
4313,Billy Pratt,12,Atlanta,analytics,Led multi-region ERP rollout across three warehouses.
4314,Stephanie Case,2,Denver,analytics,Managed high-volume healthcare recruiting for clinical roles.
4315,Sean Oconnor,3,Seattle,sales,Improved fulfillment SLA reporting with automated dashboards.
4316,Rachel Mack,7,Denver,sales,Expanded support knowledge base and deflected repetitive tickets.
4317,Kathleen Carpenter,10,Chicago,operations,Automated revenue recognition data quality checks.
4318,Kristen Chan,17,Austin,product,Built churn propensity model for customer success team.
4319,Tammy Price,4,Seattle,product,Improved fulfillment SLA reporting with automated dashboards.
4320,Cassandra Douglas,4,Chicago,engineering,Introduced warehouse slotting optimization process.
4321,Jeffrey Murphy,9,Seattle,operations,Built role-based compensation benchmarking dashboards.
4322,John Garcia,7,Austin,analytics,Built role-based compensation benchmarking dashboards.
4323,Monique Jackson,10,Austin,sales,Managed enterprise renewals exceeding $4M ARR.
4324,David Martin,4,Seattle,operations,Introduced warehouse slotting optimization process.
4325,Nicholas Ward,11,Denver,engineering,Improved NPS by redesigning incident communications workflow.
4326,Donna Cuevas,16,Atlanta,operations,"Drove product launch for analytics module used by 8,000 accounts."
4327,Margaret Jones,12,Austin,product,Built role-based compensation benchmarking dashboards.
4328,Bryan Giles,13,Chicago,product,Introduced warehouse slotting optimization process.
4329,Andrea Townsend,1,Austin,engineering,Reduced cloud spend by redesigning batch compute workloads.
4330,Debra White,16,Chicago,analytics,Negotiated software procurement and vendor savings initiatives.
4331,Gail Mason,12,Chicago,product,Closed strategic logistics accounts in manufacturing sector.
4332,Kimberly Dixon,11,Denver,support,Scaled self-serve onboarding funnel for SMB customers.
4333,Mr. Richard Kelly,2,Chicago,engineering,Built dbt models and Airflow pipelines for finance analytics.
4334,Christopher Drake,9,Denver,operations,Built role-based compensation benchmarking dashboards.
4335,Danielle Smith,12,Remote,support,Closed strategic logistics accounts in manufacturing sector.
4336,Regina Mcguire,11,Austin,product,Ran agile ceremonies for cross-functional product squad.
4337,Arthur Thomas,2,Remote,sales,Built role-based compensation benchmarking dashboards.
4338,Robert Nichols,0,Denver,sales,Improved NPS by redesigning incident communications workflow.
4339,Tim Welch,8,Atlanta,sales,Built role-based compensation benchmarking dashboards.
4340,Scott Sparks,12,Seattle,product,Negotiated software procurement and vendor savings initiatives.
4341,Robert Parsons,6,Seattle,sales,Managed high-volume healthcare recruiting for clinical roles.
4342,Christopher Oliver,12,Remote,operations,Automated revenue recognition data quality checks.
4343,Mr. Michael Cherry,17,Remote,engineering,Expanded support knowledge base and deflected repetitive tickets.
4344,Sandra Peck,16,Austin,product,Negotiated software procurement and vendor savings initiatives.
4345,Kristin Ellis,11,Denver,engineering,Expanded support knowledge base and deflected repetitive tickets.
4346,Jacob Yoder,13,Atlanta,analytics,Expanded support knowledge base and deflected repetitive tickets.
4347,Cole Duncan,1,Atlanta,engineering,"Drove product launch for analytics module used by 8,000 accounts."
4348,Matthew Watson,1,Remote,operations,Designed interview loops for engineering leveling refresh.
4349,Paul Smith,12,Atlanta,analytics,Expanded support knowledge base and deflected repetitive tickets.
4350,John Anderson,14,Denver,support,Managed enterprise renewals exceeding $4M ARR.
4351,Joseph Miranda,3,Remote,analytics,Managed enterprise renewals exceeding $4M ARR.
4352,Kara Spencer,10,Seattle,operations,Maintained SOC 2 evidence collection process.
4353,Pam Wilson,5,Seattle,sales,Built role-based compensation benchmarking dashboards.
4354,Rachel Little,1,Atlanta,support,Designed interview loops for engineering leveling refresh.
4355,Joshua Coleman,6,Austin,support,Ran agile ceremonies for cross-functional product squad.
4356,Brian Crosby,8,Remote,support,Reduced cloud spend by redesigning batch compute workloads.
4357,Yvette Dominguez,13,Seattle,support,Built churn propensity model for customer success team.
4358,Yvonne Ramirez,15,Austin,sales,Built role-based compensation benchmarking dashboards.
4359,Vicki Hester,16,Chicago,product,Managed high-volume healthcare recruiting for clinical roles.
4360,Jonathan Rodgers,1,Denver,product,Shipped experimentation framework for signup conversion.
4361,Alexander Mitchell,16,Chicago,operations,Negotiated software procurement and vendor savings initiatives.
4362,Brandon Taylor,9,Atlanta,sales,Improved NPS by redesigning incident communications workflow.
4363,Linda Garcia,3,Atlanta,operations,Scaled self-serve onboarding funnel for SMB customers.
4364,William Tate,11,Chicago,operations,Built role-based compensation benchmarking dashboards.
4365,Caleb Ray,1,Seattle,product,Introduced warehouse slotting optimization process.
4366,Angela Williams,8,Chicago,sales,Owned forecasting model for outbound pipeline generation.
4367,Philip Fischer,14,Austin,product,Introduced warehouse slotting optimization process.
4368,Angela Marquez,17,Remote,sales,Designed interview loops for engineering leveling refresh.
4369,Sheila Payne,5,Chicago,product,Managed high-volume healthcare recruiting for clinical roles.
4370,Mary Garcia,3,Chicago,product,Launched partner onboarding program across EMEA region.
4371,Timothy Collins,10,Seattle,analytics,Built dbt models and Airflow pipelines for finance analytics.
4372,Anna Cook,2,Seattle,engineering,Automated revenue recognition data quality checks.
4373,Breanna Davis,17,Austin,analytics,Owned forecasting model for outbound pipeline generation.
4374,April Vance,5,Austin,product,Expanded support knowledge base and deflected repetitive tickets.
4375,Robert Sullivan,3,Remote,product,Built role-based compensation benchmarking dashboards.
4376,Christopher Ayers,4,Atlanta,operations,Introduced warehouse slotting optimization process.
4377,Danielle Cook,6,Denver,operations,Expanded support knowledge base and deflected repetitive tickets.
4378,Thomas Haynes,13,Denver,operations,"Drove product launch for analytics module used by 8,000 accounts."
4379,Robert Ruiz,15,Atlanta,sales,Ran agile ceremonies for cross-functional product squad.
4380,Beth Rojas,13,Seattle,analytics,Built churn propensity model for customer success team.
4381,Melanie Allen,11,Austin,product,Built churn propensity model for customer success team.
4382,Michael Golden,4,Chicago,sales,Built dbt models and Airflow pipelines for finance analytics.
4383,Monica Wilkinson,16,Remote,product,Automated revenue recognition data quality checks.
4384,David Jordan DDS,17,Chicago,engineering,Maintained SOC 2 evidence collection process.
4385,Roger Carter,11,Remote,engineering,Built churn propensity model for customer success team.
4386,William Jenkins,14,Denver,product,Managed enterprise renewals exceeding $4M ARR.
4387,Debra Jensen,5,Chicago,engineering,Launched partner onboarding program across EMEA region.
4388,Michelle Scott,8,Atlanta,operations,Automated revenue recognition data quality checks.
4389,April Wilson,14,Atlanta,product,Ran agile ceremonies for cross-functional product squad.
4390,Nicole Vazquez,7,Denver,operations,Negotiated software procurement and vendor savings initiatives.
4391,Robin Carpenter,13,Seattle,sales,Improved fulfillment SLA reporting with automated dashboards.
4392,Danielle Dawson,15,Austin,engineering,"Drove product launch for analytics module used by 8,000 accounts."
4393,David Williams,16,Austin,support,Negotiated software procurement and vendor savings initiatives.
4394,James Sanford,5,Atlanta,sales,Built dbt models and Airflow pipelines for finance analytics.
4395,Brian Smith,8,Atlanta,engineering,Shipped experimentation framework for signup conversion.
4396,Brian Horton,6,Seattle,operations,Managed enterprise renewals exceeding $4M ARR.
4397,Glenn West,9,Remote,sales,Designed interview loops for engineering leveling refresh.
4398,Matthew Martinez,13,Remote,product,Managed enterprise renewals exceeding $4M ARR.
4399,William Gray,5,Atlanta,support,Built role-based compensation benchmarking dashboards.
4400,Denise Alvarado,4,Atlanta,product,Built churn propensity model for customer success team.
4401,Brianna Price,4,Remote,product,Shipped experimentation framework for signup conversion.
4402,Maxwell Arroyo,13,Remote,product,Led multi-region ERP rollout across three warehouses.
4403,John Hill,17,Austin,analytics,Led multi-region ERP rollout across three warehouses.
4404,Aaron Ford,1,Atlanta,sales,Built churn propensity model for customer success team.
4405,Stephen Brown,17,Remote,engineering,Scaled self-serve onboarding funnel for SMB customers.
4406,Dylan Gutierrez,0,Austin,engineering,Migrated legacy monolith endpoints to event-driven services.
4407,Brenda Ramirez,9,Remote,sales,Launched partner onboarding program across EMEA region.
4408,Adam Floyd,2,Seattle,product,Introduced warehouse slotting optimization process.
4409,Laurie Bailey,17,Austin,sales,Maintained SOC 2 evidence collection process.
4410,Joann Barker,13,Atlanta,engineering,Built dbt models and Airflow pipelines for finance analytics.
4411,John Myers,6,Denver,product,Improved fulfillment SLA reporting with automated dashboards.
4412,Daniel Conway,12,Denver,operations,Managed enterprise renewals exceeding $4M ARR.
4413,David Tucker,15,Atlanta,operations,Introduced warehouse slotting optimization process.
4414,Travis Hicks,3,Seattle,sales,Managed high-volume healthcare recruiting for clinical roles.
4415,Ashley Griffith,11,Remote,product,Built churn propensity model for customer success team.
4416,Melissa Nelson,5,Denver,operations,Managed enterprise renewals exceeding $4M ARR.
4417,Rebecca Francis,12,Austin,product,Designed interview loops for engineering leveling refresh.
4418,Keith Dyer,10,Remote,product,Maintained SOC 2 evidence collection process.
4419,Douglas Pacheco,12,Denver,operations,Scaled self-serve onboarding funnel for SMB customers.
4420,Mary Hawkins,11,Seattle,support,Maintained SOC 2 evidence collection process.
4421,Rebecca Moreno,11,Seattle,engineering,Improved fulfillment SLA reporting with automated dashboards.
4422,Jonathan Rice,1,Austin,support,Ran agile ceremonies for cross-functional product squad.
4423,Alejandro Mack,15,Denver,product,Expanded support knowledge base and deflected repetitive tickets.
4424,Jennifer Peterson,3,Austin,sales,Designed interview loops for engineering leveling refresh.
4425,Mr. Nicholas Le,7,Atlanta,engineering,Scaled self-serve onboarding funnel for SMB customers.
4426,Michael Nelson,9,Seattle,engineering,Managed high-volume healthcare recruiting for clinical roles.
4427,James Wilkinson,15,Atlanta,product,Closed strategic logistics accounts in manufacturing sector.
4428,Kristy Davis,11,Chicago,sales,Reduced cloud spend by redesigning batch compute workloads.
4429,Craig Sanchez,3,Remote,operations,Automated revenue recognition data quality checks.
4430,George Ruiz,5,Austin,operations,Expanded support knowledge base and deflected repetitive tickets.
4431,Gavin Perez,3,Austin,sales,Negotiated software procurement and vendor savings initiatives.
4432,Alexis Jones,10,Denver,engineering,Managed high-volume healthcare recruiting for clinical roles.
4433,Breanna Jenkins,12,Remote,operations,Built role-based compensation benchmarking dashboards.
4434,John Nichols,12,Remote,product,Improved fulfillment SLA reporting with automated dashboards.
4435,Ashley Fritz,13,Atlanta,operations,Negotiated software procurement and vendor savings initiatives.
4436,Michelle Walker,12,Remote,support,Managed enterprise renewals exceeding $4M ARR.
4437,Jacob Johnson,16,Remote,support,Built churn propensity model for customer success team.
4438,Kevin Martinez,16,Atlanta,support,Launched partner onboarding program across EMEA region.
4439,Kevin Cole,4,Austin,analytics,Scaled self-serve onboarding funnel for SMB customers.
4440,Glen Young,5,Remote,operations,Designed interview loops for engineering leveling refresh.
4441,Robert Moody,1,Atlanta,sales,Owned forecasting model for outbound pipeline generation.
4442,Lori Hodges,4,Austin,sales,Expanded support knowledge base and deflected repetitive tickets.
4443,Michael Weaver,9,Remote,analytics,Introduced warehouse slotting optimization process.
4444,Melissa Smith,11,Denver,operations,Built dbt models and Airflow pipelines for finance analytics.
4445,Ruth Robinson,15,Seattle,operations,Led multi-region ERP rollout across three warehouses.
4446,Gary Davis,10,Chicago,operations,Led multi-region ERP rollout across three warehouses.
4447,Tammy Ramirez,17,Austin,product,Led multi-region ERP rollout across three warehouses.
4448,Gregory Kelly,9,Denver,analytics,Introduced warehouse slotting optimization process.
4449,Michael Johnson,15,Denver,product,"Drove product launch for analytics module used by 8,000 accounts."
4450,Mark Smith,14,Remote,product,Improved fulfillment SLA reporting with automated dashboards.
4451,Christopher Moore,8,Austin,analytics,Managed high-volume healthcare recruiting for clinical roles.
4452,Morgan Gonzalez,15,Remote,engineering,Designed interview loops for engineering leveling refresh.
4453,Casey Murray,15,Austin,product,Migrated legacy monolith endpoints to event-driven services.
4454,Courtney Taylor,5,Remote,operations,Introduced warehouse slotting optimization process.
4455,Thomas Harris,3,Seattle,operations,Negotiated software procurement and vendor savings initiatives.
4456,Shirley Evans,2,Denver,operations,Reduced cloud spend by redesigning batch compute workloads.
4457,Brittany Brown,16,Remote,engineering,Managed high-volume healthcare recruiting for clinical roles.
4458,Kara Smith,7,Denver,analytics,Managed high-volume healthcare recruiting for clinical roles.
4459,Joseph Cohen,10,Atlanta,engineering,Scaled self-serve onboarding funnel for SMB customers.
4460,Ashley Duran,4,Austin,support,Improved NPS by redesigning incident communications workflow.
4461,Christian Rodriguez,7,Austin,product,Built churn propensity model for customer success team.
4462,Robert Adams,7,Denver,operations,Managed high-volume healthcare recruiting for clinical roles.
4463,Kristen Byrd,10,Chicago,operations,Reduced cloud spend by redesigning batch compute workloads.
4464,Tara Nolan,3,Chicago,support,Built churn propensity model for customer success team.
4465,Victoria Mercado,14,Denver,product,Shipped experimentation framework for signup conversion.
4466,Zachary Patel,7,Atlanta,engineering,Managed high-volume healthcare recruiting for clinical roles.
4467,Tiffany Coleman,4,Austin,operations,Designed interview loops for engineering leveling refresh.
4468,Rebecca Ramirez,0,Seattle,sales,Managed enterprise renewals exceeding $4M ARR.
4469,Daniel Quinn,1,Remote,engineering,"Drove product launch for analytics module used by 8,000 accounts."
4470,Alicia Sullivan,4,Remote,engineering,Improved NPS by redesigning incident communications workflow.
4471,Joseph Ho,13,Chicago,analytics,Improved NPS by redesigning incident communications workflow.
4472,Ashley Neal,15,Remote,support,Expanded support knowledge base and deflected repetitive tickets.
4473,Crystal Graves,17,Austin,analytics,Introduced warehouse slotting optimization process.
4474,Ashley Mendoza,5,Austin,sales,Shipped experimentation framework for signup conversion.
4475,Lauren Rojas,11,Seattle,operations,Migrated legacy monolith endpoints to event-driven services.
4476,Joseph Ryan,4,Seattle,product,Managed enterprise renewals exceeding $4M ARR.
4477,Cameron Odonnell,2,Austin,product,Managed enterprise renewals exceeding $4M ARR.
4478,Lisa Wilkerson,9,Denver,engineering,Introduced warehouse slotting optimization process.
4479,Juan Morgan,11,Denver,analytics,Managed high-volume healthcare recruiting for clinical roles.
4480,Debbie Rivera,13,Seattle,analytics,Built dbt models and Airflow pipelines for finance analytics.
4481,Christopher Patterson,2,Atlanta,operations,Scaled self-serve onboarding funnel for SMB customers.
4482,Christine Pratt,13,Atlanta,operations,Closed strategic logistics accounts in manufacturing sector.
4483,Mark Holmes,5,Austin,support,Maintained SOC 2 evidence collection process.
4484,Andrea Le,5,Remote,product,Improved fulfillment SLA reporting with automated dashboards.
4485,Nancy Morris,0,Atlanta,sales,Improved fulfillment SLA reporting with automated dashboards.
4486,Donald Boone,3,Seattle,product,Built churn propensity model for customer success team.
4487,Ralph Deleon,8,Denver,product,Built dbt models and Airflow pipelines for finance analytics.
4488,Melissa Roy,3,Chicago,engineering,Ran agile ceremonies for cross-functional product squad.
4489,Angela Martin,5,Seattle,sales,Closed strategic logistics accounts in manufacturing sector.
4490,Mandy Miller,9,Chicago,operations,Reduced cloud spend by redesigning batch compute workloads.
4491,Karen Trujillo,1,Chicago,analytics,Migrated legacy monolith endpoints to event-driven services.
4492,Steven Holland,15,Atlanta,sales,Managed enterprise renewals exceeding $4M ARR.
4493,Mark Schmitt,5,Denver,operations,"Drove product launch for analytics module used by 8,000 accounts."
4494,Chase Gomez,13,Remote,engineering,Built churn propensity model for customer success team.
4495,Brian Rocha,11,Atlanta,engineering,Built role-based compensation benchmarking dashboards.
4496,Nicole Green,13,Denver,operations,Ran agile ceremonies for cross-functional product squad.
4497,Robert Burke,5,Austin,analytics,Automated revenue recognition data quality checks.
4498,Karen Henry,3,Denver,operations,Reduced cloud spend by redesigning batch compute workloads.
4499,Angela Thompson,2,Austin,operations,Negotiated software procurement and vendor savings initiatives.
4500,Kathryn Kramer,4,Chicago,operations,Managed enterprise renewals exceeding $4M ARR.
4501,John Hunter,9,Chicago,analytics,"Drove product launch for analytics module used by 8,000 accounts."
4502,Andrew Williams,11,Atlanta,support,Designed interview loops for engineering leveling refresh.
4503,Stacey Gray,13,Austin,analytics,Migrated legacy monolith endpoints to event-driven services.
4504,Ann Ramsey,17,Austin,engineering,Launched partner onboarding program across EMEA region.
4505,Chris Gray,14,Austin,engineering,Managed high-volume healthcare recruiting for clinical roles.
4506,Jason Salinas,6,Remote,operations,Negotiated software procurement and vendor savings initiatives.
4507,Wanda Wood,8,Remote,sales,Managed high-volume healthcare recruiting for clinical roles.
4508,Eric Jackson,17,Chicago,analytics,Automated revenue recognition data quality checks.
4509,Monica Tran,12,Denver,support,Scaled self-serve onboarding funnel for SMB customers.
4510,John Russell,7,Chicago,sales,Managed enterprise renewals exceeding $4M ARR.
4511,Lance Mendez,14,Atlanta,operations,Improved fulfillment SLA reporting with automated dashboards.
4512,Henry Lutz,2,Atlanta,sales,Led multi-region ERP rollout across three warehouses.
4513,Paula Benton,12,Chicago,operations,Ran agile ceremonies for cross-functional product squad.
4514,Kelly Martinez,17,Atlanta,operations,Closed strategic logistics accounts in manufacturing sector.
4515,Robert Hebert,9,Austin,engineering,Ran agile ceremonies for cross-functional product squad.
4516,Dawn Rice,11,Atlanta,analytics,"Drove product launch for analytics module used by 8,000 accounts."
4517,Suzanne Rodgers,1,Seattle,sales,Built dbt models and Airflow pipelines for finance analytics.
4518,Nicholas Hayden,10,Austin,support,"Drove product launch for analytics module used by 8,000 accounts."
4519,Kimberly Wells,5,Seattle,support,Led multi-region ERP rollout across three warehouses.
4520,Danielle Lee,17,Seattle,sales,"Drove product launch for analytics module used by 8,000 accounts."
4521,Chelsea Holland,5,Remote,product,Built dbt models and Airflow pipelines for finance analytics.
4522,David Nunez,5,Seattle,engineering,Improved fulfillment SLA reporting with automated dashboards.
4523,James Gregory,7,Austin,analytics,Automated revenue recognition data quality checks.
4524,Kelly Brewer,12,Austin,support,Built role-based compensation benchmarking dashboards.
4525,Elizabeth Evans,17,Austin,analytics,Improved fulfillment SLA reporting with automated dashboards.
4526,Shawn Avila,6,Atlanta,analytics,Built role-based compensation benchmarking dashboards.
4527,Nathan Kirk,3,Seattle,operations,Maintained SOC 2 evidence collection process.
4528,Brian Yu,13,Atlanta,engineering,Built dbt models and Airflow pipelines for finance analytics.
4529,Joel Williams,9,Chicago,support,Led multi-region ERP rollout across three warehouses.
4530,Tony Welch,8,Chicago,product,Built dbt models and Airflow pipelines for finance analytics.
4531,Tracy Brooks,17,Austin,support,Improved NPS by redesigning incident communications workflow.
4532,Shane Lopez,8,Denver,engineering,Launched partner onboarding program across EMEA region.
4533,Michelle Wood,11,Chicago,sales,Shipped experimentation framework for signup conversion.
4534,Chelsea Lee,17,Chicago,support,Built churn propensity model for customer success team.
4535,Monica Barnett,3,Austin,support,Scaled self-serve onboarding funnel for SMB customers.
4536,Eric Conner,16,Chicago,operations,Built role-based compensation benchmarking dashboards.
4537,Kayla Choi,17,Remote,sales,Ran agile ceremonies for cross-functional product squad.
4538,Sydney Johnson,8,Chicago,operations,Improved NPS by redesigning incident communications workflow.
4539,Brian Allen,6,Remote,engineering,Negotiated software procurement and vendor savings initiatives.
4540,Kelly Greer,2,Austin,engineering,Owned forecasting model for outbound pipeline generation.
4541,Nicholas Anderson,0,Atlanta,engineering,Built churn propensity model for customer success team.
4542,Melissa Nunez,17,Austin,support,Built churn propensity model for customer success team.
4543,Dylan Fowler,7,Denver,engineering,Owned forecasting model for outbound pipeline generation.
4544,Doris Harris MD,12,Remote,analytics,Built role-based compensation benchmarking dashboards.
4545,Samantha Lee,4,Seattle,sales,Migrated legacy monolith endpoints to event-driven services.
4546,Laurie Stephenson,5,Atlanta,support,Negotiated software procurement and vendor savings initiatives.
4547,Nicholas Roman,14,Atlanta,engineering,"Drove product launch for analytics module used by 8,000 accounts."
4548,Ann Dawson,11,Atlanta,product,Introduced warehouse slotting optimization process.
4549,John Johns,3,Seattle,engineering,Negotiated software procurement and vendor savings initiatives.
4550,Anthony Cantrell,0,Atlanta,product,"Implemented Okta and SCIM provisioning for 2,000 employees."
4551,Brandon Shelton,14,Atlanta,engineering,Migrated legacy monolith endpoints to event-driven services.
4552,Chad Schneider DVM,1,Austin,engineering,Expanded support knowledge base and deflected repetitive tickets.
4553,Jason Johnson,0,Remote,engineering,Expanded support knowledge base and deflected repetitive tickets.
4554,Bradley Brady,5,Atlanta,support,Maintained SOC 2 evidence collection process.
4555,Kathleen Nixon,16,Chicago,operations,Closed strategic logistics accounts in manufacturing sector.
4556,Anna Yu DVM,11,Austin,operations,Led multi-region ERP rollout across three warehouses.
4557,Michelle Warren,0,Atlanta,support,Owned forecasting model for outbound pipeline generation.
4558,Thomas Clark,16,Seattle,sales,Expanded support knowledge base and deflected repetitive tickets.
4559,Robert Willis,16,Seattle,analytics,Built churn propensity model for customer success team.
4560,Jason Dunn,12,Remote,sales,Reduced cloud spend by redesigning batch compute workloads.
4561,Kelly Smith,1,Remote,engineering,Shipped experimentation framework for signup conversion.
4562,Felicia Walsh,0,Atlanta,product,Reduced cloud spend by redesigning batch compute workloads.
4563,Nicholas Morrow MD,15,Remote,operations,Managed high-volume healthcare recruiting for clinical roles.
4564,Susan Rangel,14,Austin,product,Managed high-volume healthcare recruiting for clinical roles.
4565,Melanie Myers,14,Denver,operations,Reduced cloud spend by redesigning batch compute workloads.
4566,Haley Blackwell,8,Denver,product,Built churn propensity model for customer success team.
4567,Larry Stokes,10,Seattle,sales,Negotiated software procurement and vendor savings initiatives.
4568,Margaret Andrews,3,Chicago,analytics,Built role-based compensation benchmarking dashboards.
4569,Eduardo Hall,0,Chicago,operations,Reduced cloud spend by redesigning batch compute workloads.
4570,Grace Johnson,3,Remote,product,Reduced cloud spend by redesigning batch compute workloads.
4571,Zachary Lee,11,Atlanta,operations,Ran agile ceremonies for cross-functional product squad.
4572,Brooke Lewis,7,Atlanta,support,Migrated legacy monolith endpoints to event-driven services.
4573,Brittany Allen,11,Chicago,operations,"Implemented Okta and SCIM provisioning for 2,000 employees."
4574,George Jones,7,Atlanta,operations,Migrated legacy monolith endpoints to event-driven services.
4575,Andrew Reese,10,Denver,support,Expanded support knowledge base and deflected repetitive tickets.
4576,Beverly Herrera,17,Atlanta,analytics,Managed high-volume healthcare recruiting for clinical roles.
4577,Amanda Richardson,11,Remote,operations,Closed strategic logistics accounts in manufacturing sector.
4578,Ricky Young,17,Chicago,engineering,Maintained SOC 2 evidence collection process.
4579,Jessica Burch,17,Seattle,engineering,Built dbt models and Airflow pipelines for finance analytics.
4580,Kelly Davis,11,Atlanta,analytics,Built role-based compensation benchmarking dashboards.
4581,Jessica Bradford,17,Denver,engineering,Scaled self-serve onboarding funnel for SMB customers.
4582,Terri Golden,4,Remote,analytics,Built dbt models and Airflow pipelines for finance analytics.
4583,Stephen Ward,9,Austin,product,"Drove product launch for analytics module used by 8,000 accounts."
4584,Lawrence Meyers,1,Seattle,support,Led multi-region ERP rollout across three warehouses.
4585,Jasmine Cohen,1,Denver,support,Automated revenue recognition data quality checks.
4586,Todd Lewis,2,Seattle,sales,Built churn propensity model for customer success team.
4587,Patricia King,2,Austin,analytics,Reduced cloud spend by redesigning batch compute workloads.
4588,Anthony Jordan,7,Seattle,sales,Built role-based compensation benchmarking dashboards.
4589,Jessica Rodriguez,12,Austin,product,Owned forecasting model for outbound pipeline generation.
4590,Karina Hines,17,Denver,engineering,Shipped experimentation framework for signup conversion.
4591,Brenda Clark,17,Remote,analytics,Migrated legacy monolith endpoints to event-driven services.
4592,Deborah Brady,3,Atlanta,operations,Launched partner onboarding program across EMEA region.
4593,David Kemp,7,Denver,engineering,Negotiated software procurement and vendor savings initiatives.
4594,Joseph West,7,Chicago,sales,Owned forecasting model for outbound pipeline generation.
4595,Edwin Woods,1,Austin,support,Built dbt models and Airflow pipelines for finance analytics.
4596,Krista English,0,Austin,analytics,Expanded support knowledge base and deflected repetitive tickets.
4597,Angel Hall,6,Seattle,engineering,Automated revenue recognition data quality checks.
4598,Nathaniel Brown,15,Chicago,engineering,"Implemented Okta and SCIM provisioning for 2,000 employees."
4599,Jocelyn Benson,6,Austin,analytics,Shipped experimentation framework for signup conversion.
4600,Amber Richardson,6,Denver,analytics,Improved NPS by redesigning incident communications workflow.
4601,Michelle Pratt,17,Denver,operations,Built churn propensity model for customer success team.
4602,Christopher Smith,6,Remote,engineering,Managed enterprise renewals exceeding $4M ARR.
4603,Wendy Aguilar MD,12,Chicago,engineering,Built role-based compensation benchmarking dashboards.
4604,Michelle Hanson,17,Chicago,engineering,Built churn propensity model for customer success team.
4605,Pamela Armstrong,2,Austin,engineering,Closed strategic logistics accounts in manufacturing sector.
4606,Richard Phillips,9,Chicago,analytics,Led multi-region ERP rollout across three warehouses.
4607,Lindsey Burke,6,Atlanta,operations,Launched partner onboarding program across EMEA region.
4608,Megan Zavala,2,Chicago,sales,Ran agile ceremonies for cross-functional product squad.
4609,Stephen Phillips,0,Seattle,analytics,Maintained SOC 2 evidence collection process.
4610,Holly Cruz,11,Seattle,support,Managed high-volume healthcare recruiting for clinical roles.
4611,Danielle Rivera,11,Denver,sales,"Implemented Okta and SCIM provisioning for 2,000 employees."
4612,Alex Mason,10,Chicago,analytics,Designed interview loops for engineering leveling refresh.
4613,Malik Proctor,12,Seattle,engineering,Migrated legacy monolith endpoints to event-driven services.
4614,Christopher Lee,12,Remote,analytics,Owned forecasting model for outbound pipeline generation.
4615,Richard Weiss,1,Remote,operations,Closed strategic logistics accounts in manufacturing sector.
4616,Charles Costa,0,Remote,engineering,Negotiated software procurement and vendor savings initiatives.
4617,Justin Pineda,6,Seattle,support,Built dbt models and Airflow pipelines for finance analytics.
4618,Michael Branch,10,Seattle,sales,Improved fulfillment SLA reporting with automated dashboards.
4619,James Wilson,16,Remote,support,Designed interview loops for engineering leveling refresh.
4620,Valerie Johnson,17,Denver,operations,"Implemented Okta and SCIM provisioning for 2,000 employees."
4621,Paul Collins,14,Remote,support,Maintained SOC 2 evidence collection process.
4622,Misty Meyer,5,Austin,support,Scaled self-serve onboarding funnel for SMB customers.
4623,Michael Morrison,10,Seattle,operations,Led multi-region ERP rollout across three warehouses.
4624,David Dodson,2,Denver,support,Reduced cloud spend by redesigning batch compute workloads.
4625,Steven Sherman,8,Chicago,operations,Managed high-volume healthcare recruiting for clinical roles.
4626,Veronica Clayton,1,Seattle,analytics,Launched partner onboarding program across EMEA region.
4627,Toni Clay,17,Chicago,sales,Managed enterprise renewals exceeding $4M ARR.
4628,Charles Neal,8,Remote,operations,Maintained SOC 2 evidence collection process.
4629,Gloria Dunn,12,Seattle,engineering,"Implemented Okta and SCIM provisioning for 2,000 employees."
4630,Bridget Garza,1,Austin,operations,Negotiated software procurement and vendor savings initiatives.
4631,Michael Hamilton,17,Remote,engineering,Built churn propensity model for customer success team.
4632,Richard Reyes,9,Austin,operations,Maintained SOC 2 evidence collection process.
4633,Jason Jones,1,Seattle,product,Led multi-region ERP rollout across three warehouses.
4634,Alexis Olson,6,Seattle,operations,Improved NPS by redesigning incident communications workflow.
4635,Michael Jennings,3,Atlanta,operations,Designed interview loops for engineering leveling refresh.
4636,Connor Rice,1,Atlanta,product,Built churn propensity model for customer success team.
4637,Veronica Christensen,0,Seattle,engineering,Led multi-region ERP rollout across three warehouses.
4638,Corey Adams,12,Remote,support,Closed strategic logistics accounts in manufacturing sector.
4639,Cynthia Hogan,15,Seattle,analytics,Negotiated software procurement and vendor savings initiatives.
4640,Jordan Garrett,11,Chicago,operations,Built role-based compensation benchmarking dashboards.
4641,Allen Chung,12,Atlanta,sales,Shipped experimentation framework for signup conversion.
4642,Danny Smith,0,Chicago,analytics,Improved NPS by redesigning incident communications workflow.
4643,Jessica Myers,3,Austin,operations,Improved fulfillment SLA reporting with automated dashboards.
4644,Amy Brown,0,Austin,operations,Reduced cloud spend by redesigning batch compute workloads.
4645,Pamela Gordon,17,Denver,support,Scaled self-serve onboarding funnel for SMB customers.
4646,Michael Olsen,13,Remote,operations,Improved fulfillment SLA reporting with automated dashboards.
4647,Wayne Dickerson,17,Austin,support,Owned forecasting model for outbound pipeline generation.
4648,Austin Rose,16,Austin,sales,Launched partner onboarding program across EMEA region.
4649,Diana Carter,4,Austin,support,Led multi-region ERP rollout across three warehouses.
4650,Shannon Morris,9,Chicago,analytics,Negotiated software procurement and vendor savings initiatives.
4651,Raymond Roy,11,Atlanta,product,Improved NPS by redesigning incident communications workflow.
4652,Shelby Avery,13,Seattle,operations,Launched partner onboarding program across EMEA region.
4653,Lori Williams,12,Austin,sales,Migrated legacy monolith endpoints to event-driven services.
4654,Mark Nelson,8,Seattle,operations,Owned forecasting model for outbound pipeline generation.
4655,Jessica George,0,Remote,analytics,Migrated legacy monolith endpoints to event-driven services.
4656,Anthony Hahn,16,Austin,operations,Automated revenue recognition data quality checks.
4657,Molly Hines,12,Denver,product,Ran agile ceremonies for cross-functional product squad.
4658,Carlos Taylor,15,Seattle,engineering,Launched partner onboarding program across EMEA region.
4659,Robert Reese,3,Seattle,sales,Expanded support knowledge base and deflected repetitive tickets.
4660,Mario Wells MD,1,Chicago,product,Designed interview loops for engineering leveling refresh.
4661,Christopher Lyons,16,Austin,support,Managed high-volume healthcare recruiting for clinical roles.
4662,Patricia Baker,14,Denver,engineering,Maintained SOC 2 evidence collection process.
4663,Joseph Ferguson,15,Remote,product,Closed strategic logistics accounts in manufacturing sector.
4664,Cory Harris,7,Remote,operations,Managed high-volume healthcare recruiting for clinical roles.
4665,Timothy Best,16,Denver,analytics,Designed interview loops for engineering leveling refresh.
4666,Miguel Jackson,4,Atlanta,engineering,Migrated legacy monolith endpoints to event-driven services.
4667,Tyler Rodriguez,13,Atlanta,engineering,Closed strategic logistics accounts in manufacturing sector.
4668,Angela Smith,8,Denver,support,Reduced cloud spend by redesigning batch compute workloads.
4669,Stephanie Martin,2,Atlanta,sales,Managed enterprise renewals exceeding $4M ARR.
4670,Larry Smith,12,Chicago,engineering,Shipped experimentation framework for signup conversion.
4671,Paul Young,6,Atlanta,support,"Drove product launch for analytics module used by 8,000 accounts."
4672,Mckenzie Anderson,2,Atlanta,sales,Managed enterprise renewals exceeding $4M ARR.
4673,Kenneth Cooper Jr.,12,Atlanta,product,Owned forecasting model for outbound pipeline generation.
4674,Benjamin Contreras,13,Remote,sales,Ran agile ceremonies for cross-functional product squad.
4675,Dennis Williams,5,Seattle,engineering,"Implemented Okta and SCIM provisioning for 2,000 employees."
4676,Sharon Morris,17,Seattle,operations,Launched partner onboarding program across EMEA region.
4677,James Dixon,12,Seattle,sales,Managed high-volume healthcare recruiting for clinical roles.
4678,Anna Hill,0,Atlanta,analytics,Closed strategic logistics accounts in manufacturing sector.
4679,Cynthia Harris MD,6,Chicago,sales,Improved NPS by redesigning incident communications workflow.
4680,John Rodriguez,17,Atlanta,product,Improved fulfillment SLA reporting with automated dashboards.
4681,Joel Gibbs,3,Remote,operations,Managed high-volume healthcare recruiting for clinical roles.
4682,Carolyn Lopez,17,Remote,support,Maintained SOC 2 evidence collection process.
4683,Christopher Davis,9,Denver,support,Built role-based compensation benchmarking dashboards.
4684,Robert Herrera Jr.,12,Denver,product,Ran agile ceremonies for cross-functional product squad.
4685,Debbie Arias,12,Chicago,analytics,"Drove product launch for analytics module used by 8,000 accounts."
4686,Kenneth Peterson,9,Austin,sales,Improved fulfillment SLA reporting with automated dashboards.
4687,Rachel Mcdaniel,9,Chicago,analytics,Negotiated software procurement and vendor savings initiatives.
4688,Peter Delacruz,10,Austin,operations,Launched partner onboarding program across EMEA region.
4689,Rodney Sanchez,11,Denver,analytics,"Implemented Okta and SCIM provisioning for 2,000 employees."
4690,Jose Stephens,13,Austin,sales,Automated revenue recognition data quality checks.
4691,Jennifer Morgan DDS,7,Chicago,analytics,"Drove product launch for analytics module used by 8,000 accounts."
4692,Parker Vasquez,7,Seattle,product,Managed enterprise renewals exceeding $4M ARR.
4693,Kimberly Fields,14,Remote,support,Managed enterprise renewals exceeding $4M ARR.
4694,Timothy Wilson,13,Remote,product,Managed high-volume healthcare recruiting for clinical roles.
4695,Antonio Valencia,11,Atlanta,engineering,Improved fulfillment SLA reporting with automated dashboards.
4696,Steven Holmes PhD,8,Atlanta,analytics,Maintained SOC 2 evidence collection process.
4697,Alexis Duran,10,Remote,engineering,Managed enterprise renewals exceeding $4M ARR.
4698,Charles Hopkins,10,Atlanta,sales,"Implemented Okta and SCIM provisioning for 2,000 employees."
4699,Danny Bailey,7,Austin,support,Closed strategic logistics accounts in manufacturing sector.
4700,Angelica Long,3,Remote,engineering,Designed interview loops for engineering leveling refresh.
4701,Holly Waters,9,Atlanta,operations,"Implemented Okta and SCIM provisioning for 2,000 employees."
4702,Jillian Garcia,7,Atlanta,engineering,Scaled self-serve onboarding funnel for SMB customers.
4703,Keith Oconnor,0,Austin,sales,Built dbt models and Airflow pipelines for finance analytics.
4704,Patricia Thompson,17,Denver,engineering,Owned forecasting model for outbound pipeline generation.
4705,Mrs. Laura Novak,12,Denver,operations,Owned forecasting model for outbound pipeline generation.
4706,Tina Grant,2,Seattle,analytics,Migrated legacy monolith endpoints to event-driven services.
4707,Melanie Young,3,Denver,analytics,Launched partner onboarding program across EMEA region.
4708,Kimberly Logan,10,Denver,product,Managed enterprise renewals exceeding $4M ARR.
4709,Tiffany Martinez,15,Seattle,engineering,Designed interview loops for engineering leveling refresh.
4710,Sarah Yates,8,Austin,operations,Introduced warehouse slotting optimization process.
4711,Melissa Hall,14,Seattle,analytics,Managed enterprise renewals exceeding $4M ARR.
4712,Jessica Ball,2,Austin,engineering,Introduced warehouse slotting optimization process.
4713,Danielle Costa,9,Chicago,engineering,Scaled self-serve onboarding funnel for SMB customers.
4714,Elizabeth Jacobs,14,Denver,sales,"Drove product launch for analytics module used by 8,000 accounts."
4715,Lisa Spencer,15,Chicago,product,Improved NPS by redesigning incident communications workflow.
4716,Bradley Reed,4,Austin,analytics,Improved fulfillment SLA reporting with automated dashboards.
4717,Katie Rivers,12,Denver,analytics,Launched partner onboarding program across EMEA region.
4718,Amanda Pena,0,Seattle,analytics,Built dbt models and Airflow pipelines for finance analytics.
4719,Thomas Young,2,Chicago,support,Introduced warehouse slotting optimization process.
4720,Jillian Woods,16,Chicago,analytics,Shipped experimentation framework for signup conversion.
4721,Valerie Lopez,13,Seattle,support,Built churn propensity model for customer success team.
4722,Jodi James,3,Remote,sales,Expanded support knowledge base and deflected repetitive tickets.
4723,Lucas Ball,17,Atlanta,support,Improved fulfillment SLA reporting with automated dashboards.
4724,Julia Bishop,17,Atlanta,engineering,"Implemented Okta and SCIM provisioning for 2,000 employees."
4725,Joshua Vincent MD,0,Seattle,operations,Introduced warehouse slotting optimization process.
4726,Jonathan Bruce,0,Austin,sales,Improved fulfillment SLA reporting with automated dashboards.
4727,Beverly Black,4,Remote,engineering,Improved NPS by redesigning incident communications workflow.
4728,Zachary Johnson,14,Denver,analytics,Reduced cloud spend by redesigning batch compute workloads.
4729,Emily Warren,10,Denver,product,Maintained SOC 2 evidence collection process.
4730,Cody Garrett,9,Atlanta,engineering,Led multi-region ERP rollout across three warehouses.
4731,Anthony Adams,7,Remote,product,Reduced cloud spend by redesigning batch compute workloads.
4732,Steven Ward,8,Remote,product,Improved fulfillment SLA reporting with automated dashboards.
4733,Jane Harvey DDS,11,Seattle,product,Launched partner onboarding program across EMEA region.
4734,Amanda Martinez,1,Denver,engineering,"Implemented Okta and SCIM provisioning for 2,000 employees."
4735,Joshua Osborne,10,Austin,product,Introduced warehouse slotting optimization process.
4736,James King,3,Chicago,operations,Reduced cloud spend by redesigning batch compute workloads.
4737,Jennifer Watkins,14,Remote,analytics,Improved NPS by redesigning incident communications workflow.
4738,Harry Ochoa,3,Austin,sales,Reduced cloud spend by redesigning batch compute workloads.
4739,Mark Walters,1,Denver,analytics,Launched partner onboarding program across EMEA region.
4740,Joseph Johnston,7,Denver,analytics,Built dbt models and Airflow pipelines for finance analytics.
4741,James Delacruz,7,Seattle,support,Maintained SOC 2 evidence collection process.
4742,Cheyenne Horne,9,Denver,operations,Automated revenue recognition data quality checks.
4743,Taylor Peterson,15,Seattle,engineering,Managed enterprise renewals exceeding $4M ARR.
4744,Bobby Becker,12,Atlanta,analytics,Built dbt models and Airflow pipelines for finance analytics.
4745,Joseph Morgan,6,Remote,support,"Drove product launch for analytics module used by 8,000 accounts."
4746,Karen Sloan MD,13,Chicago,engineering,Built role-based compensation benchmarking dashboards.
4747,Kenneth Powell,9,Seattle,support,Owned forecasting model for outbound pipeline generation.
4748,Sheena Walker,4,Seattle,support,Introduced warehouse slotting optimization process.
4749,Rachael Wood,0,Seattle,analytics,Designed interview loops for engineering leveling refresh.
4750,William Wagner,0,Denver,product,"Drove product launch for analytics module used by 8,000 accounts."
4751,Jeanne Diaz,4,Chicago,operations,Introduced warehouse slotting optimization process.
4752,Katherine Baker,14,Atlanta,engineering,"Implemented Okta and SCIM provisioning for 2,000 employees."
4753,Samuel Nguyen,8,Remote,analytics,Launched partner onboarding program across EMEA region.
4754,Nicole Mejia,8,Chicago,analytics,Managed enterprise renewals exceeding $4M ARR.
4755,Dennis Smith,7,Atlanta,product,Migrated legacy monolith endpoints to event-driven services.
4756,Marcus Rich,4,Chicago,sales,"Drove product launch for analytics module used by 8,000 accounts."
4757,Samantha Jones,12,Seattle,engineering,Migrated legacy monolith endpoints to event-driven services.
4758,Suzanne George,0,Denver,support,Migrated legacy monolith endpoints to event-driven services.
4759,Curtis Whitaker,11,Remote,sales,Automated revenue recognition data quality checks.
4760,David Leon,16,Austin,sales,Closed strategic logistics accounts in manufacturing sector.
4761,Jackson Foster,15,Austin,support,Owned forecasting model for outbound pipeline generation.
4762,Edward Rodriguez,6,Remote,sales,Closed strategic logistics accounts in manufacturing sector.
4763,Christina Robinson,15,Denver,support,Improved fulfillment SLA reporting with automated dashboards.
4764,Manuel Lewis,4,Austin,sales,Managed high-volume healthcare recruiting for clinical roles.
4765,Nicholas Sampson,4,Remote,analytics,Improved fulfillment SLA reporting with automated dashboards.
4766,Robert West,6,Denver,analytics,Built churn propensity model for customer success team.
4767,Alan Oliver,0,Remote,analytics,Maintained SOC 2 evidence collection process.
4768,Brittany Lin,4,Denver,sales,Closed strategic logistics accounts in manufacturing sector.
4769,Diane Carrillo,15,Seattle,engineering,Built dbt models and Airflow pipelines for finance analytics.
4770,Ricardo Thompson,13,Atlanta,analytics,Scaled self-serve onboarding funnel for SMB customers.
4771,Joseph Bright,5,Denver,operations,"Drove product launch for analytics module used by 8,000 accounts."
4772,Kelly Hoffman,5,Denver,product,Closed strategic logistics accounts in manufacturing sector.
4773,Sandy Todd,6,Chicago,product,Owned forecasting model for outbound pipeline generation.
4774,Isaac Young,2,Seattle,engineering,Built role-based compensation benchmarking dashboards.
4775,Kristin Wang,2,Atlanta,operations,Closed strategic logistics accounts in manufacturing sector.
4776,Steve Mcconnell,17,Austin,operations,Shipped experimentation framework for signup conversion.
4777,Susan Parsons,12,Denver,operations,Negotiated software procurement and vendor savings initiatives.
4778,Tyler Shields,12,Denver,support,Built dbt models and Airflow pipelines for finance analytics.
4779,Jennifer Webster,5,Remote,operations,Shipped experimentation framework for signup conversion.
4780,Diana Huffman,15,Denver,engineering,Scaled self-serve onboarding funnel for SMB customers.
4781,Michael Dixon,3,Atlanta,operations,Built dbt models and Airflow pipelines for finance analytics.
4782,Dr. Diana Chen,17,Austin,support,Built churn propensity model for customer success team.
4783,Jennifer Cox,9,Denver,operations,Built churn propensity model for customer success team.
4784,Rachel Skinner,5,Chicago,sales,Automated revenue recognition data quality checks.
4785,Jonathan Torres,13,Denver,support,Led multi-region ERP rollout across three warehouses.
4786,Barbara Miller,7,Remote,engineering,Built dbt models and Airflow pipelines for finance analytics.
4787,Victoria Johnson,4,Remote,operations,Expanded support knowledge base and deflected repetitive tickets.
4788,Abigail Williams,12,Chicago,engineering,Closed strategic logistics accounts in manufacturing sector.
4789,Eric Fowler,12,Atlanta,analytics,Reduced cloud spend by redesigning batch compute workloads.
4790,Sherry Jones,10,Remote,product,"Implemented Okta and SCIM provisioning for 2,000 employees."
4791,Marvin Petersen,8,Chicago,operations,Improved fulfillment SLA reporting with automated dashboards.
4792,Ashley Nguyen MD,5,Denver,product,"Drove product launch for analytics module used by 8,000 accounts."
4793,Fred Castillo,7,Atlanta,product,Introduced warehouse slotting optimization process.
4794,Madeline Simmons,15,Austin,support,Expanded support knowledge base and deflected repetitive tickets.
4795,Melanie Campbell,6,Denver,sales,Designed interview loops for engineering leveling refresh.
4796,Joseph Jensen,17,Austin,engineering,Designed interview loops for engineering leveling refresh.
4797,Manuel Moran,2,Chicago,engineering,Negotiated software procurement and vendor savings initiatives.
4798,Victor Vaughn,2,Austin,operations,Built dbt models and Airflow pipelines for finance analytics.
4799,Jenny Nolan,5,Seattle,operations,Led multi-region ERP rollout across three warehouses.
4800,Michelle Carter,0,Remote,sales,Built role-based compensation benchmarking dashboards.
4801,Paul Anderson,15,Chicago,product,Negotiated software procurement and vendor savings initiatives.
4802,Victoria Padilla,6,Austin,support,Managed high-volume healthcare recruiting for clinical roles.
4803,Donna Herring,1,Denver,support,Improved fulfillment SLA reporting with automated dashboards.
4804,Daniel Cervantes,11,Austin,analytics,Built dbt models and Airflow pipelines for finance analytics.
4805,Rhonda Rodriguez,17,Denver,analytics,Managed enterprise renewals exceeding $4M ARR.
4806,Russell Martinez,17,Atlanta,product,Shipped experimentation framework for signup conversion.
4807,Sherry Brewer,1,Denver,operations,Improved NPS by redesigning incident communications workflow.
4808,Lori Brown,14,Atlanta,engineering,Ran agile ceremonies for cross-functional product squad.
4809,Stacey Stone,6,Atlanta,sales,Built churn propensity model for customer success team.
4810,John Harris,15,Austin,sales,Automated revenue recognition data quality checks.
4811,Haley Patel,10,Seattle,product,Shipped experimentation framework for signup conversion.
4812,Jennifer Mccarthy,13,Seattle,analytics,Reduced cloud spend by redesigning batch compute workloads.
4813,Cassandra White,15,Austin,operations,Migrated legacy monolith endpoints to event-driven services.
4814,John Green,16,Denver,engineering,Owned forecasting model for outbound pipeline generation.
4815,Kristina Baker,2,Chicago,support,Built churn propensity model for customer success team.
4816,Christopher Duncan,13,Denver,analytics,Improved fulfillment SLA reporting with automated dashboards.
4817,Charles Davis,2,Seattle,support,"Implemented Okta and SCIM provisioning for 2,000 employees."
4818,Sarah Harmon,16,Atlanta,engineering,Reduced cloud spend by redesigning batch compute workloads.
4819,Matthew Allen,11,Remote,analytics,Negotiated software procurement and vendor savings initiatives.
4820,Anthony Melton,3,Atlanta,operations,Owned forecasting model for outbound pipeline generation.
4821,Toni Brewer,5,Austin,sales,Automated revenue recognition data quality checks.
4822,Jim Lewis,16,Seattle,sales,Migrated legacy monolith endpoints to event-driven services.
4823,Mitchell Robinson,11,Austin,sales,Closed strategic logistics accounts in manufacturing sector.
4824,Lauren Lopez,4,Denver,support,Managed enterprise renewals exceeding $4M ARR.
4825,Alyssa White,14,Remote,engineering,Maintained SOC 2 evidence collection process.
4826,Tyler Browning,12,Remote,product,Maintained SOC 2 evidence collection process.
4827,Jason Jackson,1,Austin,product,Built dbt models and Airflow pipelines for finance analytics.
4828,Jeffery Murphy,5,Remote,product,Managed high-volume healthcare recruiting for clinical roles.
4829,Angela Turner,15,Remote,product,Ran agile ceremonies for cross-functional product squad.
4830,Briana Mosley,6,Remote,sales,Improved fulfillment SLA reporting with automated dashboards.
4831,Jack Brandt,0,Seattle,operations,Built churn propensity model for customer success team.
4832,Savannah Fernandez,10,Austin,engineering,Expanded support knowledge base and deflected repetitive tickets.
4833,Todd Adams,16,Austin,product,Expanded support knowledge base and deflected repetitive tickets.
4834,Nathaniel Ford,10,Atlanta,support,Managed high-volume healthcare recruiting for clinical roles.
4835,Katherine Martin,17,Austin,engineering,Improved NPS by redesigning incident communications workflow.
4836,David Smith,2,Chicago,product,Negotiated software procurement and vendor savings initiatives.
4837,Sean Lane,12,Remote,engineering,Designed interview loops for engineering leveling refresh.
4838,Kathleen Baldwin,11,Remote,support,Built role-based compensation benchmarking dashboards.
4839,Steven Munoz,17,Chicago,engineering,Maintained SOC 2 evidence collection process.
4840,Lauren Smith,9,Atlanta,support,Automated revenue recognition data quality checks.
4841,Jessica Martin,14,Atlanta,product,Improved NPS by redesigning incident communications workflow.
4842,Melvin Carlson,2,Chicago,product,"Implemented Okta and SCIM provisioning for 2,000 employees."
4843,Susan Higgins,0,Chicago,engineering,Led multi-region ERP rollout across three warehouses.
4844,Michael Roth,12,Denver,engineering,Expanded support knowledge base and deflected repetitive tickets.
4845,Trevor Bautista,0,Atlanta,engineering,Improved NPS by redesigning incident communications workflow.
4846,Bianca Johnson,15,Seattle,support,Negotiated software procurement and vendor savings initiatives.
4847,Valerie Taylor,0,Remote,sales,Built churn propensity model for customer success team.
4848,Nicholas Barber,12,Austin,operations,Managed high-volume healthcare recruiting for clinical roles.
4849,Colin Johnson,8,Atlanta,operations,Ran agile ceremonies for cross-functional product squad.
4850,Philip Burns,11,Atlanta,operations,Negotiated software procurement and vendor savings initiatives.
4851,Melissa Owens,11,Austin,operations,Expanded support knowledge base and deflected repetitive tickets.
4852,Sharon Gonzales,7,Remote,operations,Expanded support knowledge base and deflected repetitive tickets.
4853,Melissa Bowen,8,Atlanta,sales,"Implemented Okta and SCIM provisioning for 2,000 employees."
4854,Mary Howard,9,Seattle,operations,Ran agile ceremonies for cross-functional product squad.
4855,Joseph Glass,12,Atlanta,support,Led multi-region ERP rollout across three warehouses.
4856,Tammy Tyler,12,Denver,engineering,Maintained SOC 2 evidence collection process.
4857,Amanda Smith,8,Chicago,product,"Implemented Okta and SCIM provisioning for 2,000 employees."
4858,Cynthia Hughes,6,Denver,operations,Led multi-region ERP rollout across three warehouses.
4859,Kenneth Bauer,0,Seattle,sales,Improved NPS by redesigning incident communications workflow.
4860,Joe Reed,14,Atlanta,operations,Reduced cloud spend by redesigning batch compute workloads.
4861,Tiffany Wiggins,4,Atlanta,product,Ran agile ceremonies for cross-functional product squad.
4862,Tanya Davis,7,Austin,support,Owned forecasting model for outbound pipeline generation.
4863,Maria Jackson,17,Austin,support,Launched partner onboarding program across EMEA region.
4864,Teresa Curry,14,Seattle,sales,Automated revenue recognition data quality checks.
4865,Anna Gonzalez,6,Remote,product,Expanded support knowledge base and deflected repetitive tickets.
4866,Sean Dixon,8,Denver,support,Ran agile ceremonies for cross-functional product squad.
4867,Rodney Buck,5,Denver,engineering,Closed strategic logistics accounts in manufacturing sector.
4868,Wendy Miller,11,Remote,operations,Reduced cloud spend by redesigning batch compute workloads.
4869,Kathryn Franklin,2,Chicago,product,Built churn propensity model for customer success team.
4870,James Schultz,17,Atlanta,analytics,Closed strategic logistics accounts in manufacturing sector.
4871,Ashley Moore,17,Austin,analytics,Built role-based compensation benchmarking dashboards.
4872,Tammy Choi,5,Chicago,operations,"Implemented Okta and SCIM provisioning for 2,000 employees."
4873,Paul Taylor,4,Denver,engineering,Scaled self-serve onboarding funnel for SMB customers.
4874,Raymond Nunez,9,Seattle,product,Introduced warehouse slotting optimization process.
4875,James Garcia,11,Chicago,support,Designed interview loops for engineering leveling refresh.
4876,Amanda Williamson,11,Denver,sales,Shipped experimentation framework for signup conversion.
4877,Chad Cooper,0,Chicago,sales,Owned forecasting model for outbound pipeline generation.
4878,Kendra Kim,12,Austin,analytics,Managed enterprise renewals exceeding $4M ARR.
4879,Timothy Francis,1,Seattle,support,Built dbt models and Airflow pipelines for finance analytics.
4880,Edward Lee,6,Seattle,engineering,Shipped experimentation framework for signup conversion.
4881,Daniel Smith,12,Atlanta,analytics,Closed strategic logistics accounts in manufacturing sector.
4882,Matthew Ortega,15,Atlanta,product,Built role-based compensation benchmarking dashboards.
4883,Joseph Hernandez,11,Austin,operations,Owned forecasting model for outbound pipeline generation.
4884,Casey Davis,2,Atlanta,engineering,Scaled self-serve onboarding funnel for SMB customers.
4885,Justin Foster,12,Seattle,engineering,Introduced warehouse slotting optimization process.
4886,Tammy Heath,0,Denver,engineering,"Implemented Okta and SCIM provisioning for 2,000 employees."
4887,Erin Taylor,4,Seattle,product,Managed enterprise renewals exceeding $4M ARR.
4888,Jaime Smith,2,Chicago,operations,Shipped experimentation framework for signup conversion.
4889,Cheryl Bradford,17,Atlanta,engineering,Managed high-volume healthcare recruiting for clinical roles.
4890,Hannah James PhD,6,Denver,product,Scaled self-serve onboarding funnel for SMB customers.
4891,Nancy Smith,10,Remote,support,"Implemented Okta and SCIM provisioning for 2,000 employees."
4892,Michelle Carroll,14,Chicago,engineering,Reduced cloud spend by redesigning batch compute workloads.
4893,Richard Silva,17,Chicago,support,Shipped experimentation framework for signup conversion.
4894,Paula Perez,17,Seattle,sales,Automated revenue recognition data quality checks.
4895,Charles Lee,2,Austin,engineering,Built churn propensity model for customer success team.
4896,Krista Fernandez,7,Atlanta,engineering,Migrated legacy monolith endpoints to event-driven services.
4897,Phillip Anderson,7,Austin,analytics,Expanded support knowledge base and deflected repetitive tickets.
4898,Deanna Jones,14,Atlanta,product,"Implemented Okta and SCIM provisioning for 2,000 employees."
4899,Brooke Thomas,6,Chicago,product,Introduced warehouse slotting optimization process.
4900,Mr. Bryce Mendez,4,Chicago,support,Managed high-volume healthcare recruiting for clinical roles.
4901,Justin Ramirez,13,Denver,product,Scaled self-serve onboarding funnel for SMB customers.
4902,Manuel Ramos,8,Chicago,sales,Migrated legacy monolith endpoints to event-driven services.
4903,Angela Simmons,13,Austin,engineering,Launched partner onboarding program across EMEA region.
4904,Jennifer Anderson,6,Atlanta,engineering,Automated revenue recognition data quality checks.
4905,Kiara Landry,8,Atlanta,sales,Scaled self-serve onboarding funnel for SMB customers.
4906,Francisco Benton,0,Atlanta,support,Managed high-volume healthcare recruiting for clinical roles.
4907,Shawn Welch,0,Remote,engineering,Managed high-volume healthcare recruiting for clinical roles.
4908,Michael Delacruz,0,Seattle,operations,Managed enterprise renewals exceeding $4M ARR.
4909,Anthony Smith,3,Seattle,support,Migrated legacy monolith endpoints to event-driven services.
4910,Taylor Frye,6,Atlanta,product,Built churn propensity model for customer success team.
4911,Patricia Hayes,0,Seattle,engineering,Maintained SOC 2 evidence collection process.
4912,Richard Dean,2,Seattle,sales,Maintained SOC 2 evidence collection process.
4913,Kevin Osborne,15,Atlanta,engineering,Shipped experimentation framework for signup conversion.
4914,Dustin Bridges,15,Atlanta,engineering,Designed interview loops for engineering leveling refresh.
4915,Danielle Skinner,5,Seattle,operations,"Implemented Okta and SCIM provisioning for 2,000 employees."
4916,Robert Murray,17,Remote,sales,Built churn propensity model for customer success team.
4917,Andrew Brown,2,Denver,product,Automated revenue recognition data quality checks.
4918,Richard Martinez,0,Chicago,operations,"Drove product launch for analytics module used by 8,000 accounts."
4919,Robert Doyle,6,Denver,sales,Introduced warehouse slotting optimization process.
4920,David Cole,4,Austin,operations,Negotiated software procurement and vendor savings initiatives.
4921,Tony Burns,1,Chicago,support,Maintained SOC 2 evidence collection process.
4922,Andrew Smith,15,Remote,operations,Closed strategic logistics accounts in manufacturing sector.
4923,Nicholas Diaz,17,Austin,engineering,Negotiated software procurement and vendor savings initiatives.
4924,Kevin Oneill,4,Remote,operations,Led multi-region ERP rollout across three warehouses.
4925,Grant Brown,5,Atlanta,analytics,Built churn propensity model for customer success team.
4926,Jordan Ortiz,12,Chicago,sales,Owned forecasting model for outbound pipeline generation.
4927,Anthony Marquez,16,Denver,analytics,Owned forecasting model for outbound pipeline generation.
4928,Wayne Hess,5,Remote,sales,Maintained SOC 2 evidence collection process.
4929,Wayne Finley,12,Austin,product,Expanded support knowledge base and deflected repetitive tickets.
4930,Curtis Morales Jr.,0,Atlanta,product,Introduced warehouse slotting optimization process.
4931,Alan Graham,10,Chicago,support,Built churn propensity model for customer success team.
4932,Scott Rhodes,17,Atlanta,product,Closed strategic logistics accounts in manufacturing sector.
4933,Michael Carlson,8,Seattle,engineering,Shipped experimentation framework for signup conversion.
4934,Daniel Hoffman MD,11,Remote,analytics,Led multi-region ERP rollout across three warehouses.
4935,Dr. Paula Lawson MD,12,Chicago,operations,Migrated legacy monolith endpoints to event-driven services.
4936,Teresa Weeks,11,Atlanta,support,Scaled self-serve onboarding funnel for SMB customers.
4937,Stacy Kim,12,Denver,engineering,Negotiated software procurement and vendor savings initiatives.
4938,Harry Brown,15,Atlanta,sales,Improved fulfillment SLA reporting with automated dashboards.
4939,Charles Nash,0,Austin,sales,Led multi-region ERP rollout across three warehouses.
4940,Anthony Adams,15,Remote,analytics,Expanded support knowledge base and deflected repetitive tickets.
4941,Brett Hanna,16,Chicago,product,Improved NPS by redesigning incident communications workflow.
4942,Allison Jones,16,Austin,product,Shipped experimentation framework for signup conversion.
4943,Jeremy Tucker,6,Seattle,operations,Reduced cloud spend by redesigning batch compute workloads.
4944,Thomas Johnson,10,Denver,engineering,Owned forecasting model for outbound pipeline generation.
4945,Deborah Young,6,Austin,product,Launched partner onboarding program across EMEA region.
4946,Kristen Hoover,15,Seattle,analytics,Negotiated software procurement and vendor savings initiatives.
4947,Melissa Zimmerman,7,Chicago,engineering,Negotiated software procurement and vendor savings initiatives.
4948,Laura Edwards,5,Remote,analytics,Managed high-volume healthcare recruiting for clinical roles.
4949,Michelle Stewart,12,Remote,product,Automated revenue recognition data quality checks.
4950,David Lynch,0,Atlanta,product,Expanded support knowledge base and deflected repetitive tickets.
4951,Kevin Lucas,6,Denver,product,Improved NPS by redesigning incident communications workflow.
4952,Kathleen Gaines,3,Denver,product,Closed strategic logistics accounts in manufacturing sector.
4953,Kendra Vasquez,6,Atlanta,analytics,Managed enterprise renewals exceeding $4M ARR.
4954,Austin Ford,8,Remote,analytics,Automated revenue recognition data quality checks.
4955,Bryan Perry,1,Atlanta,engineering,"Implemented Okta and SCIM provisioning for 2,000 employees."
4956,Nicole Garcia,15,Austin,analytics,Designed interview loops for engineering leveling refresh.
4957,Tina Hernandez,7,Chicago,product,Migrated legacy monolith endpoints to event-driven services.
4958,Dr. John Duncan,6,Atlanta,support,Led multi-region ERP rollout across three warehouses.
4959,Ronald Gill,2,Denver,product,Designed interview loops for engineering leveling refresh.
4960,Daniel Barker,17,Denver,sales,"Drove product launch for analytics module used by 8,000 accounts."
4961,Leslie Roberts,15,Denver,sales,Built dbt models and Airflow pipelines for finance analytics.
4962,Ashley Bishop,8,Atlanta,product,Automated revenue recognition data quality checks.
4963,Andrea Carson,6,Chicago,product,Improved NPS by redesigning incident communications workflow.
4964,Stephen Charles,8,Austin,analytics,Shipped experimentation framework for signup conversion.
4965,Brenda Lewis,17,Chicago,product,Launched partner onboarding program across EMEA region.
4966,Joe Strong,3,Seattle,support,"Implemented Okta and SCIM provisioning for 2,000 employees."
4967,Ashley Jenkins,12,Atlanta,sales,Built dbt models and Airflow pipelines for finance analytics.
4968,Mary Hopkins,16,Seattle,analytics,Expanded support knowledge base and deflected repetitive tickets.
4969,Mary Green,13,Austin,operations,Scaled self-serve onboarding funnel for SMB customers.
4970,Stephanie Gardner,15,Austin,support,Managed high-volume healthcare recruiting for clinical roles.
4971,Angela Wood,17,Austin,operations,Managed high-volume healthcare recruiting for clinical roles.
4972,Lisa Palmer,1,Atlanta,sales,"Implemented Okta and SCIM provisioning for 2,000 employees."
4973,Wendy Richards,4,Atlanta,operations,Automated revenue recognition data quality checks.
4974,Stephanie Miller,2,Austin,operations,Maintained SOC 2 evidence collection process.
4975,Alex Huff,10,Denver,product,Shipped experimentation framework for signup conversion.
4976,Laurie Roberts,7,Austin,engineering,Introduced warehouse slotting optimization process.
4977,Amanda Hoover,0,Atlanta,product,Designed interview loops for engineering leveling refresh.
4978,Joshua Ross,10,Atlanta,sales,"Implemented Okta and SCIM provisioning for 2,000 employees."
4979,Joseph Martin,1,Austin,sales,Built dbt models and Airflow pipelines for finance analytics.
4980,Travis Stephenson,7,Austin,operations,Ran agile ceremonies for cross-functional product squad.
4981,Nancy Hall,6,Seattle,analytics,Ran agile ceremonies for cross-functional product squad.
4982,Dr. Jacqueline Randolph,16,Remote,product,Built role-based compensation benchmarking dashboards.
4983,Amy Johnson,12,Remote,analytics,Built dbt models and Airflow pipelines for finance analytics.
4984,Jennifer Flores,11,Atlanta,engineering,Designed interview loops for engineering leveling refresh.
4985,Sandra White,14,Atlanta,operations,Automated revenue recognition data quality checks.
4986,Justin Evans,3,Seattle,product,Shipped experimentation framework for signup conversion.
4987,Phillip Contreras,4,Remote,support,Managed high-volume healthcare recruiting for clinical roles.
4988,Kayla Porter,13,Remote,sales,Managed enterprise renewals exceeding $4M ARR.
4989,Debra Martin,13,Denver,analytics,Shipped experimentation framework for signup conversion.
4990,Kristin Wagner,0,Denver,support,Scaled self-serve onboarding funnel for SMB customers.
4991,Paul Lane,4,Austin,sales,Launched partner onboarding program across EMEA region.
4992,Dr. Karen Reid MD,4,Chicago,analytics,Reduced cloud spend by redesigning batch compute workloads.
4993,Crystal Wilson,0,Denver,operations,Led multi-region ERP rollout across three warehouses.
4994,Ann Carpenter,11,Seattle,sales,Built churn propensity model for customer success team.
4995,Jeffery Snyder,0,Denver,product,Reduced cloud spend by redesigning batch compute workloads.
4996,Danielle Freeman,15,Atlanta,sales,Designed interview loops for engineering leveling refresh.
4997,Rhonda Tran,10,Remote,sales,"Implemented Okta and SCIM provisioning for 2,000 employees."
4998,Nathan Gomez,13,Denver,engineering,Launched partner onboarding program across EMEA region.
4999,Julia Yates,8,Denver,operations,Owned forecasting model for outbound pipeline generation.
5000,Meagan Sanders,17,Seattle,analytics,Managed enterprise renewals exceeding $4M ARR.
5001,Andrew Jacobs,4,Chicago,product,Managed high-volume healthcare recruiting for clinical roles.
5002,Mark Conley,10,Denver,support,"Implemented Okta and SCIM provisioning for 2,000 employees."
5003,Joshua Le,0,Remote,product,Built churn propensity model for customer success team.
5004,Jessica Baker,14,Denver,product,Built churn propensity model for customer success team.
5005,Brittany Wallace,10,Chicago,support,Expanded support knowledge base and deflected repetitive tickets.
5006,George Cruz,3,Remote,product,Built role-based compensation benchmarking dashboards.
5007,Timothy Carpenter,14,Atlanta,sales,Built dbt models and Airflow pipelines for finance analytics.
5008,Mark Hill,17,Seattle,support,Led multi-region ERP rollout across three warehouses.
5009,April Ponce,1,Chicago,analytics,Designed interview loops for engineering leveling refresh.
5010,Peggy Adams,15,Seattle,operations,Scaled self-serve onboarding funnel for SMB customers.
5011,Michael Perez,13,Remote,analytics,Ran agile ceremonies for cross-functional product squad.
5012,Jeffrey Mercer,6,Austin,support,Expanded support knowledge base and deflected repetitive tickets.
5013,Christian Archer,11,Chicago,operations,Designed interview loops for engineering leveling refresh.
5014,Lindsay Jones,14,Atlanta,product,Built role-based compensation benchmarking dashboards.
5015,Roy Davis,8,Seattle,engineering,Built churn propensity model for customer success team.
5016,Zachary Rodriguez,11,Austin,sales,Migrated legacy monolith endpoints to event-driven services.
5017,Wendy Wright,0,Atlanta,operations,Maintained SOC 2 evidence collection process.
5018,Victoria Bowman,16,Austin,support,Migrated legacy monolith endpoints to event-driven services.
5019,Robert Harris,16,Remote,analytics,Improved NPS by redesigning incident communications workflow.
5020,David Alvarez,3,Seattle,product,Improved fulfillment SLA reporting with automated dashboards.
5021,Aaron Lopez,8,Remote,product,Built churn propensity model for customer success team.
5022,Thomas Morris,4,Chicago,operations,Expanded support knowledge base and deflected repetitive tickets.
5023,Jennifer Chan,7,Seattle,support,Built role-based compensation benchmarking dashboards.
5024,Susan Ward,4,Denver,sales,"Implemented Okta and SCIM provisioning for 2,000 employees."
5025,Nicole Simpson,15,Austin,engineering,Led multi-region ERP rollout across three warehouses.
5026,Luis Patterson,12,Denver,operations,Closed strategic logistics accounts in manufacturing sector.
5027,Shelley Terry,15,Denver,sales,Scaled self-serve onboarding funnel for SMB customers.
5028,Richard Butler,14,Atlanta,support,Launched partner onboarding program across EMEA region.
5029,Julie Yang,13,Remote,analytics,Designed interview loops for engineering leveling refresh.
5030,Tara Jones,2,Chicago,engineering,Expanded support knowledge base and deflected repetitive tickets.
5031,Melody Wheeler,14,Atlanta,operations,Managed enterprise renewals exceeding $4M ARR.
5032,Kimberly Williams,14,Chicago,operations,Scaled self-serve onboarding funnel for SMB customers.
5033,Susan Smith,2,Remote,engineering,Improved fulfillment SLA reporting with automated dashboards.
5034,Roy Thomas,1,Denver,analytics,Scaled self-serve onboarding funnel for SMB customers.
5035,Jeremy Gutierrez,13,Seattle,product,Managed enterprise renewals exceeding $4M ARR.
5036,Ashley Perez,7,Chicago,product,Maintained SOC 2 evidence collection process.
5037,Cody Foster,5,Chicago,product,Launched partner onboarding program across EMEA region.
5038,Derek Henderson,7,Remote,product,Closed strategic logistics accounts in manufacturing sector.
5039,Lisa Herman,15,Chicago,product,Designed interview loops for engineering leveling refresh.
5040,Lauren Horton,6,Atlanta,engineering,Improved fulfillment SLA reporting with automated dashboards.
5041,Emily Hunter,6,Chicago,operations,Ran agile ceremonies for cross-functional product squad.
5042,Melissa Delacruz,7,Denver,analytics,Shipped experimentation framework for signup conversion.
5043,Kevin Werner,0,Seattle,product,Owned forecasting model for outbound pipeline generation.
5044,Amber Martinez,0,Seattle,operations,Shipped experimentation framework for signup conversion.
5045,Kyle White,7,Denver,support,Closed strategic logistics accounts in manufacturing sector.
5046,Priscilla Vang,0,Atlanta,support,Reduced cloud spend by redesigning batch compute workloads.
5047,Timothy Small,13,Austin,analytics,Improved fulfillment SLA reporting with automated dashboards.
5048,Brian Wells,7,Chicago,sales,Closed strategic logistics accounts in manufacturing sector.
5049,Nicholas Perez,9,Seattle,engineering,Led multi-region ERP rollout across three warehouses.
5050,Nicole Peters,6,Atlanta,operations,"Drove product launch for analytics module used by 8,000 accounts."
5051,Jason Wright,13,Austin,sales,Launched partner onboarding program across EMEA region.
5052,Maria Garcia,7,Remote,analytics,Introduced warehouse slotting optimization process.
5053,Erin Greene,0,Denver,sales,Managed enterprise renewals exceeding $4M ARR.
5054,Adam Johnson,8,Chicago,product,Managed enterprise renewals exceeding $4M ARR.
5055,Laura Roman,3,Denver,product,Launched partner onboarding program across EMEA region.
5056,Wesley Wright,10,Denver,product,Ran agile ceremonies for cross-functional product squad.
5057,Thomas Lutz,10,Atlanta,analytics,Launched partner onboarding program across EMEA region.
5058,Denise Leach,8,Austin,engineering,Managed enterprise renewals exceeding $4M ARR.
5059,Lisa Reynolds,6,Austin,product,Launched partner onboarding program across EMEA region.
5060,Gabriel Graham,10,Remote,engineering,Owned forecasting model for outbound pipeline generation.
5061,Robert Velazquez,12,Seattle,analytics,Closed strategic logistics accounts in manufacturing sector.
5062,Sean Burns,15,Denver,support,Closed strategic logistics accounts in manufacturing sector.
5063,Joshua Johnson,17,Remote,engineering,Shipped experimentation framework for signup conversion.
5064,Troy Tate,1,Seattle,operations,Expanded support knowledge base and deflected repetitive tickets.
5065,Cheryl Hunter,11,Seattle,operations,Scaled self-serve onboarding funnel for SMB customers.
5066,Jessica Sanchez,1,Seattle,sales,Led multi-region ERP rollout across three warehouses.
5067,Deanna Sullivan,7,Remote,engineering,Negotiated software procurement and vendor savings initiatives.
5068,Carlos Schultz,13,Remote,product,"Drove product launch for analytics module used by 8,000 accounts."
5069,Gabrielle Roberts,9,Chicago,product,Scaled self-serve onboarding funnel for SMB customers.
5070,Mark Munoz,14,Seattle,engineering,"Implemented Okta and SCIM provisioning for 2,000 employees."
5071,Timothy Smith,16,Austin,sales,Introduced warehouse slotting optimization process.
5072,Jessica Foley,17,Atlanta,operations,Shipped experimentation framework for signup conversion.
5073,Christian White,12,Austin,sales,Negotiated software procurement and vendor savings initiatives.
5074,Jodi Brandt,12,Chicago,engineering,Automated revenue recognition data quality checks.
5075,Matthew Collins,14,Seattle,analytics,Owned forecasting model for outbound pipeline generation.
5076,Eugene Jones,4,Denver,operations,Improved NPS by redesigning incident communications workflow.
5077,Bob Campbell,5,Austin,support,Ran agile ceremonies for cross-functional product squad.
5078,Mrs. Susan Christian,6,Remote,sales,Managed high-volume healthcare recruiting for clinical roles.
5079,Danielle Robles,13,Remote,analytics,Closed strategic logistics accounts in manufacturing sector.
5080,Wendy Smith,6,Chicago,sales,Introduced warehouse slotting optimization process.
5081,Kimberly Rodriguez,2,Atlanta,engineering,Ran agile ceremonies for cross-functional product squad.
5082,Vicki Olson,14,Chicago,support,Closed strategic logistics accounts in manufacturing sector.
5083,Justin Gonzalez Jr.,13,Seattle,support,Scaled self-serve onboarding funnel for SMB customers.
5084,Sonya Howard,10,Seattle,analytics,Ran agile ceremonies for cross-functional product squad.
5085,Stephanie Galvan,15,Denver,engineering,Migrated legacy monolith endpoints to event-driven services.
5086,Chad Higgins,14,Remote,support,Designed interview loops for engineering leveling refresh.
5087,Sarah Little,16,Seattle,analytics,"Implemented Okta and SCIM provisioning for 2,000 employees."
5088,Charles Rodriguez,4,Austin,operations,Launched partner onboarding program across EMEA region.
5089,Damon King,2,Denver,analytics,Led multi-region ERP rollout across three warehouses.
5090,Stacey Peterson,6,Seattle,engineering,"Implemented Okta and SCIM provisioning for 2,000 employees."
5091,Michael Blair,14,Atlanta,sales,Launched partner onboarding program across EMEA region.
5092,Kim Murray,16,Austin,engineering,Owned forecasting model for outbound pipeline generation.
5093,Robert Jackson,1,Seattle,operations,Improved NPS by redesigning incident communications workflow.
5094,Dr. Carrie Anderson,15,Denver,product,Owned forecasting model for outbound pipeline generation.
5095,Melissa Hall,8,Chicago,engineering,Improved NPS by redesigning incident communications workflow.
5096,David Robles,14,Seattle,operations,Launched partner onboarding program across EMEA region.
5097,Debra Johnson,12,Remote,sales,Improved NPS by redesigning incident communications workflow.
5098,Dawn Delgado,1,Atlanta,product,Improved NPS by redesigning incident communications workflow.
5099,John Singh,8,Seattle,analytics,Expanded support knowledge base and deflected repetitive tickets.
5100,Sarah Jones,1,Chicago,sales,Reduced cloud spend by redesigning batch compute workloads.
5101,Cory Michael,6,Seattle,sales,Introduced warehouse slotting optimization process.
5102,Mrs. Kimberly Cannon,13,Remote,analytics,Scaled self-serve onboarding funnel for SMB customers.
5103,Katherine Bentley,12,Chicago,engineering,Reduced cloud spend by redesigning batch compute workloads.
5104,Victoria Hayes,12,Remote,engineering,Introduced warehouse slotting optimization process.
5105,Jennifer Clark,11,Austin,support,Maintained SOC 2 evidence collection process.
5106,Maria Gregory,0,Denver,support,Shipped experimentation framework for signup conversion.
5107,Christopher Lee,10,Austin,support,Automated revenue recognition data quality checks.
5108,Kimberly Cohen,8,Denver,sales,Managed enterprise renewals exceeding $4M ARR.
5109,Stephanie Gomez,9,Atlanta,product,"Implemented Okta and SCIM provisioning for 2,000 employees."
5110,Joshua Solis,3,Remote,sales,Built churn propensity model for customer success team.
5111,Richard Rivers,12,Austin,product,Designed interview loops for engineering leveling refresh.
5112,Dawn Espinoza,10,Remote,sales,Negotiated software procurement and vendor savings initiatives.
5113,James Gamble,7,Remote,operations,"Implemented Okta and SCIM provisioning for 2,000 employees."
5114,Erika Gardner,1,Austin,product,Migrated legacy monolith endpoints to event-driven services.
5115,Debra English,1,Remote,operations,Maintained SOC 2 evidence collection process.
5116,David Torres,6,Remote,support,Designed interview loops for engineering leveling refresh.
5117,Thomas Graves,9,Austin,analytics,Improved fulfillment SLA reporting with automated dashboards.
5118,Ashley Jones,17,Austin,engineering,Managed enterprise renewals exceeding $4M ARR.
5119,Jessica Wagner,13,Seattle,support,Closed strategic logistics accounts in manufacturing sector.
5120,Andrea Coleman,8,Denver,operations,Automated revenue recognition data quality checks.
5121,Diana King DDS,5,Chicago,operations,Improved NPS by redesigning incident communications workflow.
5122,Dennis Brown,3,Denver,sales,Ran agile ceremonies for cross-functional product squad.
5123,Sabrina Koch,2,Denver,product,Built role-based compensation benchmarking dashboards.
5124,Karen Harvey,1,Remote,analytics,"Implemented Okta and SCIM provisioning for 2,000 employees."
5125,Richard Rodriguez,16,Chicago,analytics,Designed interview loops for engineering leveling refresh.
5126,Marilyn Lozano,0,Austin,analytics,"Drove product launch for analytics module used by 8,000 accounts."
5127,Erica Schneider,15,Seattle,sales,Ran agile ceremonies for cross-functional product squad.
5128,Joshua Horne,10,Remote,analytics,Built dbt models and Airflow pipelines for finance analytics.
5129,Dawn Ryan,11,Remote,support,Automated revenue recognition data quality checks.
5130,Marcus Riley,17,Remote,engineering,"Drove product launch for analytics module used by 8,000 accounts."
5131,Kelsey Frank DVM,14,Austin,engineering,Led multi-region ERP rollout across three warehouses.
5132,Linda Torres,2,Seattle,engineering,Closed strategic logistics accounts in manufacturing sector.
5133,Mrs. Michele Monroe,17,Chicago,product,Managed high-volume healthcare recruiting for clinical roles.
5134,Ryan Becker,3,Denver,analytics,Launched partner onboarding program across EMEA region.
5135,David Patrick,10,Denver,operations,Managed high-volume healthcare recruiting for clinical roles.
5136,Victoria Fernandez,11,Remote,sales,"Implemented Okta and SCIM provisioning for 2,000 employees."
5137,Michelle Thompson,4,Atlanta,support,Built dbt models and Airflow pipelines for finance analytics.
5138,Dalton Hawkins,11,Chicago,analytics,"Implemented Okta and SCIM provisioning for 2,000 employees."
5139,Jerry Boyd,11,Austin,analytics,Designed interview loops for engineering leveling refresh.
5140,Ricky Hernandez,17,Atlanta,support,Owned forecasting model for outbound pipeline generation.
5141,Matthew Dunn,16,Seattle,engineering,Built dbt models and Airflow pipelines for finance analytics.
5142,Thomas Moore,7,Seattle,support,"Drove product launch for analytics module used by 8,000 accounts."
5143,Christine Jackson,12,Remote,support,Ran agile ceremonies for cross-functional product squad.
5144,Tammy Joseph,14,Austin,sales,Ran agile ceremonies for cross-functional product squad.
5145,Christy Thomas,0,Denver,sales,Reduced cloud spend by redesigning batch compute workloads.
5146,Bruce Lopez,12,Atlanta,analytics,Built churn propensity model for customer success team.
5147,Aaron Brown,16,Remote,operations,"Implemented Okta and SCIM provisioning for 2,000 employees."
5148,Julia Gray,2,Chicago,product,Managed high-volume healthcare recruiting for clinical roles.
5149,Allen Skinner,13,Seattle,engineering,Closed strategic logistics accounts in manufacturing sector.
5150,Shawna Gillespie,1,Chicago,sales,Led multi-region ERP rollout across three warehouses.
5151,Michelle Martinez,7,Atlanta,support,Ran agile ceremonies for cross-functional product squad.
5152,Sabrina Lopez,14,Seattle,support,Shipped experimentation framework for signup conversion.
5153,Brandon Brown,17,Seattle,product,Negotiated software procurement and vendor savings initiatives.
5154,Stephanie Roberts,13,Denver,engineering,Improved fulfillment SLA reporting with automated dashboards.
5155,David Harding,12,Denver,engineering,Shipped experimentation framework for signup conversion.
5156,Nicole Hartman,4,Remote,product,Built dbt models and Airflow pipelines for finance analytics.
5157,Richard Miranda,14,Atlanta,support,Shipped experimentation framework for signup conversion.
5158,Brenda Edwards,11,Denver,support,Managed enterprise renewals exceeding $4M ARR.
5159,William Stewart,16,Chicago,product,Reduced cloud spend by redesigning batch compute workloads.
5160,Anne Smith,10,Seattle,sales,Negotiated software procurement and vendor savings initiatives.
5161,Wendy Bryant,0,Seattle,engineering,Built churn propensity model for customer success team.
5162,Sydney Smith,9,Atlanta,sales,Improved fulfillment SLA reporting with automated dashboards.
5163,Diana Rivera,13,Austin,product,Reduced cloud spend by redesigning batch compute workloads.
5164,Jamie Flowers,14,Austin,analytics,"Drove product launch for analytics module used by 8,000 accounts."
5165,Steven Williams,6,Chicago,engineering,Negotiated software procurement and vendor savings initiatives.
5166,Steven Price,3,Austin,support,Managed high-volume healthcare recruiting for clinical roles.
5167,Benjamin Stein,15,Denver,product,Built dbt models and Airflow pipelines for finance analytics.
5168,Jacob Dillon,14,Denver,engineering,Managed enterprise renewals exceeding $4M ARR.
5169,Michele Snow,15,Denver,analytics,Migrated legacy monolith endpoints to event-driven services.
5170,Victoria Smith,12,Remote,support,Led multi-region ERP rollout across three warehouses.
5171,Fred Ross,14,Chicago,product,Improved fulfillment SLA reporting with automated dashboards.
5172,Sydney Adams,7,Seattle,analytics,Closed strategic logistics accounts in manufacturing sector.
5173,Amanda Gilbert,14,Chicago,operations,Ran agile ceremonies for cross-functional product squad.
5174,Justin Lee,8,Atlanta,product,Built dbt models and Airflow pipelines for finance analytics.
5175,Dale Spencer,14,Remote,operations,Reduced cloud spend by redesigning batch compute workloads.
5176,Nicholas Cunningham,2,Remote,analytics,Managed high-volume healthcare recruiting for clinical roles.
5177,James Stevens,5,Atlanta,product,Ran agile ceremonies for cross-functional product squad.
5178,David Hamilton,3,Chicago,analytics,Maintained SOC 2 evidence collection process.
5179,Stephanie Knight,7,Denver,support,Negotiated software procurement and vendor savings initiatives.
5180,Zachary Guerrero,14,Denver,product,Closed strategic logistics accounts in manufacturing sector.
5181,Mr. Jackson Watson,2,Remote,analytics,"Implemented Okta and SCIM provisioning for 2,000 employees."
5182,Catherine Chavez,13,Denver,operations,Negotiated software procurement and vendor savings initiatives.
5183,Jesse Bennett,14,Seattle,analytics,Maintained SOC 2 evidence collection process.
5184,Cynthia Johnson,12,Remote,operations,Automated revenue recognition data quality checks.
5185,Jeffrey Miles,11,Austin,support,Reduced cloud spend by redesigning batch compute workloads.
5186,Jordan Richmond DDS,2,Remote,engineering,Expanded support knowledge base and deflected repetitive tickets.
5187,Shelley James,11,Atlanta,engineering,Managed high-volume healthcare recruiting for clinical roles.
5188,Blake Bond,4,Atlanta,operations,"Drove product launch for analytics module used by 8,000 accounts."
5189,Veronica Duncan,4,Chicago,engineering,Owned forecasting model for outbound pipeline generation.
5190,Teresa Bowers,15,Denver,support,Automated revenue recognition data quality checks.
5191,Jordan Mata,11,Atlanta,sales,Closed strategic logistics accounts in manufacturing sector.
5192,John Carter,17,Chicago,operations,Improved fulfillment SLA reporting with automated dashboards.
5193,Paul Freeman,8,Seattle,sales,Reduced cloud spend by redesigning batch compute workloads.
5194,Cody Jones,6,Seattle,product,Improved fulfillment SLA reporting with automated dashboards.
5195,Rebecca Newman,17,Austin,product,Improved NPS by redesigning incident communications workflow.
5196,Brandon Marquez,11,Chicago,engineering,Reduced cloud spend by redesigning batch compute workloads.
5197,Chad Adams,15,Atlanta,operations,Maintained SOC 2 evidence collection process.
5198,Larry Woods,0,Seattle,product,Improved fulfillment SLA reporting with automated dashboards.
5199,Angela Brown,9,Chicago,operations,Managed high-volume healthcare recruiting for clinical roles.
5200,Whitney Henson,14,Remote,product,Led multi-region ERP rollout across three warehouses.
5201,Holly Hendricks,14,Atlanta,engineering,Led multi-region ERP rollout across three warehouses.
5202,Juan Becker,12,Atlanta,operations,Led multi-region ERP rollout across three warehouses.
5203,Roy Williams,2,Austin,product,Scaled self-serve onboarding funnel for SMB customers.
5204,Jonathan Smith,9,Atlanta,sales,Negotiated software procurement and vendor savings initiatives.
5205,Beth Kane,1,Seattle,engineering,Owned forecasting model for outbound pipeline generation.
5206,Aaron Andrews DVM,14,Chicago,support,Built churn propensity model for customer success team.
5207,Mark Robinson,11,Atlanta,engineering,Negotiated software procurement and vendor savings initiatives.
5208,Gloria Hill,3,Austin,sales,Introduced warehouse slotting optimization process.
5209,Christopher Wilcox,13,Chicago,support,Managed high-volume healthcare recruiting for clinical roles.
5210,Sean Braun,12,Austin,product,Improved NPS by redesigning incident communications workflow.
5211,Tamara Carr,0,Seattle,engineering,Improved NPS by redesigning incident communications workflow.
5212,Stacey Ramirez,1,Remote,operations,Built dbt models and Airflow pipelines for finance analytics.
5213,John Pearson,3,Austin,support,Negotiated software procurement and vendor savings initiatives.
5214,Kellie Martin,1,Seattle,operations,Built dbt models and Airflow pipelines for finance analytics.
5215,Jesse Davis,9,Atlanta,operations,Reduced cloud spend by redesigning batch compute workloads.
5216,Andrea David DDS,15,Seattle,analytics,Negotiated software procurement and vendor savings initiatives.
5217,Patricia Smith,1,Atlanta,support,Migrated legacy monolith endpoints to event-driven services.
5218,Richard Hahn,11,Remote,engineering,Migrated legacy monolith endpoints to event-driven services.
5219,Nicole Brown,7,Austin,engineering,Ran agile ceremonies for cross-functional product squad.
5220,Jacob Smith,15,Austin,engineering,Designed interview loops for engineering leveling refresh.
5221,John Aguirre,8,Chicago,operations,Closed strategic logistics accounts in manufacturing sector.
5222,Miss Emily Simmons,12,Seattle,sales,Migrated legacy monolith endpoints to event-driven services.
5223,Amanda Cox,16,Austin,operations,Built dbt models and Airflow pipelines for finance analytics.
5224,Shannon Alexander,2,Austin,sales,"Drove product launch for analytics module used by 8,000 accounts."
5225,Brandy Williams,5,Seattle,analytics,Maintained SOC 2 evidence collection process.
5226,Robert Wheeler,4,Denver,sales,"Drove product launch for analytics module used by 8,000 accounts."
5227,Abigail Webb,3,Seattle,product,Shipped experimentation framework for signup conversion.
5228,Sandra Valdez,11,Denver,sales,Built role-based compensation benchmarking dashboards.
5229,Laura Collins,0,Austin,sales,Maintained SOC 2 evidence collection process.
5230,Melissa Perez,6,Atlanta,product,Led multi-region ERP rollout across three warehouses.
5231,Rebecca Boyd,2,Austin,analytics,Maintained SOC 2 evidence collection process.
5232,Justin Lewis,11,Denver,engineering,Built role-based compensation benchmarking dashboards.
5233,Haley Larson,13,Remote,engineering,Maintained SOC 2 evidence collection process.
5234,John Wilson,8,Chicago,engineering,Automated revenue recognition data quality checks.
5235,Anita Weber,8,Chicago,support,Closed strategic logistics accounts in manufacturing sector.
5236,Tammy Madden,8,Remote,analytics,Introduced warehouse slotting optimization process.
5237,Eric Ryan,3,Chicago,product,Improved fulfillment SLA reporting with automated dashboards.
5238,Randy Ayala,6,Denver,sales,Introduced warehouse slotting optimization process.
5239,Gary Hernandez,16,Seattle,engineering,Shipped experimentation framework for signup conversion.
5240,Mary Powell,0,Austin,operations,Built dbt models and Airflow pipelines for finance analytics.
5241,Andrea Stafford,14,Austin,engineering,Managed enterprise renewals exceeding $4M ARR.
5242,Stephen Gibbs,2,Remote,engineering,Ran agile ceremonies for cross-functional product squad.
5243,David Gallagher,2,Remote,support,Expanded support knowledge base and deflected repetitive tickets.
5244,Gail Hull,5,Remote,operations,Built churn propensity model for customer success team.
5245,Antonio Atkins,4,Austin,product,Reduced cloud spend by redesigning batch compute workloads.
5246,Jessica Mcgee,5,Atlanta,analytics,Built dbt models and Airflow pipelines for finance analytics.
5247,Kevin Robinson,15,Remote,analytics,Launched partner onboarding program across EMEA region.
5248,Danielle Evans,16,Remote,product,Built churn propensity model for customer success team.
5249,Christie Torres,12,Denver,operations,Expanded support knowledge base and deflected repetitive tickets.
5250,Robert Reyes,2,Denver,sales,Reduced cloud spend by redesigning batch compute workloads.
5251,Dr. Tracy Evans,17,Austin,support,Expanded support knowledge base and deflected repetitive tickets.
5252,Kimberly Rivera,15,Austin,support,Negotiated software procurement and vendor savings initiatives.
5253,Robert Mcintosh,1,Denver,sales,Managed enterprise renewals exceeding $4M ARR.
5254,Jennifer Cole,6,Chicago,support,Maintained SOC 2 evidence collection process.
5255,Bobby Woodward,13,Remote,product,Closed strategic logistics accounts in manufacturing sector.
5256,Justin Daniel,1,Austin,sales,Managed high-volume healthcare recruiting for clinical roles.
5257,Andrew Giles,1,Atlanta,product,Improved fulfillment SLA reporting with automated dashboards.
5258,Erika Williams,10,Atlanta,engineering,Managed enterprise renewals exceeding $4M ARR.
5259,Emily Johnson,6,Austin,product,Built dbt models and Airflow pipelines for finance analytics.
5260,Ashley Hall DVM,7,Denver,product,Owned forecasting model for outbound pipeline generation.
5261,Julie Romero MD,13,Remote,product,Built churn propensity model for customer success team.
5262,Melissa Thomas,9,Austin,operations,Built churn propensity model for customer success team.
5263,Michele Wallace,12,Austin,product,Built role-based compensation benchmarking dashboards.
5264,Michael Thompson,2,Austin,analytics,Improved NPS by redesigning incident communications workflow.
5265,Jennifer Oliver,0,Austin,engineering,Built role-based compensation benchmarking dashboards.
5266,Emily Gillespie,4,Remote,product,Maintained SOC 2 evidence collection process.
5267,Todd Fleming,3,Austin,product,Migrated legacy monolith endpoints to event-driven services.
5268,Dr. Mary White DVM,5,Chicago,sales,Expanded support knowledge base and deflected repetitive tickets.
5269,Stephanie Howard,14,Seattle,sales,Maintained SOC 2 evidence collection process.
5270,Alexandra Heath,2,Remote,analytics,Expanded support knowledge base and deflected repetitive tickets.
5271,Melissa Williams,2,Austin,operations,Improved fulfillment SLA reporting with automated dashboards.
5272,George Roy,3,Denver,analytics,Improved NPS by redesigning incident communications workflow.
5273,Susan Reed,5,Chicago,operations,Improved fulfillment SLA reporting with automated dashboards.
5274,Melissa Chapman,3,Chicago,sales,"Drove product launch for analytics module used by 8,000 accounts."
5275,Steven Morgan,3,Remote,sales,Launched partner onboarding program across EMEA region.
5276,Andrew Davenport,10,Denver,analytics,Built churn propensity model for customer success team.
5277,Jeremy Lee,2,Atlanta,operations,Maintained SOC 2 evidence collection process.
5278,Kurt Williams,2,Austin,engineering,Improved NPS by redesigning incident communications workflow.
5279,Patrick Craig,15,Chicago,analytics,Improved NPS by redesigning incident communications workflow.
5280,Susan Estrada,0,Denver,support,Managed enterprise renewals exceeding $4M ARR.
5281,Amber Haas,1,Atlanta,engineering,Built dbt models and Airflow pipelines for finance analytics.
5282,Michael Robinson,1,Remote,sales,Improved fulfillment SLA reporting with automated dashboards.
5283,Nathan Harris,9,Chicago,operations,Reduced cloud spend by redesigning batch compute workloads.
5284,Bailey Ramirez,12,Atlanta,product,Expanded support knowledge base and deflected repetitive tickets.
5285,Andre Lewis,12,Denver,operations,Scaled self-serve onboarding funnel for SMB customers.
5286,Logan Compton,12,Seattle,product,Built churn propensity model for customer success team.
5287,Benjamin Evans,1,Denver,support,Maintained SOC 2 evidence collection process.
5288,Anna Walker,6,Denver,product,Reduced cloud spend by redesigning batch compute workloads.
5289,Shirley Jensen,11,Atlanta,analytics,"Drove product launch for analytics module used by 8,000 accounts."
5290,Joshua Reed,12,Denver,sales,"Implemented Okta and SCIM provisioning for 2,000 employees."
5291,Susan Parks,6,Seattle,support,Designed interview loops for engineering leveling refresh.
5292,Angel Hughes,15,Austin,engineering,Closed strategic logistics accounts in manufacturing sector.
5293,Jason Tucker,15,Denver,support,Migrated legacy monolith endpoints to event-driven services.
5294,Alexis Smith,13,Chicago,sales,Ran agile ceremonies for cross-functional product squad.
5295,Terri Stout,14,Austin,support,Led multi-region ERP rollout across three warehouses.
5296,Angela Hughes,17,Austin,analytics,"Drove product launch for analytics module used by 8,000 accounts."
5297,Dennis Osborne,14,Denver,sales,Reduced cloud spend by redesigning batch compute workloads.
5298,Whitney Mason,10,Chicago,operations,Managed high-volume healthcare recruiting for clinical roles.
5299,Beth Preston,7,Seattle,analytics,Improved NPS by redesigning incident communications workflow.
5300,Cory Charles,6,Atlanta,support,Built dbt models and Airflow pipelines for finance analytics.
5301,Michael Downs,14,Seattle,operations,Owned forecasting model for outbound pipeline generation.
5302,Alicia Long,5,Remote,engineering,Scaled self-serve onboarding funnel for SMB customers.
5303,Peter Bradford,11,Seattle,engineering,Migrated legacy monolith endpoints to event-driven services.
5304,Adam Martin,9,Denver,analytics,Built role-based compensation benchmarking dashboards.
5305,Adam Snyder,6,Remote,product,Built role-based compensation benchmarking dashboards.
5306,Mrs. Beverly Myers,8,Denver,operations,Scaled self-serve onboarding funnel for SMB customers.
5307,Joe Scott,1,Seattle,engineering,Built dbt models and Airflow pipelines for finance analytics.
5308,Lori Stanley,12,Chicago,sales,Migrated legacy monolith endpoints to event-driven services.
5309,Peggy Robinson,1,Remote,product,Owned forecasting model for outbound pipeline generation.
5310,Gary Davis,1,Chicago,support,Improved fulfillment SLA reporting with automated dashboards.
5311,Richard Duncan,4,Atlanta,engineering,Launched partner onboarding program across EMEA region.
5312,Stephanie Combs,9,Denver,sales,"Drove product launch for analytics module used by 8,000 accounts."
5313,David Walsh,5,Chicago,support,Closed strategic logistics accounts in manufacturing sector.
5314,Kristi Gutierrez,15,Chicago,analytics,Led multi-region ERP rollout across three warehouses.
5315,Adrian Tanner,16,Atlanta,sales,Built role-based compensation benchmarking dashboards.
5316,James Wallace,7,Austin,support,Built dbt models and Airflow pipelines for finance analytics.
5317,Lisa Smith,17,Chicago,product,Led multi-region ERP rollout across three warehouses.
5318,Felicia Hester,1,Remote,product,Designed interview loops for engineering leveling refresh.
5319,Felicia Walter,2,Austin,support,Shipped experimentation framework for signup conversion.
5320,Rachel Daniels,6,Seattle,operations,Automated revenue recognition data quality checks.
5321,Keith Lopez,16,Chicago,engineering,Introduced warehouse slotting optimization process.
5322,Norman Wise,9,Chicago,operations,Owned forecasting model for outbound pipeline generation.
5323,James Hall,12,Denver,engineering,Improved fulfillment SLA reporting with automated dashboards.
5324,Jennifer Brock,11,Denver,analytics,Automated revenue recognition data quality checks.
5325,Adam Benson,8,Seattle,analytics,Built churn propensity model for customer success team.
5326,Hector Lopez,16,Seattle,operations,Closed strategic logistics accounts in manufacturing sector.
5327,William Wu,17,Denver,engineering,Managed high-volume healthcare recruiting for clinical roles.
5328,Beth Solomon,8,Chicago,analytics,"Drove product launch for analytics module used by 8,000 accounts."
5329,Robert Wilkinson,12,Austin,engineering,"Implemented Okta and SCIM provisioning for 2,000 employees."
5330,Paul Smith,11,Seattle,sales,"Drove product launch for analytics module used by 8,000 accounts."
5331,Michael Jackson,10,Remote,product,Improved fulfillment SLA reporting with automated dashboards.
5332,Lisa Keller,1,Austin,product,Introduced warehouse slotting optimization process.
5333,Terry Warren,3,Atlanta,analytics,Owned forecasting model for outbound pipeline generation.
5334,Kenneth Burns,17,Chicago,operations,Expanded support knowledge base and deflected repetitive tickets.
5335,Jacob Davis,4,Chicago,engineering,Migrated legacy monolith endpoints to event-driven services.
5336,Brian Kim,11,Seattle,analytics,"Drove product launch for analytics module used by 8,000 accounts."
5337,Evelyn Pierce,16,Chicago,operations,Scaled self-serve onboarding funnel for SMB customers.
5338,Shirley Carroll,10,Chicago,support,Built dbt models and Airflow pipelines for finance analytics.
5339,William Jackson,3,Austin,engineering,Built dbt models and Airflow pipelines for finance analytics.
5340,Jane Black,15,Remote,support,"Drove product launch for analytics module used by 8,000 accounts."
5341,Nicole Mejia,0,Remote,support,"Drove product launch for analytics module used by 8,000 accounts."
5342,Karen Cannon,13,Remote,operations,Scaled self-serve onboarding funnel for SMB customers.
5343,Shannon Jones,4,Chicago,engineering,Launched partner onboarding program across EMEA region.
5344,Lisa Moore,11,Chicago,operations,Built churn propensity model for customer success team.
5345,Karen Jackson,8,Remote,operations,Built role-based compensation benchmarking dashboards.
5346,Erin Macias,10,Atlanta,support,Shipped experimentation framework for signup conversion.
5347,Mary Cowan,6,Chicago,sales,Led multi-region ERP rollout across three warehouses.
5348,Nathan Woods,9,Austin,engineering,Launched partner onboarding program across EMEA region.
5349,Christopher Lewis,16,Seattle,product,Built role-based compensation benchmarking dashboards.
5350,Cameron House,14,Seattle,sales,Expanded support knowledge base and deflected repetitive tickets.
5351,Brandy Dougherty,7,Austin,engineering,Launched partner onboarding program across EMEA region.
5352,Brandon Ramirez,16,Denver,product,Managed enterprise renewals exceeding $4M ARR.
5353,Miss Monique Middleton,16,Denver,support,Shipped experimentation framework for signup conversion.
5354,Nicole Jones,11,Denver,sales,Expanded support knowledge base and deflected repetitive tickets.
5355,Tina Ray,10,Denver,operations,Built churn propensity model for customer success team.
5356,Meredith Nunez,0,Chicago,support,Negotiated software procurement and vendor savings initiatives.
5357,Morgan Anderson,9,Denver,support,Introduced warehouse slotting optimization process.
5358,Veronica Hill,3,Remote,operations,Built churn propensity model for customer success team.
5359,Brittany Phelps,2,Remote,sales,Maintained SOC 2 evidence collection process.
5360,Jeffrey Howard,15,Austin,engineering,Improved NPS by redesigning incident communications workflow.
5361,Melissa Garcia,4,Seattle,product,Migrated legacy monolith endpoints to event-driven services.
5362,Cory Roach,11,Atlanta,support,Maintained SOC 2 evidence collection process.
5363,Kathy Butler,15,Chicago,product,Shipped experimentation framework for signup conversion.
5364,Jennifer Foster,10,Chicago,support,Automated revenue recognition data quality checks.
5365,William Brown,14,Seattle,sales,Shipped experimentation framework for signup conversion.
5366,Linda Donovan,13,Denver,sales,Managed high-volume healthcare recruiting for clinical roles.
5367,Joe Sanders,8,Austin,sales,Built churn propensity model for customer success team.
5368,Lisa Walker,16,Remote,operations,Automated revenue recognition data quality checks.
5369,Melinda Pearson,16,Remote,product,Migrated legacy monolith endpoints to event-driven services.
5370,Ann Fleming PhD,6,Denver,support,"Implemented Okta and SCIM provisioning for 2,000 employees."
5371,Angela Evans,14,Denver,operations,Designed interview loops for engineering leveling refresh.
5372,Amanda Duffy,3,Denver,support,Managed enterprise renewals exceeding $4M ARR.
5373,Tina Robinson,2,Chicago,product,Launched partner onboarding program across EMEA region.
5374,Alyssa Wright,9,Austin,operations,Expanded support knowledge base and deflected repetitive tickets.
5375,Kimberly Hill,10,Chicago,product,Launched partner onboarding program across EMEA region.
5376,Jenna Hernandez,10,Denver,engineering,Ran agile ceremonies for cross-functional product squad.
5377,Sean Mcmillan,14,Austin,sales,Automated revenue recognition data quality checks.
5378,Adrian Brown,7,Austin,sales,Managed high-volume healthcare recruiting for clinical roles.
5379,Stephen Novak,14,Remote,sales,Scaled self-serve onboarding funnel for SMB customers.
5380,Wayne Long,16,Remote,sales,Led multi-region ERP rollout across three warehouses.
5381,Sherri Williams,1,Chicago,operations,Built role-based compensation benchmarking dashboards.
5382,James Hernandez,8,Atlanta,support,Maintained SOC 2 evidence collection process.
5383,Regina Cox,4,Austin,analytics,Reduced cloud spend by redesigning batch compute workloads.
5384,Kevin Maxwell,11,Remote,operations,Negotiated software procurement and vendor savings initiatives.
5385,Elizabeth Johnson,7,Seattle,operations,Improved fulfillment SLA reporting with automated dashboards.
5386,Jenna Gonzalez,5,Chicago,sales,Maintained SOC 2 evidence collection process.
5387,Randy Love,4,Chicago,support,Improved fulfillment SLA reporting with automated dashboards.
5388,Hailey Turner,6,Chicago,support,Improved NPS by redesigning incident communications workflow.
5389,Carol Lopez,1,Austin,analytics,Scaled self-serve onboarding funnel for SMB customers.
5390,Janice Hamilton,1,Denver,support,Launched partner onboarding program across EMEA region.
5391,Ann Schmitt,11,Seattle,support,Designed interview loops for engineering leveling refresh.
5392,Richard Wade,16,Seattle,support,Migrated legacy monolith endpoints to event-driven services.
5393,Nancy Everett,9,Austin,engineering,Led multi-region ERP rollout across three warehouses.
5394,Erica Nunez,16,Denver,engineering,Reduced cloud spend by redesigning batch compute workloads.
5395,Jose Palmer,2,Seattle,operations,Managed enterprise renewals exceeding $4M ARR.
5396,Amanda Moss,17,Remote,engineering,Closed strategic logistics accounts in manufacturing sector.
5397,Linda Mcdaniel,10,Atlanta,engineering,Led multi-region ERP rollout across three warehouses.
5398,Marcus Russell,13,Seattle,engineering,Shipped experimentation framework for signup conversion.
5399,Misty Solomon,1,Chicago,engineering,"Implemented Okta and SCIM provisioning for 2,000 employees."
5400,Mary Duncan,10,Remote,sales,Built churn propensity model for customer success team.
5401,Daniel Castro,6,Denver,sales,Built role-based compensation benchmarking dashboards.
5402,Stacy Cortez,16,Seattle,support,Managed high-volume healthcare recruiting for clinical roles.
5403,Diane Murray,14,Chicago,product,Built churn propensity model for customer success team.
5404,Stacy Estrada,15,Chicago,sales,Built role-based compensation benchmarking dashboards.
5405,David Sanchez,16,Atlanta,operations,Scaled self-serve onboarding funnel for SMB customers.
5406,Tiffany Johnson,12,Atlanta,analytics,Migrated legacy monolith endpoints to event-driven services.
5407,Angela Mccarthy,4,Atlanta,sales,Migrated legacy monolith endpoints to event-driven services.
5408,Michael Porter,5,Seattle,sales,Improved NPS by redesigning incident communications workflow.
5409,William Adams,15,Seattle,support,Closed strategic logistics accounts in manufacturing sector.
5410,Paula Myers,10,Chicago,operations,Introduced warehouse slotting optimization process.
5411,Megan Porter,16,Denver,support,Migrated legacy monolith endpoints to event-driven services.
5412,Jennifer Joseph,14,Austin,engineering,Owned forecasting model for outbound pipeline generation.
5413,Wanda Griffith,10,Seattle,operations,Reduced cloud spend by redesigning batch compute workloads.
5414,Sydney Rogers,2,Austin,sales,Negotiated software procurement and vendor savings initiatives.
5415,Walter Kim,17,Austin,sales,Automated revenue recognition data quality checks.
5416,Wendy Nelson,4,Atlanta,operations,Launched partner onboarding program across EMEA region.
5417,Nicholas Frank,4,Remote,sales,Managed enterprise renewals exceeding $4M ARR.
5418,Robert Jordan,2,Denver,support,Managed high-volume healthcare recruiting for clinical roles.
5419,Beth Thompson,1,Chicago,sales,Improved fulfillment SLA reporting with automated dashboards.
5420,Alex Wolfe,6,Chicago,product,Negotiated software procurement and vendor savings initiatives.
5421,Gary Roberson,15,Remote,operations,Built role-based compensation benchmarking dashboards.
5422,Teresa Romero,15,Atlanta,analytics,Reduced cloud spend by redesigning batch compute workloads.
5423,Cathy Ross,8,Denver,sales,Managed high-volume healthcare recruiting for clinical roles.
5424,Richard Watson,5,Remote,product,Launched partner onboarding program across EMEA region.
5425,Eric Griffin,6,Austin,analytics,Managed enterprise renewals exceeding $4M ARR.
5426,Thomas Smith,16,Atlanta,support,Migrated legacy monolith endpoints to event-driven services.
5427,Desiree Allen,0,Denver,product,Improved fulfillment SLA reporting with automated dashboards.
5428,Leah Wilson,1,Chicago,product,Built churn propensity model for customer success team.
5429,Bryan Cervantes,1,Remote,sales,Improved NPS by redesigning incident communications workflow.
5430,Michael Baker,15,Remote,sales,Improved NPS by redesigning incident communications workflow.
5431,Christie Sparks,1,Remote,sales,Built dbt models and Airflow pipelines for finance analytics.
5432,Jason Wilson,16,Austin,analytics,Owned forecasting model for outbound pipeline generation.
5433,Stacey Lewis,3,Seattle,product,Reduced cloud spend by redesigning batch compute workloads.
5434,Jodi Gutierrez,9,Denver,support,Improved NPS by redesigning incident communications workflow.
5435,Judith Garcia,17,Denver,analytics,"Drove product launch for analytics module used by 8,000 accounts."
5436,Stephanie Johnson,2,Chicago,operations,Introduced warehouse slotting optimization process.
5437,Monica Simpson,5,Atlanta,support,Improved fulfillment SLA reporting with automated dashboards.
5438,Heather Jackson,13,Remote,operations,Reduced cloud spend by redesigning batch compute workloads.
5439,Angela Blair,14,Chicago,product,Introduced warehouse slotting optimization process.
5440,Thomas Hawkins,16,Atlanta,analytics,Improved fulfillment SLA reporting with automated dashboards.
5441,Daniel Ochoa,0,Atlanta,analytics,Built dbt models and Airflow pipelines for finance analytics.
5442,Nancy Thompson,13,Atlanta,support,Managed enterprise renewals exceeding $4M ARR.
5443,Kathy Murray,5,Chicago,support,Designed interview loops for engineering leveling refresh.
5444,Michael Zamora,10,Austin,operations,Managed enterprise renewals exceeding $4M ARR.
5445,Mr. Cory Hanna PhD,16,Seattle,operations,Led multi-region ERP rollout across three warehouses.
5446,Megan Holt,16,Atlanta,operations,Ran agile ceremonies for cross-functional product squad.
5447,Glenn Harmon,3,Seattle,product,Built role-based compensation benchmarking dashboards.
5448,Taylor Ford,8,Atlanta,engineering,Built churn propensity model for customer success team.
5449,Jeffrey Fleming,5,Denver,support,Closed strategic logistics accounts in manufacturing sector.
5450,Cory Smith,11,Chicago,product,Managed enterprise renewals exceeding $4M ARR.
5451,Antonio Wilcox,14,Atlanta,engineering,Scaled self-serve onboarding funnel for SMB customers.
5452,Lori Howard,5,Seattle,analytics,Scaled self-serve onboarding funnel for SMB customers.
5453,Jeffrey Herrera,2,Chicago,analytics,"Implemented Okta and SCIM provisioning for 2,000 employees."
5454,Timothy Nguyen,1,Austin,operations,Built dbt models and Airflow pipelines for finance analytics.
5455,Victoria Johnson,0,Austin,engineering,Improved NPS by redesigning incident communications workflow.
5456,Karen Fleming,6,Atlanta,support,Maintained SOC 2 evidence collection process.
5457,Ana Lopez,17,Chicago,analytics,Improved NPS by redesigning incident communications workflow.
5458,Ryan Lee,4,Seattle,support,Owned forecasting model for outbound pipeline generation.
5459,Larry Perez,7,Chicago,engineering,Reduced cloud spend by redesigning batch compute workloads.
5460,Rebecca Hammond,12,Denver,product,Reduced cloud spend by redesigning batch compute workloads.
5461,James Drake,11,Chicago,analytics,Managed enterprise renewals exceeding $4M ARR.
5462,Kathleen Martin,4,Denver,operations,Introduced warehouse slotting optimization process.
5463,Bryan Gray,2,Seattle,operations,Built churn propensity model for customer success team.
5464,Michael Holmes,2,Seattle,product,"Implemented Okta and SCIM provisioning for 2,000 employees."
5465,Terrence Johnson,3,Seattle,analytics,Owned forecasting model for outbound pipeline generation.
5466,Laura Welch,1,Atlanta,analytics,Introduced warehouse slotting optimization process.
5467,Mr. Carl Brooks,8,Denver,analytics,Built dbt models and Airflow pipelines for finance analytics.
5468,Samantha Heath,11,Chicago,sales,Closed strategic logistics accounts in manufacturing sector.
5469,Susan Hernandez,12,Remote,sales,Reduced cloud spend by redesigning batch compute workloads.
5470,Michael Briggs,16,Seattle,support,Improved NPS by redesigning incident communications workflow.
5471,Luis English,5,Remote,sales,Maintained SOC 2 evidence collection process.
5472,Carrie Mitchell,11,Seattle,engineering,Reduced cloud spend by redesigning batch compute workloads.
5473,Melissa Clayton,15,Austin,operations,Reduced cloud spend by redesigning batch compute workloads.
5474,Courtney Gomez,0,Chicago,engineering,Built churn propensity model for customer success team.
5475,Jay Miller,14,Denver,analytics,Led multi-region ERP rollout across three warehouses.
5476,Andrew Sanders,1,Chicago,analytics,"Implemented Okta and SCIM provisioning for 2,000 employees."
5477,Kristen Stevens,9,Remote,product,Built dbt models and Airflow pipelines for finance analytics.
5478,Jasmine Jimenez,14,Denver,analytics,Owned forecasting model for outbound pipeline generation.
5479,Pamela Roman,8,Chicago,operations,Closed strategic logistics accounts in manufacturing sector.
5480,Christina Johnson,10,Atlanta,analytics,Improved fulfillment SLA reporting with automated dashboards.
5481,Caleb Sanders,11,Denver,analytics,Built churn propensity model for customer success team.
5482,Ryan Colon,10,Austin,support,Launched partner onboarding program across EMEA region.
5483,Stephanie Grant,13,Remote,product,Launched partner onboarding program across EMEA region.
5484,Tonya Mccarthy,15,Remote,engineering,Built churn propensity model for customer success team.
5485,Katherine Leon,2,Seattle,support,Migrated legacy monolith endpoints to event-driven services.
5486,Tammy Gill,7,Chicago,support,Designed interview loops for engineering leveling refresh.
5487,Deanna Powell,15,Seattle,sales,Introduced warehouse slotting optimization process.
5488,Jeremy Baker,6,Chicago,operations,Expanded support knowledge base and deflected repetitive tickets.
5489,William Brandt,8,Remote,operations,Introduced warehouse slotting optimization process.
5490,Dr. Brenda Martin,13,Remote,operations,Reduced cloud spend by redesigning batch compute workloads.
5491,Alice Rodriguez,16,Chicago,product,Built role-based compensation benchmarking dashboards.
5492,Dawn Moore,4,Chicago,sales,Negotiated software procurement and vendor savings initiatives.
5493,Meagan Yang,17,Seattle,operations,Ran agile ceremonies for cross-functional product squad.
5494,Robert Ewing,12,Chicago,analytics,Expanded support knowledge base and deflected repetitive tickets.
5495,Cathy Navarro,0,Seattle,sales,Managed high-volume healthcare recruiting for clinical roles.
5496,Anthony White,15,Seattle,support,Built role-based compensation benchmarking dashboards.
5497,Wendy Morgan,6,Chicago,analytics,Automated revenue recognition data quality checks.
5498,Anthony Price,5,Seattle,sales,Shipped experimentation framework for signup conversion.
5499,Madison Bowen,9,Austin,sales,Led multi-region ERP rollout across three warehouses.
5500,Dana Wyatt,10,Denver,engineering,Built dbt models and Airflow pipelines for finance analytics.
5501,Anthony Sanders,9,Chicago,analytics,Led multi-region ERP rollout across three warehouses.
5502,Desiree Carey,0,Austin,support,Built role-based compensation benchmarking dashboards.
5503,Michael Perez,14,Seattle,product,"Drove product launch for analytics module used by 8,000 accounts."
5504,Elizabeth Martinez,6,Austin,analytics,Led multi-region ERP rollout across three warehouses.
5505,Brittany Beasley,2,Seattle,product,Maintained SOC 2 evidence collection process.
5506,Raymond Thompson,10,Austin,product,Maintained SOC 2 evidence collection process.
5507,Katie Mitchell,11,Remote,analytics,Negotiated software procurement and vendor savings initiatives.
5508,Kenneth Cortez,1,Remote,operations,Migrated legacy monolith endpoints to event-driven services.
5509,Jasmin Edwards,16,Chicago,product,Launched partner onboarding program across EMEA region.
5510,John Ward,10,Denver,analytics,Closed strategic logistics accounts in manufacturing sector.
5511,Benjamin Thompson,17,Atlanta,support,Launched partner onboarding program across EMEA region.
5512,Andrea Miller,12,Atlanta,sales,Built churn propensity model for customer success team.
5513,Debra Jones,0,Austin,product,Led multi-region ERP rollout across three warehouses.
5514,Megan Rivera,3,Remote,operations,"Implemented Okta and SCIM provisioning for 2,000 employees."
5515,Keith Lambert,17,Remote,product,Negotiated software procurement and vendor savings initiatives.
5516,Jamie Mercer,10,Denver,operations,Scaled self-serve onboarding funnel for SMB customers.
5517,Joanne Crawford,2,Atlanta,product,Built dbt models and Airflow pipelines for finance analytics.
5518,Amy Lara,1,Chicago,support,Expanded support knowledge base and deflected repetitive tickets.
5519,Alicia Jackson,9,Seattle,sales,Negotiated software procurement and vendor savings initiatives.
5520,Mary Jones,10,Atlanta,engineering,Designed interview loops for engineering leveling refresh.
5521,Kathleen Taylor,4,Chicago,engineering,Managed enterprise renewals exceeding $4M ARR.
5522,Brittany Jones,3,Chicago,operations,Closed strategic logistics accounts in manufacturing sector.
5523,David Moran,10,Austin,engineering,Led multi-region ERP rollout across three warehouses.
5524,Lisa Ford,7,Seattle,analytics,Reduced cloud spend by redesigning batch compute workloads.
5525,Jordan Johnson,0,Austin,analytics,Migrated legacy monolith endpoints to event-driven services.
5526,Karen Jones,1,Atlanta,support,Shipped experimentation framework for signup conversion.
5527,Steven Hall,4,Seattle,product,Built dbt models and Airflow pipelines for finance analytics.
5528,Victoria Lopez,10,Austin,support,Closed strategic logistics accounts in manufacturing sector.
5529,James Duran,5,Austin,product,Led multi-region ERP rollout across three warehouses.
5530,Gerald Ray,0,Seattle,analytics,Introduced warehouse slotting optimization process.
5531,Lisa Wong,16,Seattle,product,Launched partner onboarding program across EMEA region.
5532,David Walsh,12,Austin,support,Led multi-region ERP rollout across three warehouses.
5533,Mark Armstrong,10,Chicago,support,Improved NPS by redesigning incident communications workflow.
5534,Melissa Harris,4,Atlanta,operations,Built role-based compensation benchmarking dashboards.
5535,Lorraine Reyes,12,Atlanta,analytics,"Drove product launch for analytics module used by 8,000 accounts."
5536,Andre Hunt,17,Atlanta,product,Maintained SOC 2 evidence collection process.
5537,Laura Rogers,12,Chicago,operations,Built churn propensity model for customer success team.
5538,Charles Moore,5,Atlanta,analytics,Negotiated software procurement and vendor savings initiatives.
5539,Heather Johnson,7,Austin,analytics,Closed strategic logistics accounts in manufacturing sector.
5540,Robert Nelson,16,Remote,sales,Expanded support knowledge base and deflected repetitive tickets.
5541,Mark Marsh,0,Atlanta,engineering,Managed enterprise renewals exceeding $4M ARR.
5542,Adam Williams,3,Denver,support,Owned forecasting model for outbound pipeline generation.
5543,Walter Marshall,1,Denver,support,Designed interview loops for engineering leveling refresh.
5544,Joshua Farmer,11,Denver,analytics,Shipped experimentation framework for signup conversion.
5545,Edward West MD,8,Denver,analytics,Automated revenue recognition data quality checks.
5546,Todd Barnes,2,Chicago,engineering,Improved fulfillment SLA reporting with automated dashboards.
5547,Steve Simmons,16,Atlanta,sales,Shipped experimentation framework for signup conversion.
5548,Dawn Rivera MD,9,Chicago,support,Closed strategic logistics accounts in manufacturing sector.
5549,Ernest Walker,4,Chicago,analytics,Designed interview loops for engineering leveling refresh.
5550,Kevin Hughes,17,Remote,sales,Managed high-volume healthcare recruiting for clinical roles.
5551,Jeffery Lopez,12,Atlanta,analytics,Launched partner onboarding program across EMEA region.
5552,Bob Andrade,2,Remote,engineering,Shipped experimentation framework for signup conversion.
5553,Heather Hudson,14,Atlanta,support,Built churn propensity model for customer success team.
5554,Frank Williams,1,Seattle,engineering,Ran agile ceremonies for cross-functional product squad.
5555,John Smith,16,Austin,product,Launched partner onboarding program across EMEA region.
5556,Brian Rice,7,Atlanta,sales,Scaled self-serve onboarding funnel for SMB customers.
5557,Michael Simmons,5,Denver,sales,Maintained SOC 2 evidence collection process.
5558,Blake Edwards,0,Austin,product,Migrated legacy monolith endpoints to event-driven services.
5559,Joseph Horn,16,Austin,support,Built churn propensity model for customer success team.
5560,Pamela Carr,10,Chicago,operations,Closed strategic logistics accounts in manufacturing sector.
5561,Douglas Sandoval,10,Austin,sales,Scaled self-serve onboarding funnel for SMB customers.
5562,William Molina,15,Denver,engineering,Shipped experimentation framework for signup conversion.
5563,Terri Carter,9,Austin,operations,Shipped experimentation framework for signup conversion.
5564,Michael Floyd,5,Seattle,analytics,Built role-based compensation benchmarking dashboards.
5565,Elizabeth Martinez,14,Atlanta,operations,Closed strategic logistics accounts in manufacturing sector.
5566,Lindsey Sanchez,9,Remote,product,Improved fulfillment SLA reporting with automated dashboards.
5567,Sandra Duffy,4,Austin,support,Closed strategic logistics accounts in manufacturing sector.
5568,Kenneth Mitchell,15,Austin,sales,Owned forecasting model for outbound pipeline generation.
5569,Debra Ortiz,14,Remote,product,Built churn propensity model for customer success team.
5570,Peter Copeland,4,Denver,operations,Expanded support knowledge base and deflected repetitive tickets.
5571,Carolyn Walker,11,Seattle,engineering,"Implemented Okta and SCIM provisioning for 2,000 employees."
5572,Kathryn Anderson,16,Chicago,product,Designed interview loops for engineering leveling refresh.
5573,Misty Robinson,14,Austin,support,Introduced warehouse slotting optimization process.
5574,Ruth Day,3,Denver,operations,Negotiated software procurement and vendor savings initiatives.
5575,Lauren Peck,15,Atlanta,product,Built churn propensity model for customer success team.
5576,Christopher Coffey,1,Austin,product,Reduced cloud spend by redesigning batch compute workloads.
5577,Dr. Jill Brown MD,11,Austin,product,Managed high-volume healthcare recruiting for clinical roles.
5578,Pamela Mendoza,9,Chicago,product,"Drove product launch for analytics module used by 8,000 accounts."
5579,Samuel Bailey,0,Austin,sales,Managed enterprise renewals exceeding $4M ARR.
5580,Michael Gutierrez,13,Remote,analytics,Improved NPS by redesigning incident communications workflow.
5581,Robert Anderson,5,Remote,sales,Maintained SOC 2 evidence collection process.
5582,Amanda Smith,15,Austin,support,"Implemented Okta and SCIM provisioning for 2,000 employees."
5583,Keith Charles,15,Denver,operations,Designed interview loops for engineering leveling refresh.
5584,Austin Cummings,10,Denver,product,Maintained SOC 2 evidence collection process.
5585,Anthony Johnson,11,Austin,product,Launched partner onboarding program across EMEA region.
5586,Shelly Rodriguez,0,Atlanta,sales,Scaled self-serve onboarding funnel for SMB customers.
5587,Christina Shields,16,Remote,sales,Scaled self-serve onboarding funnel for SMB customers.
5588,James Kelly,12,Atlanta,engineering,Scaled self-serve onboarding funnel for SMB customers.
5589,Jenna Rivera,6,Remote,analytics,Built churn propensity model for customer success team.
5590,Michael Ruiz,1,Atlanta,operations,Shipped experimentation framework for signup conversion.
5591,Todd Arellano,9,Atlanta,product,Scaled self-serve onboarding funnel for SMB customers.
5592,Kenneth Robinson,16,Remote,support,Launched partner onboarding program across EMEA region.
5593,Michael Tran,15,Seattle,operations,Improved NPS by redesigning incident communications workflow.
5594,Michael Sanders,1,Seattle,analytics,Built role-based compensation benchmarking dashboards.
5595,Benjamin Michael,13,Seattle,analytics,Migrated legacy monolith endpoints to event-driven services.
5596,Amber Harris,1,Austin,product,Negotiated software procurement and vendor savings initiatives.
5597,Cheryl Russell,6,Seattle,product,Designed interview loops for engineering leveling refresh.
5598,Natalie Johnson,8,Seattle,operations,Owned forecasting model for outbound pipeline generation.
5599,Eric Carter,0,Denver,operations,Built role-based compensation benchmarking dashboards.
5600,Daniel Rodriguez,2,Atlanta,support,Built churn propensity model for customer success team.
5601,Matthew Klein,15,Seattle,sales,"Drove product launch for analytics module used by 8,000 accounts."
5602,Patrick Leonard,11,Austin,engineering,Automated revenue recognition data quality checks.
5603,Rachael Fernandez,14,Atlanta,sales,Designed interview loops for engineering leveling refresh.
5604,Juan Valenzuela,10,Seattle,sales,Improved NPS by redesigning incident communications workflow.
5605,Emily Zimmerman,8,Chicago,analytics,Improved NPS by redesigning incident communications workflow.
5606,Scott James,0,Chicago,support,Led multi-region ERP rollout across three warehouses.
5607,Amber Mercado,9,Austin,engineering,Built churn propensity model for customer success team.
5608,Maria Compton,13,Chicago,engineering,Ran agile ceremonies for cross-functional product squad.
5609,Dustin Owens,3,Denver,engineering,Automated revenue recognition data quality checks.
5610,Andrew Clark,8,Remote,product,Improved NPS by redesigning incident communications workflow.
5611,Christopher Herrera,7,Austin,sales,Built role-based compensation benchmarking dashboards.
5612,Holly Williams,15,Atlanta,analytics,Reduced cloud spend by redesigning batch compute workloads.
5613,Justin Blackburn,2,Austin,analytics,Launched partner onboarding program across EMEA region.
5614,George West,1,Seattle,sales,Led multi-region ERP rollout across three warehouses.
5615,Shane Nielsen,3,Denver,product,Managed enterprise renewals exceeding $4M ARR.
5616,Curtis Meyer,2,Denver,engineering,Launched partner onboarding program across EMEA region.
5617,Ricky Smith,15,Remote,analytics,Improved fulfillment SLA reporting with automated dashboards.
5618,Gary Berry,4,Seattle,operations,Maintained SOC 2 evidence collection process.
5619,Dan Smith,6,Austin,support,Ran agile ceremonies for cross-functional product squad.
5620,Craig Ortiz,4,Chicago,sales,Shipped experimentation framework for signup conversion.
5621,Nicholas Martinez,14,Chicago,product,Scaled self-serve onboarding funnel for SMB customers.
5622,Rachel Diaz,11,Atlanta,support,"Drove product launch for analytics module used by 8,000 accounts."
5623,Jessica Simmons,8,Seattle,support,Built churn propensity model for customer success team.
5624,Lisa Reed,14,Atlanta,operations,Led multi-region ERP rollout across three warehouses.
5625,Danielle Goodman,1,Denver,analytics,Shipped experimentation framework for signup conversion.
5626,Martin Clark,12,Seattle,sales,Built role-based compensation benchmarking dashboards.
5627,Steven Kent,6,Seattle,engineering,Maintained SOC 2 evidence collection process.
5628,Kristi Green,6,Austin,support,Owned forecasting model for outbound pipeline generation.
5629,David Robinson DDS,2,Atlanta,operations,Built dbt models and Airflow pipelines for finance analytics.
5630,Bonnie Martinez,1,Seattle,operations,Expanded support knowledge base and deflected repetitive tickets.
5631,Barry Stanton,12,Atlanta,sales,Improved NPS by redesigning incident communications workflow.
5632,Natalie Kidd,15,Chicago,analytics,Negotiated software procurement and vendor savings initiatives.
5633,Ann Robbins,16,Austin,analytics,Managed high-volume healthcare recruiting for clinical roles.
5634,Mary Anderson,4,Chicago,support,"Implemented Okta and SCIM provisioning for 2,000 employees."
5635,James Gonzales,13,Denver,product,Shipped experimentation framework for signup conversion.
5636,Jennifer Guerra,2,Remote,product,Built dbt models and Airflow pipelines for finance analytics.
5637,Kimberly Blair,14,Atlanta,sales,Migrated legacy monolith endpoints to event-driven services.
5638,Sandra Alvarez,10,Remote,sales,Introduced warehouse slotting optimization process.
5639,Kathleen Summers,15,Austin,engineering,Migrated legacy monolith endpoints to event-driven services.
5640,Marcus Collier,1,Seattle,analytics,Managed high-volume healthcare recruiting for clinical roles.
5641,Catherine Baker,13,Chicago,support,Led multi-region ERP rollout across three warehouses.
5642,Mark Perez,8,Atlanta,sales,Closed strategic logistics accounts in manufacturing sector.
5643,Jessica Kramer,10,Denver,product,Improved fulfillment SLA reporting with automated dashboards.
5644,Charles Wagner,9,Remote,operations,Built dbt models and Airflow pipelines for finance analytics.
5645,Catherine Stewart,12,Seattle,support,Managed high-volume healthcare recruiting for clinical roles.
5646,Tyler Casey,10,Denver,sales,Owned forecasting model for outbound pipeline generation.
5647,James Ferguson,7,Atlanta,engineering,Improved NPS by redesigning incident communications workflow.
5648,Suzanne Hardy,7,Seattle,analytics,Reduced cloud spend by redesigning batch compute workloads.
5649,David Wright,1,Seattle,analytics,Built churn propensity model for customer success team.
5650,Kenneth Shepard,13,Atlanta,operations,Introduced warehouse slotting optimization process.
5651,Ariel Miller,12,Seattle,operations,Ran agile ceremonies for cross-functional product squad.
5652,Barbara Ellis,10,Seattle,analytics,Built dbt models and Airflow pipelines for finance analytics.
5653,Cynthia Reed,12,Austin,analytics,Led multi-region ERP rollout across three warehouses.
5654,Jennifer Hull,4,Denver,engineering,Ran agile ceremonies for cross-functional product squad.
5655,Mckenzie Macdonald,4,Remote,support,"Drove product launch for analytics module used by 8,000 accounts."
5656,Jordan Williams,16,Chicago,sales,Improved NPS by redesigning incident communications workflow.
5657,Doris Johnson,17,Seattle,support,Closed strategic logistics accounts in manufacturing sector.
5658,Courtney Hernandez,15,Atlanta,operations,Maintained SOC 2 evidence collection process.
5659,Wesley Williamson,0,Chicago,sales,Automated revenue recognition data quality checks.
5660,Cassandra Flores,9,Denver,sales,Improved fulfillment SLA reporting with automated dashboards.
5661,Pamela Snyder,13,Denver,product,Built churn propensity model for customer success team.
5662,Charles Vasquez,0,Austin,support,"Drove product launch for analytics module used by 8,000 accounts."
5663,David Robinson,17,Chicago,sales,Managed high-volume healthcare recruiting for clinical roles.
5664,Christopher Ward,14,Seattle,analytics,Migrated legacy monolith endpoints to event-driven services.
5665,Charles Bennett,5,Remote,engineering,Scaled self-serve onboarding funnel for SMB customers.
5666,Frank Cochran,9,Remote,product,Led multi-region ERP rollout across three warehouses.
5667,Maria Horn,16,Denver,support,Launched partner onboarding program across EMEA region.
5668,Cory Fitzgerald,15,Seattle,support,Built dbt models and Airflow pipelines for finance analytics.
5669,Rose Harris,14,Denver,operations,Shipped experimentation framework for signup conversion.
5670,Eric Wiley,17,Seattle,engineering,Automated revenue recognition data quality checks.
5671,Elizabeth Pittman,13,Remote,operations,Expanded support knowledge base and deflected repetitive tickets.
5672,Mr. Thomas Smith MD,16,Denver,analytics,Introduced warehouse slotting optimization process.
5673,Alexandra Brooks,17,Atlanta,sales,Launched partner onboarding program across EMEA region.
5674,Pamela Cohen,0,Remote,operations,"Implemented Okta and SCIM provisioning for 2,000 employees."
5675,Ralph Edwards,11,Austin,engineering,Automated revenue recognition data quality checks.
5676,Joan Scott,6,Chicago,analytics,"Drove product launch for analytics module used by 8,000 accounts."
5677,Catherine Simmons,8,Atlanta,sales,Maintained SOC 2 evidence collection process.
5678,Caitlin Rich,3,Chicago,product,Reduced cloud spend by redesigning batch compute workloads.
5679,Jennifer Adams,12,Seattle,support,Maintained SOC 2 evidence collection process.
5680,Jonathan Flores,15,Chicago,analytics,Shipped experimentation framework for signup conversion.
5681,Thomas Bradley,7,Denver,sales,Led multi-region ERP rollout across three warehouses.
5682,Bobby Ross,12,Seattle,support,Scaled self-serve onboarding funnel for SMB customers.
5683,Brenda Jacobs,5,Atlanta,product,Reduced cloud spend by redesigning batch compute workloads.
5684,Jacob Hardy,13,Seattle,analytics,Migrated legacy monolith endpoints to event-driven services.
5685,Kevin Wilson,1,Atlanta,support,Ran agile ceremonies for cross-functional product squad.
5686,Sean Hickman,15,Atlanta,product,Designed interview loops for engineering leveling refresh.
5687,Andrew Vargas,6,Atlanta,product,Ran agile ceremonies for cross-functional product squad.
5688,Maurice Perkins,9,Seattle,engineering,Improved NPS by redesigning incident communications workflow.
5689,David Barnett,14,Remote,product,Improved NPS by redesigning incident communications workflow.
5690,Maria Jackson,0,Austin,support,Shipped experimentation framework for signup conversion.
5691,Elizabeth Gallagher,17,Atlanta,support,"Drove product launch for analytics module used by 8,000 accounts."
5692,Jeffrey Jones,11,Seattle,sales,Launched partner onboarding program across EMEA region.
5693,Loretta Johnson,17,Atlanta,operations,Expanded support knowledge base and deflected repetitive tickets.
5694,Gina Lee,9,Denver,product,Built role-based compensation benchmarking dashboards.
5695,Courtney Medina,3,Seattle,product,Improved fulfillment SLA reporting with automated dashboards.
5696,Amanda Berry,10,Denver,engineering,Maintained SOC 2 evidence collection process.
5697,Courtney Foley,10,Austin,operations,Improved fulfillment SLA reporting with automated dashboards.
5698,Martin Thompson,16,Chicago,analytics,Built role-based compensation benchmarking dashboards.
5699,Travis Thompson,10,Austin,engineering,Built churn propensity model for customer success team.
5700,Paul Dixon,7,Seattle,sales,Shipped experimentation framework for signup conversion.
5701,Ashley Watson,3,Remote,analytics,Migrated legacy monolith endpoints to event-driven services.
5702,Jeffrey Butler,5,Denver,analytics,Scaled self-serve onboarding funnel for SMB customers.
5703,Mr. Steven Garcia MD,10,Seattle,engineering,Reduced cloud spend by redesigning batch compute workloads.
5704,Deborah Medina,6,Remote,operations,Closed strategic logistics accounts in manufacturing sector.
5705,William Brady,6,Denver,analytics,Closed strategic logistics accounts in manufacturing sector.
5706,Megan Williams,0,Remote,product,Migrated legacy monolith endpoints to event-driven services.
5707,Kelly Shaw,16,Austin,product,Improved NPS by redesigning incident communications workflow.
5708,Jessica Warren,15,Seattle,sales,Migrated legacy monolith endpoints to event-driven services.
5709,Erik Murphy,4,Austin,support,"Implemented Okta and SCIM provisioning for 2,000 employees."
5710,Jasmine Morales,2,Seattle,analytics,Scaled self-serve onboarding funnel for SMB customers.
5711,Jennifer Collins,15,Austin,sales,Owned forecasting model for outbound pipeline generation.
5712,Linda Ramsey,15,Seattle,analytics,Managed enterprise renewals exceeding $4M ARR.
5713,Matthew Rodriguez,16,Denver,engineering,Launched partner onboarding program across EMEA region.
5714,Timothy Stokes,9,Chicago,engineering,Built role-based compensation benchmarking dashboards.
5715,Corey Smith,13,Atlanta,operations,Negotiated software procurement and vendor savings initiatives.
5716,Amber Martin,13,Remote,sales,Migrated legacy monolith endpoints to event-driven services.
5717,Daniel Kaufman,3,Austin,engineering,Shipped experimentation framework for signup conversion.
5718,John Dixon,9,Chicago,engineering,Automated revenue recognition data quality checks.
5719,Patricia Graves,4,Atlanta,analytics,Managed enterprise renewals exceeding $4M ARR.
5720,John Gilbert,13,Austin,engineering,Closed strategic logistics accounts in manufacturing sector.
5721,Philip Chapman,17,Remote,support,Migrated legacy monolith endpoints to event-driven services.
5722,Lisa Johnston,1,Atlanta,engineering,Migrated legacy monolith endpoints to event-driven services.
5723,Marissa Palmer,1,Remote,analytics,Expanded support knowledge base and deflected repetitive tickets.
5724,Nicolas Smith,4,Denver,engineering,Built role-based compensation benchmarking dashboards.
5725,Jeffrey Ortiz,2,Seattle,analytics,Improved fulfillment SLA reporting with automated dashboards.
5726,Natasha Mccarthy,0,Chicago,engineering,Led multi-region ERP rollout across three warehouses.
5727,Gregory Gonzalez,17,Denver,operations,Automated revenue recognition data quality checks.
5728,George Stephens,10,Denver,analytics,Built dbt models and Airflow pipelines for finance analytics.
5729,Brent Morris,13,Atlanta,sales,Designed interview loops for engineering leveling refresh.
5730,Robert Nelson,10,Chicago,engineering,Negotiated software procurement and vendor savings initiatives.
5731,Stephanie Pierce,13,Atlanta,analytics,Automated revenue recognition data quality checks.
5732,Henry Norris,12,Remote,analytics,Negotiated software procurement and vendor savings initiatives.
5733,Sarah Gilbert,2,Austin,operations,Led multi-region ERP rollout across three warehouses.
5734,Kristy Carr,2,Seattle,engineering,Launched partner onboarding program across EMEA region.
5735,James Terry,8,Remote,sales,"Drove product launch for analytics module used by 8,000 accounts."
5736,Jim Graham,6,Austin,sales,Scaled self-serve onboarding funnel for SMB customers.
5737,Darren Anthony,15,Seattle,analytics,"Drove product launch for analytics module used by 8,000 accounts."
5738,Christine Wiggins DDS,5,Denver,sales,Negotiated software procurement and vendor savings initiatives.
5739,Richard Moyer,5,Atlanta,operations,Designed interview loops for engineering leveling refresh.
5740,John Mccullough,9,Chicago,sales,Negotiated software procurement and vendor savings initiatives.
5741,George Wilson,3,Chicago,sales,Built dbt models and Airflow pipelines for finance analytics.
5742,Kimberly Shepherd,15,Chicago,support,Automated revenue recognition data quality checks.
5743,Jennifer Sanders,0,Austin,operations,Designed interview loops for engineering leveling refresh.
5744,Jeffrey Torres,15,Denver,analytics,"Drove product launch for analytics module used by 8,000 accounts."
5745,April Jones,11,Remote,sales,Built churn propensity model for customer success team.
5746,Jonathan Moore,15,Seattle,engineering,Closed strategic logistics accounts in manufacturing sector.
5747,Michelle Hernandez,5,Chicago,support,Led multi-region ERP rollout across three warehouses.
5748,Sarah Simon,16,Atlanta,support,Automated revenue recognition data quality checks.
5749,Steven Murray,15,Austin,engineering,"Drove product launch for analytics module used by 8,000 accounts."
5750,Savannah Rice,8,Austin,product,Expanded support knowledge base and deflected repetitive tickets.
5751,Todd Doyle,5,Atlanta,product,"Implemented Okta and SCIM provisioning for 2,000 employees."
5752,Jennifer Huang,3,Chicago,product,Owned forecasting model for outbound pipeline generation.
5753,Brandon Williams DDS,2,Seattle,operations,Built role-based compensation benchmarking dashboards.
5754,Samantha Jackson,10,Austin,support,Improved fulfillment SLA reporting with automated dashboards.
5755,Taylor Mills,17,Austin,engineering,Managed enterprise renewals exceeding $4M ARR.
5756,Robin Wright,10,Seattle,analytics,Migrated legacy monolith endpoints to event-driven services.
5757,Cameron Lawson,17,Chicago,engineering,Automated revenue recognition data quality checks.
5758,Audrey Hull,13,Austin,product,Migrated legacy monolith endpoints to event-driven services.
5759,Heather Watkins,12,Seattle,product,Managed high-volume healthcare recruiting for clinical roles.
5760,Kim Wright,13,Seattle,engineering,Built dbt models and Airflow pipelines for finance analytics.
5761,Hannah Jimenez,16,Remote,analytics,Owned forecasting model for outbound pipeline generation.
5762,Alice Moran,15,Atlanta,analytics,Scaled self-serve onboarding funnel for SMB customers.
5763,Meredith Bennett,2,Denver,support,Ran agile ceremonies for cross-functional product squad.
5764,Samantha Ferguson,10,Seattle,operations,Owned forecasting model for outbound pipeline generation.
5765,Lisa Gomez,8,Seattle,product,Automated revenue recognition data quality checks.
5766,Brenda West,15,Atlanta,operations,Owned forecasting model for outbound pipeline generation.
5767,Jordan Cunningham,3,Chicago,sales,Closed strategic logistics accounts in manufacturing sector.
5768,Gwendolyn Walker,14,Remote,support,Built dbt models and Airflow pipelines for finance analytics.
5769,Jeffrey Fields,8,Seattle,analytics,Built dbt models and Airflow pipelines for finance analytics.
5770,Nancy Tanner,16,Remote,engineering,"Drove product launch for analytics module used by 8,000 accounts."
5771,Lisa Wallace,14,Atlanta,analytics,Owned forecasting model for outbound pipeline generation.
5772,Brenda Williamson,6,Denver,sales,"Drove product launch for analytics module used by 8,000 accounts."
5773,William Torres,15,Remote,product,Owned forecasting model for outbound pipeline generation.
5774,Laura Sanders,3,Atlanta,product,Launched partner onboarding program across EMEA region.
5775,Aaron Casey,0,Seattle,operations,Designed interview loops for engineering leveling refresh.
5776,Michael Jimenez,9,Remote,product,Managed enterprise renewals exceeding $4M ARR.
5777,Melissa Jefferson,7,Chicago,product,Negotiated software procurement and vendor savings initiatives.
5778,Donald Mckay,2,Chicago,support,Automated revenue recognition data quality checks.
5779,Lee Gordon,17,Austin,analytics,Managed high-volume healthcare recruiting for clinical roles.
5780,Jason Sanchez,0,Atlanta,product,Built churn propensity model for customer success team.
5781,Kelly Soto,10,Seattle,product,"Drove product launch for analytics module used by 8,000 accounts."
5782,Nicholas Herrera,4,Remote,operations,Managed high-volume healthcare recruiting for clinical roles.
5783,Yolanda Carter,5,Austin,engineering,Scaled self-serve onboarding funnel for SMB customers.
5784,Alyssa Roberts,3,Austin,analytics,Expanded support knowledge base and deflected repetitive tickets.
5785,Larry Bates,7,Seattle,operations,Managed high-volume healthcare recruiting for clinical roles.
5786,Jennifer Smith,12,Chicago,operations,Launched partner onboarding program across EMEA region.
5787,Bailey Clay,5,Denver,sales,Scaled self-serve onboarding funnel for SMB customers.
5788,James Woodward,12,Austin,support,Built dbt models and Airflow pipelines for finance analytics.
5789,James Tran,8,Austin,product,Reduced cloud spend by redesigning batch compute workloads.
5790,Alicia Stephens,14,Atlanta,analytics,Led multi-region ERP rollout across three warehouses.
5791,Roy Howard,8,Seattle,sales,Built role-based compensation benchmarking dashboards.
5792,Daniel Hawkins,6,Remote,engineering,Led multi-region ERP rollout across three warehouses.
5793,Kristi Golden,9,Denver,support,Migrated legacy monolith endpoints to event-driven services.
5794,Erin Torres,12,Atlanta,engineering,Reduced cloud spend by redesigning batch compute workloads.
5795,Kristen Montgomery,8,Remote,engineering,Improved fulfillment SLA reporting with automated dashboards.
5796,Deborah Bond,16,Denver,sales,Managed enterprise renewals exceeding $4M ARR.
5797,Kristen Perry DVM,9,Chicago,sales,"Drove product launch for analytics module used by 8,000 accounts."
5798,Timothy West,5,Seattle,operations,Scaled self-serve onboarding funnel for SMB customers.
5799,Adam Smith,0,Austin,sales,Migrated legacy monolith endpoints to event-driven services.
5800,Gregory Myers,7,Chicago,sales,Improved fulfillment SLA reporting with automated dashboards.
5801,Ashley Oneal,0,Austin,support,Led multi-region ERP rollout across three warehouses.
5802,Heather Harris,0,Atlanta,support,Built dbt models and Airflow pipelines for finance analytics.
5803,Tiffany Hughes,6,Chicago,sales,Shipped experimentation framework for signup conversion.
5804,Dean Cunningham,5,Denver,operations,Improved fulfillment SLA reporting with automated dashboards.
5805,Veronica Ortega,15,Atlanta,support,Migrated legacy monolith endpoints to event-driven services.
5806,Elizabeth Cole,13,Chicago,product,Managed high-volume healthcare recruiting for clinical roles.
5807,Philip Sloan,14,Denver,support,Introduced warehouse slotting optimization process.
5808,Martha Schmidt,9,Denver,analytics,Ran agile ceremonies for cross-functional product squad.
5809,Shawn Lara,1,Austin,product,Improved NPS by redesigning incident communications workflow.
5810,Mark Harris,15,Remote,support,Migrated legacy monolith endpoints to event-driven services.
5811,Michael Williams,8,Remote,support,"Implemented Okta and SCIM provisioning for 2,000 employees."
5812,Edward Herring,7,Seattle,engineering,Ran agile ceremonies for cross-functional product squad.
5813,Kyle Hurley,10,Austin,analytics,Led multi-region ERP rollout across three warehouses.
5814,Donald Cooper,2,Denver,sales,Migrated legacy monolith endpoints to event-driven services.
5815,Steven Morales,8,Denver,analytics,Closed strategic logistics accounts in manufacturing sector.
5816,Carmen Case,10,Austin,analytics,Negotiated software procurement and vendor savings initiatives.
5817,Richard Martinez,12,Remote,engineering,Managed enterprise renewals exceeding $4M ARR.
5818,Gregory Harper,9,Denver,operations,Owned forecasting model for outbound pipeline generation.
5819,Breanna Randolph,17,Atlanta,analytics,Led multi-region ERP rollout across three warehouses.
5820,Cathy Wyatt,17,Seattle,engineering,Improved fulfillment SLA reporting with automated dashboards.
5821,Adam Young,1,Chicago,product,Negotiated software procurement and vendor savings initiatives.
5822,Maria Phillips,1,Denver,product,Led multi-region ERP rollout across three warehouses.
5823,Deanna Parker,9,Remote,engineering,Maintained SOC 2 evidence collection process.
5824,Elizabeth Roberts,14,Seattle,engineering,Negotiated software procurement and vendor savings initiatives.
5825,Jacqueline Walker,9,Atlanta,engineering,Built dbt models and Airflow pipelines for finance analytics.
5826,Christopher Charles,3,Atlanta,operations,Reduced cloud spend by redesigning batch compute workloads.
5827,Kimberly Edwards,10,Austin,analytics,Shipped experimentation framework for signup conversion.
5828,Brad Taylor MD,16,Chicago,sales,Improved NPS by redesigning incident communications workflow.
5829,Brian Miles,3,Austin,product,Scaled self-serve onboarding funnel for SMB customers.
5830,Linda Smith,8,Seattle,sales,Ran agile ceremonies for cross-functional product squad.
5831,Carl Lopez,11,Remote,sales,Expanded support knowledge base and deflected repetitive tickets.
5832,Sean Noble,7,Austin,analytics,"Drove product launch for analytics module used by 8,000 accounts."
5833,Cynthia Maxwell,0,Chicago,product,Managed high-volume healthcare recruiting for clinical roles.
5834,Wayne Simpson,12,Denver,sales,"Drove product launch for analytics module used by 8,000 accounts."
5835,Devin Day,13,Seattle,operations,Built churn propensity model for customer success team.
5836,Lisa Peters,11,Denver,operations,Maintained SOC 2 evidence collection process.
5837,Erica Nguyen,11,Austin,operations,Launched partner onboarding program across EMEA region.
5838,Michael Jackson,11,Atlanta,operations,Built role-based compensation benchmarking dashboards.
5839,Brenda Villarreal,5,Austin,product,Built dbt models and Airflow pipelines for finance analytics.
5840,Brian Shaw,0,Atlanta,engineering,Negotiated software procurement and vendor savings initiatives.
5841,Lucas West Jr.,17,Remote,operations,Shipped experimentation framework for signup conversion.
5842,Kendra Walsh,3,Austin,sales,Managed high-volume healthcare recruiting for clinical roles.
5843,Kyle Green,14,Remote,analytics,Managed enterprise renewals exceeding $4M ARR.
5844,Derrick Hall,9,Atlanta,support,Improved fulfillment SLA reporting with automated dashboards.
5845,Daniel Barton,9,Austin,product,Negotiated software procurement and vendor savings initiatives.
5846,Shane Dennis,0,Chicago,operations,Led multi-region ERP rollout across three warehouses.
5847,Elizabeth Whitaker,17,Chicago,sales,Built dbt models and Airflow pipelines for finance analytics.
5848,Barbara Carpenter,9,Remote,product,Scaled self-serve onboarding funnel for SMB customers.
5849,Veronica Stevens,14,Seattle,engineering,"Implemented Okta and SCIM provisioning for 2,000 employees."
5850,Ryan Morrison,14,Denver,engineering,Maintained SOC 2 evidence collection process.
5851,David Dixon,2,Atlanta,product,Scaled self-serve onboarding funnel for SMB customers.
5852,Cory Moreno,17,Denver,product,Built role-based compensation benchmarking dashboards.
5853,Shane Jones,10,Denver,analytics,Managed high-volume healthcare recruiting for clinical roles.
5854,Roger Boyd,3,Atlanta,sales,Built churn propensity model for customer success team.
5855,Catherine Mayer,10,Chicago,product,Closed strategic logistics accounts in manufacturing sector.
5856,Katie Preston,11,Seattle,product,Expanded support knowledge base and deflected repetitive tickets.
5857,Kristin Gomez,11,Remote,product,Automated revenue recognition data quality checks.
5858,Joshua Gonzalez,5,Remote,support,Scaled self-serve onboarding funnel for SMB customers.
5859,Justin White,16,Chicago,analytics,Expanded support knowledge base and deflected repetitive tickets.
5860,Emily Martinez,4,Denver,operations,Built dbt models and Airflow pipelines for finance analytics.
5861,Jennifer Decker,8,Chicago,operations,Built churn propensity model for customer success team.
5862,Garrett Perez,15,Atlanta,analytics,Ran agile ceremonies for cross-functional product squad.
5863,Rachel Williams,1,Chicago,operations,Built churn propensity model for customer success team.
5864,Sharon Kelly,7,Denver,product,Designed interview loops for engineering leveling refresh.
5865,Chelsea Ramirez,8,Austin,engineering,"Drove product launch for analytics module used by 8,000 accounts."
5866,Brandon Mendoza,13,Atlanta,engineering,Maintained SOC 2 evidence collection process.
5867,Taylor Vargas,14,Atlanta,operations,Automated revenue recognition data quality checks.
5868,Timothy Benitez,14,Atlanta,sales,Expanded support knowledge base and deflected repetitive tickets.
5869,Robert Taylor,6,Denver,support,Shipped experimentation framework for signup conversion.
5870,Dawn Bennett,8,Seattle,product,Closed strategic logistics accounts in manufacturing sector.
5871,Deborah Escobar,0,Atlanta,product,Reduced cloud spend by redesigning batch compute workloads.
5872,Kevin Willis,14,Chicago,operations,Closed strategic logistics accounts in manufacturing sector.
5873,Andrew Williams,5,Denver,product,Reduced cloud spend by redesigning batch compute workloads.
5874,Gina Perez,8,Atlanta,engineering,"Implemented Okta and SCIM provisioning for 2,000 employees."
5875,Taylor Wall,12,Austin,product,Reduced cloud spend by redesigning batch compute workloads.
5876,Gina Davis,13,Denver,sales,Introduced warehouse slotting optimization process.
5877,Kristopher Alvarado,1,Remote,engineering,Improved fulfillment SLA reporting with automated dashboards.
5878,Dustin Santos,13,Denver,support,"Drove product launch for analytics module used by 8,000 accounts."
5879,Noah Robertson,6,Atlanta,analytics,Migrated legacy monolith endpoints to event-driven services.
5880,Lisa Crosby,7,Seattle,operations,Managed enterprise renewals exceeding $4M ARR.
5881,Lisa Ellis,2,Chicago,sales,Built dbt models and Airflow pipelines for finance analytics.
5882,Christopher Bartlett,12,Seattle,operations,Maintained SOC 2 evidence collection process.
5883,Reginald Henry,8,Austin,analytics,Ran agile ceremonies for cross-functional product squad.
5884,Laura Webster,1,Denver,engineering,"Drove product launch for analytics module used by 8,000 accounts."
5885,Joseph Rodriguez,2,Atlanta,product,Managed enterprise renewals exceeding $4M ARR.
5886,Cassidy Jones,12,Chicago,support,Introduced warehouse slotting optimization process.
5887,Julie Ryan,1,Seattle,product,"Implemented Okta and SCIM provisioning for 2,000 employees."
5888,Mary Welch,9,Austin,engineering,Shipped experimentation framework for signup conversion.
5889,Chad Rice,12,Atlanta,product,Scaled self-serve onboarding funnel for SMB customers.
5890,Lee Heath,16,Atlanta,product,Built churn propensity model for customer success team.
5891,Julia Howe,2,Seattle,operations,Managed high-volume healthcare recruiting for clinical roles.
5892,Kendra Moon,5,Chicago,analytics,Introduced warehouse slotting optimization process.
5893,Gary Garcia,2,Austin,analytics,Maintained SOC 2 evidence collection process.
5894,Timothy Coleman,15,Atlanta,support,Owned forecasting model for outbound pipeline generation.
5895,Caitlin Cooley,10,Remote,sales,Shipped experimentation framework for signup conversion.
5896,Mrs. Catherine Robinson,17,Seattle,product,Built role-based compensation benchmarking dashboards.
5897,Joseph Peterson,0,Chicago,analytics,Designed interview loops for engineering leveling refresh.
5898,Joshua Rowe,12,Denver,engineering,Managed high-volume healthcare recruiting for clinical roles.
5899,Lisa Odom,0,Chicago,sales,Improved fulfillment SLA reporting with automated dashboards.
5900,Angela Landry,1,Seattle,engineering,Expanded support knowledge base and deflected repetitive tickets.
5901,Adam Nicholson,7,Atlanta,support,Improved NPS by redesigning incident communications workflow.
5902,Lisa Stark,6,Denver,operations,Designed interview loops for engineering leveling refresh.
5903,Michelle Mccoy,6,Austin,operations,Launched partner onboarding program across EMEA region.
5904,Brian Mcdonald,1,Atlanta,operations,Reduced cloud spend by redesigning batch compute workloads.
5905,Ethan Castro,9,Denver,support,Launched partner onboarding program across EMEA region.
5906,Jay Clark,6,Austin,product,Expanded support knowledge base and deflected repetitive tickets.
5907,Jacqueline Burton,17,Chicago,product,Designed interview loops for engineering leveling refresh.
5908,Natasha Ryan,14,Seattle,product,Automated revenue recognition data quality checks.
5909,Nathan Woodward,7,Seattle,sales,Migrated legacy monolith endpoints to event-driven services.
5910,Russell Flores,13,Denver,analytics,Scaled self-serve onboarding funnel for SMB customers.
5911,James Reese,10,Seattle,analytics,Scaled self-serve onboarding funnel for SMB customers.
5912,Kenneth Cobb,8,Seattle,sales,Owned forecasting model for outbound pipeline generation.
5913,David Mathews,16,Atlanta,product,Owned forecasting model for outbound pipeline generation.
5914,Kenneth Wells,10,Chicago,product,"Implemented Okta and SCIM provisioning for 2,000 employees."
5915,Sean Bailey,8,Denver,product,Negotiated software procurement and vendor savings initiatives.
5916,Jeffery Berry,10,Seattle,product,Closed strategic logistics accounts in manufacturing sector.
5917,Erin Nichols,14,Chicago,engineering,Scaled self-serve onboarding funnel for SMB customers.
5918,Jonathan Martinez,13,Atlanta,engineering,Shipped experimentation framework for signup conversion.
5919,Antonio Taylor,9,Seattle,support,"Drove product launch for analytics module used by 8,000 accounts."
5920,Joel Morales,3,Atlanta,support,Built role-based compensation benchmarking dashboards.
5921,Tasha Pope,11,Atlanta,operations,Improved fulfillment SLA reporting with automated dashboards.
5922,Christine Todd,7,Chicago,engineering,Built dbt models and Airflow pipelines for finance analytics.
5923,Jeremiah Robinson,16,Denver,sales,Managed enterprise renewals exceeding $4M ARR.
5924,Nathan Morales,16,Austin,engineering,Managed high-volume healthcare recruiting for clinical roles.
5925,Harry Lindsey,0,Austin,engineering,Negotiated software procurement and vendor savings initiatives.
5926,Adam Cook,17,Atlanta,sales,Migrated legacy monolith endpoints to event-driven services.
5927,Shane Potter,16,Chicago,analytics,Managed enterprise renewals exceeding $4M ARR.
5928,Ann Chen,16,Denver,analytics,"Drove product launch for analytics module used by 8,000 accounts."
5929,Max Miller,8,Denver,operations,Introduced warehouse slotting optimization process.
5930,James Bennett,4,Denver,analytics,Migrated legacy monolith endpoints to event-driven services.
5931,Laura Kelly,10,Seattle,support,Ran agile ceremonies for cross-functional product squad.
5932,Ashley James,15,Denver,engineering,Scaled self-serve onboarding funnel for SMB customers.
5933,Tyler Austin,8,Remote,sales,Led multi-region ERP rollout across three warehouses.
5934,Sara Bartlett,17,Denver,sales,Improved NPS by redesigning incident communications workflow.
5935,Christopher Johnson,4,Remote,engineering,Built dbt models and Airflow pipelines for finance analytics.
5936,Kristopher Barajas,15,Remote,engineering,Launched partner onboarding program across EMEA region.
5937,Jennifer Cooper,1,Denver,support,Reduced cloud spend by redesigning batch compute workloads.
5938,Christopher Miller,15,Seattle,product,Managed high-volume healthcare recruiting for clinical roles.
5939,Dawn Montoya,17,Denver,engineering,Managed enterprise renewals exceeding $4M ARR.
5940,Angela Barry,12,Remote,support,Maintained SOC 2 evidence collection process.
5941,Melissa Haley,11,Seattle,sales,"Implemented Okta and SCIM provisioning for 2,000 employees."
5942,Steven Cook,7,Denver,engineering,Led multi-region ERP rollout across three warehouses.
5943,Madison Evans,15,Chicago,sales,Closed strategic logistics accounts in manufacturing sector.
5944,Amanda Brooks,2,Remote,product,Managed enterprise renewals exceeding $4M ARR.
5945,Colin Castro,5,Atlanta,operations,"Implemented Okta and SCIM provisioning for 2,000 employees."
5946,John Lewis,2,Seattle,support,Improved fulfillment SLA reporting with automated dashboards.
5947,John Clark,5,Seattle,operations,Automated revenue recognition data quality checks.
5948,Scott Brennan,9,Austin,operations,Maintained SOC 2 evidence collection process.
5949,David Nelson,6,Chicago,support,Shipped experimentation framework for signup conversion.
5950,Paul Hall,7,Remote,product,Built role-based compensation benchmarking dashboards.
5951,Daniel Smith,4,Chicago,analytics,Improved fulfillment SLA reporting with automated dashboards.
5952,Robert Barnes,6,Remote,product,Improved fulfillment SLA reporting with automated dashboards.
5953,Michael Valencia,8,Denver,engineering,Improved fulfillment SLA reporting with automated dashboards.
5954,Lisa Sanford,3,Remote,product,"Implemented Okta and SCIM provisioning for 2,000 employees."
5955,Laura Thompson,16,Atlanta,sales,Led multi-region ERP rollout across three warehouses.
5956,Shannon Mays,16,Austin,sales,Closed strategic logistics accounts in manufacturing sector.
5957,Pamela Pitts,15,Chicago,product,Led multi-region ERP rollout across three warehouses.
5958,Heather Foley,0,Remote,operations,Led multi-region ERP rollout across three warehouses.
5959,Ronald Murphy,8,Chicago,sales,Managed high-volume healthcare recruiting for clinical roles.
5960,Jody Singleton,14,Chicago,engineering,Expanded support knowledge base and deflected repetitive tickets.
5961,Derek Gonzalez,6,Austin,sales,Introduced warehouse slotting optimization process.
5962,Jessica Tran,4,Atlanta,support,Managed high-volume healthcare recruiting for clinical roles.
5963,Barbara Garcia,11,Seattle,engineering,"Implemented Okta and SCIM provisioning for 2,000 employees."
5964,Ronnie Nelson,0,Remote,product,Launched partner onboarding program across EMEA region.
5965,Sandra Harris,11,Remote,support,"Drove product launch for analytics module used by 8,000 accounts."
5966,Leslie Wolf,8,Remote,sales,Built role-based compensation benchmarking dashboards.
5967,Katie Harris,12,Remote,support,Managed enterprise renewals exceeding $4M ARR.
5968,Matthew Howard,12,Atlanta,analytics,Maintained SOC 2 evidence collection process.
5969,Morgan Lewis,9,Seattle,operations,Launched partner onboarding program across EMEA region.
5970,John Smith,10,Atlanta,analytics,Reduced cloud spend by redesigning batch compute workloads.
5971,David Smith,0,Austin,engineering,Managed high-volume healthcare recruiting for clinical roles.
5972,Thomas Mcmahon,17,Austin,product,Built role-based compensation benchmarking dashboards.
5973,Jose Walsh,1,Austin,support,Improved NPS by redesigning incident communications workflow.
5974,Alexander Gardner,17,Denver,sales,Scaled self-serve onboarding funnel for SMB customers.
5975,Gregory Cobb,17,Denver,engineering,Migrated legacy monolith endpoints to event-driven services.
5976,Tammy Jones,12,Atlanta,operations,Improved NPS by redesigning incident communications workflow.
5977,Shannon Hall,13,Atlanta,operations,Managed high-volume healthcare recruiting for clinical roles.
5978,Andrew Pearson,0,Denver,support,Launched partner onboarding program across EMEA region.
5979,Cesar Adams,17,Seattle,product,Automated revenue recognition data quality checks.
5980,Alejandro Zimmerman,9,Remote,engineering,"Drove product launch for analytics module used by 8,000 accounts."
5981,Kevin Padilla Jr.,6,Chicago,sales,Led multi-region ERP rollout across three warehouses.
5982,Devin Cuevas,12,Chicago,analytics,Led multi-region ERP rollout across three warehouses.
5983,Juan Jones,9,Remote,operations,Launched partner onboarding program across EMEA region.
5984,Michelle Collins,6,Remote,product,Maintained SOC 2 evidence collection process.
5985,Tammy Thomas,5,Chicago,analytics,Reduced cloud spend by redesigning batch compute workloads.
5986,Tristan Johnson,2,Atlanta,sales,Introduced warehouse slotting optimization process.
5987,Kristin Hernandez,16,Atlanta,support,Built churn propensity model for customer success team.
5988,David Mahoney,11,Atlanta,operations,Shipped experimentation framework for signup conversion.
5989,Clifford Brooks,5,Remote,operations,Built churn propensity model for customer success team.
5990,Sarah Leon MD,13,Austin,support,Migrated legacy monolith endpoints to event-driven services.
5991,Ronnie Benson,12,Atlanta,operations,Migrated legacy monolith endpoints to event-driven services.
5992,Carrie Garcia,2,Chicago,support,Managed enterprise renewals exceeding $4M ARR.
5993,Lisa Johnson,3,Seattle,operations,Launched partner onboarding program across EMEA region.
5994,Joseph Garcia,4,Atlanta,analytics,Shipped experimentation framework for signup conversion.
5995,Anthony Smith,1,Seattle,operations,Built dbt models and Airflow pipelines for finance analytics.
5996,Joan Delgado,14,Remote,analytics,Scaled self-serve onboarding funnel for SMB customers.
5997,Timothy Maxwell,2,Seattle,operations,Introduced warehouse slotting optimization process.
5998,George Sparks,14,Remote,engineering,Maintained SOC 2 evidence collection process.
5999,Robert Griffith,9,Seattle,sales,Scaled self-serve onboarding funnel for SMB customers.
6000,Isaac Ortiz,2,Atlanta,operations,Improved NPS by redesigning incident communications workflow.
6001,Amanda Morgan,15,Denver,sales,Improved fulfillment SLA reporting with automated dashboards.
6002,Erik Brown,3,Denver,operations,"Implemented Okta and SCIM provisioning for 2,000 employees."
6003,Chad Moses MD,17,Denver,operations,"Implemented Okta and SCIM provisioning for 2,000 employees."
6004,Robert Robinson,0,Atlanta,sales,Built churn propensity model for customer success team.
6005,Collin Osborne,11,Seattle,operations,Closed strategic logistics accounts in manufacturing sector.
6006,Carolyn Davis,5,Denver,sales,Introduced warehouse slotting optimization process.
6007,Robert Knight,9,Atlanta,analytics,Closed strategic logistics accounts in manufacturing sector.
6008,Kaitlyn Jones,15,Denver,operations,Expanded support knowledge base and deflected repetitive tickets.
6009,Charles Wilson,14,Atlanta,analytics,Expanded support knowledge base and deflected repetitive tickets.
6010,Dawn Berg,5,Seattle,operations,Improved NPS by redesigning incident communications workflow.
6011,Diana Russell,1,Denver,product,Built churn propensity model for customer success team.
6012,Jon Hudson,5,Denver,operations,Improved fulfillment SLA reporting with automated dashboards.
6013,Wendy Jones,14,Chicago,analytics,Improved NPS by redesigning incident communications workflow.
6014,Jordan Torres,9,Denver,operations,Launched partner onboarding program across EMEA region.
6015,William Thomas,13,Denver,support,Shipped experimentation framework for signup conversion.
6016,Eric Vincent,8,Austin,analytics,Improved NPS by redesigning incident communications workflow.
6017,Bonnie Ward,9,Remote,engineering,Managed enterprise renewals exceeding $4M ARR.
6018,James Thomas,1,Remote,support,Migrated legacy monolith endpoints to event-driven services.
6019,Thomas Nelson,0,Chicago,support,Improved NPS by redesigning incident communications workflow.
6020,Troy Sloan,12,Remote,operations,Built role-based compensation benchmarking dashboards.
6021,Alice Nelson,3,Chicago,analytics,"Drove product launch for analytics module used by 8,000 accounts."
6022,Jill Kirby,6,Denver,engineering,Ran agile ceremonies for cross-functional product squad.
6023,Jamie Johnson,6,Austin,product,Owned forecasting model for outbound pipeline generation.
6024,Jennifer Garrett,11,Atlanta,support,Managed high-volume healthcare recruiting for clinical roles.
6025,Danny Anderson,16,Denver,product,Built role-based compensation benchmarking dashboards.
6026,Matthew Morrison,13,Chicago,analytics,Managed enterprise renewals exceeding $4M ARR.
6027,Justin Waller,11,Chicago,sales,"Implemented Okta and SCIM provisioning for 2,000 employees."
6028,Debra Cooper,15,Remote,sales,Ran agile ceremonies for cross-functional product squad.
6029,Lauren Bell,9,Seattle,product,Shipped experimentation framework for signup conversion.
6030,Carlos Rodriguez,2,Austin,engineering,Built dbt models and Airflow pipelines for finance analytics.
6031,Emma Conrad,8,Austin,support,Expanded support knowledge base and deflected repetitive tickets.
6032,Sarah Jackson,17,Austin,engineering,Closed strategic logistics accounts in manufacturing sector.
6033,Stanley Holder,14,Chicago,support,Shipped experimentation framework for signup conversion.
6034,Morgan Lang,6,Seattle,analytics,Introduced warehouse slotting optimization process.
6035,Dawn Hawkins,5,Austin,operations,Closed strategic logistics accounts in manufacturing sector.
6036,Susan Palmer,16,Chicago,support,Improved fulfillment SLA reporting with automated dashboards.
6037,Daniel Gray,1,Austin,operations,Closed strategic logistics accounts in manufacturing sector.
6038,Adam Fox,16,Atlanta,analytics,Designed interview loops for engineering leveling refresh.
6039,David Dixon,12,Seattle,support,Managed high-volume healthcare recruiting for clinical roles.
6040,Robert Grant,14,Atlanta,operations,Owned forecasting model for outbound pipeline generation.
6041,Justin Armstrong,5,Remote,engineering,Managed high-volume healthcare recruiting for clinical roles.
6042,Manuel Bradley Jr.,11,Seattle,product,"Implemented Okta and SCIM provisioning for 2,000 employees."
6043,Anthony Duncan,5,Seattle,analytics,Ran agile ceremonies for cross-functional product squad.
6044,Kendra Colon,0,Chicago,operations,Managed high-volume healthcare recruiting for clinical roles.
6045,Vanessa Long,8,Remote,engineering,Managed high-volume healthcare recruiting for clinical roles.
6046,Lori Bass,17,Atlanta,engineering,Built role-based compensation benchmarking dashboards.
6047,Veronica Ramirez,4,Austin,sales,Introduced warehouse slotting optimization process.
6048,Jeffrey Cole,2,Austin,product,Launched partner onboarding program across EMEA region.
6049,Kathy Wilson,16,Remote,support,Built role-based compensation benchmarking dashboards.
6050,Kelsey Flores,16,Chicago,operations,Ran agile ceremonies for cross-functional product squad.
6051,Charles Foley,15,Denver,support,Reduced cloud spend by redesigning batch compute workloads.
6052,Zachary Gonzalez,17,Seattle,operations,Built churn propensity model for customer success team.
6053,Melissa Newton,17,Seattle,product,Expanded support knowledge base and deflected repetitive tickets.
6054,Heather Murphy,16,Austin,sales,Built churn propensity model for customer success team.
6055,Pam Smith,17,Atlanta,support,Owned forecasting model for outbound pipeline generation.
6056,Joshua Bennett,13,Remote,operations,Built churn propensity model for customer success team.
6057,Natasha Mcknight,5,Denver,support,Led multi-region ERP rollout across three warehouses.
6058,Kirk Salazar,8,Atlanta,sales,Shipped experimentation framework for signup conversion.
6059,Joseph Tate,6,Chicago,product,Closed strategic logistics accounts in manufacturing sector.
6060,Ann King,9,Seattle,sales,Owned forecasting model for outbound pipeline generation.
6061,Aaron Riley,12,Austin,analytics,Introduced warehouse slotting optimization process.
6062,Anna Bradley,4,Atlanta,support,Led multi-region ERP rollout across three warehouses.
6063,Brittany Young,0,Denver,analytics,Maintained SOC 2 evidence collection process.
6064,Christina Bryant,10,Atlanta,analytics,Built churn propensity model for customer success team.
6065,Megan Landry,17,Denver,product,Led multi-region ERP rollout across three warehouses.
6066,Julia Moran,15,Remote,product,Introduced warehouse slotting optimization process.
6067,Adam Pope,0,Remote,support,Scaled self-serve onboarding funnel for SMB customers.
6068,Joshua Kirby,10,Chicago,sales,Managed high-volume healthcare recruiting for clinical roles.
6069,Scott Browning,9,Austin,support,Ran agile ceremonies for cross-functional product squad.
6070,Zachary Price,7,Denver,analytics,Automated revenue recognition data quality checks.
6071,Alexander Carlson,12,Atlanta,analytics,Introduced warehouse slotting optimization process.
6072,Leah Ramirez,7,Seattle,product,Built churn propensity model for customer success team.
6073,Jeffrey Zamora,16,Atlanta,analytics,Built churn propensity model for customer success team.
6074,Dana Griffin,16,Atlanta,product,Built dbt models and Airflow pipelines for finance analytics.
6075,Kelly Miller,11,Austin,analytics,Improved fulfillment SLA reporting with automated dashboards.
6076,Larry Brewer,8,Seattle,engineering,Expanded support knowledge base and deflected repetitive tickets.
6077,Erin Thomas,10,Chicago,support,Negotiated software procurement and vendor savings initiatives.
6078,Renee Hernandez,16,Denver,operations,Managed enterprise renewals exceeding $4M ARR.
6079,Mark Ballard,5,Denver,analytics,Shipped experimentation framework for signup conversion.
6080,Andrea Harris,15,Austin,sales,Led multi-region ERP rollout across three warehouses.
6081,Diamond Jenkins,10,Denver,sales,Built churn propensity model for customer success team.
6082,James Andrews,1,Denver,support,Expanded support knowledge base and deflected repetitive tickets.
6083,Diane Zamora,13,Chicago,sales,Improved fulfillment SLA reporting with automated dashboards.
6084,Jared Alexander,3,Chicago,engineering,Negotiated software procurement and vendor savings initiatives.
6085,Anna Pierce,9,Austin,operations,Built role-based compensation benchmarking dashboards.
6086,Mathew Smith,17,Remote,support,Designed interview loops for engineering leveling refresh.
6087,Randy Kent,14,Chicago,sales,Shipped experimentation framework for signup conversion.
6088,Brittany Taylor,12,Remote,operations,Scaled self-serve onboarding funnel for SMB customers.
6089,Jeremy Nielsen,1,Remote,operations,Built churn propensity model for customer success team.
6090,Aaron Woodward,15,Denver,product,"Drove product launch for analytics module used by 8,000 accounts."
6091,Andrew Reed,6,Seattle,engineering,Automated revenue recognition data quality checks.
6092,Kathleen Barker,0,Chicago,product,Owned forecasting model for outbound pipeline generation.
6093,Julie Clarke,17,Chicago,engineering,Designed interview loops for engineering leveling refresh.
6094,Wesley Jenkins,3,Remote,analytics,Improved NPS by redesigning incident communications workflow.
6095,Timothy Cooper,5,Atlanta,product,"Implemented Okta and SCIM provisioning for 2,000 employees."
6096,Adam Miller,2,Seattle,product,Ran agile ceremonies for cross-functional product squad.
6097,Wendy Castro,11,Remote,analytics,Launched partner onboarding program across EMEA region.
6098,Michael Rodriguez,15,Austin,operations,Owned forecasting model for outbound pipeline generation.
6099,Jason Jones,9,Chicago,support,Launched partner onboarding program across EMEA region.
6100,Mark Murphy,15,Remote,product,"Drove product launch for analytics module used by 8,000 accounts."
6101,Donna Cline,16,Austin,engineering,Migrated legacy monolith endpoints to event-driven services.
6102,Stephen Brown,15,Denver,sales,Closed strategic logistics accounts in manufacturing sector.
6103,Colleen Baker,2,Austin,sales,Expanded support knowledge base and deflected repetitive tickets.
6104,Anthony Anderson,3,Chicago,product,Reduced cloud spend by redesigning batch compute workloads.
6105,Charles Miller,5,Chicago,engineering,Designed interview loops for engineering leveling refresh.
6106,Shawn Solomon,11,Chicago,engineering,Designed interview loops for engineering leveling refresh.
6107,Stuart Bradley,15,Seattle,engineering,Ran agile ceremonies for cross-functional product squad.
6108,Lori Jones MD,5,Chicago,product,Ran agile ceremonies for cross-functional product squad.
6109,Tanner Potts,11,Seattle,engineering,Improved fulfillment SLA reporting with automated dashboards.
6110,Alexandra Moss,3,Remote,sales,Built dbt models and Airflow pipelines for finance analytics.
6111,Frederick Sosa,9,Atlanta,analytics,Built role-based compensation benchmarking dashboards.
6112,Monica Beltran,14,Atlanta,operations,"Implemented Okta and SCIM provisioning for 2,000 employees."
6113,James Williams,7,Denver,engineering,"Implemented Okta and SCIM provisioning for 2,000 employees."
6114,Mary English,2,Seattle,operations,Built dbt models and Airflow pipelines for finance analytics.
6115,Jennifer Robinson,7,Seattle,support,Managed enterprise renewals exceeding $4M ARR.
6116,Janet Burch,13,Remote,sales,Scaled self-serve onboarding funnel for SMB customers.
6117,Brandon Young,16,Chicago,analytics,Closed strategic logistics accounts in manufacturing sector.
6118,Nathan Lindsey,11,Seattle,operations,Built churn propensity model for customer success team.
6119,Dr. Ellen Bruce,12,Austin,sales,Built dbt models and Airflow pipelines for finance analytics.
6120,Gregory Woodward,7,Denver,engineering,Automated revenue recognition data quality checks.
6121,Zachary Nichols,16,Austin,product,"Implemented Okta and SCIM provisioning for 2,000 employees."
6122,Evan Garcia,15,Atlanta,product,Built churn propensity model for customer success team.
6123,Samantha Barnett,17,Remote,analytics,Improved NPS by redesigning incident communications workflow.
6124,Jesse Smith,15,Seattle,support,Designed interview loops for engineering leveling refresh.
6125,Jason Lamb,9,Seattle,operations,"Drove product launch for analytics module used by 8,000 accounts."
6126,Tara Logan,17,Atlanta,product,Shipped experimentation framework for signup conversion.
6127,Savannah Hill,10,Atlanta,analytics,Expanded support knowledge base and deflected repetitive tickets.
6128,Timothy Suarez,10,Austin,support,Ran agile ceremonies for cross-functional product squad.
6129,Jennifer Gardner,11,Seattle,support,Managed enterprise renewals exceeding $4M ARR.
6130,Sarah Tyler,3,Seattle,product,Owned forecasting model for outbound pipeline generation.
6131,John Miller,15,Austin,analytics,Managed high-volume healthcare recruiting for clinical roles.
6132,Anthony Clark,6,Atlanta,product,"Implemented Okta and SCIM provisioning for 2,000 employees."
6133,Jason Cantu,11,Denver,product,Managed high-volume healthcare recruiting for clinical roles.
6134,Elizabeth Cunningham,15,Atlanta,support,Improved fulfillment SLA reporting with automated dashboards.
6135,Valerie Martinez MD,2,Seattle,operations,Introduced warehouse slotting optimization process.
6136,Daniel Brown,5,Chicago,engineering,Launched partner onboarding program across EMEA region.
6137,Sherry Molina,16,Remote,operations,Managed high-volume healthcare recruiting for clinical roles.
6138,Theresa Hernandez,6,Denver,support,Improved NPS by redesigning incident communications workflow.
6139,Mark Bridges,11,Atlanta,product,Managed high-volume healthcare recruiting for clinical roles.
6140,Nicole Martin,10,Austin,support,Introduced warehouse slotting optimization process.
6141,Richard Smith,15,Austin,analytics,"Drove product launch for analytics module used by 8,000 accounts."
6142,Michael Owen,9,Chicago,analytics,Built dbt models and Airflow pipelines for finance analytics.
6143,Anita Martinez,7,Remote,product,Led multi-region ERP rollout across three warehouses.
6144,Lisa Schroeder,0,Chicago,sales,"Implemented Okta and SCIM provisioning for 2,000 employees."
6145,Angela Thomas,8,Denver,support,Closed strategic logistics accounts in manufacturing sector.
6146,Scott Patterson,10,Remote,analytics,Built dbt models and Airflow pipelines for finance analytics.
6147,George Willis,12,Chicago,analytics,Introduced warehouse slotting optimization process.
6148,Shannon Shaw,14,Seattle,operations,Managed enterprise renewals exceeding $4M ARR.
6149,Austin Black,13,Austin,analytics,Reduced cloud spend by redesigning batch compute workloads.
6150,Jennifer Johnson,8,Austin,product,Owned forecasting model for outbound pipeline generation.
6151,David Schroeder,1,Austin,operations,Improved fulfillment SLA reporting with automated dashboards.
6152,Brett Garcia,4,Austin,engineering,Built churn propensity model for customer success team.
6153,Brandon Ochoa,7,Atlanta,engineering,Shipped experimentation framework for signup conversion.
6154,Craig Brady,17,Austin,sales,Automated revenue recognition data quality checks.
6155,Nicholas Wright,13,Atlanta,operations,Improved fulfillment SLA reporting with automated dashboards.
6156,Michael Williams,16,Atlanta,engineering,Ran agile ceremonies for cross-functional product squad.
6157,Tiffany Coleman,17,Chicago,sales,Negotiated software procurement and vendor savings initiatives.
6158,Cynthia Thomas,2,Austin,support,Maintained SOC 2 evidence collection process.
6159,Maria Wagner,0,Austin,support,Improved fulfillment SLA reporting with automated dashboards.
6160,Anthony Martin,10,Austin,support,"Implemented Okta and SCIM provisioning for 2,000 employees."
6161,Mrs. Linda Pierce DDS,4,Atlanta,support,Built role-based compensation benchmarking dashboards.
6162,Tina Miller,15,Remote,engineering,Shipped experimentation framework for signup conversion.
6163,Amanda Smith,8,Denver,product,Designed interview loops for engineering leveling refresh.
6164,Timothy Li,0,Atlanta,sales,Designed interview loops for engineering leveling refresh.
6165,Paul Crawford,4,Chicago,engineering,Built churn propensity model for customer success team.
6166,Rodney Gill,6,Austin,support,Shipped experimentation framework for signup conversion.
6167,Amber Curry,0,Chicago,operations,"Drove product launch for analytics module used by 8,000 accounts."
6168,Nina Henson,5,Denver,operations,Launched partner onboarding program across EMEA region.
6169,William Kelly,9,Remote,operations,Negotiated software procurement and vendor savings initiatives.
6170,Vanessa Ewing,16,Chicago,analytics,"Drove product launch for analytics module used by 8,000 accounts."
6171,Deanna Perkins,11,Remote,analytics,Owned forecasting model for outbound pipeline generation.
6172,William Owens,1,Atlanta,engineering,Managed enterprise renewals exceeding $4M ARR.
6173,Sharon Morse,7,Denver,engineering,Improved NPS by redesigning incident communications workflow.
6174,Angela Mullen,13,Atlanta,product,Owned forecasting model for outbound pipeline generation.
6175,George Martin,6,Seattle,operations,Led multi-region ERP rollout across three warehouses.
6176,John Jackson,10,Seattle,product,Built churn propensity model for customer success team.
6177,Sharon Wallace,17,Remote,analytics,Migrated legacy monolith endpoints to event-driven services.
6178,Kaitlyn Chan,2,Atlanta,support,Led multi-region ERP rollout across three warehouses.
6179,Amy Perez,8,Austin,sales,Improved NPS by redesigning incident communications workflow.
6180,Jason Simmons,10,Denver,product,Migrated legacy monolith endpoints to event-driven services.
6181,Kayla Maxwell,14,Remote,analytics,Introduced warehouse slotting optimization process.
6182,Ruben Anderson,15,Chicago,support,Reduced cloud spend by redesigning batch compute workloads.
6183,Kyle Chang,5,Denver,sales,Automated revenue recognition data quality checks.
6184,Janet Castillo,8,Atlanta,analytics,Maintained SOC 2 evidence collection process.
6185,Kimberly Washington,14,Atlanta,operations,Maintained SOC 2 evidence collection process.
6186,Amanda Johns,15,Remote,product,Managed high-volume healthcare recruiting for clinical roles.
6187,Ashley Leach,14,Atlanta,product,Built churn propensity model for customer success team.
6188,Dustin Smith,12,Austin,operations,Owned forecasting model for outbound pipeline generation.
6189,Kimberly Mueller,4,Chicago,engineering,Improved fulfillment SLA reporting with automated dashboards.
6190,Wesley Johnson,6,Atlanta,sales,Ran agile ceremonies for cross-functional product squad.
6191,David Parrish,11,Seattle,sales,Managed high-volume healthcare recruiting for clinical roles.
6192,Randy Lewis,4,Atlanta,engineering,Owned forecasting model for outbound pipeline generation.
6193,Cody Cordova,12,Seattle,product,Improved NPS by redesigning incident communications workflow.
6194,Kevin Clarke,9,Chicago,operations,Launched partner onboarding program across EMEA region.
6195,Michael Reyes,7,Austin,engineering,Owned forecasting model for outbound pipeline generation.
6196,Jesus Ross,6,Remote,analytics,"Implemented Okta and SCIM provisioning for 2,000 employees."
6197,James Ramos,13,Atlanta,operations,Automated revenue recognition data quality checks.
6198,Andrea Harvey,8,Seattle,sales,Negotiated software procurement and vendor savings initiatives.
6199,Kenneth Haas,5,Remote,operations,Managed enterprise renewals exceeding $4M ARR.
6200,Melissa Ayers,6,Chicago,analytics,Improved fulfillment SLA reporting with automated dashboards.
6201,Ann Brown,8,Remote,analytics,Negotiated software procurement and vendor savings initiatives.
6202,Jason Evans,11,Denver,sales,Improved NPS by redesigning incident communications workflow.
6203,Benjamin Castillo,17,Atlanta,analytics,Closed strategic logistics accounts in manufacturing sector.
6204,Craig Williams,6,Denver,support,Reduced cloud spend by redesigning batch compute workloads.
6205,Robin Mills,3,Chicago,analytics,Introduced warehouse slotting optimization process.
6206,Richard Campbell,17,Remote,product,"Implemented Okta and SCIM provisioning for 2,000 employees."
6207,Paul Rodriguez,2,Denver,product,Expanded support knowledge base and deflected repetitive tickets.
6208,Courtney Taylor,16,Austin,operations,Built churn propensity model for customer success team.
6209,Eileen Jones,2,Austin,operations,Expanded support knowledge base and deflected repetitive tickets.
6210,Eric Rodriguez,6,Remote,operations,Shipped experimentation framework for signup conversion.
6211,Robert Jones,17,Seattle,operations,Built dbt models and Airflow pipelines for finance analytics.
6212,Scott Williams,2,Atlanta,sales,Ran agile ceremonies for cross-functional product squad.
6213,Thomas Bennett,2,Seattle,product,"Drove product launch for analytics module used by 8,000 accounts."
6214,Pamela Klein,10,Atlanta,analytics,"Drove product launch for analytics module used by 8,000 accounts."
6215,Melissa Powell PhD,3,Remote,engineering,Introduced warehouse slotting optimization process.
6216,Sean Mendez,0,Austin,product,"Drove product launch for analytics module used by 8,000 accounts."
6217,Eric Davis,12,Austin,product,Reduced cloud spend by redesigning batch compute workloads.
6218,Alan Wilson,17,Seattle,analytics,Launched partner onboarding program across EMEA region.
6219,Susan Fisher,13,Remote,product,"Drove product launch for analytics module used by 8,000 accounts."
6220,Brittney Wagner,17,Atlanta,product,Closed strategic logistics accounts in manufacturing sector.
6221,Rachel Foley,9,Remote,product,Reduced cloud spend by redesigning batch compute workloads.
6222,John Arnold,11,Denver,product,"Drove product launch for analytics module used by 8,000 accounts."
6223,Phillip Lin,17,Seattle,engineering,Managed enterprise renewals exceeding $4M ARR.
6224,Randy Bullock,9,Atlanta,engineering,Ran agile ceremonies for cross-functional product squad.
6225,Erin Garcia,0,Remote,analytics,Built dbt models and Airflow pipelines for finance analytics.
6226,Jacob Hart,4,Atlanta,support,Migrated legacy monolith endpoints to event-driven services.
6227,Gloria Green,11,Denver,product,Owned forecasting model for outbound pipeline generation.
6228,Todd Williams,15,Chicago,analytics,Built role-based compensation benchmarking dashboards.
6229,Linda Martin,10,Chicago,sales,Scaled self-serve onboarding funnel for SMB customers.
6230,Alicia Phillips,7,Austin,product,Designed interview loops for engineering leveling refresh.
6231,Peter Kirby,5,Austin,analytics,Built churn propensity model for customer success team.
6232,Douglas Mejia,12,Atlanta,support,Built role-based compensation benchmarking dashboards.
6233,Andrew Brown,16,Austin,sales,Managed enterprise renewals exceeding $4M ARR.
6234,Joe Brown,5,Denver,support,Expanded support knowledge base and deflected repetitive tickets.
6235,Barbara Cruz,9,Austin,engineering,Scaled self-serve onboarding funnel for SMB customers.
6236,Matthew Schmidt,7,Austin,product,Owned forecasting model for outbound pipeline generation.
6237,Crystal Beck,4,Seattle,product,Ran agile ceremonies for cross-functional product squad.
6238,Brent Stewart,7,Austin,support,Managed high-volume healthcare recruiting for clinical roles.
6239,Kerri Parsons,1,Denver,product,Closed strategic logistics accounts in manufacturing sector.
6240,Elizabeth Jones,9,Chicago,product,Managed high-volume healthcare recruiting for clinical roles.
6241,Ryan Thornton,1,Austin,engineering,Shipped experimentation framework for signup conversion.
6242,Janet Martin,8,Chicago,sales,Built dbt models and Airflow pipelines for finance analytics.
6243,David Walton,16,Austin,engineering,Built role-based compensation benchmarking dashboards.
6244,Jennifer Hernandez,2,Austin,sales,Improved fulfillment SLA reporting with automated dashboards.
6245,Justin Bass,4,Atlanta,analytics,Closed strategic logistics accounts in manufacturing sector.
6246,Joan Patterson MD,12,Austin,engineering,Owned forecasting model for outbound pipeline generation.
6247,Steven Vega,16,Remote,engineering,Expanded support knowledge base and deflected repetitive tickets.
6248,Tracy Heath,17,Denver,analytics,Launched partner onboarding program across EMEA region.
6249,Terri Clark,2,Denver,analytics,Managed enterprise renewals exceeding $4M ARR.
6250,Tammie Alvarez,4,Remote,operations,Improved fulfillment SLA reporting with automated dashboards.
6251,Heather Martinez,17,Seattle,support,Launched partner onboarding program across EMEA region.
6252,Jessica Gordon,9,Denver,analytics,Built churn propensity model for customer success team.
6253,Anthony Huang,15,Remote,operations,Migrated legacy monolith endpoints to event-driven services.
6254,Rebecca Holmes,0,Atlanta,engineering,Reduced cloud spend by redesigning batch compute workloads.
6255,Wendy Garza,2,Seattle,support,Launched partner onboarding program across EMEA region.
6256,Anthony Cook,3,Remote,analytics,Negotiated software procurement and vendor savings initiatives.
6257,David Smith,1,Seattle,engineering,Built dbt models and Airflow pipelines for finance analytics.
6258,Melissa Acevedo,16,Atlanta,sales,Launched partner onboarding program across EMEA region.
6259,Brianna Gonzalez,14,Atlanta,sales,Negotiated software procurement and vendor savings initiatives.
6260,Bradley Conway,7,Atlanta,sales,Improved fulfillment SLA reporting with automated dashboards.
6261,Joanna Lynn,1,Remote,support,Designed interview loops for engineering leveling refresh.
6262,Emily Maldonado,1,Seattle,product,Migrated legacy monolith endpoints to event-driven services.
6263,Jennifer Brown,4,Chicago,engineering,Maintained SOC 2 evidence collection process.
6264,Kurt Ford,13,Austin,sales,Launched partner onboarding program across EMEA region.
6265,Hailey Moore,14,Seattle,sales,Built role-based compensation benchmarking dashboards.
6266,Laurie Huffman,9,Denver,product,Migrated legacy monolith endpoints to event-driven services.
6267,Richard Green,16,Denver,analytics,Ran agile ceremonies for cross-functional product squad.
6268,Karen Dalton,16,Remote,product,Built churn propensity model for customer success team.
6269,Bianca Chandler,13,Austin,sales,"Drove product launch for analytics module used by 8,000 accounts."
6270,Michael Thompson,1,Austin,engineering,Launched partner onboarding program across EMEA region.
6271,Karen Rodriguez,16,Seattle,operations,Managed high-volume healthcare recruiting for clinical roles.
6272,John Watson,16,Remote,support,Automated revenue recognition data quality checks.
6273,Jessica Martinez,10,Seattle,product,Automated revenue recognition data quality checks.
6274,Jay Brown IV,10,Remote,operations,Scaled self-serve onboarding funnel for SMB customers.
6275,Kimberly Wilson,14,Remote,sales,Built churn propensity model for customer success team.
6276,Juan Ray,10,Seattle,engineering,Led multi-region ERP rollout across three warehouses.
6277,James Case,6,Remote,operations,Managed high-volume healthcare recruiting for clinical roles.
6278,Tina Smith,12,Denver,analytics,Automated revenue recognition data quality checks.
6279,Renee Lopez,14,Seattle,engineering,Automated revenue recognition data quality checks.
6280,Nicole Cooley,2,Austin,product,Built dbt models and Airflow pipelines for finance analytics.
6281,Dr. Alexis Shea,12,Atlanta,support,Shipped experimentation framework for signup conversion.
6282,Cathy Sanders,3,Chicago,sales,Improved NPS by redesigning incident communications workflow.
6283,Billy Henderson Jr.,10,Remote,operations,"Drove product launch for analytics module used by 8,000 accounts."
6284,John Eaton,1,Denver,operations,Designed interview loops for engineering leveling refresh.
6285,Daniel Cuevas,17,Chicago,product,Managed enterprise renewals exceeding $4M ARR.
6286,Cory Eaton,12,Atlanta,support,Reduced cloud spend by redesigning batch compute workloads.
6287,Grant Smith,8,Austin,engineering,Launched partner onboarding program across EMEA region.
6288,Kevin Clark,9,Austin,sales,Shipped experimentation framework for signup conversion.
6289,Jimmy King,11,Denver,support,Closed strategic logistics accounts in manufacturing sector.
6290,Kenneth Farrell,2,Atlanta,operations,Owned forecasting model for outbound pipeline generation.
6291,Jessica Hart,9,Atlanta,support,Shipped experimentation framework for signup conversion.
6292,Jessica Allen,12,Austin,analytics,Migrated legacy monolith endpoints to event-driven services.
6293,Kimberly Rubio,4,Seattle,support,Improved NPS by redesigning incident communications workflow.
6294,James Spears,8,Austin,analytics,Improved NPS by redesigning incident communications workflow.
6295,Christopher Bailey,5,Seattle,support,Managed high-volume healthcare recruiting for clinical roles.
6296,Sabrina Pierce,2,Austin,operations,Led multi-region ERP rollout across three warehouses.
6297,Larry Rojas,17,Austin,sales,Automated revenue recognition data quality checks.
6298,Joel Moore,10,Atlanta,product,Shipped experimentation framework for signup conversion.
6299,Catherine Callahan,7,Seattle,operations,Ran agile ceremonies for cross-functional product squad.
6300,Kenneth Short,6,Seattle,engineering,Ran agile ceremonies for cross-functional product squad.
6301,Matthew Evans,12,Atlanta,operations,Reduced cloud spend by redesigning batch compute workloads.
6302,Ruth Brown,1,Chicago,operations,Shipped experimentation framework for signup conversion.
6303,Michelle Chavez,10,Remote,sales,Led multi-region ERP rollout across three warehouses.
6304,Samantha Chavez,4,Austin,product,"Drove product launch for analytics module used by 8,000 accounts."
6305,Matthew Kelly,16,Denver,operations,Automated revenue recognition data quality checks.
6306,John Hanson,14,Seattle,operations,"Drove product launch for analytics module used by 8,000 accounts."
6307,Jacqueline Chavez,13,Atlanta,support,Led multi-region ERP rollout across three warehouses.
6308,Scott Graham,2,Seattle,analytics,"Implemented Okta and SCIM provisioning for 2,000 employees."
6309,Jennifer Simpson,1,Seattle,operations,Negotiated software procurement and vendor savings initiatives.
6310,Jason Pitts,8,Remote,product,Designed interview loops for engineering leveling refresh.
6311,Joshua Ortega,6,Atlanta,product,"Implemented Okta and SCIM provisioning for 2,000 employees."
6312,Krystal Kirby,13,Seattle,operations,Closed strategic logistics accounts in manufacturing sector.
6313,Anthony Lopez,12,Austin,support,Reduced cloud spend by redesigning batch compute workloads.
6314,Jacob Bryan,7,Chicago,engineering,Managed high-volume healthcare recruiting for clinical roles.
6315,Robert Harvey,2,Austin,operations,Negotiated software procurement and vendor savings initiatives.
6316,Joshua Sloan,5,Chicago,operations,Migrated legacy monolith endpoints to event-driven services.
6317,Carrie Moore,9,Austin,operations,Scaled self-serve onboarding funnel for SMB customers.
6318,Danielle Thompson,4,Seattle,product,Negotiated software procurement and vendor savings initiatives.
6319,Dana Jones,5,Denver,analytics,Led multi-region ERP rollout across three warehouses.
6320,James Pearson,4,Denver,operations,Launched partner onboarding program across EMEA region.
6321,Scott Brown,1,Atlanta,operations,Built dbt models and Airflow pipelines for finance analytics.
6322,Monica Hays,10,Denver,analytics,Owned forecasting model for outbound pipeline generation.
6323,Robert Vega,17,Atlanta,sales,Built role-based compensation benchmarking dashboards.
6324,Scott Carpenter,17,Austin,sales,"Implemented Okta and SCIM provisioning for 2,000 employees."
6325,Rhonda Mitchell,16,Seattle,analytics,Built role-based compensation benchmarking dashboards.
6326,Loretta Fischer,11,Remote,sales,"Drove product launch for analytics module used by 8,000 accounts."
6327,Shaun Phillips,13,Austin,support,Managed high-volume healthcare recruiting for clinical roles.
6328,Thomas Vargas,1,Austin,product,Negotiated software procurement and vendor savings initiatives.
6329,Robert Johnson,3,Austin,operations,Improved NPS by redesigning incident communications workflow.
6330,Natalie Cooke,12,Atlanta,analytics,"Drove product launch for analytics module used by 8,000 accounts."
6331,Cameron Church,17,Seattle,sales,Improved NPS by redesigning incident communications workflow.
6332,Devin Martin,16,Seattle,support,Introduced warehouse slotting optimization process.
6333,Jill Cook,11,Seattle,sales,Built dbt models and Airflow pipelines for finance analytics.
6334,Emily Baxter,1,Atlanta,analytics,Owned forecasting model for outbound pipeline generation.
6335,Brandi Brown,17,Seattle,operations,Improved fulfillment SLA reporting with automated dashboards.
6336,Walter Morales,5,Chicago,support,Introduced warehouse slotting optimization process.
6337,Joe Chapman,0,Seattle,sales,Shipped experimentation framework for signup conversion.
6338,Austin Smith,13,Chicago,sales,Migrated legacy monolith endpoints to event-driven services.
6339,Reginald Adams,3,Remote,support,Managed enterprise renewals exceeding $4M ARR.
6340,Dale West,5,Austin,analytics,Closed strategic logistics accounts in manufacturing sector.
6341,Rebecca Willis,12,Remote,analytics,Built churn propensity model for customer success team.
6342,Jeremy Warner,17,Denver,support,Managed high-volume healthcare recruiting for clinical roles.
6343,Jaime Sharp,16,Atlanta,sales,Improved fulfillment SLA reporting with automated dashboards.
6344,Jeff Sampson,2,Austin,sales,Improved NPS by redesigning incident communications workflow.
6345,Chris Farrell,3,Chicago,product,Migrated legacy monolith endpoints to event-driven services.
6346,Jennifer Reyes,14,Remote,engineering,Designed interview loops for engineering leveling refresh.
6347,Brenda Johnson,5,Austin,analytics,"Implemented Okta and SCIM provisioning for 2,000 employees."
6348,Barbara Stokes,1,Chicago,operations,Built dbt models and Airflow pipelines for finance analytics.
6349,Aaron Watkins,10,Atlanta,engineering,Improved fulfillment SLA reporting with automated dashboards.
6350,Sherry Barrera,11,Seattle,product,Closed strategic logistics accounts in manufacturing sector.
6351,Chad Brown,17,Denver,support,Scaled self-serve onboarding funnel for SMB customers.
6352,Brian Gomez,8,Austin,sales,Scaled self-serve onboarding funnel for SMB customers.
6353,Gary Smith,14,Austin,support,Built role-based compensation benchmarking dashboards.
6354,Daniel Ingram,9,Remote,support,Owned forecasting model for outbound pipeline generation.
6355,Mark Evans,16,Chicago,analytics,Built dbt models and Airflow pipelines for finance analytics.
6356,Amber York,8,Atlanta,product,Built role-based compensation benchmarking dashboards.
6357,Mr. Mark Green,12,Remote,sales,Managed high-volume healthcare recruiting for clinical roles.
6358,Beth Schwartz,17,Denver,engineering,Led multi-region ERP rollout across three warehouses.
6359,Carlos Arellano,15,Austin,support,Designed interview loops for engineering leveling refresh.
6360,Cynthia Cardenas,7,Seattle,operations,Led multi-region ERP rollout across three warehouses.
6361,Megan Graves,9,Seattle,engineering,"Drove product launch for analytics module used by 8,000 accounts."
6362,Ashley White,10,Atlanta,product,Negotiated software procurement and vendor savings initiatives.
6363,Adrienne Ingram,2,Remote,operations,Expanded support knowledge base and deflected repetitive tickets.
6364,Mr. Johnathan Reyes,4,Seattle,product,Designed interview loops for engineering leveling refresh.
6365,Tonya Gilmore,12,Seattle,support,Reduced cloud spend by redesigning batch compute workloads.
6366,Leah Andersen,1,Denver,sales,Closed strategic logistics accounts in manufacturing sector.
6367,Brandon Salas,10,Austin,support,Automated revenue recognition data quality checks.
6368,Carol Mcdonald,8,Seattle,operations,Maintained SOC 2 evidence collection process.
6369,Donna Hamilton,8,Remote,analytics,Migrated legacy monolith endpoints to event-driven services.
6370,Joseph Fields,15,Seattle,sales,Scaled self-serve onboarding funnel for SMB customers.
6371,Heather Rose,4,Atlanta,engineering,Ran agile ceremonies for cross-functional product squad.
6372,Patrick Jackson,14,Seattle,sales,Reduced cloud spend by redesigning batch compute workloads.
6373,Melissa Page,14,Chicago,sales,Expanded support knowledge base and deflected repetitive tickets.
6374,Jared Jackson,17,Austin,analytics,Expanded support knowledge base and deflected repetitive tickets.
6375,Deborah Olson,14,Atlanta,product,Improved fulfillment SLA reporting with automated dashboards.
6376,Peggy Cox,9,Remote,sales,Built churn propensity model for customer success team.
6377,Shannon Walsh,6,Austin,support,Maintained SOC 2 evidence collection process.
6378,James Floyd,14,Austin,support,Reduced cloud spend by redesigning batch compute workloads.
6379,Justin Thompson,16,Seattle,support,Expanded support knowledge base and deflected repetitive tickets.
6380,Alexa Rodriguez,5,Denver,support,Built churn propensity model for customer success team.
6381,Nicholas Alvarado,6,Remote,engineering,Negotiated software procurement and vendor savings initiatives.
6382,Carol Andrade,8,Denver,sales,Shipped experimentation framework for signup conversion.
6383,Christopher Jenkins,1,Atlanta,product,Built role-based compensation benchmarking dashboards.
6384,Darlene White,5,Austin,analytics,Improved fulfillment SLA reporting with automated dashboards.
6385,Samuel Jackson,2,Remote,sales,Improved NPS by redesigning incident communications workflow.
6386,Thomas Miller,13,Chicago,product,Maintained SOC 2 evidence collection process.
6387,Carrie Smith,8,Denver,sales,Designed interview loops for engineering leveling refresh.
6388,Michael Butler,10,Atlanta,sales,"Implemented Okta and SCIM provisioning for 2,000 employees."
6389,Michael Williams,1,Remote,product,"Drove product launch for analytics module used by 8,000 accounts."
6390,Aaron Sellers,10,Seattle,product,Built churn propensity model for customer success team.
6391,Samantha Williams,12,Seattle,operations,Ran agile ceremonies for cross-functional product squad.
6392,Jessica Lopez,12,Austin,analytics,Shipped experimentation framework for signup conversion.
6393,Dustin Williams,14,Austin,analytics,Shipped experimentation framework for signup conversion.
6394,Lisa Williams,2,Seattle,sales,Negotiated software procurement and vendor savings initiatives.
6395,Laura Sanchez,9,Remote,analytics,Built dbt models and Airflow pipelines for finance analytics.
6396,Kimberly Thompson,8,Atlanta,engineering,Built role-based compensation benchmarking dashboards.
6397,Russell Davis,16,Remote,product,Migrated legacy monolith endpoints to event-driven services.
6398,Courtney Phelps,12,Chicago,support,Built dbt models and Airflow pipelines for finance analytics.
6399,Jennifer Smith,17,Denver,engineering,Managed enterprise renewals exceeding $4M ARR.
6400,Julia Hopkins,0,Chicago,analytics,Owned forecasting model for outbound pipeline generation.
6401,Douglas Rodriguez,8,Seattle,engineering,Owned forecasting model for outbound pipeline generation.
6402,Jennifer Pittman,12,Seattle,engineering,Built dbt models and Airflow pipelines for finance analytics.
6403,Jeffrey Anderson,1,Chicago,analytics,Managed high-volume healthcare recruiting for clinical roles.
6404,Michael Reeves,11,Remote,support,Migrated legacy monolith endpoints to event-driven services.
6405,Adrian Nguyen,4,Austin,product,"Drove product launch for analytics module used by 8,000 accounts."
6406,Curtis Henderson,1,Seattle,sales,Launched partner onboarding program across EMEA region.
6407,Jeffery Thomas,11,Chicago,product,Improved NPS by redesigning incident communications workflow.
6408,Brian Bird,7,Seattle,analytics,Managed high-volume healthcare recruiting for clinical roles.
6409,Rachel Wilson,7,Denver,operations,Scaled self-serve onboarding funnel for SMB customers.
6410,Rebecca Green,5,Chicago,operations,"Drove product launch for analytics module used by 8,000 accounts."
6411,Traci Evans,12,Austin,support,Closed strategic logistics accounts in manufacturing sector.
6412,Michelle Price,11,Atlanta,operations,Managed high-volume healthcare recruiting for clinical roles.
6413,Robert Wilson,12,Austin,operations,Migrated legacy monolith endpoints to event-driven services.
6414,Julia Marshall,14,Denver,operations,Ran agile ceremonies for cross-functional product squad.
6415,Jasmine Cox,10,Remote,sales,Maintained SOC 2 evidence collection process.
6416,Stephanie Goodwin,1,Remote,operations,Closed strategic logistics accounts in manufacturing sector.
6417,Michael Tyler,2,Denver,engineering,Built dbt models and Airflow pipelines for finance analytics.
6418,Catherine Villegas,17,Seattle,product,Improved NPS by redesigning incident communications workflow.
6419,Sheryl Lamb,5,Seattle,sales,"Drove product launch for analytics module used by 8,000 accounts."
6420,Scott Garcia,7,Atlanta,operations,Managed high-volume healthcare recruiting for clinical roles.
6421,Alicia Miller,6,Chicago,sales,Launched partner onboarding program across EMEA region.
6422,Lisa Cunningham,17,Seattle,analytics,Expanded support knowledge base and deflected repetitive tickets.
6423,Michael Williams,14,Austin,sales,Improved NPS by redesigning incident communications workflow.
6424,Justin Griffin,8,Atlanta,sales,"Drove product launch for analytics module used by 8,000 accounts."
6425,Derek Mack,12,Seattle,sales,Designed interview loops for engineering leveling refresh.
6426,Derrick Patterson,9,Atlanta,product,Reduced cloud spend by redesigning batch compute workloads.
6427,Craig Holloway,11,Denver,product,Introduced warehouse slotting optimization process.
6428,Joan Hodges,17,Denver,support,Maintained SOC 2 evidence collection process.
6429,Ian Carter,12,Denver,sales,Built role-based compensation benchmarking dashboards.
6430,Nichole Gray,2,Seattle,analytics,Managed high-volume healthcare recruiting for clinical roles.
6431,Jennifer Bradley,9,Remote,support,"Drove product launch for analytics module used by 8,000 accounts."
6432,John Gonzalez,14,Seattle,analytics,Shipped experimentation framework for signup conversion.
6433,Michael Brown,0,Chicago,product,Managed enterprise renewals exceeding $4M ARR.
6434,Tyler Larson,6,Austin,sales,Managed high-volume healthcare recruiting for clinical roles.
6435,Shannon Garrett,3,Denver,operations,Negotiated software procurement and vendor savings initiatives.
6436,Patrick Adams,12,Remote,sales,Shipped experimentation framework for signup conversion.
6437,Nicholas Young,2,Atlanta,support,Expanded support knowledge base and deflected repetitive tickets.
6438,Lindsey Conley,11,Chicago,engineering,Shipped experimentation framework for signup conversion.
6439,Richard Woods,1,Austin,sales,Improved fulfillment SLA reporting with automated dashboards.
6440,Michael Williams,16,Chicago,support,Scaled self-serve onboarding funnel for SMB customers.
6441,Matthew Jenkins Jr.,5,Seattle,engineering,Ran agile ceremonies for cross-functional product squad.
6442,Jonathan Knox,7,Seattle,sales,Introduced warehouse slotting optimization process.
6443,Daniel Williams,14,Denver,support,Owned forecasting model for outbound pipeline generation.
6444,Angela Goodwin,6,Denver,sales,Introduced warehouse slotting optimization process.
6445,Tonya Bell,2,Chicago,analytics,Expanded support knowledge base and deflected repetitive tickets.
6446,Steven Sweeney,16,Remote,operations,Introduced warehouse slotting optimization process.
6447,Shawn Fischer,2,Denver,operations,Automated revenue recognition data quality checks.
6448,Tim Valenzuela,8,Seattle,operations,Built churn propensity model for customer success team.
6449,Holly Phillips,2,Denver,product,Introduced warehouse slotting optimization process.
6450,Kelly Velasquez,12,Atlanta,support,Negotiated software procurement and vendor savings initiatives.
6451,Laura Mays,4,Atlanta,support,Negotiated software procurement and vendor savings initiatives.
6452,John Dominguez,16,Denver,support,Designed interview loops for engineering leveling refresh.
6453,Ashley Waters,3,Remote,operations,Expanded support knowledge base and deflected repetitive tickets.
6454,Andrew Gibson,12,Denver,engineering,Improved NPS by redesigning incident communications workflow.
6455,Kristina Smith,0,Seattle,engineering,Managed enterprise renewals exceeding $4M ARR.
6456,Heidi Mullins,2,Remote,operations,Ran agile ceremonies for cross-functional product squad.
6457,George Johnson,4,Denver,product,Launched partner onboarding program across EMEA region.
6458,Jill Melendez,15,Chicago,operations,Ran agile ceremonies for cross-functional product squad.
6459,Danielle Johnson,17,Remote,product,Maintained SOC 2 evidence collection process.
6460,Mr. Daniel Roth,11,Seattle,analytics,Negotiated software procurement and vendor savings initiatives.
6461,Rick Conway,6,Seattle,analytics,Built churn propensity model for customer success team.
6462,Brandy Moss,5,Remote,engineering,Scaled self-serve onboarding funnel for SMB customers.
6463,Stephen Alvarez,3,Austin,support,Owned forecasting model for outbound pipeline generation.
6464,Diana Miller,6,Remote,product,Managed enterprise renewals exceeding $4M ARR.
6465,Jose Romero,8,Austin,analytics,Improved fulfillment SLA reporting with automated dashboards.
6466,Erin Shaw,12,Austin,product,Migrated legacy monolith endpoints to event-driven services.
6467,Kyle Serrano,4,Chicago,sales,Built role-based compensation benchmarking dashboards.
6468,Paul Armstrong,0,Austin,operations,Maintained SOC 2 evidence collection process.
6469,Michael Jackson,10,Austin,product,Designed interview loops for engineering leveling refresh.
6470,Lisa Abbott,4,Austin,analytics,Introduced warehouse slotting optimization process.
6471,Victoria Johnson,7,Denver,support,Built churn propensity model for customer success team.
6472,Rebecca Little,12,Denver,operations,Managed high-volume healthcare recruiting for clinical roles.
6473,Sarah Walsh,16,Denver,analytics,Closed strategic logistics accounts in manufacturing sector.
6474,Brenda Wilson,9,Chicago,operations,Negotiated software procurement and vendor savings initiatives.
6475,Dennis Gates,16,Remote,support,Built dbt models and Airflow pipelines for finance analytics.
6476,Michael Jones,4,Chicago,engineering,Reduced cloud spend by redesigning batch compute workloads.
6477,Melanie Ramos,12,Denver,analytics,Scaled self-serve onboarding funnel for SMB customers.
6478,Daniel Combs,17,Austin,product,Ran agile ceremonies for cross-functional product squad.
6479,Jennifer Martin,3,Chicago,engineering,"Implemented Okta and SCIM provisioning for 2,000 employees."
6480,Megan Hobbs,13,Chicago,operations,Automated revenue recognition data quality checks.
6481,Tony Carpenter,8,Remote,analytics,Scaled self-serve onboarding funnel for SMB customers.
6482,Russell Combs,15,Chicago,engineering,Introduced warehouse slotting optimization process.
6483,Zachary Velasquez,5,Atlanta,engineering,Shipped experimentation framework for signup conversion.
6484,Katherine Hoffman,17,Atlanta,engineering,Negotiated software procurement and vendor savings initiatives.
6485,Frank Stephenson,14,Austin,sales,Managed enterprise renewals exceeding $4M ARR.
6486,Robert Ford,12,Denver,product,Automated revenue recognition data quality checks.
6487,Thomas Smith,0,Austin,engineering,Improved fulfillment SLA reporting with automated dashboards.
6488,Ronald Bishop,1,Chicago,analytics,Improved NPS by redesigning incident communications workflow.
6489,Kevin Moore,11,Seattle,operations,Built churn propensity model for customer success team.
6490,Michael Nichols,8,Atlanta,analytics,Expanded support knowledge base and deflected repetitive tickets.
6491,Cynthia Wilkerson,5,Denver,product,Shipped experimentation framework for signup conversion.
6492,Cynthia Murphy,15,Chicago,product,Reduced cloud spend by redesigning batch compute workloads.
6493,Margaret Schwartz,8,Atlanta,engineering,Scaled self-serve onboarding funnel for SMB customers.
6494,Ian Cunningham,8,Remote,engineering,"Drove product launch for analytics module used by 8,000 accounts."
6495,Joanna Mcknight,5,Remote,operations,Improved fulfillment SLA reporting with automated dashboards.
6496,Amy Morgan,17,Chicago,support,Built dbt models and Airflow pipelines for finance analytics.
6497,Cheryl Richardson,6,Seattle,support,Improved NPS by redesigning incident communications workflow.
6498,Kerry Benjamin MD,4,Chicago,analytics,Shipped experimentation framework for signup conversion.
6499,Kayla Parsons,12,Remote,product,Built churn propensity model for customer success team.
6500,Danielle Brown,0,Denver,sales,Built churn propensity model for customer success team.
6501,Seth Gregory,10,Seattle,support,Closed strategic logistics accounts in manufacturing sector.
6502,Julie Ryan,10,Atlanta,product,Shipped experimentation framework for signup conversion.
6503,Jonathan Pennington,4,Seattle,product,Led multi-region ERP rollout across three warehouses.
6504,James Davidson,13,Remote,support,Built churn propensity model for customer success team.
6505,Megan Cooper,0,Austin,support,Ran agile ceremonies for cross-functional product squad.
6506,Lauren Campos,17,Remote,sales,Managed enterprise renewals exceeding $4M ARR.
6507,Amber Gray,15,Denver,support,Migrated legacy monolith endpoints to event-driven services.
6508,Sonya Carpenter,3,Austin,sales,Led multi-region ERP rollout across three warehouses.
6509,Brenda Horn,8,Denver,operations,Ran agile ceremonies for cross-functional product squad.
6510,Erin Gonzalez,3,Austin,engineering,Automated revenue recognition data quality checks.
6511,Anthony Alvarez,11,Atlanta,sales,Built role-based compensation benchmarking dashboards.
6512,Vanessa Gutierrez,6,Denver,engineering,"Drove product launch for analytics module used by 8,000 accounts."
6513,Jeremy Williams,8,Denver,operations,Improved NPS by redesigning incident communications workflow.
6514,Mark Johnson,17,Denver,engineering,Maintained SOC 2 evidence collection process.
6515,Sharon Trevino,11,Atlanta,support,Led multi-region ERP rollout across three warehouses.
6516,James Rice,15,Seattle,analytics,Maintained SOC 2 evidence collection process.
6517,Jennifer Thompson,11,Denver,analytics,Improved NPS by redesigning incident communications workflow.
6518,Elizabeth Evans,8,Austin,support,Closed strategic logistics accounts in manufacturing sector.
6519,Nicole Johnson,0,Atlanta,support,Migrated legacy monolith endpoints to event-driven services.
6520,Judith Black,1,Remote,support,Expanded support knowledge base and deflected repetitive tickets.
6521,Tracy Bean,9,Denver,analytics,Built dbt models and Airflow pipelines for finance analytics.
6522,Matthew Welch,9,Austin,sales,Managed high-volume healthcare recruiting for clinical roles.
6523,Jason Smith,9,Remote,support,Owned forecasting model for outbound pipeline generation.
6524,Melissa Ball,15,Denver,operations,Ran agile ceremonies for cross-functional product squad.
6525,Janice Rodriguez,1,Denver,engineering,"Implemented Okta and SCIM provisioning for 2,000 employees."
6526,Jennifer Anderson,11,Chicago,operations,Scaled self-serve onboarding funnel for SMB customers.
6527,Kerry Pittman,13,Seattle,sales,Negotiated software procurement and vendor savings initiatives.
6528,Bryan Brown,11,Austin,sales,Managed high-volume healthcare recruiting for clinical roles.
6529,Casey Livingston,4,Atlanta,analytics,Expanded support knowledge base and deflected repetitive tickets.
6530,Steven Baker,7,Denver,product,Improved fulfillment SLA reporting with automated dashboards.
6531,Gabriel Larson,0,Denver,engineering,Launched partner onboarding program across EMEA region.
6532,Catherine King,3,Chicago,engineering,Negotiated software procurement and vendor savings initiatives.
6533,Miss Sheri Yoder MD,14,Seattle,product,Maintained SOC 2 evidence collection process.
6534,Paul Cochran,11,Denver,support,"Drove product launch for analytics module used by 8,000 accounts."
6535,Brenda Martin,15,Remote,sales,Closed strategic logistics accounts in manufacturing sector.
6536,Cindy Carlson,12,Seattle,operations,Expanded support knowledge base and deflected repetitive tickets.
6537,Teresa Moore,4,Seattle,engineering,Ran agile ceremonies for cross-functional product squad.
6538,Jackson Smith,14,Denver,product,"Drove product launch for analytics module used by 8,000 accounts."
6539,Deborah Hayes,12,Remote,analytics,Improved fulfillment SLA reporting with automated dashboards.
6540,Tammy Brown,3,Atlanta,sales,Designed interview loops for engineering leveling refresh.
6541,Mariah Cole,0,Denver,sales,Owned forecasting model for outbound pipeline generation.
6542,Paul Allen,13,Denver,support,Improved NPS by redesigning incident communications workflow.
6543,Ryan Vance,12,Remote,analytics,Closed strategic logistics accounts in manufacturing sector.
6544,Harold Walker,1,Chicago,support,Introduced warehouse slotting optimization process.
6545,Dawn Molina,8,Remote,sales,Expanded support knowledge base and deflected repetitive tickets.
6546,Robin Clarke,16,Chicago,product,Improved fulfillment SLA reporting with automated dashboards.
6547,Diana Smith,14,Seattle,engineering,Ran agile ceremonies for cross-functional product squad.
6548,James Miles,14,Chicago,sales,Migrated legacy monolith endpoints to event-driven services.
6549,Stephanie Payne,7,Remote,support,Built role-based compensation benchmarking dashboards.
6550,Shannon Hudson,2,Remote,analytics,Closed strategic logistics accounts in manufacturing sector.
6551,Mrs. Jaclyn Crosby MD,6,Seattle,operations,Maintained SOC 2 evidence collection process.
6552,Craig Martinez,12,Remote,support,"Implemented Okta and SCIM provisioning for 2,000 employees."
6553,James Roman,15,Atlanta,analytics,Improved fulfillment SLA reporting with automated dashboards.
6554,Lori Rice,11,Remote,operations,Migrated legacy monolith endpoints to event-driven services.
6555,Benjamin Watson,0,Atlanta,sales,Improved fulfillment SLA reporting with automated dashboards.
6556,Robert Faulkner,10,Austin,support,Scaled self-serve onboarding funnel for SMB customers.
6557,Mary Thompson,3,Denver,analytics,Designed interview loops for engineering leveling refresh.
6558,Tiffany Lopez,10,Austin,product,Owned forecasting model for outbound pipeline generation.
6559,Cathy Ali,7,Atlanta,operations,Automated revenue recognition data quality checks.
6560,Betty Reyes,9,Austin,sales,Migrated legacy monolith endpoints to event-driven services.
6561,Vincent Fry,10,Chicago,engineering,Built churn propensity model for customer success team.
6562,Jennifer Lopez,11,Remote,sales,Expanded support knowledge base and deflected repetitive tickets.
6563,Leonard Lawrence,0,Seattle,support,Scaled self-serve onboarding funnel for SMB customers.
6564,Lindsay Nicholson,17,Denver,sales,Maintained SOC 2 evidence collection process.
6565,Nancy Moody,10,Atlanta,analytics,Introduced warehouse slotting optimization process.
6566,Danielle Flores,9,Atlanta,sales,Launched partner onboarding program across EMEA region.
6567,Karen Kaufman,6,Denver,product,Expanded support knowledge base and deflected repetitive tickets.
6568,Julie Simpson,1,Seattle,product,"Drove product launch for analytics module used by 8,000 accounts."
6569,Jacqueline Norman,11,Austin,support,Improved fulfillment SLA reporting with automated dashboards.
6570,Bryan Scott,6,Denver,support,Maintained SOC 2 evidence collection process.
6571,Joseph Camacho,16,Chicago,analytics,Automated revenue recognition data quality checks.
6572,Lawrence Wright,11,Seattle,engineering,"Implemented Okta and SCIM provisioning for 2,000 employees."
6573,Larry Reese,7,Atlanta,engineering,Owned forecasting model for outbound pipeline generation.
6574,Linda Moore,0,Seattle,operations,Ran agile ceremonies for cross-functional product squad.
6575,Adam Smith,9,Denver,support,Migrated legacy monolith endpoints to event-driven services.
6576,Edward Pearson,15,Chicago,engineering,Shipped experimentation framework for signup conversion.
6577,Julie Ross,8,Austin,analytics,Launched partner onboarding program across EMEA region.
6578,Misty Acevedo,11,Remote,product,"Implemented Okta and SCIM provisioning for 2,000 employees."
6579,Elizabeth Pearson,2,Chicago,product,"Implemented Okta and SCIM provisioning for 2,000 employees."
6580,Andrew Mitchell,7,Seattle,analytics,Built role-based compensation benchmarking dashboards.
6581,Andrea Turner,14,Denver,analytics,Improved NPS by redesigning incident communications workflow.
6582,Jose Andrews,7,Chicago,engineering,Closed strategic logistics accounts in manufacturing sector.
6583,Steven Bridges,15,Chicago,engineering,Launched partner onboarding program across EMEA region.
6584,Andrew Salazar,7,Seattle,sales,Managed high-volume healthcare recruiting for clinical roles.
6585,Garrett Powers,14,Chicago,support,"Drove product launch for analytics module used by 8,000 accounts."
6586,Patrick Estrada,11,Chicago,engineering,Expanded support knowledge base and deflected repetitive tickets.
6587,Elizabeth Smith,17,Seattle,support,Shipped experimentation framework for signup conversion.
6588,Michelle Hernandez,9,Atlanta,sales,Shipped experimentation framework for signup conversion.
6589,Cynthia Decker,8,Seattle,engineering,Maintained SOC 2 evidence collection process.
6590,Timothy Holder,6,Austin,engineering,Ran agile ceremonies for cross-functional product squad.
6591,Tommy Garcia,11,Remote,support,Built churn propensity model for customer success team.
6592,Kristin Oliver,17,Chicago,engineering,"Drove product launch for analytics module used by 8,000 accounts."
6593,Todd Bentley,3,Austin,analytics,Scaled self-serve onboarding funnel for SMB customers.
6594,Kimberly Kaufman,16,Austin,product,"Drove product launch for analytics module used by 8,000 accounts."
6595,Mariah Mathews,17,Chicago,analytics,Designed interview loops for engineering leveling refresh.
6596,Carlos Smith,13,Denver,operations,Built dbt models and Airflow pipelines for finance analytics.
6597,Jacob Burton,10,Austin,product,"Drove product launch for analytics module used by 8,000 accounts."
6598,Luis Ortiz,15,Atlanta,engineering,Negotiated software procurement and vendor savings initiatives.
6599,Jessica Cook,4,Atlanta,sales,Owned forecasting model for outbound pipeline generation.
6600,Dr. Matthew Oconnor,11,Seattle,sales,Managed high-volume healthcare recruiting for clinical roles.
6601,Donna Bradford,14,Austin,engineering,Automated revenue recognition data quality checks.
6602,Robert Parker,14,Austin,product,Shipped experimentation framework for signup conversion.
6603,Michael Stewart,10,Chicago,sales,Negotiated software procurement and vendor savings initiatives.
6604,Mary Olson,6,Denver,engineering,Expanded support knowledge base and deflected repetitive tickets.
6605,Sarah Davis,17,Atlanta,product,Managed enterprise renewals exceeding $4M ARR.
6606,John Gonzalez,12,Chicago,product,Built dbt models and Airflow pipelines for finance analytics.
6607,Jon Arellano,13,Denver,sales,Improved NPS by redesigning incident communications workflow.
6608,Jason Todd,11,Atlanta,operations,Shipped experimentation framework for signup conversion.
6609,Cassie Williams,15,Atlanta,support,Closed strategic logistics accounts in manufacturing sector.
6610,Sandra Garner,8,Atlanta,operations,Shipped experimentation framework for signup conversion.
6611,Miranda Garza,9,Atlanta,support,Launched partner onboarding program across EMEA region.
6612,Cheryl Stevens,14,Seattle,sales,Reduced cloud spend by redesigning batch compute workloads.
6613,Nicholas Patrick,9,Remote,support,Ran agile ceremonies for cross-functional product squad.
6614,Emily Bradford,4,Remote,analytics,Maintained SOC 2 evidence collection process.
6615,Lee Chan,13,Denver,engineering,Managed high-volume healthcare recruiting for clinical roles.
6616,Alexander Brady MD,6,Chicago,analytics,Closed strategic logistics accounts in manufacturing sector.
6617,Patricia Edwards,1,Chicago,engineering,Migrated legacy monolith endpoints to event-driven services.
6618,Wayne Smith,6,Denver,product,Built dbt models and Airflow pipelines for finance analytics.
6619,Jennifer Jones,0,Atlanta,product,Owned forecasting model for outbound pipeline generation.
6620,Andrea Ruiz,15,Atlanta,engineering,Improved fulfillment SLA reporting with automated dashboards.
6621,Thomas Grant,17,Austin,analytics,Owned forecasting model for outbound pipeline generation.
6622,Heather Webb,4,Remote,operations,Built churn propensity model for customer success team.
6623,Matthew Shields,16,Austin,engineering,Built churn propensity model for customer success team.
6624,Angela Bell,12,Denver,support,Ran agile ceremonies for cross-functional product squad.
6625,David Jacobs,17,Denver,engineering,Led multi-region ERP rollout across three warehouses.
6626,Robert Hicks,2,Denver,engineering,Expanded support knowledge base and deflected repetitive tickets.
6627,Joshua Miller,1,Chicago,support,Improved fulfillment SLA reporting with automated dashboards.
6628,Anna Woodard,16,Atlanta,sales,Reduced cloud spend by redesigning batch compute workloads.
6629,Devon Owen,4,Austin,product,Managed enterprise renewals exceeding $4M ARR.
6630,Jacob Guzman,10,Seattle,analytics,Led multi-region ERP rollout across three warehouses.
6631,James Lucas,16,Seattle,analytics,Built dbt models and Airflow pipelines for finance analytics.
6632,April Mitchell,6,Seattle,operations,Improved fulfillment SLA reporting with automated dashboards.
6633,Stephanie Owen,1,Seattle,operations,Managed high-volume healthcare recruiting for clinical roles.
6634,Emma Collins,14,Remote,sales,"Drove product launch for analytics module used by 8,000 accounts."
6635,Victoria Vang,8,Austin,support,Built dbt models and Airflow pipelines for finance analytics.
6636,Thomas Joseph,0,Remote,analytics,Reduced cloud spend by redesigning batch compute workloads.
6637,Brad Ryan,6,Atlanta,engineering,Managed enterprise renewals exceeding $4M ARR.
6638,Leah Long,9,Austin,sales,Launched partner onboarding program across EMEA region.
6639,Todd Simon,15,Remote,product,Launched partner onboarding program across EMEA region.
6640,Jacob Hoover,4,Seattle,operations,Scaled self-serve onboarding funnel for SMB customers.
6641,Melinda Ramirez,9,Chicago,sales,Automated revenue recognition data quality checks.
6642,Natasha Keller,3,Remote,sales,Shipped experimentation framework for signup conversion.
6643,Alexandria Myers,5,Seattle,sales,Negotiated software procurement and vendor savings initiatives.
6644,Michael Davis,4,Denver,product,Scaled self-serve onboarding funnel for SMB customers.
6645,Diane Kim,9,Austin,sales,Negotiated software procurement and vendor savings initiatives.
6646,Sharon Bowen,11,Seattle,sales,Managed high-volume healthcare recruiting for clinical roles.
6647,Jason Gonzalez,2,Remote,engineering,Ran agile ceremonies for cross-functional product squad.
6648,Lisa Mcdonald,1,Chicago,product,"Implemented Okta and SCIM provisioning for 2,000 employees."
6649,Alex Velez,13,Austin,operations,Launched partner onboarding program across EMEA region.
6650,Pamela Pittman,5,Chicago,support,Expanded support knowledge base and deflected repetitive tickets.
6651,Mr. Vincent Hansen,11,Chicago,support,Owned forecasting model for outbound pipeline generation.
6652,Amanda Jackson DVM,1,Denver,operations,Improved NPS by redesigning incident communications workflow.
6653,Linda Gilbert,10,Remote,operations,"Implemented Okta and SCIM provisioning for 2,000 employees."
6654,Miranda Schwartz,16,Remote,engineering,Improved NPS by redesigning incident communications workflow.
6655,Diane Walker,7,Seattle,support,Negotiated software procurement and vendor savings initiatives.
6656,Michael Lozano,10,Chicago,support,"Drove product launch for analytics module used by 8,000 accounts."
6657,Jamie Davis,5,Chicago,sales,Built role-based compensation benchmarking dashboards.
6658,Kristen Hoffman,5,Austin,sales,Launched partner onboarding program across EMEA region.
6659,Robert Allen,1,Seattle,operations,Built churn propensity model for customer success team.
6660,Ashley Douglas,8,Chicago,support,"Drove product launch for analytics module used by 8,000 accounts."
6661,Zachary Lindsey,17,Remote,analytics,Migrated legacy monolith endpoints to event-driven services.
6662,Caitlin Smith,2,Atlanta,engineering,Built role-based compensation benchmarking dashboards.
6663,Taylor Gregory,7,Denver,analytics,Led multi-region ERP rollout across three warehouses.
6664,Trevor Cox,15,Remote,support,Ran agile ceremonies for cross-functional product squad.
6665,John Wolfe,8,Austin,sales,Managed enterprise renewals exceeding $4M ARR.
6666,Sharon Shelton,13,Denver,operations,Shipped experimentation framework for signup conversion.
6667,Brenda Davidson,6,Chicago,support,Migrated legacy monolith endpoints to event-driven services.
6668,Jeremy Brown,10,Chicago,sales,Shipped experimentation framework for signup conversion.
6669,Benjamin Williamson,17,Remote,engineering,"Implemented Okta and SCIM provisioning for 2,000 employees."
6670,David Nelson,10,Atlanta,product,Scaled self-serve onboarding funnel for SMB customers.
6671,Katelyn Hughes,14,Austin,engineering,Introduced warehouse slotting optimization process.
6672,Shane White,12,Austin,engineering,Maintained SOC 2 evidence collection process.
6673,Peter Bennett,1,Chicago,sales,Expanded support knowledge base and deflected repetitive tickets.
6674,David Smith,2,Remote,support,Maintained SOC 2 evidence collection process.
6675,Angela Nichols,10,Austin,analytics,Expanded support knowledge base and deflected repetitive tickets.
6676,James Hess,6,Seattle,sales,Maintained SOC 2 evidence collection process.
6677,Abigail Meadows,8,Austin,engineering,Ran agile ceremonies for cross-functional product squad.
6678,Amber Reilly,8,Denver,product,"Implemented Okta and SCIM provisioning for 2,000 employees."
6679,David Foster,14,Atlanta,engineering,Improved fulfillment SLA reporting with automated dashboards.
6680,Ronald Watson,17,Austin,product,Led multi-region ERP rollout across three warehouses.
6681,Joseph Davidson,17,Denver,operations,Designed interview loops for engineering leveling refresh.
6682,Jessica Monroe,1,Chicago,sales,Owned forecasting model for outbound pipeline generation.
6683,Laurie Smith,13,Austin,operations,Automated revenue recognition data quality checks.
6684,Andrew Wilson,13,Austin,sales,Migrated legacy monolith endpoints to event-driven services.
6685,Robert Young,15,Austin,engineering,Migrated legacy monolith endpoints to event-driven services.
6686,Jacob Johnson,7,Seattle,operations,Automated revenue recognition data quality checks.
6687,Christopher Gonzalez,9,Austin,analytics,Built role-based compensation benchmarking dashboards.
6688,Nicole Carroll,8,Atlanta,operations,Built dbt models and Airflow pipelines for finance analytics.
6689,Holly Mathews,6,Austin,analytics,Owned forecasting model for outbound pipeline generation.
6690,Samantha Costa,4,Chicago,product,Designed interview loops for engineering leveling refresh.
6691,Marcus Ferguson,11,Chicago,engineering,Scaled self-serve onboarding funnel for SMB customers.
6692,Scott Ford,0,Denver,support,Expanded support knowledge base and deflected repetitive tickets.
6693,Theresa Michael,13,Seattle,sales,Managed high-volume healthcare recruiting for clinical roles.
6694,Deanna Nelson,15,Denver,engineering,"Implemented Okta and SCIM provisioning for 2,000 employees."
6695,Tiffany Williams,4,Austin,operations,Built churn propensity model for customer success team.
6696,Justin Jacobs,3,Austin,operations,"Implemented Okta and SCIM provisioning for 2,000 employees."
6697,Tammy Perez,9,Chicago,product,Managed high-volume healthcare recruiting for clinical roles.
6698,Justin Mccoy,15,Chicago,operations,Automated revenue recognition data quality checks.
6699,Joshua Price,2,Atlanta,support,"Drove product launch for analytics module used by 8,000 accounts."
6700,Kendra Campbell,7,Denver,product,Expanded support knowledge base and deflected repetitive tickets.
6701,Diane Rivera,3,Seattle,operations,Owned forecasting model for outbound pipeline generation.
6702,Mrs. Carol Bauer,15,Chicago,sales,Built dbt models and Airflow pipelines for finance analytics.
6703,Caleb Jensen,15,Seattle,product,Designed interview loops for engineering leveling refresh.
6704,Michael James,1,Austin,operations,"Implemented Okta and SCIM provisioning for 2,000 employees."
6705,Robert Garcia,2,Remote,operations,Launched partner onboarding program across EMEA region.
6706,Charles Weaver,2,Remote,support,Built churn propensity model for customer success team.
6707,Adam Cole,14,Chicago,operations,Managed enterprise renewals exceeding $4M ARR.
6708,Norma Winters,16,Chicago,analytics,Reduced cloud spend by redesigning batch compute workloads.
6709,Carlos Gomez,6,Austin,product,Ran agile ceremonies for cross-functional product squad.
6710,Holly Diaz MD,2,Remote,engineering,Expanded support knowledge base and deflected repetitive tickets.
6711,Melanie Jones,11,Austin,support,Automated revenue recognition data quality checks.
6712,Nicholas Tapia,16,Austin,operations,Shipped experimentation framework for signup conversion.
6713,Robert Stewart,16,Austin,analytics,Built dbt models and Airflow pipelines for finance analytics.
6714,Joseph Armstrong,8,Chicago,product,Improved NPS by redesigning incident communications workflow.
6715,Christopher Turner,14,Remote,analytics,Led multi-region ERP rollout across three warehouses.
6716,Kevin Parker,17,Austin,operations,Closed strategic logistics accounts in manufacturing sector.
6717,Amy Bennett,14,Atlanta,product,Scaled self-serve onboarding funnel for SMB customers.
6718,Patrick Lewis,8,Atlanta,analytics,Reduced cloud spend by redesigning batch compute workloads.
6719,Erica Mcmillan,4,Seattle,engineering,Built dbt models and Airflow pipelines for finance analytics.
6720,Lauren Flores,6,Seattle,engineering,Owned forecasting model for outbound pipeline generation.
6721,Kenneth Moss,6,Remote,operations,Automated revenue recognition data quality checks.
6722,Tara Walsh,17,Atlanta,support,Maintained SOC 2 evidence collection process.
6723,Jessica Manning,13,Remote,operations,Negotiated software procurement and vendor savings initiatives.
6724,Nathan Carpenter,15,Chicago,sales,Built role-based compensation benchmarking dashboards.
6725,James Martinez,13,Denver,product,Managed enterprise renewals exceeding $4M ARR.
6726,Stanley Reeves,8,Seattle,sales,Negotiated software procurement and vendor savings initiatives.
6727,Mark Hansen MD,14,Remote,engineering,Owned forecasting model for outbound pipeline generation.
6728,Jacqueline Harrison,11,Austin,operations,Shipped experimentation framework for signup conversion.
6729,Tracy Chaney,13,Denver,engineering,Ran agile ceremonies for cross-functional product squad.
6730,Sarah Solis,5,Seattle,analytics,Negotiated software procurement and vendor savings initiatives.
6731,Derek Foley,4,Austin,operations,Built churn propensity model for customer success team.
6732,Ariel Lopez,3,Denver,product,Maintained SOC 2 evidence collection process.
6733,Ian Burns,5,Atlanta,sales,Designed interview loops for engineering leveling refresh.
6734,Samuel Thomas,17,Austin,sales,Scaled self-serve onboarding funnel for SMB customers.
6735,Melissa Lewis,16,Remote,support,Introduced warehouse slotting optimization process.
6736,Christine Murillo,2,Denver,support,"Implemented Okta and SCIM provisioning for 2,000 employees."
6737,David Lopez,9,Seattle,operations,Built dbt models and Airflow pipelines for finance analytics.
6738,Brandi Allen,16,Denver,product,Managed enterprise renewals exceeding $4M ARR.
6739,James Lara,13,Denver,product,Improved fulfillment SLA reporting with automated dashboards.
6740,Jamie Villarreal,11,Remote,analytics,Expanded support knowledge base and deflected repetitive tickets.
6741,Deanna Gonzales,10,Remote,support,Built role-based compensation benchmarking dashboards.
6742,Lisa Fletcher,5,Atlanta,analytics,Ran agile ceremonies for cross-functional product squad.
6743,Joseph Morgan,16,Denver,operations,Automated revenue recognition data quality checks.
6744,Chad Parks,1,Seattle,analytics,Shipped experimentation framework for signup conversion.
6745,Brandon Barker,15,Seattle,product,Owned forecasting model for outbound pipeline generation.
6746,Jay Lopez,15,Remote,engineering,Shipped experimentation framework for signup conversion.
6747,Casey Ramirez,4,Chicago,engineering,Negotiated software procurement and vendor savings initiatives.
6748,Tyrone Simpson,9,Austin,operations,Managed enterprise renewals exceeding $4M ARR.
6749,Kevin Hernandez,15,Chicago,analytics,Managed high-volume healthcare recruiting for clinical roles.
6750,Rebecca Webb,8,Atlanta,sales,Owned forecasting model for outbound pipeline generation.
6751,Shannon Murphy,5,Chicago,analytics,Managed enterprise renewals exceeding $4M ARR.
6752,Glenn Mosley,1,Seattle,engineering,"Implemented Okta and SCIM provisioning for 2,000 employees."
6753,Timothy Morris,7,Remote,sales,Built role-based compensation benchmarking dashboards.
6754,Lisa Jones,4,Chicago,operations,"Implemented Okta and SCIM provisioning for 2,000 employees."
6755,Connie Johnson,15,Remote,engineering,Automated revenue recognition data quality checks.
6756,Jennifer Mitchell,15,Atlanta,analytics,Ran agile ceremonies for cross-functional product squad.
6757,Michael Lopez,5,Chicago,analytics,Maintained SOC 2 evidence collection process.
6758,Wendy Hardy,3,Chicago,analytics,Designed interview loops for engineering leveling refresh.
6759,Carl Cole,5,Austin,analytics,Led multi-region ERP rollout across three warehouses.
6760,Dalton Jones,7,Denver,support,Designed interview loops for engineering leveling refresh.
6761,Katie Choi,12,Austin,analytics,Owned forecasting model for outbound pipeline generation.
6762,Jennifer Evans,2,Austin,analytics,Ran agile ceremonies for cross-functional product squad.
6763,Timothy Ramos,17,Seattle,sales,Negotiated software procurement and vendor savings initiatives.
6764,Isaiah Young,12,Denver,support,Improved fulfillment SLA reporting with automated dashboards.
6765,Frances Edwards,2,Atlanta,sales,Managed enterprise renewals exceeding $4M ARR.
6766,Rebecca Taylor,5,Chicago,engineering,Expanded support knowledge base and deflected repetitive tickets.
6767,Nicholas Johnson,12,Atlanta,product,Ran agile ceremonies for cross-functional product squad.
6768,Michael Luna,9,Denver,sales,Built role-based compensation benchmarking dashboards.
6769,Jon Smith,9,Austin,engineering,Maintained SOC 2 evidence collection process.
6770,Jessica Harrington,0,Atlanta,sales,Introduced warehouse slotting optimization process.
6771,Christopher Chavez,7,Austin,product,Managed high-volume healthcare recruiting for clinical roles.
6772,Keith Smith,11,Seattle,product,Scaled self-serve onboarding funnel for SMB customers.
6773,Sandra Smith,13,Remote,support,Shipped experimentation framework for signup conversion.
6774,Michael Lee,8,Seattle,sales,Built role-based compensation benchmarking dashboards.
6775,Vickie Walters,9,Atlanta,analytics,Negotiated software procurement and vendor savings initiatives.
6776,Terri Ware,3,Remote,support,Migrated legacy monolith endpoints to event-driven services.
6777,Theresa Daniel,14,Chicago,operations,Ran agile ceremonies for cross-functional product squad.
6778,Jerome Edwards,12,Seattle,sales,Led multi-region ERP rollout across three warehouses.
6779,Mr. Brian Schaefer,13,Chicago,product,Managed high-volume healthcare recruiting for clinical roles.
6780,Miss Laura Washington,12,Austin,engineering,Built dbt models and Airflow pipelines for finance analytics.
6781,Kimberly Ramirez,17,Chicago,product,Closed strategic logistics accounts in manufacturing sector.
6782,Rachel Scott DVM,15,Atlanta,operations,Led multi-region ERP rollout across three warehouses.
6783,Amanda Singh,14,Austin,support,"Drove product launch for analytics module used by 8,000 accounts."
6784,Robin Smith,6,Chicago,operations,Designed interview loops for engineering leveling refresh.
6785,Michael Stanley,1,Austin,support,Managed enterprise renewals exceeding $4M ARR.
6786,Jason Brennan,0,Chicago,product,Built dbt models and Airflow pipelines for finance analytics.
6787,Cameron Mcgee,14,Seattle,operations,Shipped experimentation framework for signup conversion.
6788,Dawn James,16,Austin,sales,Owned forecasting model for outbound pipeline generation.
6789,Christopher Kelley,11,Chicago,engineering,Built role-based compensation benchmarking dashboards.
6790,Shirley Shaffer,12,Austin,product,Reduced cloud spend by redesigning batch compute workloads.
6791,Sean Garcia,1,Denver,product,Scaled self-serve onboarding funnel for SMB customers.
6792,Kristina Morgan,10,Seattle,analytics,Built dbt models and Airflow pipelines for finance analytics.
6793,Aaron Jones,10,Atlanta,engineering,Launched partner onboarding program across EMEA region.
6794,Jessica Hale,2,Chicago,product,Led multi-region ERP rollout across three warehouses.
6795,Carla Browning,13,Chicago,operations,Negotiated software procurement and vendor savings initiatives.
6796,Valerie Warner,6,Seattle,sales,Owned forecasting model for outbound pipeline generation.
6797,Jonathan Thompson,3,Denver,operations,Closed strategic logistics accounts in manufacturing sector.
6798,Mallory Peterson,12,Denver,product,Designed interview loops for engineering leveling refresh.
6799,Nicole Horton,7,Remote,support,Scaled self-serve onboarding funnel for SMB customers.
6800,Jose Mason,9,Seattle,analytics,Launched partner onboarding program across EMEA region.
6801,Vincent Harris,9,Chicago,support,Led multi-region ERP rollout across three warehouses.
6802,Kimberly Webb,11,Seattle,product,Expanded support knowledge base and deflected repetitive tickets.
6803,Joshua Abbott,7,Seattle,analytics,Built churn propensity model for customer success team.
6804,Joseph Cruz,14,Remote,sales,"Drove product launch for analytics module used by 8,000 accounts."
6805,Nicholas Wolfe,15,Chicago,engineering,Negotiated software procurement and vendor savings initiatives.
6806,Marvin Morales,8,Seattle,engineering,"Implemented Okta and SCIM provisioning for 2,000 employees."
6807,William Greene,3,Chicago,sales,Owned forecasting model for outbound pipeline generation.
6808,Tracy Myers,5,Denver,support,Automated revenue recognition data quality checks.
6809,Erika Patterson,13,Austin,engineering,Reduced cloud spend by redesigning batch compute workloads.
6810,Derrick Hampton,4,Atlanta,engineering,Introduced warehouse slotting optimization process.
6811,Stephen Weaver,14,Seattle,product,Expanded support knowledge base and deflected repetitive tickets.
6812,Selena Hodge,11,Denver,operations,Shipped experimentation framework for signup conversion.
6813,Dakota Brock,8,Denver,engineering,Expanded support knowledge base and deflected repetitive tickets.
6814,Joshua Berry,2,Chicago,product,Scaled self-serve onboarding funnel for SMB customers.
6815,Bradley Morales,9,Seattle,product,Negotiated software procurement and vendor savings initiatives.
6816,Jason Kelly,12,Remote,analytics,Designed interview loops for engineering leveling refresh.
6817,Jerry Hunter,2,Austin,engineering,Ran agile ceremonies for cross-functional product squad.
6818,Erin Wade,14,Chicago,analytics,Owned forecasting model for outbound pipeline generation.
6819,Jennifer Murphy,3,Atlanta,product,Closed strategic logistics accounts in manufacturing sector.
6820,Stacy Bell,7,Denver,product,Built role-based compensation benchmarking dashboards.
6821,Carolyn Harrison MD,9,Austin,analytics,Negotiated software procurement and vendor savings initiatives.
6822,James Griffin,13,Austin,product,Automated revenue recognition data quality checks.
6823,Rhonda Stokes,4,Chicago,support,Closed strategic logistics accounts in manufacturing sector.
6824,Doris Brown,6,Remote,engineering,Led multi-region ERP rollout across three warehouses.
6825,James Scott,14,Atlanta,analytics,Closed strategic logistics accounts in manufacturing sector.
6826,Christopher Scott,5,Chicago,analytics,Designed interview loops for engineering leveling refresh.
6827,Barry Hunt,11,Austin,support,Led multi-region ERP rollout across three warehouses.
6828,Tasha Smith,7,Seattle,analytics,Negotiated software procurement and vendor savings initiatives.
6829,Sandra Harris,1,Denver,support,Designed interview loops for engineering leveling refresh.
6830,Joseph Simmons,9,Denver,analytics,Maintained SOC 2 evidence collection process.
6831,Cynthia Flores,6,Atlanta,sales,Scaled self-serve onboarding funnel for SMB customers.
6832,Andrew Brown,4,Chicago,operations,Improved fulfillment SLA reporting with automated dashboards.
6833,David Lee,15,Seattle,product,Shipped experimentation framework for signup conversion.
6834,Elizabeth Zuniga,13,Chicago,product,Negotiated software procurement and vendor savings initiatives.
6835,Daniel Day,4,Seattle,analytics,Led multi-region ERP rollout across three warehouses.
6836,Andrew Steele,9,Atlanta,sales,Shipped experimentation framework for signup conversion.
6837,Kimberly Fitzgerald,12,Austin,sales,"Drove product launch for analytics module used by 8,000 accounts."
6838,William Frank,0,Atlanta,sales,Improved fulfillment SLA reporting with automated dashboards.
6839,Benjamin Adams,1,Austin,sales,Built role-based compensation benchmarking dashboards.
6840,Lauren Hamilton,9,Seattle,product,Built churn propensity model for customer success team.
6841,Lawrence Carlson,16,Denver,analytics,Expanded support knowledge base and deflected repetitive tickets.
6842,Tamara Woodard,16,Seattle,operations,Managed enterprise renewals exceeding $4M ARR.
6843,Brandy Nelson,8,Chicago,product,Maintained SOC 2 evidence collection process.
6844,Kristi Rodriguez MD,12,Denver,operations,Reduced cloud spend by redesigning batch compute workloads.
6845,Kelsey Evans,8,Chicago,support,Improved NPS by redesigning incident communications workflow.
6846,Julie Gomez,16,Chicago,analytics,Automated revenue recognition data quality checks.
6847,Nicole Vasquez,10,Denver,sales,Scaled self-serve onboarding funnel for SMB customers.
6848,Valerie Smith MD,16,Austin,product,Ran agile ceremonies for cross-functional product squad.
6849,Tiffany Berry,6,Denver,support,Owned forecasting model for outbound pipeline generation.
6850,Stacy Silva,16,Austin,product,Reduced cloud spend by redesigning batch compute workloads.
6851,Kimberly Taylor,13,Atlanta,engineering,Expanded support knowledge base and deflected repetitive tickets.
6852,Mrs. Michelle King,13,Austin,sales,Shipped experimentation framework for signup conversion.
6853,Shane Gates,0,Austin,sales,Shipped experimentation framework for signup conversion.
6854,Tracy Gomez,14,Denver,support,Designed interview loops for engineering leveling refresh.
6855,Vanessa Taylor,2,Chicago,product,Reduced cloud spend by redesigning batch compute workloads.
6856,Lisa Pitts,16,Remote,engineering,Expanded support knowledge base and deflected repetitive tickets.
6857,Ryan Hernandez,3,Chicago,engineering,Owned forecasting model for outbound pipeline generation.
6858,Justin Alexander,14,Denver,support,Automated revenue recognition data quality checks.
6859,Dustin Kim,11,Chicago,operations,Improved fulfillment SLA reporting with automated dashboards.
6860,Jacob Fry,7,Remote,support,Improved fulfillment SLA reporting with automated dashboards.
6861,Andrea Lam,16,Seattle,engineering,Migrated legacy monolith endpoints to event-driven services.
6862,Wendy Mcdaniel,6,Chicago,analytics,Ran agile ceremonies for cross-functional product squad.
6863,Christina Mason,1,Chicago,engineering,Owned forecasting model for outbound pipeline generation.
6864,Betty Obrien,1,Chicago,product,Improved NPS by redesigning incident communications workflow.
6865,Kelly Sanders,15,Austin,engineering,Led multi-region ERP rollout across three warehouses.
6866,Teresa Rodriguez,6,Chicago,sales,Launched partner onboarding program across EMEA region.
6867,David Miranda,14,Remote,engineering,Managed high-volume healthcare recruiting for clinical roles.
6868,Steven Johnson,0,Denver,sales,Scaled self-serve onboarding funnel for SMB customers.
6869,Miranda Bennett,1,Denver,operations,Migrated legacy monolith endpoints to event-driven services.
6870,Diana Stevens,17,Chicago,analytics,Improved fulfillment SLA reporting with automated dashboards.
6871,Ebony Black,2,Chicago,product,Automated revenue recognition data quality checks.
6872,William Lee,12,Atlanta,product,Scaled self-serve onboarding funnel for SMB customers.
6873,Jamie Bridges,6,Seattle,engineering,Reduced cloud spend by redesigning batch compute workloads.
6874,Vincent Melendez,9,Atlanta,operations,Improved fulfillment SLA reporting with automated dashboards.
6875,Brandon Cain,2,Atlanta,product,"Drove product launch for analytics module used by 8,000 accounts."
6876,Rebecca Davis,4,Chicago,engineering,Led multi-region ERP rollout across three warehouses.
6877,Brittany Maxwell,13,Remote,support,Owned forecasting model for outbound pipeline generation.
6878,Samantha Underwood,9,Seattle,operations,Built dbt models and Airflow pipelines for finance analytics.
6879,Jennifer Dunn,9,Remote,sales,Closed strategic logistics accounts in manufacturing sector.
6880,Taylor Reilly,17,Seattle,engineering,Introduced warehouse slotting optimization process.
6881,Joe Thomas,7,Seattle,sales,Owned forecasting model for outbound pipeline generation.
6882,Barbara Weber,14,Austin,engineering,Closed strategic logistics accounts in manufacturing sector.
6883,Alyssa Hernandez,13,Austin,sales,Negotiated software procurement and vendor savings initiatives.
6884,John Carey,8,Austin,analytics,Migrated legacy monolith endpoints to event-driven services.
6885,Michael Hogan,5,Denver,support,Owned forecasting model for outbound pipeline generation.
6886,Emily Nelson,6,Atlanta,analytics,Managed high-volume healthcare recruiting for clinical roles.
6887,Kimberly Little,15,Austin,support,Maintained SOC 2 evidence collection process.
6888,Stephen Ramirez,5,Seattle,engineering,Built dbt models and Airflow pipelines for finance analytics.
6889,Jeremy Morris,11,Atlanta,sales,"Drove product launch for analytics module used by 8,000 accounts."
6890,Mark Wallace,2,Atlanta,analytics,Introduced warehouse slotting optimization process.
6891,Erik Watkins Jr.,6,Remote,engineering,Automated revenue recognition data quality checks.
6892,Sharon Fernandez,16,Atlanta,analytics,Migrated legacy monolith endpoints to event-driven services.
6893,Sarah Curry,9,Austin,sales,Launched partner onboarding program across EMEA region.
6894,Austin Aguilar,14,Seattle,operations,Negotiated software procurement and vendor savings initiatives.
6895,Lance Grant,4,Remote,analytics,"Implemented Okta and SCIM provisioning for 2,000 employees."
6896,Jordan Franklin,13,Austin,product,Introduced warehouse slotting optimization process.
6897,Jeanette Sullivan,17,Atlanta,engineering,Managed high-volume healthcare recruiting for clinical roles.
6898,Kathy Pierce,16,Denver,analytics,Built dbt models and Airflow pipelines for finance analytics.
6899,Daniel Johnson,7,Austin,analytics,Managed enterprise renewals exceeding $4M ARR.
6900,Alan Mendoza,12,Chicago,engineering,Automated revenue recognition data quality checks.
6901,David Ross,16,Remote,analytics,Built churn propensity model for customer success team.
6902,Brian Welch,14,Denver,engineering,"Drove product launch for analytics module used by 8,000 accounts."
6903,Alyssa Atkinson,17,Atlanta,support,Shipped experimentation framework for signup conversion.
6904,Kimberly Aguirre,0,Seattle,sales,"Drove product launch for analytics module used by 8,000 accounts."
6905,Timothy Holland,9,Denver,engineering,Closed strategic logistics accounts in manufacturing sector.
6906,Maria Boone,14,Remote,engineering,Built role-based compensation benchmarking dashboards.
6907,Annette Wang,13,Denver,operations,Launched partner onboarding program across EMEA region.
6908,Alyssa Carey,2,Remote,sales,Improved NPS by redesigning incident communications workflow.
6909,James Espinoza,10,Austin,operations,Owned forecasting model for outbound pipeline generation.
6910,Linda Marks,2,Remote,product,Shipped experimentation framework for signup conversion.
6911,Kevin Robinson,1,Austin,product,Introduced warehouse slotting optimization process.
6912,Leah Thomas,2,Seattle,support,"Drove product launch for analytics module used by 8,000 accounts."
6913,Stephanie Walker,17,Atlanta,operations,Improved NPS by redesigning incident communications workflow.
6914,Kayla Spears,4,Atlanta,engineering,Built churn propensity model for customer success team.
6915,Eric Barrera,8,Remote,operations,Managed enterprise renewals exceeding $4M ARR.
6916,Dana Stewart,4,Atlanta,engineering,Led multi-region ERP rollout across three warehouses.
6917,Garrett Dixon,16,Seattle,engineering,Built dbt models and Airflow pipelines for finance analytics.
6918,Joseph Blair,16,Seattle,sales,Managed enterprise renewals exceeding $4M ARR.
6919,William Morgan,11,Remote,support,Improved fulfillment SLA reporting with automated dashboards.
6920,Alexis Tucker,14,Chicago,support,Reduced cloud spend by redesigning batch compute workloads.
6921,Brian Jackson,1,Remote,analytics,Improved fulfillment SLA reporting with automated dashboards.
6922,Stephanie Robinson,17,Atlanta,sales,Shipped experimentation framework for signup conversion.
6923,Gerald Williams,7,Austin,support,Built role-based compensation benchmarking dashboards.
6924,Emily Lowe,7,Remote,product,Built role-based compensation benchmarking dashboards.
6925,Cameron Davis,3,Seattle,analytics,Managed enterprise renewals exceeding $4M ARR.
6926,Larry Wiley,15,Remote,support,Built churn propensity model for customer success team.
6927,Donald Short,3,Seattle,product,Built dbt models and Airflow pipelines for finance analytics.
6928,Eric Holden,15,Denver,support,Improved NPS by redesigning incident communications workflow.
6929,Ashley Jones,12,Denver,product,Managed enterprise renewals exceeding $4M ARR.
6930,Stephen Tapia,13,Chicago,sales,Owned forecasting model for outbound pipeline generation.
6931,Meredith Goodwin,0,Denver,sales,"Implemented Okta and SCIM provisioning for 2,000 employees."
6932,Vanessa Mcguire,13,Austin,sales,Introduced warehouse slotting optimization process.
6933,Christina Nichols,17,Seattle,sales,Reduced cloud spend by redesigning batch compute workloads.
6934,Frederick Brady,7,Seattle,analytics,Built churn propensity model for customer success team.
6935,Paula Guzman,8,Remote,product,"Implemented Okta and SCIM provisioning for 2,000 employees."
6936,Lauren Kim,2,Atlanta,sales,Built churn propensity model for customer success team.
6937,Lisa Medina,8,Remote,support,Built dbt models and Airflow pipelines for finance analytics.
6938,Brenda Fowler,12,Chicago,engineering,Led multi-region ERP rollout across three warehouses.
6939,Richard Adams,5,Denver,product,Managed enterprise renewals exceeding $4M ARR.
6940,Edgar Jenkins,13,Seattle,analytics,Owned forecasting model for outbound pipeline generation.
6941,Robert Johnson,1,Seattle,operations,Maintained SOC 2 evidence collection process.
6942,Crystal Barton,12,Seattle,operations,"Drove product launch for analytics module used by 8,000 accounts."
6943,Jessica Evans,10,Denver,product,Built churn propensity model for customer success team.
6944,Jeffrey Pace,4,Austin,operations,Launched partner onboarding program across EMEA region.
6945,Karen Chang,6,Remote,engineering,Improved NPS by redesigning incident communications workflow.
6946,Christine Wilson,4,Denver,analytics,Closed strategic logistics accounts in manufacturing sector.
6947,Kathleen Chavez,11,Atlanta,analytics,"Implemented Okta and SCIM provisioning for 2,000 employees."
6948,Lindsay Warner,11,Austin,support,Automated revenue recognition data quality checks.
6949,Jeffrey Garcia,10,Remote,operations,"Drove product launch for analytics module used by 8,000 accounts."
6950,Justin Paul,3,Chicago,sales,Closed strategic logistics accounts in manufacturing sector.
6951,Breanna Gallegos,3,Remote,engineering,Built role-based compensation benchmarking dashboards.
6952,Jacob Thornton,14,Seattle,product,Scaled self-serve onboarding funnel for SMB customers.
6953,Christopher Underwood,8,Chicago,sales,Built dbt models and Airflow pipelines for finance analytics.
6954,Eric Bennett,7,Denver,operations,Improved fulfillment SLA reporting with automated dashboards.
6955,Jacqueline Pierce DDS,5,Remote,engineering,Designed interview loops for engineering leveling refresh.
6956,David Reynolds,16,Atlanta,sales,Introduced warehouse slotting optimization process.
6957,Travis Lozano,4,Seattle,engineering,"Drove product launch for analytics module used by 8,000 accounts."
6958,Robert Bradford,13,Atlanta,operations,Shipped experimentation framework for signup conversion.
6959,Jasmine Acosta,13,Chicago,product,Led multi-region ERP rollout across three warehouses.
6960,Mark Kelly,4,Austin,sales,Migrated legacy monolith endpoints to event-driven services.
6961,Bradley Burton,0,Austin,product,Migrated legacy monolith endpoints to event-driven services.
6962,Timothy Hickman,4,Denver,analytics,Maintained SOC 2 evidence collection process.
6963,Arthur Smith,4,Seattle,product,Migrated legacy monolith endpoints to event-driven services.
6964,Christopher Martin,13,Chicago,analytics,Managed enterprise renewals exceeding $4M ARR.
6965,Anna Cunningham,9,Chicago,product,"Drove product launch for analytics module used by 8,000 accounts."
6966,Roy Mitchell,7,Denver,analytics,"Implemented Okta and SCIM provisioning for 2,000 employees."
6967,Mrs. Pamela Monroe DDS,8,Chicago,support,Introduced warehouse slotting optimization process.
6968,Steve Thornton,17,Denver,engineering,Shipped experimentation framework for signup conversion.
6969,Justin Benson,16,Atlanta,product,Managed high-volume healthcare recruiting for clinical roles.
6970,Donna Fitzgerald,0,Chicago,engineering,Reduced cloud spend by redesigning batch compute workloads.
6971,Robert Villarreal,15,Austin,sales,Introduced warehouse slotting optimization process.
6972,Donna Walsh,6,Austin,support,Managed enterprise renewals exceeding $4M ARR.
6973,Dakota Villa,13,Denver,sales,Ran agile ceremonies for cross-functional product squad.
6974,Jessica Farrell,17,Chicago,engineering,Automated revenue recognition data quality checks.
6975,Timothy Johnson,9,Seattle,product,Improved NPS by redesigning incident communications workflow.
6976,Lauren Mann,11,Austin,analytics,Reduced cloud spend by redesigning batch compute workloads.
6977,Justin Lopez,7,Austin,operations,Owned forecasting model for outbound pipeline generation.
6978,Joe Greene,1,Atlanta,sales,Introduced warehouse slotting optimization process.
6979,Jason Graham,0,Atlanta,support,Improved fulfillment SLA reporting with automated dashboards.
6980,Charles Edwards,6,Seattle,sales,Led multi-region ERP rollout across three warehouses.
6981,David Thompson,14,Austin,analytics,Improved NPS by redesigning incident communications workflow.
6982,Amanda Leon,6,Seattle,engineering,Ran agile ceremonies for cross-functional product squad.
6983,Brandi Hale,7,Remote,sales,Improved fulfillment SLA reporting with automated dashboards.
6984,Louis Stephens,9,Atlanta,engineering,Automated revenue recognition data quality checks.
6985,William Hardy,5,Denver,sales,Shipped experimentation framework for signup conversion.
6986,Kristen Vance,8,Denver,operations,Improved NPS by redesigning incident communications workflow.
6987,Luis Smith MD,10,Seattle,support,Expanded support knowledge base and deflected repetitive tickets.
6988,Benjamin Hernandez,15,Austin,support,Shipped experimentation framework for signup conversion.
6989,Robert Martinez,13,Seattle,analytics,Owned forecasting model for outbound pipeline generation.
6990,Luis Lewis,14,Chicago,product,Scaled self-serve onboarding funnel for SMB customers.
6991,Hayley Ellis,9,Remote,operations,Expanded support knowledge base and deflected repetitive tickets.
6992,Susan Hamilton,12,Austin,operations,Maintained SOC 2 evidence collection process.
6993,Sean Bennett,2,Atlanta,analytics,"Implemented Okta and SCIM provisioning for 2,000 employees."
6994,Joshua Sanchez,2,Denver,sales,Shipped experimentation framework for signup conversion.
6995,Jamie Jones,16,Denver,operations,Led multi-region ERP rollout across three warehouses.
6996,Nicole Moss,10,Denver,product,Managed high-volume healthcare recruiting for clinical roles.
6997,Stephanie Schultz,2,Austin,operations,Built role-based compensation benchmarking dashboards.
6998,Peter Fowler,7,Remote,product,Reduced cloud spend by redesigning batch compute workloads.
6999,Mr. Samuel Baker,17,Atlanta,support,Maintained SOC 2 evidence collection process.
7000,Lawrence Johnson,0,Atlanta,sales,Led multi-region ERP rollout across three warehouses.
7001,Tracy Calhoun,7,Atlanta,operations,Introduced warehouse slotting optimization process.
7002,April White,15,Atlanta,operations,Maintained SOC 2 evidence collection process.
7003,Gwendolyn Chandler,17,Atlanta,product,Ran agile ceremonies for cross-functional product squad.
7004,Sandra Casey,6,Denver,operations,Designed interview loops for engineering leveling refresh.
7005,Dylan Vega,16,Austin,operations,Scaled self-serve onboarding funnel for SMB customers.
7006,Jennifer Taylor,12,Austin,support,Built churn propensity model for customer success team.
7007,Kimberly Armstrong,7,Atlanta,product,Improved NPS by redesigning incident communications workflow.
7008,Paul Frye,14,Chicago,analytics,Designed interview loops for engineering leveling refresh.
7009,Timothy Hill,14,Denver,product,Negotiated software procurement and vendor savings initiatives.
7010,Melissa Brooks,4,Atlanta,engineering,"Drove product launch for analytics module used by 8,000 accounts."
7011,Mr. Craig Howard,1,Atlanta,product,Expanded support knowledge base and deflected repetitive tickets.
7012,Michael Chapman,14,Chicago,sales,Maintained SOC 2 evidence collection process.
7013,Julie Holloway,1,Atlanta,support,Designed interview loops for engineering leveling refresh.
7014,Cesar Watts,14,Remote,analytics,Built dbt models and Airflow pipelines for finance analytics.
7015,Kevin Mitchell,6,Denver,analytics,Reduced cloud spend by redesigning batch compute workloads.
7016,Matthew Coleman,12,Austin,engineering,Maintained SOC 2 evidence collection process.
7017,Amber Rice,10,Atlanta,analytics,Shipped experimentation framework for signup conversion.
7018,Anthony Garcia,0,Atlanta,engineering,Designed interview loops for engineering leveling refresh.
7019,Karen Sanchez,0,Denver,analytics,Owned forecasting model for outbound pipeline generation.
7020,Kevin Nguyen,11,Atlanta,operations,Maintained SOC 2 evidence collection process.
7021,Danielle Hamilton,9,Seattle,sales,Negotiated software procurement and vendor savings initiatives.
7022,Carolyn Garcia,0,Atlanta,operations,Managed enterprise renewals exceeding $4M ARR.
7023,Katelyn Dunn,17,Seattle,sales,"Drove product launch for analytics module used by 8,000 accounts."
7024,Anne Gilbert,4,Austin,engineering,Expanded support knowledge base and deflected repetitive tickets.
7025,Joseph Henderson,15,Chicago,engineering,Managed enterprise renewals exceeding $4M ARR.
7026,Philip Combs,2,Atlanta,operations,Built role-based compensation benchmarking dashboards.
7027,Joshua Monroe,4,Chicago,support,Improved fulfillment SLA reporting with automated dashboards.
7028,Jeffrey Lane,9,Remote,analytics,Introduced warehouse slotting optimization process.
7029,Tim Griffith,9,Seattle,engineering,Built churn propensity model for customer success team.
7030,Dennis Mann,10,Denver,operations,Reduced cloud spend by redesigning batch compute workloads.
7031,Jared Brown,3,Seattle,analytics,Managed enterprise renewals exceeding $4M ARR.
7032,Cody Shaw,4,Remote,sales,Led multi-region ERP rollout across three warehouses.
7033,Vanessa Vazquez,4,Austin,engineering,Managed high-volume healthcare recruiting for clinical roles.
7034,Michael Leonard,7,Atlanta,sales,Owned forecasting model for outbound pipeline generation.
7035,Brenda Roberts,16,Denver,engineering,Shipped experimentation framework for signup conversion.
7036,Dylan Hernandez,8,Seattle,sales,Automated revenue recognition data quality checks.
7037,John Garcia,17,Chicago,analytics,Built dbt models and Airflow pipelines for finance analytics.
7038,Francisco Chapman,4,Chicago,support,Maintained SOC 2 evidence collection process.
7039,Brandon Heath,4,Seattle,product,Closed strategic logistics accounts in manufacturing sector.
7040,David Allison,1,Remote,support,Managed enterprise renewals exceeding $4M ARR.
7041,Betty Farrell,3,Austin,operations,Managed high-volume healthcare recruiting for clinical roles.
7042,Andre Flores,5,Atlanta,product,Improved NPS by redesigning incident communications workflow.
7043,Laurie Lopez,6,Seattle,product,Automated revenue recognition data quality checks.
7044,Jaime Taylor,12,Austin,operations,Migrated legacy monolith endpoints to event-driven services.
7045,Tyler Stevenson,8,Atlanta,engineering,Introduced warehouse slotting optimization process.
7046,Sarah Wilson,12,Remote,operations,Launched partner onboarding program across EMEA region.
7047,Joseph Clark,1,Remote,operations,Shipped experimentation framework for signup conversion.
7048,Cheryl May,17,Chicago,support,"Implemented Okta and SCIM provisioning for 2,000 employees."
7049,Jose Moses,2,Remote,engineering,Managed high-volume healthcare recruiting for clinical roles.
7050,Daniel Sanchez,0,Denver,analytics,Ran agile ceremonies for cross-functional product squad.
7051,Gabriela Heath,7,Denver,sales,Built churn propensity model for customer success team.
7052,Felicia Robinson,11,Chicago,operations,"Implemented Okta and SCIM provisioning for 2,000 employees."
7053,James Barton,4,Seattle,engineering,Managed enterprise renewals exceeding $4M ARR.
7054,Jeremy Mcguire,2,Austin,analytics,Improved NPS by redesigning incident communications workflow.
7055,Kevin Jordan,15,Seattle,engineering,Introduced warehouse slotting optimization process.
7056,Christopher Brown,14,Austin,product,Maintained SOC 2 evidence collection process.
7057,Tiffany Wright,13,Remote,support,Built dbt models and Airflow pipelines for finance analytics.
7058,Mallory Wells,3,Chicago,product,Closed strategic logistics accounts in manufacturing sector.
7059,Samantha Hill,9,Atlanta,analytics,Migrated legacy monolith endpoints to event-driven services.
7060,Mallory Ward,12,Chicago,product,Introduced warehouse slotting optimization process.
7061,Sandra Kelly,7,Austin,sales,Designed interview loops for engineering leveling refresh.
7062,Anna Barker,3,Austin,engineering,Owned forecasting model for outbound pipeline generation.
7063,Vicki Powell PhD,14,Remote,product,Maintained SOC 2 evidence collection process.
7064,Andrea Freeman,16,Austin,analytics,"Drove product launch for analytics module used by 8,000 accounts."
7065,Toni Wood,2,Austin,support,Designed interview loops for engineering leveling refresh.
7066,Mark Brown,12,Atlanta,sales,Ran agile ceremonies for cross-functional product squad.
7067,Jennifer Garcia,15,Remote,operations,Automated revenue recognition data quality checks.
7068,Willie Robinson,9,Austin,support,Led multi-region ERP rollout across three warehouses.
7069,Kevin Wood,0,Chicago,operations,Scaled self-serve onboarding funnel for SMB customers.
7070,Jeremy Riddle,12,Atlanta,engineering,Built churn propensity model for customer success team.
7071,Phillip Hamilton,16,Denver,sales,Improved NPS by redesigning incident communications workflow.
7072,David Clark,4,Austin,operations,Introduced warehouse slotting optimization process.
7073,Melissa Howe,2,Remote,support,Negotiated software procurement and vendor savings initiatives.
7074,Mark Cannon,4,Denver,operations,Ran agile ceremonies for cross-functional product squad.
7075,Gina Wright,14,Seattle,operations,Designed interview loops for engineering leveling refresh.
7076,Shawn Mann,10,Denver,analytics,Improved fulfillment SLA reporting with automated dashboards.
7077,Katherine Vargas MD,0,Atlanta,engineering,Led multi-region ERP rollout across three warehouses.
7078,Brad Davidson,10,Remote,analytics,Led multi-region ERP rollout across three warehouses.
7079,Melissa Barnes,14,Chicago,sales,Closed strategic logistics accounts in manufacturing sector.
7080,Mario Velazquez,3,Seattle,product,Reduced cloud spend by redesigning batch compute workloads.
7081,Daniel Hopkins,10,Chicago,sales,Managed enterprise renewals exceeding $4M ARR.
7082,Gary Curry,4,Chicago,sales,Scaled self-serve onboarding funnel for SMB customers.
7083,Kenneth Gutierrez,0,Austin,operations,Introduced warehouse slotting optimization process.
7084,Nicholas Thomas,7,Denver,operations,Closed strategic logistics accounts in manufacturing sector.
7085,Leslie Young,13,Atlanta,analytics,Led multi-region ERP rollout across three warehouses.
7086,Stacy Payne,12,Atlanta,support,Designed interview loops for engineering leveling refresh.
7087,Jennifer Gomez,1,Denver,product,Designed interview loops for engineering leveling refresh.
7088,Travis Miller,3,Denver,product,Scaled self-serve onboarding funnel for SMB customers.
7089,Richard Rios,9,Chicago,sales,Ran agile ceremonies for cross-functional product squad.
7090,Anita Sanchez,5,Remote,analytics,Improved fulfillment SLA reporting with automated dashboards.
7091,Daniel Anderson Jr.,5,Denver,sales,Managed enterprise renewals exceeding $4M ARR.
7092,Patricia Mejia,7,Chicago,support,Managed enterprise renewals exceeding $4M ARR.
7093,Denise Austin,13,Remote,engineering,Introduced warehouse slotting optimization process.
7094,Tina Mckee,10,Atlanta,product,Improved NPS by redesigning incident communications workflow.
7095,Steven Hughes,15,Remote,operations,Owned forecasting model for outbound pipeline generation.
7096,Daniel Anderson,1,Denver,support,Maintained SOC 2 evidence collection process.
7097,Dustin Bowers,8,Denver,support,Owned forecasting model for outbound pipeline generation.
7098,Elizabeth Mejia,9,Seattle,operations,"Implemented Okta and SCIM provisioning for 2,000 employees."
7099,Frank Ramirez,13,Remote,product,Automated revenue recognition data quality checks.
7100,Kenneth Guerra,9,Seattle,sales,Maintained SOC 2 evidence collection process.
7101,Ryan Phillips,16,Denver,support,Improved NPS by redesigning incident communications workflow.
7102,Christine Cabrera,15,Atlanta,product,Migrated legacy monolith endpoints to event-driven services.
7103,Julia Adkins,12,Denver,engineering,Ran agile ceremonies for cross-functional product squad.
7104,Renee Mccoy,7,Denver,product,Ran agile ceremonies for cross-functional product squad.
7105,Daniel Hoover,5,Denver,product,Owned forecasting model for outbound pipeline generation.
7106,Ryan Miller,9,Austin,operations,Automated revenue recognition data quality checks.
7107,Catherine Gutierrez,8,Remote,product,Scaled self-serve onboarding funnel for SMB customers.
7108,Michelle Bradley,0,Austin,engineering,Scaled self-serve onboarding funnel for SMB customers.
7109,Jason Mayo,4,Chicago,sales,Designed interview loops for engineering leveling refresh.
7110,Michael Pierce,15,Chicago,support,Launched partner onboarding program across EMEA region.
7111,Daniel Rodriguez,8,Chicago,product,Closed strategic logistics accounts in manufacturing sector.
7112,James Jackson,17,Denver,engineering,Managed enterprise renewals exceeding $4M ARR.
7113,Laura Wilson,4,Remote,support,Improved NPS by redesigning incident communications workflow.
7114,Danielle Guzman,17,Chicago,engineering,Closed strategic logistics accounts in manufacturing sector.
7115,Amanda Webster,14,Seattle,support,Maintained SOC 2 evidence collection process.
7116,David Stanton,6,Seattle,product,Closed strategic logistics accounts in manufacturing sector.
7117,Thomas Barnes,10,Seattle,operations,Ran agile ceremonies for cross-functional product squad.
7118,Dr. Tyler Hill,17,Atlanta,engineering,Reduced cloud spend by redesigning batch compute workloads.
7119,Diana Petersen,11,Seattle,sales,Led multi-region ERP rollout across three warehouses.
7120,Melissa Davis,16,Seattle,analytics,Closed strategic logistics accounts in manufacturing sector.
7121,Benjamin Hamilton,1,Seattle,support,Built role-based compensation benchmarking dashboards.
7122,Amanda Mcknight,2,Atlanta,analytics,Built dbt models and Airflow pipelines for finance analytics.
7123,Anna Morales,0,Austin,operations,Built role-based compensation benchmarking dashboards.
7124,Laura Page,5,Atlanta,analytics,Maintained SOC 2 evidence collection process.
7125,Angela Johnson,14,Seattle,product,Led multi-region ERP rollout across three warehouses.
7126,Mary Livingston,17,Denver,support,Migrated legacy monolith endpoints to event-driven services.
7127,Amanda Moreno,9,Chicago,engineering,"Drove product launch for analytics module used by 8,000 accounts."
7128,Jennifer Butler,7,Atlanta,sales,Automated revenue recognition data quality checks.
7129,Thomas Kidd,16,Austin,operations,Maintained SOC 2 evidence collection process.
7130,Andrea Oliver,10,Seattle,sales,Reduced cloud spend by redesigning batch compute workloads.
7131,Edgar Martinez,9,Remote,support,Introduced warehouse slotting optimization process.
7132,Christina Shaw,1,Denver,product,Led multi-region ERP rollout across three warehouses.
7133,Erin Spencer,3,Austin,analytics,Led multi-region ERP rollout across three warehouses.
7134,Whitney Clark,12,Chicago,product,Maintained SOC 2 evidence collection process.
7135,Jeffery Dominguez,12,Austin,operations,Reduced cloud spend by redesigning batch compute workloads.
7136,Megan Tucker,8,Denver,support,Shipped experimentation framework for signup conversion.
7137,Leslie Harris,12,Chicago,support,Migrated legacy monolith endpoints to event-driven services.
7138,Amy Nguyen,12,Seattle,sales,Managed high-volume healthcare recruiting for clinical roles.
7139,Dr. Stephen Gibbs,1,Remote,support,Shipped experimentation framework for signup conversion.
7140,Shawn Patton,15,Denver,analytics,Scaled self-serve onboarding funnel for SMB customers.
7141,Michael Howe,12,Remote,analytics,Expanded support knowledge base and deflected repetitive tickets.
7142,Whitney Turner,3,Denver,sales,Scaled self-serve onboarding funnel for SMB customers.
7143,Sean Martin,3,Austin,sales,Negotiated software procurement and vendor savings initiatives.
7144,Kristi Rios,17,Remote,product,Migrated legacy monolith endpoints to event-driven services.
7145,Bryan Pittman,4,Denver,analytics,Introduced warehouse slotting optimization process.
7146,Mark Stewart,0,Remote,engineering,Automated revenue recognition data quality checks.
7147,Taylor Jones,0,Seattle,analytics,Expanded support knowledge base and deflected repetitive tickets.
7148,Christy Graham,4,Remote,analytics,Owned forecasting model for outbound pipeline generation.
7149,Isabella James,11,Atlanta,support,Built dbt models and Airflow pipelines for finance analytics.
7150,Chelsea Jones,8,Atlanta,product,Built role-based compensation benchmarking dashboards.
7151,Tracey Johnson,13,Chicago,analytics,Built churn propensity model for customer success team.
7152,Elizabeth Arellano,4,Chicago,engineering,Owned forecasting model for outbound pipeline generation.
7153,Jamie Patton,4,Chicago,operations,Shipped experimentation framework for signup conversion.
7154,Mrs. Margaret Wilson MD,7,Chicago,sales,Led multi-region ERP rollout across three warehouses.
7155,Michael Miller,14,Atlanta,engineering,Ran agile ceremonies for cross-functional product squad.
7156,Gary Jenkins,9,Remote,product,Led multi-region ERP rollout across three warehouses.
7157,Tracy Lopez,13,Austin,sales,Automated revenue recognition data quality checks.
7158,Joshua Olsen,1,Atlanta,sales,Led multi-region ERP rollout across three warehouses.
7159,Zachary Thompson,7,Seattle,operations,Managed enterprise renewals exceeding $4M ARR.
7160,Nancy Barry,7,Denver,operations,"Drove product launch for analytics module used by 8,000 accounts."
7161,Mark Campbell,1,Chicago,analytics,"Implemented Okta and SCIM provisioning for 2,000 employees."
7162,Ana Zimmerman,5,Denver,sales,Scaled self-serve onboarding funnel for SMB customers.
7163,Linda Austin,5,Seattle,support,Launched partner onboarding program across EMEA region.
7164,Suzanne Howard,8,Remote,engineering,Maintained SOC 2 evidence collection process.
7165,Douglas Hudson,2,Seattle,product,"Drove product launch for analytics module used by 8,000 accounts."
7166,Connie Brown,4,Denver,product,Launched partner onboarding program across EMEA region.
7167,Kevin Fuller,17,Atlanta,analytics,"Drove product launch for analytics module used by 8,000 accounts."
7168,Jessica Bailey,2,Seattle,engineering,Improved fulfillment SLA reporting with automated dashboards.
7169,Jennifer Diaz,14,Seattle,support,Ran agile ceremonies for cross-functional product squad.
7170,Elizabeth Thomas,9,Austin,support,Built churn propensity model for customer success team.
7171,Joan Ramsey DDS,1,Austin,analytics,Led multi-region ERP rollout across three warehouses.
7172,Casey Valdez,7,Denver,sales,Launched partner onboarding program across EMEA region.
7173,Alexander Reyes,9,Chicago,operations,Managed high-volume healthcare recruiting for clinical roles.
7174,Alexander Williams,4,Atlanta,operations,Scaled self-serve onboarding funnel for SMB customers.
7175,Zachary Mccall,4,Atlanta,analytics,Improved fulfillment SLA reporting with automated dashboards.
7176,Daniel Hatfield,12,Remote,sales,"Drove product launch for analytics module used by 8,000 accounts."
7177,Matthew Woodward,0,Seattle,operations,Led multi-region ERP rollout across three warehouses.
7178,Debbie Cobb,16,Austin,product,Improved NPS by redesigning incident communications workflow.
7179,Paula Garcia,5,Remote,operations,Improved fulfillment SLA reporting with automated dashboards.
7180,Warren Hooper,6,Seattle,analytics,Managed enterprise renewals exceeding $4M ARR.
7181,Joshua Brown,2,Denver,product,"Implemented Okta and SCIM provisioning for 2,000 employees."
7182,William Malone,15,Austin,product,Improved NPS by redesigning incident communications workflow.
7183,Mr. Adam Russell,4,Seattle,analytics,Built churn propensity model for customer success team.
7184,Nathan Martinez,14,Chicago,sales,Expanded support knowledge base and deflected repetitive tickets.
7185,Mary Taylor,5,Chicago,engineering,Designed interview loops for engineering leveling refresh.
7186,Charles Thompson,0,Denver,product,Launched partner onboarding program across EMEA region.
7187,Adam Ramirez,7,Austin,analytics,Introduced warehouse slotting optimization process.
7188,Christopher Lee,9,Denver,analytics,Closed strategic logistics accounts in manufacturing sector.
7189,Ms. Elizabeth Smith MD,8,Chicago,product,Shipped experimentation framework for signup conversion.
7190,Kristen Chavez,17,Austin,operations,Closed strategic logistics accounts in manufacturing sector.
7191,Crystal Wu,9,Remote,engineering,Introduced warehouse slotting optimization process.
7192,Brian Sanchez,14,Chicago,support,Ran agile ceremonies for cross-functional product squad.
7193,Samantha Bautista,6,Atlanta,product,Automated revenue recognition data quality checks.
7194,Fernando Chan,2,Seattle,sales,Negotiated software procurement and vendor savings initiatives.
7195,Charles Miranda,8,Denver,product,Automated revenue recognition data quality checks.
7196,Bonnie Petersen,10,Chicago,analytics,Launched partner onboarding program across EMEA region.
7197,Jessica Wilson,7,Seattle,analytics,Built churn propensity model for customer success team.
7198,Mary Huber,13,Seattle,product,Ran agile ceremonies for cross-functional product squad.
7199,Amanda Malone,17,Austin,sales,"Drove product launch for analytics module used by 8,000 accounts."
7200,Alyssa House,1,Seattle,support,Migrated legacy monolith endpoints to event-driven services.
7201,Benjamin Jacobson,1,Austin,engineering,Shipped experimentation framework for signup conversion.
7202,Dwayne Delacruz,4,Seattle,support,Improved fulfillment SLA reporting with automated dashboards.
7203,Dana Jones,10,Austin,engineering,Designed interview loops for engineering leveling refresh.
7204,Peter Buchanan,0,Austin,engineering,Led multi-region ERP rollout across three warehouses.
7205,Susan Spears,3,Austin,operations,Migrated legacy monolith endpoints to event-driven services.
7206,John Ortiz,7,Seattle,operations,Reduced cloud spend by redesigning batch compute workloads.
7207,Nicholas Fuller,6,Denver,support,Migrated legacy monolith endpoints to event-driven services.
7208,Casey May,15,Atlanta,product,Improved fulfillment SLA reporting with automated dashboards.
7209,Tammy Walker,9,Chicago,product,Expanded support knowledge base and deflected repetitive tickets.
7210,Peter Jimenez,15,Austin,analytics,Built role-based compensation benchmarking dashboards.
7211,Maria Donaldson,13,Seattle,engineering,Built churn propensity model for customer success team.
7212,Crystal Grant,7,Seattle,support,Closed strategic logistics accounts in manufacturing sector.
7213,Mary Davis,17,Remote,operations,Designed interview loops for engineering leveling refresh.
7214,Lisa Stein,15,Austin,analytics,"Drove product launch for analytics module used by 8,000 accounts."
7215,Timothy Mckee,8,Remote,analytics,Introduced warehouse slotting optimization process.
7216,Jennifer Johnston,15,Atlanta,product,Introduced warehouse slotting optimization process.
7217,Gary Morris,4,Chicago,operations,Maintained SOC 2 evidence collection process.
7218,Johnny Watson,3,Chicago,product,Launched partner onboarding program across EMEA region.
7219,Melissa Smith,14,Atlanta,analytics,"Drove product launch for analytics module used by 8,000 accounts."
7220,Chelsea Jacobson,14,Atlanta,support,Closed strategic logistics accounts in manufacturing sector.
7221,Jason Oconnell,3,Austin,product,Negotiated software procurement and vendor savings initiatives.
7222,Amber Evans,13,Denver,support,Designed interview loops for engineering leveling refresh.
7223,Kelly Owen,9,Chicago,operations,Ran agile ceremonies for cross-functional product squad.
7224,James Luna,10,Remote,sales,Introduced warehouse slotting optimization process.
7225,Jason Allen,15,Atlanta,engineering,Managed enterprise renewals exceeding $4M ARR.
7226,Donald Wallace,2,Denver,operations,"Implemented Okta and SCIM provisioning for 2,000 employees."
7227,James Thomas,7,Denver,analytics,"Drove product launch for analytics module used by 8,000 accounts."
7228,Timothy Barnes,5,Remote,support,Migrated legacy monolith endpoints to event-driven services.
7229,Elizabeth Nolan,10,Seattle,engineering,Shipped experimentation framework for signup conversion.
7230,Hunter Reid,2,Denver,operations,Managed high-volume healthcare recruiting for clinical roles.
7231,Cheyenne Sharp,2,Remote,product,Owned forecasting model for outbound pipeline generation.
7232,Caitlyn Salazar,12,Atlanta,support,Automated revenue recognition data quality checks.
7233,Derrick Stevens,1,Austin,product,"Drove product launch for analytics module used by 8,000 accounts."
7234,Shannon White,7,Atlanta,product,Designed interview loops for engineering leveling refresh.
7235,Robin Schmidt,17,Remote,engineering,Improved fulfillment SLA reporting with automated dashboards.
7236,Cynthia Taylor,17,Remote,support,"Drove product launch for analytics module used by 8,000 accounts."
7237,Daniel Hunt,3,Austin,analytics,Scaled self-serve onboarding funnel for SMB customers.
7238,Denise Gibson,16,Remote,operations,Migrated legacy monolith endpoints to event-driven services.
7239,Brian Rivera,6,Remote,support,Introduced warehouse slotting optimization process.
7240,Shane Burke,3,Austin,product,"Implemented Okta and SCIM provisioning for 2,000 employees."
7241,George Ellis,9,Atlanta,operations,Maintained SOC 2 evidence collection process.
7242,Lauren Johnson,8,Seattle,analytics,"Implemented Okta and SCIM provisioning for 2,000 employees."
7243,Jonathan Lamb,6,Austin,operations,Automated revenue recognition data quality checks.
7244,Donald Wood,7,Seattle,analytics,Built dbt models and Airflow pipelines for finance analytics.
7245,Zachary Lewis,1,Denver,product,Led multi-region ERP rollout across three warehouses.
7246,Lisa Morgan,4,Chicago,support,Built dbt models and Airflow pipelines for finance analytics.
7247,Heather Galvan,3,Chicago,sales,Built churn propensity model for customer success team.
7248,Erica Medina,16,Atlanta,product,"Implemented Okta and SCIM provisioning for 2,000 employees."
7249,Kelly Perez,8,Seattle,analytics,"Drove product launch for analytics module used by 8,000 accounts."
7250,Thomas Taylor,9,Seattle,analytics,Built churn propensity model for customer success team.
7251,Clinton Macias,7,Chicago,engineering,Automated revenue recognition data quality checks.
7252,Ann Moore,15,Seattle,operations,Maintained SOC 2 evidence collection process.
7253,Dr. Kyle Calderon,14,Seattle,sales,Managed high-volume healthcare recruiting for clinical roles.
7254,Brandon Marshall,12,Austin,engineering,Built dbt models and Airflow pipelines for finance analytics.
7255,Cassandra Wilson,5,Chicago,product,Built role-based compensation benchmarking dashboards.
7256,Leslie Yoder,5,Austin,engineering,Maintained SOC 2 evidence collection process.
7257,Daniel Garrison,16,Remote,support,Expanded support knowledge base and deflected repetitive tickets.
7258,Jennifer Andersen,16,Denver,support,Negotiated software procurement and vendor savings initiatives.
7259,Nicole Maddox,5,Chicago,analytics,Launched partner onboarding program across EMEA region.
7260,David Moore,6,Remote,product,Built role-based compensation benchmarking dashboards.
7261,Joseph Pace,5,Seattle,engineering,Built churn propensity model for customer success team.
7262,Cody Williams,14,Remote,engineering,Migrated legacy monolith endpoints to event-driven services.
7263,Kevin Rodriguez,17,Seattle,product,Closed strategic logistics accounts in manufacturing sector.
7264,David Brooks,15,Remote,sales,Built churn propensity model for customer success team.
7265,Larry Miller,15,Chicago,sales,Designed interview loops for engineering leveling refresh.
7266,Anthony Smith,6,Chicago,support,"Drove product launch for analytics module used by 8,000 accounts."
7267,Maria Jordan,5,Austin,analytics,Expanded support knowledge base and deflected repetitive tickets.
7268,Clinton Peterson,16,Denver,sales,"Drove product launch for analytics module used by 8,000 accounts."
7269,Megan Graves,7,Atlanta,sales,Shipped experimentation framework for signup conversion.
7270,Patrick Gomez,3,Atlanta,product,Improved NPS by redesigning incident communications workflow.
7271,April Cole,15,Seattle,analytics,Built role-based compensation benchmarking dashboards.
7272,Robin Thomas MD,8,Seattle,product,Automated revenue recognition data quality checks.
7273,Hailey Lara,1,Seattle,analytics,Closed strategic logistics accounts in manufacturing sector.
7274,Patrick Miller,16,Atlanta,analytics,Reduced cloud spend by redesigning batch compute workloads.
7275,Mark Owens,5,Chicago,operations,Launched partner onboarding program across EMEA region.
7276,Patricia Mitchell,5,Denver,engineering,Migrated legacy monolith endpoints to event-driven services.
7277,Jeremy Roberts,9,Remote,analytics,Managed high-volume healthcare recruiting for clinical roles.
7278,Adam Singh,4,Seattle,support,Scaled self-serve onboarding funnel for SMB customers.
7279,Theresa Gomez,14,Remote,operations,Led multi-region ERP rollout across three warehouses.
7280,Melissa Garcia,12,Atlanta,product,Improved fulfillment SLA reporting with automated dashboards.
7281,Jerry Porter,10,Seattle,support,Launched partner onboarding program across EMEA region.
7282,Michelle Morgan,3,Denver,analytics,Negotiated software procurement and vendor savings initiatives.
7283,Matthew Wong,8,Austin,analytics,Negotiated software procurement and vendor savings initiatives.
7284,Andrea Johnson,4,Seattle,sales,Built churn propensity model for customer success team.
7285,Kristen Underwood,17,Austin,product,Ran agile ceremonies for cross-functional product squad.
7286,Karen Brown,14,Atlanta,engineering,Led multi-region ERP rollout across three warehouses.
7287,Rebecca Weber,2,Remote,engineering,Shipped experimentation framework for signup conversion.
7288,David Leonard,9,Austin,support,Built role-based compensation benchmarking dashboards.
7289,Mark Frazier,14,Seattle,engineering,Managed high-volume healthcare recruiting for clinical roles.
7290,James Petersen,9,Remote,analytics,Scaled self-serve onboarding funnel for SMB customers.
7291,Christine Sanchez,2,Atlanta,sales,Improved NPS by redesigning incident communications workflow.
7292,Michael Martinez,2,Seattle,support,Led multi-region ERP rollout across three warehouses.
7293,Christopher Melton,13,Remote,engineering,Automated revenue recognition data quality checks.
7294,Mark Le,9,Seattle,sales,"Drove product launch for analytics module used by 8,000 accounts."
7295,Holly Walker,9,Austin,analytics,Built churn propensity model for customer success team.
7296,Mr. Ryan Obrien Jr.,4,Seattle,operations,Negotiated software procurement and vendor savings initiatives.
7297,Todd Sanchez,4,Seattle,sales,Managed enterprise renewals exceeding $4M ARR.
7298,Patricia Sanchez,7,Chicago,engineering,Led multi-region ERP rollout across three warehouses.
7299,Kristy Terry,9,Atlanta,engineering,Migrated legacy monolith endpoints to event-driven services.
7300,Michele Jones,8,Remote,sales,Launched partner onboarding program across EMEA region.
7301,Jeffrey Greene,15,Remote,sales,"Drove product launch for analytics module used by 8,000 accounts."
7302,Sarah James,3,Remote,engineering,Managed enterprise renewals exceeding $4M ARR.
7303,Wesley Fischer,8,Seattle,analytics,Launched partner onboarding program across EMEA region.
7304,Deanna Henry,4,Austin,product,Launched partner onboarding program across EMEA region.
7305,Rebecca Crawford,0,Denver,support,Negotiated software procurement and vendor savings initiatives.
7306,Benjamin Duke,7,Chicago,sales,Ran agile ceremonies for cross-functional product squad.
7307,Tamara Taylor,1,Austin,operations,Improved NPS by redesigning incident communications workflow.
7308,Richard Contreras,6,Chicago,support,Led multi-region ERP rollout across three warehouses.
7309,James Gomez,11,Remote,product,Owned forecasting model for outbound pipeline generation.
7310,Jenna White,6,Atlanta,analytics,Automated revenue recognition data quality checks.
7311,Ricky Robinson,12,Seattle,sales,Introduced warehouse slotting optimization process.
7312,Amy Thomas,5,Atlanta,product,Scaled self-serve onboarding funnel for SMB customers.
7313,Douglas Hahn,7,Denver,analytics,Migrated legacy monolith endpoints to event-driven services.
7314,Robert Wright,15,Denver,engineering,Maintained SOC 2 evidence collection process.
7315,Holly Myers,4,Remote,sales,Improved NPS by redesigning incident communications workflow.
7316,Jasmin Harrison,9,Chicago,analytics,Negotiated software procurement and vendor savings initiatives.
7317,Joseph Dixon,12,Chicago,support,Managed enterprise renewals exceeding $4M ARR.
7318,Caitlin Ramirez,6,Remote,product,Negotiated software procurement and vendor savings initiatives.
7319,Donna Richardson,5,Denver,sales,Built churn propensity model for customer success team.
7320,Eric Garrett,12,Remote,support,"Drove product launch for analytics module used by 8,000 accounts."
7321,Tyler Lane,1,Remote,product,Ran agile ceremonies for cross-functional product squad.
7322,Jennifer Reyes,4,Austin,support,Built dbt models and Airflow pipelines for finance analytics.
7323,Shannon Thomas,7,Seattle,support,Led multi-region ERP rollout across three warehouses.
7324,Sharon Cannon,3,Austin,support,Improved NPS by redesigning incident communications workflow.
7325,Sheri Dawson,9,Remote,analytics,Improved NPS by redesigning incident communications workflow.
7326,Tony Singh,11,Austin,analytics,Built dbt models and Airflow pipelines for finance analytics.
7327,Lisa Silva,17,Remote,analytics,Shipped experimentation framework for signup conversion.
7328,Michael Adams,10,Seattle,product,Ran agile ceremonies for cross-functional product squad.
7329,Carlos Rodriguez,10,Atlanta,operations,Expanded support knowledge base and deflected repetitive tickets.
7330,Richard Watson,13,Chicago,support,Managed high-volume healthcare recruiting for clinical roles.
7331,Charles Gonzalez,3,Chicago,engineering,Negotiated software procurement and vendor savings initiatives.
7332,Julia Riggs,8,Denver,operations,Managed enterprise renewals exceeding $4M ARR.
7333,Sarah Barnett,14,Remote,product,Maintained SOC 2 evidence collection process.
7334,Donna Cooper,3,Remote,sales,Ran agile ceremonies for cross-functional product squad.
7335,Keith Hodge Jr.,5,Atlanta,support,Built churn propensity model for customer success team.
7336,Joseph Wolfe,3,Chicago,analytics,Reduced cloud spend by redesigning batch compute workloads.
7337,Alexander Hall,17,Atlanta,engineering,Introduced warehouse slotting optimization process.
7338,Brandi Carter,6,Seattle,engineering,Scaled self-serve onboarding funnel for SMB customers.
7339,Sarah Acevedo,5,Atlanta,engineering,Led multi-region ERP rollout across three warehouses.
7340,Patricia Lee,14,Remote,operations,Reduced cloud spend by redesigning batch compute workloads.
7341,Shirley Steele,16,Austin,sales,Led multi-region ERP rollout across three warehouses.
7342,Melissa Nelson,0,Atlanta,product,Automated revenue recognition data quality checks.
7343,Thomas Freeman,15,Austin,support,Automated revenue recognition data quality checks.
7344,Jill Foster,12,Atlanta,engineering,Ran agile ceremonies for cross-functional product squad.
7345,Daniel Taylor,15,Atlanta,analytics,Owned forecasting model for outbound pipeline generation.
7346,Veronica Meyer,1,Chicago,support,Expanded support knowledge base and deflected repetitive tickets.
7347,Brian Hinton,0,Seattle,analytics,"Drove product launch for analytics module used by 8,000 accounts."
7348,Samantha Johnson,6,Remote,engineering,Migrated legacy monolith endpoints to event-driven services.
7349,Amber Beasley,15,Denver,engineering,Expanded support knowledge base and deflected repetitive tickets.
7350,Dorothy Hull,8,Denver,analytics,Reduced cloud spend by redesigning batch compute workloads.
7351,Robert Mejia,12,Chicago,product,Built dbt models and Airflow pipelines for finance analytics.
7352,Christina Haney,4,Austin,engineering,Expanded support knowledge base and deflected repetitive tickets.
7353,Samuel Lowe,6,Denver,engineering,Owned forecasting model for outbound pipeline generation.
7354,Travis Hicks,15,Denver,sales,Improved fulfillment SLA reporting with automated dashboards.
7355,Melissa Jacobs,8,Seattle,sales,Launched partner onboarding program across EMEA region.
7356,Dr. Brady Clark Jr.,14,Remote,product,Built churn propensity model for customer success team.
7357,Michael Obrien,11,Austin,product,Led multi-region ERP rollout across three warehouses.
7358,Jeffrey Moon,3,Austin,sales,Shipped experimentation framework for signup conversion.
7359,Justin Wood,16,Atlanta,support,Built churn propensity model for customer success team.
7360,Keith Flowers,17,Denver,engineering,Owned forecasting model for outbound pipeline generation.
7361,Cole Green,14,Seattle,analytics,Built dbt models and Airflow pipelines for finance analytics.
7362,Sean Odonnell,8,Chicago,analytics,Launched partner onboarding program across EMEA region.
7363,Jacqueline Summers,7,Denver,product,Maintained SOC 2 evidence collection process.
7364,Shelly Jones,5,Denver,support,Improved NPS by redesigning incident communications workflow.
7365,Dorothy Rodriguez,11,Atlanta,engineering,Automated revenue recognition data quality checks.
7366,Steven Baldwin,5,Austin,operations,Shipped experimentation framework for signup conversion.
7367,Maria Fernandez,3,Remote,engineering,Closed strategic logistics accounts in manufacturing sector.
7368,Trevor Gross,1,Denver,engineering,Improved fulfillment SLA reporting with automated dashboards.
7369,Nicole Moss,7,Chicago,engineering,Improved fulfillment SLA reporting with automated dashboards.
7370,Mark Brown,14,Atlanta,product,Managed high-volume healthcare recruiting for clinical roles.
7371,David Bailey,14,Austin,sales,Improved NPS by redesigning incident communications workflow.
7372,Jordan Jones,15,Atlanta,support,Led multi-region ERP rollout across three warehouses.
7373,Gary Boyd,10,Austin,support,"Drove product launch for analytics module used by 8,000 accounts."
7374,Denise Brewer,15,Chicago,product,Designed interview loops for engineering leveling refresh.
7375,Jimmy Bell,14,Seattle,analytics,Migrated legacy monolith endpoints to event-driven services.
7376,Andrew Fowler,14,Denver,product,Managed enterprise renewals exceeding $4M ARR.
7377,Jamie Velazquez,9,Remote,operations,Built dbt models and Airflow pipelines for finance analytics.
7378,Jermaine Tucker,1,Denver,support,Shipped experimentation framework for signup conversion.
7379,Kimberly Johnson,6,Seattle,support,Built dbt models and Airflow pipelines for finance analytics.
7380,Lisa Moore,15,Austin,analytics,Scaled self-serve onboarding funnel for SMB customers.
7381,Thomas Garcia,13,Remote,sales,"Implemented Okta and SCIM provisioning for 2,000 employees."
7382,Kelsey Hansen,0,Atlanta,engineering,Reduced cloud spend by redesigning batch compute workloads.
7383,Karen Garcia,1,Seattle,engineering,Improved fulfillment SLA reporting with automated dashboards.
7384,Jacob Reilly,11,Chicago,operations,Expanded support knowledge base and deflected repetitive tickets.
7385,Robert Levine,17,Chicago,operations,Managed enterprise renewals exceeding $4M ARR.
7386,Keith Harrison,13,Denver,sales,Managed enterprise renewals exceeding $4M ARR.
7387,Jessica Riley,17,Chicago,support,Built dbt models and Airflow pipelines for finance analytics.
7388,Christina Gonzalez,1,Austin,engineering,Automated revenue recognition data quality checks.
7389,John Williams,15,Seattle,operations,Shipped experimentation framework for signup conversion.
7390,Alfred Montes,2,Seattle,operations,Managed enterprise renewals exceeding $4M ARR.
7391,Jade Scott,15,Seattle,product,Migrated legacy monolith endpoints to event-driven services.
7392,Andrea Bailey,17,Atlanta,engineering,Reduced cloud spend by redesigning batch compute workloads.
7393,Michael Gardner,9,Atlanta,product,Closed strategic logistics accounts in manufacturing sector.
7394,Trevor Archer,9,Remote,support,Automated revenue recognition data quality checks.
7395,Leslie Juarez,8,Atlanta,support,Owned forecasting model for outbound pipeline generation.
7396,Christopher Ross,9,Seattle,support,Closed strategic logistics accounts in manufacturing sector.
7397,John Frank,14,Denver,support,Scaled self-serve onboarding funnel for SMB customers.
7398,Mr. Austin Rivera,5,Austin,operations,Introduced warehouse slotting optimization process.
7399,Tanya Patterson,5,Denver,analytics,Built role-based compensation benchmarking dashboards.
7400,Dr. Aaron Golden,17,Seattle,operations,Shipped experimentation framework for signup conversion.
7401,Christian Robertson,15,Atlanta,product,Scaled self-serve onboarding funnel for SMB customers.
7402,Steven Murray,9,Seattle,sales,Scaled self-serve onboarding funnel for SMB customers.
7403,James Watkins,3,Seattle,analytics,Expanded support knowledge base and deflected repetitive tickets.
7404,Courtney Stewart,17,Chicago,sales,Improved fulfillment SLA reporting with automated dashboards.
7405,Roberta Mckinney,15,Seattle,operations,Automated revenue recognition data quality checks.
7406,Calvin Holmes,5,Seattle,product,Migrated legacy monolith endpoints to event-driven services.
7407,Jessica Donaldson,9,Chicago,sales,Managed high-volume healthcare recruiting for clinical roles.
7408,Joshua Meyers,7,Atlanta,product,"Drove product launch for analytics module used by 8,000 accounts."
7409,Adrienne Moon,15,Remote,support,Improved NPS by redesigning incident communications workflow.
7410,Beth Bowen,12,Chicago,operations,Owned forecasting model for outbound pipeline generation.
7411,Jesus Poole,8,Chicago,operations,Maintained SOC 2 evidence collection process.
7412,Michelle Jackson,17,Chicago,engineering,Improved fulfillment SLA reporting with automated dashboards.
7413,Mr. Jesus Burgess,10,Chicago,support,Shipped experimentation framework for signup conversion.
7414,Barbara Wolf,8,Chicago,analytics,Launched partner onboarding program across EMEA region.
7415,Francis Steele,16,Seattle,product,Migrated legacy monolith endpoints to event-driven services.
7416,Mr. James Smith,8,Remote,sales,Built dbt models and Airflow pipelines for finance analytics.
7417,Alexa Solomon,7,Remote,operations,Improved fulfillment SLA reporting with automated dashboards.
7418,Anthony Thomas,6,Denver,support,Automated revenue recognition data quality checks.
7419,Brenda Phillips,3,Remote,operations,Migrated legacy monolith endpoints to event-driven services.
7420,Daniel Byrd,5,Austin,sales,Built dbt models and Airflow pipelines for finance analytics.
7421,Patrick Webb,1,Austin,sales,Built dbt models and Airflow pipelines for finance analytics.
7422,Mary Duke,13,Chicago,product,Closed strategic logistics accounts in manufacturing sector.
7423,Manuel Reilly,10,Chicago,operations,Managed high-volume healthcare recruiting for clinical roles.
7424,Jessica Martinez,16,Remote,support,Introduced warehouse slotting optimization process.
7425,Lynn Rodriguez,10,Seattle,analytics,Closed strategic logistics accounts in manufacturing sector.
7426,Leonard Bailey,1,Seattle,analytics,Ran agile ceremonies for cross-functional product squad.
7427,Randy Russell,11,Seattle,sales,Owned forecasting model for outbound pipeline generation.
7428,Leon Maldonado,3,Seattle,sales,Launched partner onboarding program across EMEA region.
7429,Cynthia Roberts,0,Atlanta,operations,Ran agile ceremonies for cross-functional product squad.
7430,Alan Reeves,11,Austin,engineering,Shipped experimentation framework for signup conversion.
7431,Timothy Franco,0,Austin,analytics,Built role-based compensation benchmarking dashboards.
7432,Victoria James,7,Remote,engineering,Led multi-region ERP rollout across three warehouses.
7433,Christina Ellis,16,Atlanta,sales,Scaled self-serve onboarding funnel for SMB customers.
7434,Michael Martinez,4,Remote,analytics,Ran agile ceremonies for cross-functional product squad.
7435,Bill Green,12,Austin,engineering,"Implemented Okta and SCIM provisioning for 2,000 employees."
7436,Dr. Judy Cox,6,Atlanta,engineering,Owned forecasting model for outbound pipeline generation.
7437,Michael Fisher,2,Chicago,sales,Introduced warehouse slotting optimization process.
7438,Felicia Kramer,3,Denver,support,Automated revenue recognition data quality checks.
7439,Angela Duffy,1,Atlanta,support,Led multi-region ERP rollout across three warehouses.
7440,Michael Williams,2,Denver,engineering,Automated revenue recognition data quality checks.
7441,Ronald Hernandez,2,Austin,sales,Built dbt models and Airflow pipelines for finance analytics.
7442,Jonathan Taylor,15,Remote,engineering,Reduced cloud spend by redesigning batch compute workloads.
7443,Kenneth Clark,14,Seattle,engineering,Shipped experimentation framework for signup conversion.
7444,John Rogers,6,Denver,product,Managed enterprise renewals exceeding $4M ARR.
7445,Justin Nash,13,Atlanta,operations,Scaled self-serve onboarding funnel for SMB customers.
7446,Dylan Mason,3,Austin,support,Introduced warehouse slotting optimization process.
7447,John Davis,11,Denver,support,Improved fulfillment SLA reporting with automated dashboards.
7448,Drew Powell,3,Denver,operations,Improved fulfillment SLA reporting with automated dashboards.
7449,Sabrina Cruz,11,Denver,support,Designed interview loops for engineering leveling refresh.
7450,Michelle Glass,6,Denver,sales,"Implemented Okta and SCIM provisioning for 2,000 employees."
7451,Mrs. Diane Decker,15,Remote,operations,Led multi-region ERP rollout across three warehouses.
7452,Allison Clark,15,Austin,operations,Negotiated software procurement and vendor savings initiatives.
7453,Tiffany Schwartz,6,Atlanta,analytics,Expanded support knowledge base and deflected repetitive tickets.
7454,Jennifer Diaz,0,Remote,sales,Managed high-volume healthcare recruiting for clinical roles.
7455,Brenda Long,5,Remote,support,Expanded support knowledge base and deflected repetitive tickets.
7456,Scott Vargas,5,Remote,product,Built role-based compensation benchmarking dashboards.
7457,Nathan Santiago,7,Denver,product,Managed high-volume healthcare recruiting for clinical roles.
7458,Andrew Johnson,10,Atlanta,product,Managed enterprise renewals exceeding $4M ARR.
7459,Megan Thomas,17,Atlanta,analytics,"Implemented Okta and SCIM provisioning for 2,000 employees."
7460,Mary Miller,1,Remote,support,Built role-based compensation benchmarking dashboards.
7461,Jamie Smith,9,Remote,support,Shipped experimentation framework for signup conversion.
7462,Alexander Cannon,3,Chicago,product,Launched partner onboarding program across EMEA region.
7463,Rodney Simpson,9,Austin,engineering,Launched partner onboarding program across EMEA region.
7464,Troy Harris,11,Chicago,sales,"Drove product launch for analytics module used by 8,000 accounts."
7465,Matthew Swanson,14,Chicago,operations,Built churn propensity model for customer success team.
7466,Erica Fisher DDS,10,Chicago,analytics,Reduced cloud spend by redesigning batch compute workloads.
7467,Kyle Farmer,3,Remote,product,Managed high-volume healthcare recruiting for clinical roles.
7468,Robin Davis,16,Chicago,engineering,Improved NPS by redesigning incident communications workflow.
7469,Nathan Lawrence,7,Denver,engineering,Built churn propensity model for customer success team.
7470,Linda Young,8,Denver,product,Designed interview loops for engineering leveling refresh.
7471,Kelly Acosta,11,Chicago,sales,Improved fulfillment SLA reporting with automated dashboards.
7472,Emily Holloway,4,Chicago,engineering,Automated revenue recognition data quality checks.
7473,Carrie Schneider,17,Remote,support,Designed interview loops for engineering leveling refresh.
7474,Gabriella Crane,0,Atlanta,product,Scaled self-serve onboarding funnel for SMB customers.
7475,Joshua Harding,2,Austin,product,Launched partner onboarding program across EMEA region.
7476,Lori Williams,17,Atlanta,product,Reduced cloud spend by redesigning batch compute workloads.
7477,Amber Baker,8,Atlanta,engineering,Managed high-volume healthcare recruiting for clinical roles.
7478,Jeremy Coleman,16,Denver,engineering,Built role-based compensation benchmarking dashboards.
7479,Jason Jackson,16,Seattle,product,Launched partner onboarding program across EMEA region.
7480,Allison Mccormick,17,Seattle,support,Scaled self-serve onboarding funnel for SMB customers.
7481,William Craig,13,Seattle,sales,Improved NPS by redesigning incident communications workflow.
7482,Austin Farrell,12,Atlanta,operations,"Drove product launch for analytics module used by 8,000 accounts."
7483,Laura Chan,11,Denver,product,Maintained SOC 2 evidence collection process.
7484,Vicki Hammond,12,Chicago,product,Reduced cloud spend by redesigning batch compute workloads.
7485,Shelby Pruitt,4,Austin,product,Migrated legacy monolith endpoints to event-driven services.
7486,Wyatt Roy,14,Remote,operations,Launched partner onboarding program across EMEA region.
7487,William Becker,3,Remote,support,"Implemented Okta and SCIM provisioning for 2,000 employees."
7488,Megan Harmon,8,Chicago,engineering,Managed enterprise renewals exceeding $4M ARR.
7489,Louis Crawford,6,Seattle,product,Launched partner onboarding program across EMEA region.
7490,Jerome Gordon,13,Austin,sales,Scaled self-serve onboarding funnel for SMB customers.
7491,Anna Richards,4,Chicago,product,Expanded support knowledge base and deflected repetitive tickets.
7492,Eric Contreras,3,Austin,engineering,Designed interview loops for engineering leveling refresh.
7493,Kara Russell,14,Denver,product,Built dbt models and Airflow pipelines for finance analytics.
7494,Maria Todd,8,Chicago,analytics,Maintained SOC 2 evidence collection process.
7495,Robert Simmons,12,Atlanta,analytics,Shipped experimentation framework for signup conversion.
7496,Annette Simpson,15,Denver,support,Scaled self-serve onboarding funnel for SMB customers.
7497,Steven Barrett,15,Austin,operations,Negotiated software procurement and vendor savings initiatives.
7498,Tina Ortiz,7,Austin,product,Managed high-volume healthcare recruiting for clinical roles.
7499,Joshua Escobar,3,Seattle,engineering,Launched partner onboarding program across EMEA region.
7500,Allison Chandler,17,Atlanta,analytics,Owned forecasting model for outbound pipeline generation.
7501,Ricardo Bowman,5,Remote,sales,Built dbt models and Airflow pipelines for finance analytics.
7502,James Vargas,13,Austin,engineering,Built role-based compensation benchmarking dashboards.
7503,Jeffrey Wallace,13,Chicago,analytics,Automated revenue recognition data quality checks.
7504,Kayla Hudson,7,Austin,support,Owned forecasting model for outbound pipeline generation.
7505,Jillian Sanders,2,Remote,engineering,Reduced cloud spend by redesigning batch compute workloads.
7506,Virginia Nguyen,8,Austin,support,Maintained SOC 2 evidence collection process.
7507,Thomas Guzman,2,Seattle,product,"Drove product launch for analytics module used by 8,000 accounts."
7508,Kimberly Lynch,6,Chicago,support,Launched partner onboarding program across EMEA region.
7509,Kevin Allen,6,Seattle,sales,Led multi-region ERP rollout across three warehouses.
7510,Joseph Taylor,9,Denver,engineering,Built role-based compensation benchmarking dashboards.
7511,John Marshall,3,Remote,engineering,Improved NPS by redesigning incident communications workflow.
7512,William Huff,15,Austin,analytics,Reduced cloud spend by redesigning batch compute workloads.
7513,Alexander Roberson,1,Chicago,sales,Migrated legacy monolith endpoints to event-driven services.
7514,Jaclyn Harmon,17,Seattle,operations,"Implemented Okta and SCIM provisioning for 2,000 employees."
7515,Allen Jones,5,Remote,engineering,Designed interview loops for engineering leveling refresh.
7516,Taylor Martinez,8,Atlanta,operations,Reduced cloud spend by redesigning batch compute workloads.
7517,Steven Norman,15,Austin,engineering,Managed high-volume healthcare recruiting for clinical roles.
7518,Juan Lopez,11,Atlanta,operations,Expanded support knowledge base and deflected repetitive tickets.
7519,Rodney Lawrence,1,Denver,analytics,Managed high-volume healthcare recruiting for clinical roles.
7520,Heather Sanders,10,Seattle,product,Led multi-region ERP rollout across three warehouses.
7521,Kimberly Alexander,10,Atlanta,sales,Designed interview loops for engineering leveling refresh.
7522,Sarah Parker,16,Remote,sales,Scaled self-serve onboarding funnel for SMB customers.
7523,Anthony Pearson,10,Austin,support,Introduced warehouse slotting optimization process.
7524,April Morrison,17,Atlanta,product,Launched partner onboarding program across EMEA region.
7525,Kristopher Little,9,Seattle,operations,Built dbt models and Airflow pipelines for finance analytics.
7526,Jillian Conley,3,Denver,operations,Scaled self-serve onboarding funnel for SMB customers.
7527,Mark Riddle DDS,9,Denver,support,Managed high-volume healthcare recruiting for clinical roles.
7528,Patricia Lawrence,16,Seattle,support,Introduced warehouse slotting optimization process.
7529,Brian Wiley,0,Denver,support,Scaled self-serve onboarding funnel for SMB customers.
7530,Adam Schneider,7,Denver,analytics,"Drove product launch for analytics module used by 8,000 accounts."
7531,Mario Snyder,0,Atlanta,engineering,Maintained SOC 2 evidence collection process.
7532,Paul Johnson,15,Seattle,sales,Migrated legacy monolith endpoints to event-driven services.
7533,Lindsay Hernandez,9,Austin,engineering,Built churn propensity model for customer success team.
7534,Darren Lopez,12,Remote,operations,Built dbt models and Airflow pipelines for finance analytics.
7535,Samantha Walters,17,Chicago,product,Expanded support knowledge base and deflected repetitive tickets.
7536,Christopher Williams,14,Austin,sales,Closed strategic logistics accounts in manufacturing sector.
7537,Kathleen Gonzalez,7,Chicago,support,Designed interview loops for engineering leveling refresh.
7538,Robin Floyd,16,Austin,operations,Closed strategic logistics accounts in manufacturing sector.
7539,Marilyn Henderson,8,Remote,sales,Managed enterprise renewals exceeding $4M ARR.
7540,Robert Hayes,17,Chicago,sales,Launched partner onboarding program across EMEA region.
7541,Tony Navarro,17,Seattle,support,"Drove product launch for analytics module used by 8,000 accounts."
7542,Alexander Lamb,3,Chicago,support,Led multi-region ERP rollout across three warehouses.
7543,Richard Davis DDS,14,Atlanta,sales,Improved fulfillment SLA reporting with automated dashboards.
7544,James Alvarado,12,Denver,product,Reduced cloud spend by redesigning batch compute workloads.
7545,Stephanie Gregory,13,Atlanta,engineering,Designed interview loops for engineering leveling refresh.
7546,Dawn Le,3,Remote,analytics,Improved fulfillment SLA reporting with automated dashboards.
7547,Katherine Clark,9,Atlanta,sales,Maintained SOC 2 evidence collection process.
7548,Dawn Watson,2,Seattle,product,Owned forecasting model for outbound pipeline generation.
7549,Nathaniel Campbell,16,Chicago,support,Built dbt models and Airflow pipelines for finance analytics.
7550,Stephanie Hester,15,Austin,engineering,Improved fulfillment SLA reporting with automated dashboards.
7551,Jennifer Pennington,10,Austin,operations,Managed high-volume healthcare recruiting for clinical roles.
7552,Mary Brennan,2,Chicago,support,Scaled self-serve onboarding funnel for SMB customers.
7553,Rachel Hoffman,11,Atlanta,analytics,Built dbt models and Airflow pipelines for finance analytics.
7554,Mary Mcintosh,7,Austin,operations,Managed enterprise renewals exceeding $4M ARR.
7555,Theresa Soto,14,Chicago,engineering,Managed high-volume healthcare recruiting for clinical roles.
7556,Sandra Lewis,1,Atlanta,analytics,Negotiated software procurement and vendor savings initiatives.
7557,Sandra Holmes,7,Remote,engineering,Migrated legacy monolith endpoints to event-driven services.
7558,Allen Alvarado,6,Remote,sales,Scaled self-serve onboarding funnel for SMB customers.
7559,Jacob Ruiz,17,Chicago,sales,Scaled self-serve onboarding funnel for SMB customers.
7560,Stephanie Roberts,5,Austin,analytics,Built dbt models and Airflow pipelines for finance analytics.
7561,Stephen Ortiz,17,Atlanta,operations,Scaled self-serve onboarding funnel for SMB customers.
7562,Kristina Sandoval,16,Remote,operations,Built churn propensity model for customer success team.
7563,Elizabeth Savage,10,Denver,product,Improved NPS by redesigning incident communications workflow.
7564,Yesenia Vaughn,3,Remote,operations,Designed interview loops for engineering leveling refresh.
7565,Amanda Johnson,3,Seattle,support,Managed high-volume healthcare recruiting for clinical roles.
7566,Elizabeth Marsh,0,Remote,product,Closed strategic logistics accounts in manufacturing sector.
7567,Nathan Carlson,13,Remote,engineering,Reduced cloud spend by redesigning batch compute workloads.
7568,Jennifer Martin,13,Austin,support,Expanded support knowledge base and deflected repetitive tickets.
7569,Amber Gonzalez,5,Denver,engineering,Launched partner onboarding program across EMEA region.
7570,William Munoz,13,Austin,analytics,Built role-based compensation benchmarking dashboards.
7571,Angel Mcdonald,10,Austin,sales,Built dbt models and Airflow pipelines for finance analytics.
7572,Oscar Meadows,14,Denver,sales,Designed interview loops for engineering leveling refresh.
7573,Leslie Nelson,1,Atlanta,product,Ran agile ceremonies for cross-functional product squad.
7574,Haley Fuller,3,Remote,sales,Launched partner onboarding program across EMEA region.
7575,Dana Schaefer,14,Austin,analytics,Maintained SOC 2 evidence collection process.
7576,Chad Hansen,6,Austin,support,Introduced warehouse slotting optimization process.
7577,Hector Rhodes,17,Austin,support,Managed high-volume healthcare recruiting for clinical roles.
7578,Makayla Evans,15,Remote,sales,Maintained SOC 2 evidence collection process.
7579,Matthew Chung,1,Atlanta,operations,Introduced warehouse slotting optimization process.
7580,Daniel Perez,7,Denver,analytics,Managed high-volume healthcare recruiting for clinical roles.
7581,Terry Carlson,13,Austin,analytics,Managed high-volume healthcare recruiting for clinical roles.
7582,Melissa Cohen,2,Denver,engineering,Built dbt models and Airflow pipelines for finance analytics.
7583,Nicole Oliver,15,Austin,analytics,Maintained SOC 2 evidence collection process.
7584,Erin Miller,1,Austin,engineering,Ran agile ceremonies for cross-functional product squad.
7585,Susan Rodriguez,1,Denver,analytics,Led multi-region ERP rollout across three warehouses.
7586,Harold Johnson,9,Atlanta,support,Managed high-volume healthcare recruiting for clinical roles.
7587,Carol Howard DVM,4,Denver,operations,Launched partner onboarding program across EMEA region.
7588,Brittany Hamilton,11,Remote,sales,Managed enterprise renewals exceeding $4M ARR.
7589,Susan Drake,7,Remote,sales,"Drove product launch for analytics module used by 8,000 accounts."
7590,Michael Mills,4,Austin,support,Built role-based compensation benchmarking dashboards.
7591,Joseph Spencer DDS,15,Chicago,operations,Maintained SOC 2 evidence collection process.
7592,Gordon Miller,2,Atlanta,product,Shipped experimentation framework for signup conversion.
7593,Jessica Williams,8,Denver,product,Built role-based compensation benchmarking dashboards.
7594,Susan Miller,3,Denver,operations,Launched partner onboarding program across EMEA region.
7595,Brandon Woods,2,Seattle,sales,Owned forecasting model for outbound pipeline generation.
7596,Elizabeth Poole,3,Chicago,support,Negotiated software procurement and vendor savings initiatives.
7597,Michael Barker,4,Seattle,support,Designed interview loops for engineering leveling refresh.
7598,Tammy Butler,7,Chicago,engineering,Built churn propensity model for customer success team.
7599,Joshua Rodriguez,8,Denver,product,Migrated legacy monolith endpoints to event-driven services.
7600,David Wright,2,Chicago,sales,Migrated legacy monolith endpoints to event-driven services.
7601,Ryan Singleton,0,Atlanta,analytics,Migrated legacy monolith endpoints to event-driven services.
7602,Sandra Brooks,1,Seattle,sales,Maintained SOC 2 evidence collection process.
7603,Nathan Booth,11,Atlanta,operations,Managed enterprise renewals exceeding $4M ARR.
7604,Jeffery Andrade,17,Denver,analytics,Designed interview loops for engineering leveling refresh.
7605,Jeff Palmer,0,Chicago,engineering,Migrated legacy monolith endpoints to event-driven services.
7606,Kayla Bowers,0,Seattle,sales,Migrated legacy monolith endpoints to event-driven services.
7607,Christopher Lawrence,14,Austin,support,Improved NPS by redesigning incident communications workflow.
7608,Jessica Young,13,Chicago,product,Reduced cloud spend by redesigning batch compute workloads.
7609,Jessica Smith,13,Seattle,product,Negotiated software procurement and vendor savings initiatives.
7610,Tammy Harper,3,Seattle,support,Led multi-region ERP rollout across three warehouses.
7611,Jessica Snyder,15,Chicago,product,Improved NPS by redesigning incident communications workflow.
7612,George Joseph,11,Denver,engineering,"Implemented Okta and SCIM provisioning for 2,000 employees."
7613,Samantha Fernandez,2,Chicago,sales,Closed strategic logistics accounts in manufacturing sector.
7614,Beth Byrd,2,Remote,operations,Led multi-region ERP rollout across three warehouses.
7615,Jessica Rhodes,10,Atlanta,product,Improved fulfillment SLA reporting with automated dashboards.
7616,Christopher Hodges,14,Austin,support,Managed high-volume healthcare recruiting for clinical roles.
7617,Daryl Rowe,14,Austin,operations,Built dbt models and Airflow pipelines for finance analytics.
7618,Kerry Johnson,10,Austin,engineering,"Drove product launch for analytics module used by 8,000 accounts."
7619,Sarah Davis,9,Chicago,analytics,Automated revenue recognition data quality checks.
7620,Christian Thomas,12,Chicago,sales,Managed enterprise renewals exceeding $4M ARR.
7621,Dana Evans,2,Denver,sales,Automated revenue recognition data quality checks.
7622,Michael Tran,6,Seattle,sales,Introduced warehouse slotting optimization process.
7623,Cynthia Sanchez,1,Remote,sales,Ran agile ceremonies for cross-functional product squad.
7624,Ivan Watson,15,Atlanta,sales,Automated revenue recognition data quality checks.
7625,Cody Lynch,10,Seattle,analytics,Designed interview loops for engineering leveling refresh.
7626,Gary Garza,13,Atlanta,engineering,Expanded support knowledge base and deflected repetitive tickets.
7627,Lori Lee,8,Chicago,operations,"Implemented Okta and SCIM provisioning for 2,000 employees."
7628,Samuel Harris,16,Atlanta,product,Migrated legacy monolith endpoints to event-driven services.
7629,Jeffrey Gilbert,16,Chicago,product,Improved fulfillment SLA reporting with automated dashboards.
7630,Robert Tanner,11,Chicago,support,Designed interview loops for engineering leveling refresh.
7631,Savannah Beck,15,Remote,sales,Introduced warehouse slotting optimization process.
7632,Karen Gregory,11,Remote,engineering,Closed strategic logistics accounts in manufacturing sector.
7633,Alan Thomas,13,Atlanta,product,"Drove product launch for analytics module used by 8,000 accounts."
7634,Tiffany Mayer,4,Atlanta,operations,Automated revenue recognition data quality checks.
7635,Jean Casey,17,Seattle,operations,"Implemented Okta and SCIM provisioning for 2,000 employees."
7636,Austin Hayes,3,Seattle,operations,"Implemented Okta and SCIM provisioning for 2,000 employees."
7637,Katrina Wilkinson,12,Austin,engineering,Built dbt models and Airflow pipelines for finance analytics.
7638,Lucas Manning,10,Denver,support,Introduced warehouse slotting optimization process.
7639,Katherine Wilkins,1,Austin,sales,Managed high-volume healthcare recruiting for clinical roles.
7640,Brent Pierce,13,Atlanta,sales,Expanded support knowledge base and deflected repetitive tickets.
7641,Steven Buchanan,1,Chicago,support,Reduced cloud spend by redesigning batch compute workloads.
7642,Michael Graham,9,Chicago,support,Migrated legacy monolith endpoints to event-driven services.
7643,Dr. Ian Cunningham,14,Remote,support,Built role-based compensation benchmarking dashboards.
7644,Katherine Ramos,2,Chicago,support,Closed strategic logistics accounts in manufacturing sector.
7645,Samuel Yang,6,Remote,engineering,Ran agile ceremonies for cross-functional product squad.
7646,Angela Boyer,9,Denver,operations,Built churn propensity model for customer success team.
7647,Donald Williams,16,Chicago,operations,"Implemented Okta and SCIM provisioning for 2,000 employees."
7648,Cassandra Anderson,6,Austin,sales,Designed interview loops for engineering leveling refresh.
7649,Natalie Meyer,2,Seattle,operations,Maintained SOC 2 evidence collection process.
7650,Kristen Johnson,2,Remote,operations,Built dbt models and Airflow pipelines for finance analytics.
7651,Todd Little,3,Remote,analytics,Introduced warehouse slotting optimization process.
7652,Carolyn Stewart,15,Chicago,product,Built churn propensity model for customer success team.
7653,Philip Williams,13,Remote,analytics,Negotiated software procurement and vendor savings initiatives.
7654,Amber Smith,7,Chicago,product,Built role-based compensation benchmarking dashboards.
7655,Rachel Nelson,15,Denver,support,Closed strategic logistics accounts in manufacturing sector.
7656,Judy Bailey,16,Austin,support,Improved fulfillment SLA reporting with automated dashboards.
7657,Kimberly Cummings,15,Chicago,sales,"Implemented Okta and SCIM provisioning for 2,000 employees."
7658,Jeff Wagner,0,Chicago,analytics,Closed strategic logistics accounts in manufacturing sector.
7659,Stephen Greer,1,Remote,engineering,"Implemented Okta and SCIM provisioning for 2,000 employees."
7660,Jill Jones,13,Chicago,product,Launched partner onboarding program across EMEA region.
7661,Emily Sanchez,6,Chicago,sales,Built role-based compensation benchmarking dashboards.
7662,Antonio Gardner,2,Chicago,sales,"Implemented Okta and SCIM provisioning for 2,000 employees."
7663,Aaron Young,11,Chicago,product,Negotiated software procurement and vendor savings initiatives.
7664,Caroline Flynn,6,Atlanta,engineering,Led multi-region ERP rollout across three warehouses.
7665,Ray Singh,16,Chicago,analytics,Introduced warehouse slotting optimization process.
7666,Angela Goodwin,10,Chicago,analytics,Managed high-volume healthcare recruiting for clinical roles.
7667,Bryan Chan,4,Atlanta,sales,Migrated legacy monolith endpoints to event-driven services.
7668,Jason Smith,16,Seattle,operations,Introduced warehouse slotting optimization process.
7669,Megan Frazier,10,Austin,support,Migrated legacy monolith endpoints to event-driven services.
7670,Meredith Mooney,5,Denver,support,Built dbt models and Airflow pipelines for finance analytics.
7671,Lindsay Owens,2,Atlanta,analytics,Maintained SOC 2 evidence collection process.
7672,Michelle Wong,9,Remote,analytics,Negotiated software procurement and vendor savings initiatives.
7673,Clinton Williams,13,Remote,operations,Introduced warehouse slotting optimization process.
7674,Bobby Hale,15,Remote,analytics,Ran agile ceremonies for cross-functional product squad.
7675,Anthony Wells,2,Atlanta,engineering,Built dbt models and Airflow pipelines for finance analytics.
7676,Brian Allen,7,Austin,engineering,Improved NPS by redesigning incident communications workflow.
7677,Shelby Johnson,17,Remote,support,"Drove product launch for analytics module used by 8,000 accounts."
7678,Kim Obrien,11,Atlanta,sales,Launched partner onboarding program across EMEA region.
7679,Daniel Smith,1,Remote,support,Migrated legacy monolith endpoints to event-driven services.
7680,Phillip Khan,16,Remote,engineering,Scaled self-serve onboarding funnel for SMB customers.
7681,Angela Baker,12,Seattle,sales,Reduced cloud spend by redesigning batch compute workloads.
7682,Heidi Donovan,8,Denver,product,Designed interview loops for engineering leveling refresh.
7683,John Jensen,13,Atlanta,sales,Expanded support knowledge base and deflected repetitive tickets.
7684,James Wilson,11,Seattle,product,Built dbt models and Airflow pipelines for finance analytics.
7685,Jeffrey Miller,4,Remote,sales,Negotiated software procurement and vendor savings initiatives.
7686,Nicholas Cochran,14,Chicago,analytics,Scaled self-serve onboarding funnel for SMB customers.
7687,Megan Mason,4,Atlanta,support,Improved fulfillment SLA reporting with automated dashboards.
7688,Sarah Allen,4,Atlanta,analytics,Managed enterprise renewals exceeding $4M ARR.
7689,Brian Harmon,10,Chicago,sales,Shipped experimentation framework for signup conversion.
7690,Jane Frank,0,Denver,support,Migrated legacy monolith endpoints to event-driven services.
7691,Teresa Watson,11,Remote,sales,Improved NPS by redesigning incident communications workflow.
7692,Jimmy Gonzalez PhD,9,Austin,support,Launched partner onboarding program across EMEA region.
7693,Nicole Morrow,12,Atlanta,operations,Closed strategic logistics accounts in manufacturing sector.
7694,Nicholas Robinson,2,Atlanta,product,"Drove product launch for analytics module used by 8,000 accounts."
7695,Michelle Moses,10,Remote,product,Managed enterprise renewals exceeding $4M ARR.
7696,Tonya Turner,7,Chicago,support,Designed interview loops for engineering leveling refresh.
7697,Stacey Thompson,3,Denver,operations,Managed high-volume healthcare recruiting for clinical roles.
7698,Nicholas Smith,8,Austin,operations,Designed interview loops for engineering leveling refresh.
7699,Ashley Trujillo,16,Denver,operations,Built role-based compensation benchmarking dashboards.
7700,Brent Evans,14,Remote,operations,Managed enterprise renewals exceeding $4M ARR.
7701,Ashley Lopez,2,Seattle,operations,Automated revenue recognition data quality checks.
7702,Ashley Sanders,15,Denver,operations,Managed enterprise renewals exceeding $4M ARR.
7703,Jennifer Eaton,10,Atlanta,support,Closed strategic logistics accounts in manufacturing sector.
7704,John Skinner,0,Remote,product,Launched partner onboarding program across EMEA region.
7705,James Davila,16,Denver,product,Led multi-region ERP rollout across three warehouses.
7706,Jordan Webb,9,Chicago,analytics,Introduced warehouse slotting optimization process.
7707,James Hansen,16,Remote,product,"Drove product launch for analytics module used by 8,000 accounts."
7708,April Ramirez,1,Remote,product,Introduced warehouse slotting optimization process.
7709,Michael Knapp,3,Atlanta,operations,Introduced warehouse slotting optimization process.
7710,Nicholas Vaughn,16,Austin,operations,Introduced warehouse slotting optimization process.
7711,Gregory Cantrell,4,Austin,operations,Automated revenue recognition data quality checks.
7712,Brianna Friedman,9,Austin,engineering,"Implemented Okta and SCIM provisioning for 2,000 employees."
7713,Linda Stanley MD,10,Seattle,sales,Ran agile ceremonies for cross-functional product squad.
7714,Janet George,17,Chicago,operations,Ran agile ceremonies for cross-functional product squad.
7715,Andrew Baker,6,Austin,support,Designed interview loops for engineering leveling refresh.
7716,Timothy Thomas,13,Seattle,sales,Shipped experimentation framework for signup conversion.
7717,Joshua Jackson,13,Denver,analytics,Owned forecasting model for outbound pipeline generation.
7718,Diana Martinez,12,Atlanta,sales,"Implemented Okta and SCIM provisioning for 2,000 employees."
7719,Brandon Wilson,9,Chicago,operations,Owned forecasting model for outbound pipeline generation.
7720,Patricia Shah,1,Chicago,engineering,Maintained SOC 2 evidence collection process.
7721,Sarah Castillo,4,Chicago,analytics,Managed enterprise renewals exceeding $4M ARR.
7722,Kelly Daniel,10,Atlanta,engineering,"Drove product launch for analytics module used by 8,000 accounts."
7723,Kelly King,7,Remote,sales,Managed enterprise renewals exceeding $4M ARR.
7724,Stephanie Perkins,3,Remote,analytics,Designed interview loops for engineering leveling refresh.
7725,Kyle Stewart,12,Austin,support,"Drove product launch for analytics module used by 8,000 accounts."
7726,Brandy Henry,8,Seattle,operations,Expanded support knowledge base and deflected repetitive tickets.
7727,Joshua Ortiz,14,Seattle,sales,Maintained SOC 2 evidence collection process.
7728,Jason Black,9,Austin,product,Shipped experimentation framework for signup conversion.
7729,Manuel Alvarado,6,Atlanta,operations,Managed high-volume healthcare recruiting for clinical roles.
7730,Stephanie Smith MD,1,Denver,sales,Built churn propensity model for customer success team.
7731,Robert Dickerson,1,Chicago,engineering,Ran agile ceremonies for cross-functional product squad.
7732,Emily Hensley,9,Seattle,operations,Improved NPS by redesigning incident communications workflow.
7733,Jason Calderon,6,Remote,sales,Negotiated software procurement and vendor savings initiatives.
7734,Joel Friedman,12,Atlanta,operations,Built role-based compensation benchmarking dashboards.
7735,Joan Thompson,11,Chicago,sales,Scaled self-serve onboarding funnel for SMB customers.
7736,Jennifer Barnes,5,Denver,sales,Improved fulfillment SLA reporting with automated dashboards.
7737,Jason Freeman,13,Atlanta,support,Improved NPS by redesigning incident communications workflow.
7738,Andrea Berry,10,Remote,operations,Built dbt models and Airflow pipelines for finance analytics.
7739,Kelly Norris,15,Seattle,support,Built dbt models and Airflow pipelines for finance analytics.
7740,Lauren Richards,17,Seattle,analytics,Managed enterprise renewals exceeding $4M ARR.
7741,William Jackson,17,Seattle,analytics,Scaled self-serve onboarding funnel for SMB customers.
7742,Phillip Day,2,Seattle,operations,Automated revenue recognition data quality checks.
7743,Billy Ritter,9,Chicago,operations,Owned forecasting model for outbound pipeline generation.
7744,Robert Dominguez,0,Austin,sales,Negotiated software procurement and vendor savings initiatives.
7745,Daniel Terrell,15,Remote,product,Built dbt models and Airflow pipelines for finance analytics.
7746,Thomas Lang,12,Atlanta,operations,Designed interview loops for engineering leveling refresh.
7747,John Callahan,4,Remote,product,Automated revenue recognition data quality checks.
7748,Kenneth Webster,10,Seattle,support,Reduced cloud spend by redesigning batch compute workloads.
7749,Michael Davenport,10,Denver,analytics,Improved NPS by redesigning incident communications workflow.
7750,Michael Guzman,9,Atlanta,product,Ran agile ceremonies for cross-functional product squad.
7751,Jacqueline Frank,9,Atlanta,analytics,Automated revenue recognition data quality checks.
7752,Gloria Fisher,17,Remote,support,Closed strategic logistics accounts in manufacturing sector.
7753,Sharon Frazier,13,Denver,support,Migrated legacy monolith endpoints to event-driven services.
7754,Kimberly Rivas,7,Denver,analytics,Built role-based compensation benchmarking dashboards.
7755,Samuel Kidd,13,Denver,support,Maintained SOC 2 evidence collection process.
7756,Mark Thomas,2,Austin,support,Scaled self-serve onboarding funnel for SMB customers.
7757,Tyler Peterson,5,Denver,sales,Maintained SOC 2 evidence collection process.
7758,Dominic Bass,2,Denver,product,Managed enterprise renewals exceeding $4M ARR.
7759,Cathy Grant,15,Chicago,analytics,Ran agile ceremonies for cross-functional product squad.
7760,Lori Cameron,0,Seattle,engineering,"Drove product launch for analytics module used by 8,000 accounts."
7761,Sandra Collier,16,Seattle,engineering,Launched partner onboarding program across EMEA region.
7762,Stephanie Conway,14,Chicago,support,Improved NPS by redesigning incident communications workflow.
7763,Michael White,17,Austin,support,Reduced cloud spend by redesigning batch compute workloads.
7764,Robert Martinez,13,Atlanta,analytics,Built role-based compensation benchmarking dashboards.
7765,Cynthia George,8,Austin,analytics,Built churn propensity model for customer success team.
7766,Brent Clark,14,Austin,product,Designed interview loops for engineering leveling refresh.
7767,Darlene Hall,17,Denver,product,Introduced warehouse slotting optimization process.
7768,Daniel Brown,16,Remote,support,"Drove product launch for analytics module used by 8,000 accounts."
7769,Steven Owen,14,Austin,engineering,Built dbt models and Airflow pipelines for finance analytics.
7770,Kelly Doyle,13,Atlanta,support,Built role-based compensation benchmarking dashboards.
7771,Lisa Curtis,11,Atlanta,analytics,Expanded support knowledge base and deflected repetitive tickets.
7772,Matthew Cox,16,Chicago,support,Expanded support knowledge base and deflected repetitive tickets.
7773,Kimberly Taylor,7,Atlanta,support,Shipped experimentation framework for signup conversion.
7774,Nicholas Hart,9,Atlanta,support,Closed strategic logistics accounts in manufacturing sector.
7775,Lisa Thompson,15,Austin,product,Built role-based compensation benchmarking dashboards.
7776,John Frank,4,Remote,engineering,Built role-based compensation benchmarking dashboards.
7777,Matthew Hodges,13,Chicago,product,Improved fulfillment SLA reporting with automated dashboards.
7778,James Brown,1,Denver,operations,Designed interview loops for engineering leveling refresh.
7779,Cindy Howell,10,Austin,sales,Built dbt models and Airflow pipelines for finance analytics.
7780,Jeffrey Johnson,0,Atlanta,support,Launched partner onboarding program across EMEA region.
7781,Barbara Sandoval,17,Atlanta,product,Built dbt models and Airflow pipelines for finance analytics.
7782,Vanessa Mccarthy,15,Austin,engineering,Maintained SOC 2 evidence collection process.
7783,Casey Jackson,4,Chicago,product,Expanded support knowledge base and deflected repetitive tickets.
7784,Samuel Nelson,2,Seattle,operations,Managed high-volume healthcare recruiting for clinical roles.
7785,Kelly Conner,11,Seattle,product,Automated revenue recognition data quality checks.
7786,Rita Brown,16,Chicago,engineering,Negotiated software procurement and vendor savings initiatives.
7787,Danielle Quinn,5,Atlanta,analytics,Maintained SOC 2 evidence collection process.
7788,Eric Smith,17,Seattle,analytics,Designed interview loops for engineering leveling refresh.
7789,Ariel Gibbs,8,Denver,support,Shipped experimentation framework for signup conversion.
7790,Christopher Hodges,7,Chicago,operations,Led multi-region ERP rollout across three warehouses.
7791,Sarah Moore,6,Austin,engineering,Improved fulfillment SLA reporting with automated dashboards.
7792,Mrs. Melissa Sanchez,4,Remote,sales,"Drove product launch for analytics module used by 8,000 accounts."
7793,Holly Wolfe,6,Chicago,sales,Reduced cloud spend by redesigning batch compute workloads.
7794,Jason Miles,3,Seattle,product,Launched partner onboarding program across EMEA region.
7795,Bailey Fitzgerald,6,Chicago,engineering,Expanded support knowledge base and deflected repetitive tickets.
7796,Austin Rogers,5,Seattle,product,Scaled self-serve onboarding funnel for SMB customers.
7797,Aimee Lang MD,1,Chicago,analytics,Owned forecasting model for outbound pipeline generation.
7798,Gregory Oliver,6,Atlanta,analytics,Expanded support knowledge base and deflected repetitive tickets.
7799,Ana Lee,0,Remote,product,Built churn propensity model for customer success team.
7800,Eric Fields,3,Seattle,support,"Drove product launch for analytics module used by 8,000 accounts."
7801,Frederick Davis,13,Austin,analytics,Designed interview loops for engineering leveling refresh.
7802,Amy Blankenship,0,Atlanta,support,Closed strategic logistics accounts in manufacturing sector.
7803,Scott Contreras,5,Chicago,operations,Closed strategic logistics accounts in manufacturing sector.
7804,Andrea Day,12,Chicago,product,Expanded support knowledge base and deflected repetitive tickets.
7805,Francisco Adams,0,Seattle,support,Built role-based compensation benchmarking dashboards.
7806,Linda Thompson,13,Remote,product,Expanded support knowledge base and deflected repetitive tickets.
7807,Carrie Castillo,1,Remote,analytics,Built dbt models and Airflow pipelines for finance analytics.
7808,Jessica Beck,0,Remote,analytics,Designed interview loops for engineering leveling refresh.
7809,Ms. Patricia Hudson MD,3,Denver,operations,Introduced warehouse slotting optimization process.
7810,Anna Wright,15,Atlanta,product,Automated revenue recognition data quality checks.
7811,Lori Weaver,0,Atlanta,analytics,Built role-based compensation benchmarking dashboards.
7812,Lisa Smith,1,Seattle,engineering,Designed interview loops for engineering leveling refresh.
7813,Crystal Bauer,17,Austin,analytics,Reduced cloud spend by redesigning batch compute workloads.
7814,Matthew Trevino,10,Seattle,engineering,Shipped experimentation framework for signup conversion.
7815,James Nunez,10,Seattle,analytics,Improved NPS by redesigning incident communications workflow.
7816,Chelsea Ortiz,0,Remote,support,Introduced warehouse slotting optimization process.
7817,Elijah Holmes,7,Atlanta,support,Negotiated software procurement and vendor savings initiatives.
7818,Tiffany Scott,10,Denver,engineering,"Drove product launch for analytics module used by 8,000 accounts."
7819,Brian Krueger,9,Denver,operations,Improved fulfillment SLA reporting with automated dashboards.
7820,Jessica Salazar,9,Atlanta,operations,Led multi-region ERP rollout across three warehouses.
7821,Katie Parsons,2,Chicago,operations,Scaled self-serve onboarding funnel for SMB customers.
7822,Dwayne Mitchell,17,Seattle,product,Ran agile ceremonies for cross-functional product squad.
7823,Cassandra Acevedo,12,Denver,analytics,Scaled self-serve onboarding funnel for SMB customers.
7824,Kristen Cooper,4,Chicago,operations,Maintained SOC 2 evidence collection process.
7825,Dan Nicholson,17,Seattle,product,Scaled self-serve onboarding funnel for SMB customers.
7826,Scott Martin,5,Denver,analytics,Improved fulfillment SLA reporting with automated dashboards.
7827,Kristin Berger,2,Austin,operations,Reduced cloud spend by redesigning batch compute workloads.
7828,Lisa Brooks,16,Atlanta,analytics,Improved fulfillment SLA reporting with automated dashboards.
7829,William Mendoza,2,Atlanta,product,Managed enterprise renewals exceeding $4M ARR.
7830,Alejandra Hudson,1,Chicago,operations,Built role-based compensation benchmarking dashboards.
7831,Lisa Choi,11,Austin,analytics,Managed high-volume healthcare recruiting for clinical roles.
7832,Daniel Burke,4,Denver,sales,Designed interview loops for engineering leveling refresh.
7833,Julie Murphy,2,Seattle,engineering,Maintained SOC 2 evidence collection process.
7834,Caleb Dunn,1,Seattle,engineering,Shipped experimentation framework for signup conversion.
7835,Andrew Vargas,2,Chicago,operations,"Drove product launch for analytics module used by 8,000 accounts."
7836,Denise Pierce,17,Denver,support,Designed interview loops for engineering leveling refresh.
7837,Christy Hill,12,Remote,sales,Introduced warehouse slotting optimization process.
7838,Nicholas Newman,15,Denver,product,Owned forecasting model for outbound pipeline generation.
7839,Kelli Hamilton,11,Denver,engineering,Managed enterprise renewals exceeding $4M ARR.
7840,Joshua Riley,9,Seattle,support,Negotiated software procurement and vendor savings initiatives.
7841,Jason Rodriguez,3,Denver,sales,Launched partner onboarding program across EMEA region.
7842,Sarah Johnson,17,Remote,engineering,Launched partner onboarding program across EMEA region.
7843,Sarah Silva,14,Denver,support,"Drove product launch for analytics module used by 8,000 accounts."
7844,Dean Alexander,9,Denver,analytics,Automated revenue recognition data quality checks.
7845,Alexander Blake,1,Atlanta,analytics,Managed enterprise renewals exceeding $4M ARR.
7846,Debbie Bean,13,Seattle,product,Built dbt models and Airflow pipelines for finance analytics.
7847,Theresa Garcia,5,Denver,analytics,Negotiated software procurement and vendor savings initiatives.
7848,Ronald Barnes,3,Chicago,product,Improved fulfillment SLA reporting with automated dashboards.
7849,April Morgan,13,Denver,operations,Maintained SOC 2 evidence collection process.
7850,Kathy Acevedo,15,Chicago,operations,Owned forecasting model for outbound pipeline generation.
7851,Janice Bates,11,Chicago,operations,Automated revenue recognition data quality checks.
7852,Stephen Vega,1,Seattle,operations,Closed strategic logistics accounts in manufacturing sector.
7853,Michael Booker,10,Denver,product,Improved NPS by redesigning incident communications workflow.
7854,Stephen Lucero,16,Chicago,analytics,Negotiated software procurement and vendor savings initiatives.
7855,Erin Andrade,12,Seattle,product,Designed interview loops for engineering leveling refresh.
7856,Diana Malone MD,4,Seattle,sales,Ran agile ceremonies for cross-functional product squad.
7857,Jason Vincent,11,Chicago,support,"Drove product launch for analytics module used by 8,000 accounts."
7858,Tiffany Washington,4,Chicago,engineering,Built role-based compensation benchmarking dashboards.
7859,Chad Joseph,15,Seattle,sales,Introduced warehouse slotting optimization process.
7860,Stephanie Pope,15,Chicago,engineering,Ran agile ceremonies for cross-functional product squad.
7861,John Warner,10,Remote,product,Expanded support knowledge base and deflected repetitive tickets.
7862,Stephanie Solis,2,Atlanta,sales,Automated revenue recognition data quality checks.
7863,Tyler Richard,7,Atlanta,support,Built role-based compensation benchmarking dashboards.
7864,William Fleming,2,Atlanta,operations,Launched partner onboarding program across EMEA region.
7865,Franklin Thornton,13,Austin,engineering,Closed strategic logistics accounts in manufacturing sector.
7866,Patrick Campos PhD,12,Seattle,operations,Owned forecasting model for outbound pipeline generation.
7867,Willie Jones,4,Atlanta,operations,Managed high-volume healthcare recruiting for clinical roles.
7868,Peter Holmes,15,Chicago,analytics,Led multi-region ERP rollout across three warehouses.
7869,David Goodman,13,Seattle,sales,Improved NPS by redesigning incident communications workflow.
7870,Sheena Lambert,16,Chicago,support,Closed strategic logistics accounts in manufacturing sector.
7871,Jose Walker,5,Denver,support,Launched partner onboarding program across EMEA region.
7872,Angela Carrillo,3,Atlanta,engineering,Automated revenue recognition data quality checks.
7873,Brenda Dunn,8,Chicago,analytics,Improved fulfillment SLA reporting with automated dashboards.
7874,Gavin Rasmussen,4,Austin,analytics,Built role-based compensation benchmarking dashboards.
7875,Christine Malone,13,Chicago,sales,Designed interview loops for engineering leveling refresh.
7876,Kathy Wood,7,Seattle,support,Launched partner onboarding program across EMEA region.
7877,Stephanie Burns,11,Denver,sales,Managed enterprise renewals exceeding $4M ARR.
7878,James Wells,3,Seattle,product,Closed strategic logistics accounts in manufacturing sector.
7879,Jasmine Perry,1,Austin,operations,Managed high-volume healthcare recruiting for clinical roles.
7880,Cory Henderson,16,Chicago,operations,Negotiated software procurement and vendor savings initiatives.
7881,Michael Lewis,8,Chicago,analytics,Maintained SOC 2 evidence collection process.
7882,Jennifer Norman,2,Austin,analytics,Negotiated software procurement and vendor savings initiatives.
7883,Parker Sanchez,14,Atlanta,analytics,"Drove product launch for analytics module used by 8,000 accounts."
7884,Benjamin Mccarty,2,Chicago,support,Automated revenue recognition data quality checks.
7885,Jacob Frazier,17,Denver,sales,Automated revenue recognition data quality checks.
7886,Miguel Newton,6,Remote,support,Owned forecasting model for outbound pipeline generation.
7887,Stephen Massey,8,Chicago,analytics,"Drove product launch for analytics module used by 8,000 accounts."
7888,Elizabeth Delacruz,4,Chicago,sales,Launched partner onboarding program across EMEA region.
7889,Stephen Thompson,1,Remote,product,Managed enterprise renewals exceeding $4M ARR.
7890,Chad Sanchez,7,Denver,product,Managed high-volume healthcare recruiting for clinical roles.
7891,Joshua Horton,6,Chicago,sales,Improved NPS by redesigning incident communications workflow.
7892,Stephanie Spencer,8,Seattle,support,Ran agile ceremonies for cross-functional product squad.
7893,Katherine Simpson,8,Austin,analytics,Closed strategic logistics accounts in manufacturing sector.
7894,Tracy Trevino,11,Denver,support,Launched partner onboarding program across EMEA region.
7895,Melinda Santos,1,Chicago,operations,Expanded support knowledge base and deflected repetitive tickets.
7896,Sara Marquez,6,Remote,sales,Improved fulfillment SLA reporting with automated dashboards.
7897,Hector Lee,15,Chicago,sales,Launched partner onboarding program across EMEA region.
7898,Rachel Humphrey,17,Atlanta,engineering,Improved NPS by redesigning incident communications workflow.
7899,Tonya Bowers,9,Atlanta,product,Expanded support knowledge base and deflected repetitive tickets.
7900,John Grant,6,Denver,sales,Closed strategic logistics accounts in manufacturing sector.
7901,Derek Hernandez,7,Austin,product,Managed enterprise renewals exceeding $4M ARR.
7902,Karen Mcdonald,14,Chicago,sales,Scaled self-serve onboarding funnel for SMB customers.
7903,Kyle Bell,7,Remote,operations,Closed strategic logistics accounts in manufacturing sector.
7904,Billy Webster,17,Atlanta,product,Owned forecasting model for outbound pipeline generation.
7905,Marissa Clark,0,Remote,operations,Reduced cloud spend by redesigning batch compute workloads.
7906,Amy Johnson,10,Atlanta,support,Introduced warehouse slotting optimization process.
7907,Laura Ramirez,9,Chicago,engineering,Improved NPS by redesigning incident communications workflow.
7908,Jason Ross,8,Denver,product,Reduced cloud spend by redesigning batch compute workloads.
7909,Brittany Garner,8,Seattle,analytics,Migrated legacy monolith endpoints to event-driven services.
7910,Gwendolyn Fox,2,Chicago,support,Introduced warehouse slotting optimization process.
7911,Felicia Sandoval,6,Atlanta,engineering,Scaled self-serve onboarding funnel for SMB customers.
7912,Glenn White,6,Remote,product,Launched partner onboarding program across EMEA region.
7913,Michael David,11,Remote,operations,Built churn propensity model for customer success team.
7914,Andres Sutton,10,Denver,sales,Improved fulfillment SLA reporting with automated dashboards.
7915,Pamela Hensley,7,Chicago,engineering,Improved NPS by redesigning incident communications workflow.
7916,John Foley,9,Atlanta,engineering,Built dbt models and Airflow pipelines for finance analytics.
7917,Angela Brown,10,Atlanta,support,Owned forecasting model for outbound pipeline generation.
7918,Eric Mayo,0,Seattle,sales,Improved fulfillment SLA reporting with automated dashboards.
7919,Samantha Miller,15,Austin,product,Automated revenue recognition data quality checks.
7920,Pamela Shaw,16,Atlanta,sales,Built role-based compensation benchmarking dashboards.
7921,Jennifer Edwards,6,Austin,engineering,Ran agile ceremonies for cross-functional product squad.
7922,Joshua Vega,13,Remote,product,Managed enterprise renewals exceeding $4M ARR.
7923,Daniel Nixon,7,Remote,support,Scaled self-serve onboarding funnel for SMB customers.
7924,Destiny Simmons,1,Seattle,analytics,Maintained SOC 2 evidence collection process.
7925,Eric West,15,Chicago,support,Migrated legacy monolith endpoints to event-driven services.
7926,Kayla Duran,4,Seattle,support,Reduced cloud spend by redesigning batch compute workloads.
7927,John Smith,6,Denver,sales,Shipped experimentation framework for signup conversion.
7928,Morgan Jenkins,10,Atlanta,operations,"Implemented Okta and SCIM provisioning for 2,000 employees."
7929,Shannon Bass,7,Chicago,product,Managed enterprise renewals exceeding $4M ARR.
7930,Bridget Mendez,4,Denver,support,Introduced warehouse slotting optimization process.
7931,Michelle Wood,14,Remote,analytics,Owned forecasting model for outbound pipeline generation.
7932,Kyle Brooks,6,Chicago,sales,Improved fulfillment SLA reporting with automated dashboards.
7933,Lisa Hill,10,Denver,analytics,Automated revenue recognition data quality checks.
7934,David Hall,11,Chicago,engineering,"Drove product launch for analytics module used by 8,000 accounts."
7935,Laura Lopez,16,Chicago,support,Closed strategic logistics accounts in manufacturing sector.
7936,Dustin Smith,8,Denver,sales,Migrated legacy monolith endpoints to event-driven services.
7937,John Allen,8,Atlanta,sales,Expanded support knowledge base and deflected repetitive tickets.
7938,Carrie Moore,16,Austin,analytics,Built role-based compensation benchmarking dashboards.
7939,Henry Robinson,8,Chicago,engineering,Automated revenue recognition data quality checks.
7940,James Johnson,5,Seattle,support,Owned forecasting model for outbound pipeline generation.
7941,Mr. David Arnold,0,Chicago,operations,Migrated legacy monolith endpoints to event-driven services.
7942,Dawn Quinn,5,Denver,analytics,Introduced warehouse slotting optimization process.
7943,Carol Gibson,3,Seattle,support,Designed interview loops for engineering leveling refresh.
7944,Samantha Smith,5,Seattle,support,Reduced cloud spend by redesigning batch compute workloads.
7945,Dennis Garcia,9,Remote,product,Scaled self-serve onboarding funnel for SMB customers.
7946,Nicole Chambers,9,Austin,sales,Improved fulfillment SLA reporting with automated dashboards.
7947,Courtney Wagner,3,Seattle,operations,Closed strategic logistics accounts in manufacturing sector.
7948,Sara Gay,8,Seattle,engineering,Scaled self-serve onboarding funnel for SMB customers.
7949,Nicole Lyons,8,Austin,sales,Managed enterprise renewals exceeding $4M ARR.
7950,Jennifer Frost,0,Remote,analytics,Migrated legacy monolith endpoints to event-driven services.
7951,Karen Davis,5,Chicago,engineering,Built role-based compensation benchmarking dashboards.
7952,Dalton Richardson,13,Denver,operations,"Implemented Okta and SCIM provisioning for 2,000 employees."
7953,Chelsea Thomas,0,Seattle,product,Scaled self-serve onboarding funnel for SMB customers.
7954,Christina Lester,5,Atlanta,engineering,Reduced cloud spend by redesigning batch compute workloads.
7955,Patricia Nichols,8,Chicago,sales,Scaled self-serve onboarding funnel for SMB customers.
7956,Daniel Howell,2,Chicago,sales,Shipped experimentation framework for signup conversion.
7957,Kimberly Little,11,Seattle,product,Maintained SOC 2 evidence collection process.
7958,Katherine Guzman,12,Chicago,support,Built dbt models and Airflow pipelines for finance analytics.
7959,Marcus Harvey,6,Denver,sales,Built dbt models and Airflow pipelines for finance analytics.
7960,Kelly Mccarthy,4,Seattle,support,Built churn propensity model for customer success team.
7961,Valerie Rangel,13,Remote,engineering,Managed high-volume healthcare recruiting for clinical roles.
7962,Kristen Brooks,3,Seattle,support,Launched partner onboarding program across EMEA region.
7963,Joseph Eaton,2,Denver,sales,Negotiated software procurement and vendor savings initiatives.
7964,Jamie Reed,0,Chicago,support,Reduced cloud spend by redesigning batch compute workloads.
7965,Cindy Harris,1,Remote,operations,Maintained SOC 2 evidence collection process.
7966,Laurie Collins,15,Atlanta,support,"Drove product launch for analytics module used by 8,000 accounts."
7967,Laura Kelley,16,Denver,operations,Improved fulfillment SLA reporting with automated dashboards.
7968,Amanda Brown,9,Remote,analytics,Built role-based compensation benchmarking dashboards.
7969,Joseph Fuentes,16,Seattle,product,Owned forecasting model for outbound pipeline generation.
7970,Chelsea Martinez,12,Denver,support,Managed enterprise renewals exceeding $4M ARR.
7971,Rose Collins,7,Chicago,analytics,Closed strategic logistics accounts in manufacturing sector.
7972,Michael Walter,12,Austin,product,Closed strategic logistics accounts in manufacturing sector.
7973,Natasha Allen,7,Atlanta,engineering,Introduced warehouse slotting optimization process.
7974,Amber Matthews,17,Austin,support,Built dbt models and Airflow pipelines for finance analytics.
7975,Carrie Robertson,15,Chicago,analytics,Built dbt models and Airflow pipelines for finance analytics.
7976,Tanner Phillips,15,Seattle,sales,Maintained SOC 2 evidence collection process.
7977,Elizabeth Morales MD,9,Austin,operations,Managed enterprise renewals exceeding $4M ARR.
7978,Stephen Kelly,9,Remote,operations,Owned forecasting model for outbound pipeline generation.
7979,Anthony Brown,2,Denver,support,Expanded support knowledge base and deflected repetitive tickets.
7980,Colton Stokes,11,Remote,analytics,Reduced cloud spend by redesigning batch compute workloads.
7981,Jerry Patel,2,Chicago,support,Reduced cloud spend by redesigning batch compute workloads.
7982,Ariel Williams,9,Denver,analytics,Shipped experimentation framework for signup conversion.
7983,Dr. Heather Dunn DDS,2,Remote,product,Expanded support knowledge base and deflected repetitive tickets.
7984,Jesus Figueroa,8,Atlanta,support,Improved NPS by redesigning incident communications workflow.
7985,Cynthia Mcbride,14,Seattle,analytics,"Implemented Okta and SCIM provisioning for 2,000 employees."
7986,Stephen Wilson,5,Seattle,engineering,Owned forecasting model for outbound pipeline generation.
7987,Valerie Harper,10,Seattle,operations,Closed strategic logistics accounts in manufacturing sector.
7988,Jason Austin,4,Denver,engineering,Ran agile ceremonies for cross-functional product squad.
7989,Debra Hernandez,5,Denver,operations,Built churn propensity model for customer success team.
7990,Michael Donovan,3,Austin,product,Improved NPS by redesigning incident communications workflow.
7991,Regina Johnson,2,Chicago,operations,"Drove product launch for analytics module used by 8,000 accounts."
7992,Tabitha Goodman,6,Austin,support,Reduced cloud spend by redesigning batch compute workloads.
7993,Mrs. Lisa Smith,2,Chicago,operations,Closed strategic logistics accounts in manufacturing sector.
7994,Stacy Horn,16,Seattle,analytics,Migrated legacy monolith endpoints to event-driven services.
7995,Mallory Moore,13,Chicago,engineering,Built dbt models and Airflow pipelines for finance analytics.
7996,Robert Martinez,3,Denver,support,Managed high-volume healthcare recruiting for clinical roles.
7997,Jennifer Gordon,15,Atlanta,sales,Ran agile ceremonies for cross-functional product squad.
7998,Michael Chen,6,Austin,operations,Built churn propensity model for customer success team.
7999,Dr. James Santos MD,9,Seattle,product,Improved NPS by redesigning incident communications workflow.
8000,Peggy Blevins,12,Seattle,sales,Expanded support knowledge base and deflected repetitive tickets.
8001,Cory Nelson,13,Chicago,product,Owned forecasting model for outbound pipeline generation.
8002,Tara Miller,0,Austin,support,Improved fulfillment SLA reporting with automated dashboards.
8003,Gregory Hall,5,Austin,engineering,Migrated legacy monolith endpoints to event-driven services.
8004,Madison Nielsen,6,Chicago,operations,Introduced warehouse slotting optimization process.
8005,Heather Anderson,10,Austin,product,Shipped experimentation framework for signup conversion.
8006,Mark Williams,15,Austin,operations,"Implemented Okta and SCIM provisioning for 2,000 employees."
8007,Charles Williams,7,Denver,support,Designed interview loops for engineering leveling refresh.
8008,Julie Bruce,8,Atlanta,product,Scaled self-serve onboarding funnel for SMB customers.
8009,Lisa Moss,1,Austin,engineering,Reduced cloud spend by redesigning batch compute workloads.
8010,Corey Ford,9,Atlanta,support,Closed strategic logistics accounts in manufacturing sector.
8011,Leonard Davis,8,Denver,product,Expanded support knowledge base and deflected repetitive tickets.
8012,Steven Shepherd,11,Chicago,analytics,Ran agile ceremonies for cross-functional product squad.
8013,Zachary Wilkerson,15,Austin,product,Led multi-region ERP rollout across three warehouses.
8014,Allison Spears,10,Seattle,support,Ran agile ceremonies for cross-functional product squad.
8015,Theresa Ross,0,Austin,analytics,Launched partner onboarding program across EMEA region.
8016,Amanda Tran,14,Chicago,engineering,"Implemented Okta and SCIM provisioning for 2,000 employees."
8017,Timothy White,8,Seattle,support,Improved fulfillment SLA reporting with automated dashboards.
8018,Richard Boone,8,Atlanta,product,Maintained SOC 2 evidence collection process.
8019,Deborah Blevins,15,Remote,sales,Launched partner onboarding program across EMEA region.
8020,William Church,10,Austin,engineering,"Implemented Okta and SCIM provisioning for 2,000 employees."
8021,Kevin Scott,14,Chicago,analytics,Designed interview loops for engineering leveling refresh.
8022,Jonathan Chandler,15,Atlanta,product,Ran agile ceremonies for cross-functional product squad.
8023,Jessica Mccarty,8,Chicago,support,Led multi-region ERP rollout across three warehouses.
8024,Andrew Lester,17,Denver,support,Built churn propensity model for customer success team.
8025,Ryan Reynolds,3,Chicago,analytics,Ran agile ceremonies for cross-functional product squad.
8026,Jose Vasquez,15,Seattle,operations,Led multi-region ERP rollout across three warehouses.
8027,Kayla Luna,15,Seattle,sales,Migrated legacy monolith endpoints to event-driven services.
8028,Jeffery Haas,1,Seattle,support,Migrated legacy monolith endpoints to event-driven services.
8029,Loretta Young,2,Atlanta,analytics,"Drove product launch for analytics module used by 8,000 accounts."
8030,Matthew Williams,0,Denver,support,Built churn propensity model for customer success team.
8031,Stacey Taylor,4,Atlanta,product,Launched partner onboarding program across EMEA region.
8032,Stacey Gay,17,Austin,product,Owned forecasting model for outbound pipeline generation.
8033,Sheena Hawkins,2,Atlanta,product,Introduced warehouse slotting optimization process.
8034,Douglas Rivas,0,Chicago,operations,Built churn propensity model for customer success team.
8035,Paul Orr,8,Remote,engineering,Led multi-region ERP rollout across three warehouses.
8036,Kenneth Smith,6,Chicago,analytics,Improved fulfillment SLA reporting with automated dashboards.
8037,Christine Martinez,11,Austin,operations,Automated revenue recognition data quality checks.
8038,Dawn Cooley,10,Remote,product,Introduced warehouse slotting optimization process.
8039,Wanda Morris,14,Austin,engineering,Built role-based compensation benchmarking dashboards.
8040,Christopher Higgins,7,Atlanta,product,Ran agile ceremonies for cross-functional product squad.
8041,Benjamin Dawson,8,Denver,analytics,Improved fulfillment SLA reporting with automated dashboards.
8042,Joe Elliott,0,Chicago,engineering,Built role-based compensation benchmarking dashboards.
8043,Isaiah Parker,17,Denver,sales,Ran agile ceremonies for cross-functional product squad.
8044,David Howard,3,Seattle,engineering,Designed interview loops for engineering leveling refresh.
8045,Nicolas Wells,10,Austin,product,Closed strategic logistics accounts in manufacturing sector.
8046,Samantha Rivera,15,Atlanta,analytics,Owned forecasting model for outbound pipeline generation.
8047,Matthew Long,10,Remote,analytics,Scaled self-serve onboarding funnel for SMB customers.
8048,Justin Lin,11,Chicago,analytics,Improved fulfillment SLA reporting with automated dashboards.
8049,Jennifer Sims,3,Seattle,operations,Improved NPS by redesigning incident communications workflow.
8050,Jennifer Marsh,12,Remote,sales,Migrated legacy monolith endpoints to event-driven services.
8051,Matthew Watkins,3,Remote,support,Designed interview loops for engineering leveling refresh.
8052,Raymond Crosby,12,Atlanta,engineering,Introduced warehouse slotting optimization process.
8053,Charlene Blackwell,10,Remote,sales,Expanded support knowledge base and deflected repetitive tickets.
8054,Carmen Herrera,8,Seattle,product,Launched partner onboarding program across EMEA region.
8055,Phillip Rose,12,Atlanta,engineering,Automated revenue recognition data quality checks.
8056,James Williams,12,Austin,product,Built churn propensity model for customer success team.
8057,Kayla Simmons,3,Remote,engineering,Led multi-region ERP rollout across three warehouses.
8058,Melanie Decker,6,Chicago,operations,Reduced cloud spend by redesigning batch compute workloads.
8059,Mr. Jon Smith,8,Seattle,analytics,Managed enterprise renewals exceeding $4M ARR.
8060,Diana Solis,2,Atlanta,engineering,Maintained SOC 2 evidence collection process.
8061,William Gross,6,Denver,product,Reduced cloud spend by redesigning batch compute workloads.
8062,Sandra Wells,0,Seattle,product,Improved fulfillment SLA reporting with automated dashboards.
8063,David Fields,7,Atlanta,sales,Introduced warehouse slotting optimization process.
8064,John Merritt,3,Seattle,sales,Introduced warehouse slotting optimization process.
8065,Michelle Greene,3,Remote,support,Negotiated software procurement and vendor savings initiatives.
8066,Jonathan Dean,14,Chicago,operations,"Implemented Okta and SCIM provisioning for 2,000 employees."
8067,Michael Sanford,2,Seattle,engineering,Expanded support knowledge base and deflected repetitive tickets.
8068,Michael Thornton,2,Austin,support,Improved fulfillment SLA reporting with automated dashboards.
8069,Joseph Sutton,5,Seattle,operations,Expanded support knowledge base and deflected repetitive tickets.
8070,Mrs. Jill Hodges,0,Austin,operations,Built churn propensity model for customer success team.
8071,Marissa Tyler,15,Chicago,analytics,Built churn propensity model for customer success team.
8072,Jessica Cook,17,Chicago,analytics,Launched partner onboarding program across EMEA region.
8073,Jared Cobb,14,Seattle,support,Built dbt models and Airflow pipelines for finance analytics.
8074,Hunter Davidson,14,Denver,support,Expanded support knowledge base and deflected repetitive tickets.
8075,Brian Powell,1,Denver,product,Improved NPS by redesigning incident communications workflow.
8076,Jessica Mcconnell,9,Denver,product,"Implemented Okta and SCIM provisioning for 2,000 employees."
8077,Robert Knight,1,Atlanta,analytics,Built dbt models and Airflow pipelines for finance analytics.
8078,Noah Meyers,5,Remote,analytics,Improved NPS by redesigning incident communications workflow.
8079,Brian Mueller,8,Seattle,operations,Built dbt models and Airflow pipelines for finance analytics.
8080,Angelica Doyle,12,Austin,analytics,Migrated legacy monolith endpoints to event-driven services.
8081,Marissa Moore,4,Atlanta,engineering,Owned forecasting model for outbound pipeline generation.
8082,Brianna Warren,4,Austin,operations,Improved NPS by redesigning incident communications workflow.
8083,Rebecca Lewis,14,Austin,sales,Negotiated software procurement and vendor savings initiatives.
8084,Lindsay Mendoza,4,Chicago,analytics,Ran agile ceremonies for cross-functional product squad.
8085,Anthony Fuller,8,Seattle,product,Improved NPS by redesigning incident communications workflow.
8086,Jessica Benson,5,Remote,operations,Automated revenue recognition data quality checks.
8087,Regina Sawyer,15,Chicago,analytics,Scaled self-serve onboarding funnel for SMB customers.
8088,Denise Leon,9,Remote,operations,Negotiated software procurement and vendor savings initiatives.
8089,Elijah Smith,1,Chicago,operations,Negotiated software procurement and vendor savings initiatives.
8090,Felicia Robinson,2,Chicago,support,Scaled self-serve onboarding funnel for SMB customers.
8091,Jade Ibarra,17,Austin,sales,Maintained SOC 2 evidence collection process.
8092,William Tucker,16,Austin,product,Built dbt models and Airflow pipelines for finance analytics.
8093,Erin Nelson,13,Atlanta,engineering,Closed strategic logistics accounts in manufacturing sector.
8094,Haley Willis,1,Denver,sales,Improved fulfillment SLA reporting with automated dashboards.
8095,Amanda Zamora,13,Austin,support,Managed enterprise renewals exceeding $4M ARR.
8096,Mr. Paul Ewing,11,Atlanta,engineering,Improved fulfillment SLA reporting with automated dashboards.
8097,Brenda Taylor,16,Denver,operations,"Drove product launch for analytics module used by 8,000 accounts."
8098,Nicole Foster,8,Denver,operations,Reduced cloud spend by redesigning batch compute workloads.
8099,Rebecca Hanson,8,Remote,product,"Drove product launch for analytics module used by 8,000 accounts."
8100,Kyle Hernandez,11,Denver,engineering,Introduced warehouse slotting optimization process.
8101,Vicki Ortiz,2,Denver,operations,Automated revenue recognition data quality checks.
8102,Tammy Hernandez,13,Seattle,operations,Introduced warehouse slotting optimization process.
8103,Nancy Jackson,8,Remote,support,Closed strategic logistics accounts in manufacturing sector.
8104,Stanley Howard,3,Seattle,analytics,Managed high-volume healthcare recruiting for clinical roles.
8105,Stephen Mueller,14,Denver,engineering,Owned forecasting model for outbound pipeline generation.
8106,Claudia Sanchez,4,Chicago,product,Managed enterprise renewals exceeding $4M ARR.
8107,Jonathan Peterson,15,Chicago,engineering,"Drove product launch for analytics module used by 8,000 accounts."
8108,Charles Sloan,4,Austin,support,"Implemented Okta and SCIM provisioning for 2,000 employees."
8109,Jason Robinson,8,Seattle,sales,Built churn propensity model for customer success team.
8110,Jennifer Davidson,7,Seattle,engineering,Automated revenue recognition data quality checks.
8111,Paul Smith,13,Denver,sales,Ran agile ceremonies for cross-functional product squad.
8112,Paula Johnson,3,Remote,product,"Drove product launch for analytics module used by 8,000 accounts."
8113,Mr. Melvin English,4,Remote,product,Managed enterprise renewals exceeding $4M ARR.
8114,Teresa Lawson,3,Atlanta,analytics,Expanded support knowledge base and deflected repetitive tickets.
8115,John Wood,4,Chicago,support,Improved NPS by redesigning incident communications workflow.
8116,Michael Ramirez,8,Atlanta,product,"Drove product launch for analytics module used by 8,000 accounts."
8117,Eric Norman,10,Seattle,operations,Built role-based compensation benchmarking dashboards.
8118,Michael Jordan,15,Atlanta,support,Automated revenue recognition data quality checks.
8119,Joshua Meyer,7,Denver,analytics,Improved NPS by redesigning incident communications workflow.
8120,Dana Norman,7,Atlanta,sales,Reduced cloud spend by redesigning batch compute workloads.
8121,Kelly Nelson,2,Remote,analytics,Designed interview loops for engineering leveling refresh.
8122,Gregory Deleon,1,Denver,engineering,Reduced cloud spend by redesigning batch compute workloads.
8123,Amanda Smith,13,Chicago,analytics,Improved NPS by redesigning incident communications workflow.
8124,Nicholas Baker,11,Atlanta,sales,Expanded support knowledge base and deflected repetitive tickets.
8125,Christine Conley,9,Atlanta,engineering,Ran agile ceremonies for cross-functional product squad.
8126,Ralph Herrera,7,Remote,support,"Drove product launch for analytics module used by 8,000 accounts."
8127,Ashley Heath,9,Austin,operations,Maintained SOC 2 evidence collection process.
8128,Carrie Thomas,15,Remote,operations,Launched partner onboarding program across EMEA region.
8129,Kevin Saunders,3,Seattle,engineering,Led multi-region ERP rollout across three warehouses.
8130,Amy Sullivan,8,Seattle,engineering,Expanded support knowledge base and deflected repetitive tickets.
8131,Daisy Grimes,4,Chicago,product,Managed enterprise renewals exceeding $4M ARR.
8132,Ian Ford,1,Chicago,analytics,Managed enterprise renewals exceeding $4M ARR.
8133,Anthony Williams,12,Denver,operations,Built dbt models and Airflow pipelines for finance analytics.
8134,Gary King,12,Chicago,analytics,Migrated legacy monolith endpoints to event-driven services.
8135,Darryl Roberts,15,Atlanta,support,Led multi-region ERP rollout across three warehouses.
8136,Cynthia Jones,0,Seattle,engineering,Built churn propensity model for customer success team.
8137,Deborah Herrera,3,Denver,product,Improved NPS by redesigning incident communications workflow.
8138,Harold Diaz,10,Seattle,analytics,Built churn propensity model for customer success team.
8139,Gabrielle Scott,14,Seattle,sales,Owned forecasting model for outbound pipeline generation.
8140,Devin Burch,16,Remote,sales,Reduced cloud spend by redesigning batch compute workloads.
8141,Ellen Long,14,Seattle,engineering,Improved NPS by redesigning incident communications workflow.
8142,Matthew Mcdonald,16,Chicago,sales,Reduced cloud spend by redesigning batch compute workloads.
8143,Emily Young,14,Austin,operations,Automated revenue recognition data quality checks.
8144,Jacob Watson,5,Remote,sales,Launched partner onboarding program across EMEA region.
8145,Sandra Craig,10,Seattle,support,Built churn propensity model for customer success team.
8146,Tracy Cooper,11,Remote,sales,Reduced cloud spend by redesigning batch compute workloads.
8147,Elizabeth Freeman,6,Denver,operations,Scaled self-serve onboarding funnel for SMB customers.
8148,Anne Ortiz,15,Austin,analytics,Improved NPS by redesigning incident communications workflow.
8149,Richard Kent,13,Atlanta,engineering,"Drove product launch for analytics module used by 8,000 accounts."
8150,Deborah Bowman,9,Atlanta,sales,Designed interview loops for engineering leveling refresh.
8151,Jennifer Allen,8,Chicago,engineering,Led multi-region ERP rollout across three warehouses.
8152,Mary Rivers,14,Denver,support,Improved NPS by redesigning incident communications workflow.
8153,Aaron Smith,3,Denver,support,Shipped experimentation framework for signup conversion.
8154,James Watkins,3,Chicago,engineering,Shipped experimentation framework for signup conversion.
8155,Madeline Davis,7,Seattle,support,"Drove product launch for analytics module used by 8,000 accounts."
8156,Katherine Lawrence,2,Denver,support,Built dbt models and Airflow pipelines for finance analytics.
8157,Renee Steele,8,Remote,engineering,Built dbt models and Airflow pipelines for finance analytics.
8158,Belinda Bailey,7,Austin,engineering,Managed high-volume healthcare recruiting for clinical roles.
8159,Gerald Williams,9,Remote,support,Led multi-region ERP rollout across three warehouses.
8160,Kathryn Campbell,8,Atlanta,sales,"Implemented Okta and SCIM provisioning for 2,000 employees."
8161,Jennifer Martinez,16,Seattle,operations,Closed strategic logistics accounts in manufacturing sector.
8162,Lee Price,4,Chicago,analytics,Scaled self-serve onboarding funnel for SMB customers.
8163,Joe Gilbert,7,Austin,engineering,Closed strategic logistics accounts in manufacturing sector.
8164,Ryan Chang,13,Chicago,operations,Ran agile ceremonies for cross-functional product squad.
8165,Andrew Reyes,5,Denver,operations,Built role-based compensation benchmarking dashboards.
8166,Maria Andrews,11,Denver,support,Built role-based compensation benchmarking dashboards.
8167,Jeffrey Harper DVM,17,Chicago,support,Owned forecasting model for outbound pipeline generation.
8168,Michael Sanders,6,Austin,sales,Automated revenue recognition data quality checks.
8169,Ashley Yates,4,Seattle,analytics,Scaled self-serve onboarding funnel for SMB customers.
8170,Phyllis Beck,3,Seattle,operations,Improved fulfillment SLA reporting with automated dashboards.
8171,Tammy Coleman,0,Austin,operations,Maintained SOC 2 evidence collection process.
8172,David Bolton,5,Seattle,support,"Implemented Okta and SCIM provisioning for 2,000 employees."
8173,Katelyn Allen,15,Remote,sales,"Drove product launch for analytics module used by 8,000 accounts."
8174,Rebecca Warner,4,Remote,analytics,Managed high-volume healthcare recruiting for clinical roles.
8175,Amber Brown,17,Chicago,operations,"Drove product launch for analytics module used by 8,000 accounts."
8176,Joseph Lewis,17,Denver,analytics,Improved NPS by redesigning incident communications workflow.
8177,Tracy Hall,12,Austin,operations,Shipped experimentation framework for signup conversion.
8178,Brian Lee,17,Austin,product,Built churn propensity model for customer success team.
8179,Dillon Williams,7,Remote,operations,Migrated legacy monolith endpoints to event-driven services.
8180,Scott Martin,17,Remote,engineering,Improved NPS by redesigning incident communications workflow.
8181,Vanessa Perez,9,Chicago,operations,Managed high-volume healthcare recruiting for clinical roles.
8182,Michael Walker,1,Denver,sales,Designed interview loops for engineering leveling refresh.
8183,Raymond Bradley,14,Austin,operations,Negotiated software procurement and vendor savings initiatives.
8184,Robert Brown,17,Seattle,product,Managed high-volume healthcare recruiting for clinical roles.
8185,Kelly Johnson,15,Atlanta,engineering,Owned forecasting model for outbound pipeline generation.
8186,Sarah Vance,7,Chicago,engineering,Led multi-region ERP rollout across three warehouses.
8187,Anthony Bryant,1,Remote,sales,Led multi-region ERP rollout across three warehouses.
8188,Regina Schroeder,10,Austin,operations,Maintained SOC 2 evidence collection process.
8189,Jacob Cervantes,15,Chicago,engineering,Improved fulfillment SLA reporting with automated dashboards.
8190,Alexander Thompson,15,Seattle,support,Improved NPS by redesigning incident communications workflow.
8191,Catherine Frey,11,Denver,analytics,Scaled self-serve onboarding funnel for SMB customers.
8192,Steven Ruiz,14,Seattle,support,Expanded support knowledge base and deflected repetitive tickets.
8193,Deborah Osborne,0,Chicago,operations,Managed high-volume healthcare recruiting for clinical roles.
8194,Stephen Shields,11,Atlanta,product,Expanded support knowledge base and deflected repetitive tickets.
8195,Jessica Aguilar,1,Atlanta,support,Expanded support knowledge base and deflected repetitive tickets.
8196,Cameron Anderson,13,Austin,product,Migrated legacy monolith endpoints to event-driven services.
8197,Robert Jones,0,Chicago,engineering,Built role-based compensation benchmarking dashboards.
8198,Carol Delacruz,10,Chicago,support,Negotiated software procurement and vendor savings initiatives.
8199,Angela Rodriguez,17,Atlanta,operations,Launched partner onboarding program across EMEA region.
8200,Martin Bradley DVM,2,Denver,sales,Introduced warehouse slotting optimization process.
8201,Rhonda Grimes,7,Denver,sales,Negotiated software procurement and vendor savings initiatives.
8202,Peter Flores,0,Chicago,sales,Built role-based compensation benchmarking dashboards.
8203,Lori Nelson,12,Remote,engineering,Managed high-volume healthcare recruiting for clinical roles.
8204,Melissa White,16,Seattle,operations,"Drove product launch for analytics module used by 8,000 accounts."
8205,Emily Mitchell,0,Seattle,support,"Drove product launch for analytics module used by 8,000 accounts."
8206,Joseph Salinas,9,Chicago,operations,Negotiated software procurement and vendor savings initiatives.
8207,Mary Duran,14,Seattle,engineering,Managed enterprise renewals exceeding $4M ARR.
8208,Angela Reyes,0,Chicago,support,Led multi-region ERP rollout across three warehouses.
8209,Jorge Smith,8,Denver,sales,Built churn propensity model for customer success team.
8210,Anthony Tran,2,Chicago,product,Negotiated software procurement and vendor savings initiatives.
8211,Kimberly Vaughn,16,Chicago,operations,"Drove product launch for analytics module used by 8,000 accounts."
8212,Ryan Bowen,9,Atlanta,engineering,Built churn propensity model for customer success team.
8213,Phyllis Herrera,9,Chicago,sales,Built dbt models and Airflow pipelines for finance analytics.
8214,Shannon Crosby,17,Seattle,support,Expanded support knowledge base and deflected repetitive tickets.
8215,Michael Martin,14,Atlanta,product,Negotiated software procurement and vendor savings initiatives.
8216,Debbie Boyd,5,Remote,operations,Automated revenue recognition data quality checks.
8217,Franklin Proctor,11,Chicago,product,Built dbt models and Airflow pipelines for finance analytics.
8218,Ashley Ramos,5,Remote,sales,Built dbt models and Airflow pipelines for finance analytics.
8219,Susan Smith,9,Austin,operations,Improved NPS by redesigning incident communications workflow.
8220,John Strickland,14,Atlanta,operations,Managed enterprise renewals exceeding $4M ARR.
8221,Julie Webb,17,Denver,sales,Scaled self-serve onboarding funnel for SMB customers.
8222,Alexandra Fisher,17,Seattle,operations,Shipped experimentation framework for signup conversion.
8223,Jessica Mata,8,Austin,operations,Built churn propensity model for customer success team.
8224,John Thomas,16,Chicago,support,Closed strategic logistics accounts in manufacturing sector.
8225,April Fisher,16,Chicago,operations,Launched partner onboarding program across EMEA region.
8226,Dr. Mark Lopez,9,Remote,engineering,Reduced cloud spend by redesigning batch compute workloads.
8227,Charles Campbell,0,Atlanta,operations,Improved fulfillment SLA reporting with automated dashboards.
8228,Kelli Hoffman,2,Austin,product,Built churn propensity model for customer success team.
8229,Ashley Price,11,Seattle,engineering,Scaled self-serve onboarding funnel for SMB customers.
8230,Amanda Mercado,14,Chicago,product,"Drove product launch for analytics module used by 8,000 accounts."
8231,Jasmine Evans,16,Chicago,engineering,Closed strategic logistics accounts in manufacturing sector.
8232,James Mendez,4,Denver,engineering,Negotiated software procurement and vendor savings initiatives.
8233,Brian Salazar,16,Seattle,engineering,Closed strategic logistics accounts in manufacturing sector.
8234,Frank Escobar,14,Remote,sales,Maintained SOC 2 evidence collection process.
8235,Lisa Smith,8,Austin,operations,"Drove product launch for analytics module used by 8,000 accounts."
8236,Danielle Salinas,6,Remote,support,Scaled self-serve onboarding funnel for SMB customers.
8237,Justin Mckinney,8,Remote,analytics,Managed high-volume healthcare recruiting for clinical roles.
8238,Mr. Edwin Rogers,12,Chicago,analytics,Launched partner onboarding program across EMEA region.
8239,Ashley Ali,14,Atlanta,product,Scaled self-serve onboarding funnel for SMB customers.
8240,Anthony Tran,3,Denver,engineering,Ran agile ceremonies for cross-functional product squad.
8241,Jacqueline Berry,6,Denver,sales,"Drove product launch for analytics module used by 8,000 accounts."
8242,Wyatt Thomas,2,Atlanta,product,Launched partner onboarding program across EMEA region.
8243,Troy Ford,16,Atlanta,support,Shipped experimentation framework for signup conversion.
8244,Tyler Nielsen,7,Denver,engineering,Closed strategic logistics accounts in manufacturing sector.
8245,David Valenzuela,4,Denver,sales,"Implemented Okta and SCIM provisioning for 2,000 employees."
8246,Priscilla Peterson,3,Denver,operations,Owned forecasting model for outbound pipeline generation.
8247,Robert Taylor,1,Denver,engineering,Introduced warehouse slotting optimization process.
8248,Kenneth Hickman,8,Austin,analytics,Built role-based compensation benchmarking dashboards.
8249,Michael Gibson,13,Denver,analytics,Launched partner onboarding program across EMEA region.
8250,Kayla Thomas,5,Seattle,operations,Closed strategic logistics accounts in manufacturing sector.
8251,Lindsey Gonzalez,7,Remote,sales,Expanded support knowledge base and deflected repetitive tickets.
8252,Kimberly Avila DVM,11,Seattle,operations,Managed enterprise renewals exceeding $4M ARR.
8253,Ryan Fowler,6,Remote,product,Scaled self-serve onboarding funnel for SMB customers.
8254,Ivan Allen,13,Seattle,support,Closed strategic logistics accounts in manufacturing sector.
8255,Sarah Castillo,5,Atlanta,product,Closed strategic logistics accounts in manufacturing sector.
8256,David Berry,8,Seattle,analytics,Owned forecasting model for outbound pipeline generation.
8257,Michelle Martinez,17,Remote,engineering,Automated revenue recognition data quality checks.
8258,Morgan Torres,15,Chicago,engineering,Managed enterprise renewals exceeding $4M ARR.
8259,Pamela Hernandez,10,Austin,sales,"Implemented Okta and SCIM provisioning for 2,000 employees."
8260,Chelsey Duncan,7,Chicago,analytics,Shipped experimentation framework for signup conversion.
8261,Trevor Aguilar,17,Atlanta,sales,Led multi-region ERP rollout across three warehouses.
8262,Mr. Timothy Morgan,8,Seattle,sales,Migrated legacy monolith endpoints to event-driven services.
8263,Lindsey Garcia,6,Denver,product,Ran agile ceremonies for cross-functional product squad.
8264,Angela Tucker,10,Remote,engineering,Improved NPS by redesigning incident communications workflow.
8265,Andrew Jenkins,7,Chicago,engineering,Designed interview loops for engineering leveling refresh.
8266,Anthony Berry,16,Denver,operations,"Drove product launch for analytics module used by 8,000 accounts."
8267,David Cantu,3,Remote,support,Scaled self-serve onboarding funnel for SMB customers.
8268,Gary Richmond,0,Chicago,support,Built dbt models and Airflow pipelines for finance analytics.
8269,Robert Hodges,7,Seattle,sales,Migrated legacy monolith endpoints to event-driven services.
8270,Leslie Clark,17,Austin,sales,Built churn propensity model for customer success team.
8271,Justin Wilson,1,Remote,analytics,Managed high-volume healthcare recruiting for clinical roles.
8272,Pamela Powell,14,Chicago,product,"Drove product launch for analytics module used by 8,000 accounts."
8273,Michael Mathews,0,Atlanta,sales,Scaled self-serve onboarding funnel for SMB customers.
8274,Douglas Collins,10,Seattle,product,Built dbt models and Airflow pipelines for finance analytics.
8275,Mary Klein,8,Denver,support,Owned forecasting model for outbound pipeline generation.
8276,Michelle Rhodes,2,Atlanta,sales,Negotiated software procurement and vendor savings initiatives.
8277,Crystal Miller,13,Seattle,support,"Drove product launch for analytics module used by 8,000 accounts."
8278,Paige Williams,3,Remote,analytics,Built dbt models and Airflow pipelines for finance analytics.
8279,Dennis Moody,7,Austin,engineering,Migrated legacy monolith endpoints to event-driven services.
8280,Miranda Hayes,10,Denver,operations,Managed enterprise renewals exceeding $4M ARR.
8281,Victoria Kemp,9,Remote,sales,Managed high-volume healthcare recruiting for clinical roles.
8282,Sean Wilson,0,Atlanta,engineering,Improved NPS by redesigning incident communications workflow.
8283,Joshua Prince,8,Austin,operations,Built dbt models and Airflow pipelines for finance analytics.
8284,Laurie Haynes,11,Austin,support,Negotiated software procurement and vendor savings initiatives.
8285,Dr. Claudia Wilson,9,Seattle,analytics,Automated revenue recognition data quality checks.
8286,Gregory Smith,13,Denver,engineering,Shipped experimentation framework for signup conversion.
8287,Dylan Webb,13,Seattle,support,Improved NPS by redesigning incident communications workflow.
8288,Richard Silva,3,Remote,engineering,Built role-based compensation benchmarking dashboards.
8289,Sabrina Robbins,14,Austin,operations,Built churn propensity model for customer success team.
8290,John Collier,16,Denver,analytics,Led multi-region ERP rollout across three warehouses.
8291,Anthony Ashley,15,Austin,product,Scaled self-serve onboarding funnel for SMB customers.
8292,Jenna Ibarra,15,Remote,support,"Implemented Okta and SCIM provisioning for 2,000 employees."
8293,Michael Bell,3,Denver,sales,Built dbt models and Airflow pipelines for finance analytics.
8294,Chris Cunningham,11,Remote,operations,Expanded support knowledge base and deflected repetitive tickets.
8295,Christopher Vega,8,Chicago,product,Negotiated software procurement and vendor savings initiatives.
8296,Jonathon Adams,17,Austin,sales,Closed strategic logistics accounts in manufacturing sector.
8297,Allison Harris MD,14,Remote,product,"Implemented Okta and SCIM provisioning for 2,000 employees."
8298,Tina James,2,Atlanta,analytics,Built role-based compensation benchmarking dashboards.
8299,Natalie Smith,16,Chicago,analytics,"Drove product launch for analytics module used by 8,000 accounts."
8300,Nathaniel Daniel,12,Seattle,analytics,Shipped experimentation framework for signup conversion.
8301,Sean Santos,9,Denver,product,Launched partner onboarding program across EMEA region.
8302,Andrea Stone,8,Austin,support,Designed interview loops for engineering leveling refresh.
8303,Rachael Alvarez,8,Chicago,operations,Expanded support knowledge base and deflected repetitive tickets.
8304,Shannon Ware,13,Seattle,analytics,Automated revenue recognition data quality checks.
8305,Jessica Brooks,13,Austin,support,Shipped experimentation framework for signup conversion.
8306,Matthew Hudson,9,Denver,analytics,Closed strategic logistics accounts in manufacturing sector.
8307,Jennifer Bennett,17,Chicago,engineering,Managed high-volume healthcare recruiting for clinical roles.
8308,Kevin Suarez PhD,4,Seattle,product,Built dbt models and Airflow pipelines for finance analytics.
8309,Andrea Floyd,7,Remote,sales,Built role-based compensation benchmarking dashboards.
8310,Jeffrey Allen,10,Seattle,analytics,Maintained SOC 2 evidence collection process.
8311,Carlos Harper,2,Seattle,analytics,Built dbt models and Airflow pipelines for finance analytics.
8312,Matthew Johnson,8,Austin,engineering,Closed strategic logistics accounts in manufacturing sector.
8313,Stephanie Hendricks,15,Remote,product,Expanded support knowledge base and deflected repetitive tickets.
8314,Christopher Lee,12,Austin,engineering,Launched partner onboarding program across EMEA region.
8315,Dana French,12,Denver,product,Owned forecasting model for outbound pipeline generation.
8316,Kevin Hall,2,Seattle,product,Managed enterprise renewals exceeding $4M ARR.
8317,Alexander Morales,2,Chicago,analytics,Negotiated software procurement and vendor savings initiatives.
8318,Alyssa Charles,7,Chicago,product,Reduced cloud spend by redesigning batch compute workloads.
8319,Kylie Mccann,5,Austin,product,Ran agile ceremonies for cross-functional product squad.
8320,Melanie Smith,0,Denver,product,Introduced warehouse slotting optimization process.
8321,Martha Lee,9,Denver,support,Maintained SOC 2 evidence collection process.
8322,Spencer Morris,13,Denver,product,Improved fulfillment SLA reporting with automated dashboards.
8323,Eric Taylor,13,Austin,support,Closed strategic logistics accounts in manufacturing sector.
8324,John Davenport,1,Chicago,product,Migrated legacy monolith endpoints to event-driven services.
8325,James Bentley,14,Austin,engineering,Improved fulfillment SLA reporting with automated dashboards.
8326,Stephen Peters,6,Chicago,operations,Launched partner onboarding program across EMEA region.
8327,John Valentine,2,Atlanta,operations,Introduced warehouse slotting optimization process.
8328,Bruce Lane,8,Austin,product,Automated revenue recognition data quality checks.
8329,Rebecca Logan,3,Austin,operations,Led multi-region ERP rollout across three warehouses.
8330,Ivan Mccarty,12,Atlanta,operations,Built dbt models and Airflow pipelines for finance analytics.
8331,Kendra Smith,13,Atlanta,support,Improved NPS by redesigning incident communications workflow.
8332,Jeremy Wolf,13,Remote,analytics,Built role-based compensation benchmarking dashboards.
8333,Carlos Cook,2,Atlanta,analytics,Built dbt models and Airflow pipelines for finance analytics.
8334,Justin Arellano,6,Remote,product,Led multi-region ERP rollout across three warehouses.
8335,Joseph Yu,8,Seattle,support,Owned forecasting model for outbound pipeline generation.
8336,Alyssa White,17,Atlanta,support,Scaled self-serve onboarding funnel for SMB customers.
8337,Kevin Anderson,9,Denver,product,Improved fulfillment SLA reporting with automated dashboards.
8338,Stephen Stark,11,Austin,engineering,Launched partner onboarding program across EMEA region.
8339,Steven Howell,6,Seattle,analytics,Maintained SOC 2 evidence collection process.
8340,Erika Morales,5,Remote,engineering,Automated revenue recognition data quality checks.
8341,Daniel Vargas,14,Denver,support,Managed high-volume healthcare recruiting for clinical roles.
8342,Bonnie Shepherd,15,Denver,engineering,Managed enterprise renewals exceeding $4M ARR.
8343,Paula Moore,0,Austin,analytics,Built churn propensity model for customer success team.
8344,Kathleen Mckenzie,9,Atlanta,support,Built role-based compensation benchmarking dashboards.
8345,Darlene Moore,13,Chicago,analytics,Improved fulfillment SLA reporting with automated dashboards.
8346,Jack Ortiz,2,Austin,engineering,Migrated legacy monolith endpoints to event-driven services.
8347,Ashley Sexton,11,Austin,operations,Reduced cloud spend by redesigning batch compute workloads.
8348,Emily Wilson,8,Denver,support,Reduced cloud spend by redesigning batch compute workloads.
8349,Cory White,9,Denver,product,Built churn propensity model for customer success team.
8350,Adriana Smith,10,Denver,product,"Implemented Okta and SCIM provisioning for 2,000 employees."
8351,Michael White,15,Seattle,support,"Implemented Okta and SCIM provisioning for 2,000 employees."
8352,George Miller DVM,1,Atlanta,sales,Led multi-region ERP rollout across three warehouses.
8353,Christopher Warner,3,Seattle,support,Launched partner onboarding program across EMEA region.
8354,Angela Clay,6,Chicago,sales,Shipped experimentation framework for signup conversion.
8355,Jacob Nelson,14,Chicago,sales,Designed interview loops for engineering leveling refresh.
8356,Joseph Harvey,10,Atlanta,sales,Closed strategic logistics accounts in manufacturing sector.
8357,Melissa Brown,3,Austin,operations,Built role-based compensation benchmarking dashboards.
8358,Jennifer Anderson,0,Seattle,product,Maintained SOC 2 evidence collection process.
8359,Matthew Smith,17,Chicago,product,Improved fulfillment SLA reporting with automated dashboards.
8360,Christopher Becker,2,Remote,product,Maintained SOC 2 evidence collection process.
8361,Dawn Jackson,0,Remote,product,Managed high-volume healthcare recruiting for clinical roles.
8362,Sean Sanders,7,Atlanta,engineering,Built role-based compensation benchmarking dashboards.
8363,Dr. Glenn Moss,9,Chicago,product,Negotiated software procurement and vendor savings initiatives.
8364,Renee Harris,4,Denver,product,Led multi-region ERP rollout across three warehouses.
8365,Jacqueline Farley,3,Denver,support,Shipped experimentation framework for signup conversion.
8366,David Peters,1,Denver,engineering,Improved fulfillment SLA reporting with automated dashboards.
8367,Michael Smith,7,Austin,support,Introduced warehouse slotting optimization process.
8368,Brandon Green,17,Chicago,support,Improved NPS by redesigning incident communications workflow.
8369,Kristopher Perez,2,Seattle,engineering,Built dbt models and Airflow pipelines for finance analytics.
8370,Bernard Figueroa,10,Austin,sales,Led multi-region ERP rollout across three warehouses.
8371,Kathryn Garcia,3,Denver,support,Managed high-volume healthcare recruiting for clinical roles.
8372,Adriana Diaz,12,Remote,sales,Migrated legacy monolith endpoints to event-driven services.
8373,Krystal Crawford,1,Austin,operations,Closed strategic logistics accounts in manufacturing sector.
8374,Dr. Maureen Johnson,3,Remote,analytics,Negotiated software procurement and vendor savings initiatives.
8375,Benjamin Anderson,0,Denver,product,Owned forecasting model for outbound pipeline generation.
8376,Justin Dunn,11,Denver,sales,Improved NPS by redesigning incident communications workflow.
8377,Beth Perez,12,Seattle,engineering,"Implemented Okta and SCIM provisioning for 2,000 employees."
8378,Keith Wilkinson,3,Seattle,product,Designed interview loops for engineering leveling refresh.
8379,Laura Rosales,8,Denver,product,Built churn propensity model for customer success team.
8380,Lauren Wagner,5,Austin,product,Designed interview loops for engineering leveling refresh.
8381,Ashley Nichols,0,Remote,operations,"Implemented Okta and SCIM provisioning for 2,000 employees."
8382,Susan Rocha,0,Austin,support,"Implemented Okta and SCIM provisioning for 2,000 employees."
8383,Angela Kirby,16,Remote,engineering,Ran agile ceremonies for cross-functional product squad.
8384,Maria Miller,11,Denver,analytics,Negotiated software procurement and vendor savings initiatives.
8385,Valerie Mckee,11,Atlanta,analytics,Scaled self-serve onboarding funnel for SMB customers.
8386,Ronald Stevens,5,Seattle,analytics,Improved fulfillment SLA reporting with automated dashboards.
8387,Ashley Conner,4,Remote,support,Built role-based compensation benchmarking dashboards.
8388,Clifford Hoffman,14,Austin,product,Built dbt models and Airflow pipelines for finance analytics.
8389,David Jenkins,7,Seattle,support,Built churn propensity model for customer success team.
8390,Gregory Miller,1,Atlanta,engineering,Owned forecasting model for outbound pipeline generation.
8391,Cynthia Jones,8,Denver,support,Built role-based compensation benchmarking dashboards.
8392,Kenneth Davila,9,Denver,support,Improved NPS by redesigning incident communications workflow.
8393,Julie Cole,10,Seattle,analytics,Maintained SOC 2 evidence collection process.
8394,Maria Erickson,9,Austin,analytics,Scaled self-serve onboarding funnel for SMB customers.
8395,Christopher Walton,15,Atlanta,engineering,Managed enterprise renewals exceeding $4M ARR.
8396,Mark Gonzalez,4,Seattle,sales,Expanded support knowledge base and deflected repetitive tickets.
8397,Shannon Dean,10,Atlanta,product,Improved fulfillment SLA reporting with automated dashboards.
8398,Jon Munoz,15,Denver,engineering,Designed interview loops for engineering leveling refresh.
8399,Heidi Rodriguez,17,Atlanta,product,Built dbt models and Airflow pipelines for finance analytics.
8400,Nicole York,17,Atlanta,sales,Led multi-region ERP rollout across three warehouses.
8401,Joseph Rhodes,13,Seattle,support,Improved NPS by redesigning incident communications workflow.
8402,Christopher Moon,1,Seattle,sales,"Implemented Okta and SCIM provisioning for 2,000 employees."
8403,Robert Nelson,17,Remote,engineering,"Implemented Okta and SCIM provisioning for 2,000 employees."
8404,Alicia Phillips,0,Austin,analytics,Ran agile ceremonies for cross-functional product squad.
8405,Kevin Barnes,9,Chicago,support,Improved NPS by redesigning incident communications workflow.
8406,Andre Williams,8,Remote,engineering,Improved fulfillment SLA reporting with automated dashboards.
8407,Kyle Barnes,12,Atlanta,sales,Ran agile ceremonies for cross-functional product squad.
8408,Darren Perry,14,Denver,sales,Built role-based compensation benchmarking dashboards.
8409,Christopher Reyes,13,Atlanta,product,Managed high-volume healthcare recruiting for clinical roles.
8410,Melissa Taylor,4,Denver,sales,Designed interview loops for engineering leveling refresh.
8411,Kirk Livingston,13,Remote,engineering,Automated revenue recognition data quality checks.
8412,Richard Hall,13,Atlanta,product,Managed enterprise renewals exceeding $4M ARR.
8413,Angela Bernard,0,Denver,engineering,Shipped experimentation framework for signup conversion.
8414,Lori Brown,11,Atlanta,operations,Managed enterprise renewals exceeding $4M ARR.
8415,Gary Owens,2,Chicago,sales,Maintained SOC 2 evidence collection process.
8416,Michael Goodwin,10,Seattle,sales,Migrated legacy monolith endpoints to event-driven services.
8417,Clarence Collins,4,Chicago,support,Managed enterprise renewals exceeding $4M ARR.
8418,John Cline,6,Austin,engineering,Designed interview loops for engineering leveling refresh.
8419,Wayne Smith,4,Austin,analytics,"Drove product launch for analytics module used by 8,000 accounts."
8420,Austin Adams,15,Austin,analytics,Negotiated software procurement and vendor savings initiatives.
8421,Rebecca Robinson,16,Austin,support,Built churn propensity model for customer success team.
8422,Joseph Mclaughlin,14,Austin,engineering,Reduced cloud spend by redesigning batch compute workloads.
8423,Eric Moore,13,Chicago,operations,Owned forecasting model for outbound pipeline generation.
8424,Dana Bauer,6,Remote,engineering,Managed enterprise renewals exceeding $4M ARR.
8425,Pamela Jensen,2,Austin,product,Built churn propensity model for customer success team.
8426,Susan Olson,10,Seattle,product,Built churn propensity model for customer success team.
8427,Timothy Bird,7,Remote,operations,Negotiated software procurement and vendor savings initiatives.
8428,Kurt Clarke,5,Seattle,analytics,Automated revenue recognition data quality checks.
8429,Randy Martin,4,Denver,engineering,Designed interview loops for engineering leveling refresh.
8430,Nicholas Young,2,Austin,product,Reduced cloud spend by redesigning batch compute workloads.
8431,Andrew Harris,14,Denver,support,Owned forecasting model for outbound pipeline generation.
8432,Alexis Johnson,5,Atlanta,engineering,Automated revenue recognition data quality checks.
8433,Amy Turner,16,Seattle,analytics,Managed enterprise renewals exceeding $4M ARR.
8434,Austin Pittman,12,Austin,sales,Led multi-region ERP rollout across three warehouses.
8435,Charles Gordon,2,Chicago,analytics,Shipped experimentation framework for signup conversion.
8436,Omar Nguyen,1,Atlanta,analytics,Led multi-region ERP rollout across three warehouses.
8437,Todd Klein,7,Seattle,operations,Improved fulfillment SLA reporting with automated dashboards.
8438,Martin Martinez,1,Chicago,operations,Migrated legacy monolith endpoints to event-driven services.
8439,Linda Ramsey,17,Seattle,support,"Implemented Okta and SCIM provisioning for 2,000 employees."
8440,Morgan Ramos,16,Seattle,engineering,Launched partner onboarding program across EMEA region.
8441,Scott Shah,11,Denver,engineering,Migrated legacy monolith endpoints to event-driven services.
8442,Craig Blanchard,5,Atlanta,operations,Scaled self-serve onboarding funnel for SMB customers.
8443,Jennifer Smith,15,Denver,operations,Introduced warehouse slotting optimization process.
8444,Daniel Strickland,11,Seattle,sales,Expanded support knowledge base and deflected repetitive tickets.
8445,Catherine Esparza,6,Chicago,operations,Managed high-volume healthcare recruiting for clinical roles.
8446,Jose Grant,15,Chicago,engineering,Launched partner onboarding program across EMEA region.
8447,Jesus Wright,3,Denver,support,Migrated legacy monolith endpoints to event-driven services.
8448,Kayla Mcclain,10,Chicago,support,Introduced warehouse slotting optimization process.
8449,Timothy Hall,12,Atlanta,sales,Migrated legacy monolith endpoints to event-driven services.
8450,Mark Massey,16,Remote,analytics,Introduced warehouse slotting optimization process.
8451,Christopher Hall,2,Denver,sales,Scaled self-serve onboarding funnel for SMB customers.
8452,Ryan Hernandez,5,Remote,operations,Designed interview loops for engineering leveling refresh.
8453,Taylor Smith,15,Denver,sales,Managed high-volume healthcare recruiting for clinical roles.
8454,Jacqueline Klein,8,Austin,product,Maintained SOC 2 evidence collection process.
8455,Anthony Hall,13,Denver,operations,Improved NPS by redesigning incident communications workflow.
8456,Thomas Ross,13,Denver,analytics,Migrated legacy monolith endpoints to event-driven services.
8457,Roberto Murphy,5,Austin,sales,Managed high-volume healthcare recruiting for clinical roles.
8458,Katherine Davis,5,Denver,product,Automated revenue recognition data quality checks.
8459,Erika Villarreal,8,Austin,support,Built role-based compensation benchmarking dashboards.
8460,Kevin Burch,0,Seattle,engineering,Ran agile ceremonies for cross-functional product squad.
8461,Melissa Hill,14,Atlanta,sales,Improved fulfillment SLA reporting with automated dashboards.
8462,Matthew Mcdaniel,2,Chicago,analytics,Owned forecasting model for outbound pipeline generation.
8463,Glen Torres,16,Austin,operations,Introduced warehouse slotting optimization process.
8464,Marc Watson,14,Atlanta,support,Automated revenue recognition data quality checks.
8465,Brandon Flores,6,Seattle,analytics,Launched partner onboarding program across EMEA region.
8466,Robin Pugh,1,Denver,analytics,Maintained SOC 2 evidence collection process.
8467,Angela Davis,14,Remote,operations,Migrated legacy monolith endpoints to event-driven services.
8468,William Beltran,8,Chicago,product,Expanded support knowledge base and deflected repetitive tickets.
8469,Alex Baldwin,3,Seattle,support,Led multi-region ERP rollout across three warehouses.
8470,Michael Carr,7,Denver,support,Improved fulfillment SLA reporting with automated dashboards.
8471,Philip Jones,16,Chicago,analytics,Built churn propensity model for customer success team.
8472,Julie Cook,12,Chicago,analytics,Built churn propensity model for customer success team.
8473,Peter Howard DVM,12,Denver,support,Built role-based compensation benchmarking dashboards.
8474,Jenna Salinas,9,Austin,sales,Automated revenue recognition data quality checks.
8475,Jose Banks,2,Atlanta,analytics,Managed high-volume healthcare recruiting for clinical roles.
8476,Mrs. Alicia Bowers,17,Denver,engineering,Closed strategic logistics accounts in manufacturing sector.
8477,Jason Bruce,13,Seattle,operations,Built dbt models and Airflow pipelines for finance analytics.
8478,Michael Herrera,9,Atlanta,sales,Managed high-volume healthcare recruiting for clinical roles.
8479,Travis Reynolds,13,Remote,sales,Led multi-region ERP rollout across three warehouses.
8480,Adam Maxwell,6,Austin,analytics,Managed enterprise renewals exceeding $4M ARR.
8481,Todd Edwards,13,Denver,operations,Managed high-volume healthcare recruiting for clinical roles.
8482,Anthony Lawson,17,Atlanta,operations,Led multi-region ERP rollout across three warehouses.
8483,Kathryn Howard,6,Chicago,product,"Implemented Okta and SCIM provisioning for 2,000 employees."
8484,Linda Murray,0,Seattle,operations,Shipped experimentation framework for signup conversion.
8485,Colton Lewis,13,Denver,engineering,Ran agile ceremonies for cross-functional product squad.
8486,Allison Mahoney,15,Seattle,support,Migrated legacy monolith endpoints to event-driven services.
8487,Preston Johnson,14,Remote,sales,Negotiated software procurement and vendor savings initiatives.
8488,Thomas Hubbard,17,Remote,product,Led multi-region ERP rollout across three warehouses.
8489,Brendan Williams,6,Atlanta,analytics,Negotiated software procurement and vendor savings initiatives.
8490,Charles Guerra,16,Seattle,sales,Introduced warehouse slotting optimization process.
8491,Kristin Medina,3,Remote,analytics,Reduced cloud spend by redesigning batch compute workloads.
8492,Douglas Dickson,10,Remote,product,Maintained SOC 2 evidence collection process.
8493,Brian Mays,15,Seattle,product,Designed interview loops for engineering leveling refresh.
8494,Ashley Rasmussen,16,Remote,operations,Closed strategic logistics accounts in manufacturing sector.
8495,Joseph Gomez,11,Remote,engineering,"Drove product launch for analytics module used by 8,000 accounts."
8496,Melinda Cantu,9,Chicago,engineering,Built churn propensity model for customer success team.
8497,Amber Bell,8,Atlanta,product,Managed enterprise renewals exceeding $4M ARR.
8498,Kevin Cook,15,Denver,analytics,Improved fulfillment SLA reporting with automated dashboards.
8499,Justin Blake,15,Remote,support,Migrated legacy monolith endpoints to event-driven services.
8500,Christopher Johnson,4,Seattle,support,Negotiated software procurement and vendor savings initiatives.
8501,Christopher Freeman,2,Remote,support,"Implemented Okta and SCIM provisioning for 2,000 employees."
8502,Misty Lucero,14,Denver,analytics,Migrated legacy monolith endpoints to event-driven services.
8503,Michael Hancock,14,Remote,operations,Scaled self-serve onboarding funnel for SMB customers.
8504,Mark Ellis,1,Austin,sales,Built churn propensity model for customer success team.
8505,Douglas Owens,8,Remote,sales,Ran agile ceremonies for cross-functional product squad.
8506,Nathaniel Norman,9,Chicago,support,Reduced cloud spend by redesigning batch compute workloads.
8507,Courtney Mack,0,Atlanta,engineering,Expanded support knowledge base and deflected repetitive tickets.
8508,Tiffany Meyer,11,Seattle,engineering,Managed high-volume healthcare recruiting for clinical roles.
8509,Lori Hudson,17,Seattle,support,Negotiated software procurement and vendor savings initiatives.
8510,David Davila,3,Chicago,analytics,Automated revenue recognition data quality checks.
8511,Christine Murray,14,Atlanta,engineering,"Drove product launch for analytics module used by 8,000 accounts."
8512,James Baker,1,Atlanta,engineering,Owned forecasting model for outbound pipeline generation.
8513,Jeffrey Rose,3,Seattle,sales,Ran agile ceremonies for cross-functional product squad.
8514,Joanna Jones,10,Chicago,engineering,Introduced warehouse slotting optimization process.
8515,Pamela Barry,16,Seattle,sales,Managed high-volume healthcare recruiting for clinical roles.
8516,Eric Jordan,15,Atlanta,support,Closed strategic logistics accounts in manufacturing sector.
8517,Lawrence Diaz,16,Seattle,product,Scaled self-serve onboarding funnel for SMB customers.
8518,Zachary Wright,17,Remote,sales,"Implemented Okta and SCIM provisioning for 2,000 employees."
8519,Kathy Moon,14,Denver,sales,Designed interview loops for engineering leveling refresh.
8520,Christine Frederick,6,Denver,support,Owned forecasting model for outbound pipeline generation.
8521,Andrew Bailey,2,Seattle,operations,Migrated legacy monolith endpoints to event-driven services.
8522,Hannah Rivera,14,Seattle,sales,Reduced cloud spend by redesigning batch compute workloads.
8523,Cynthia Harrison,3,Remote,support,Designed interview loops for engineering leveling refresh.
8524,Robert Smith,9,Atlanta,operations,Maintained SOC 2 evidence collection process.
8525,James Watts,13,Atlanta,product,Maintained SOC 2 evidence collection process.
8526,Mr. Christopher Perry,0,Austin,product,"Drove product launch for analytics module used by 8,000 accounts."
8527,Joshua Nunez,16,Denver,support,Reduced cloud spend by redesigning batch compute workloads.
8528,Brian Baker,5,Chicago,product,Automated revenue recognition data quality checks.
8529,Troy Moses,3,Remote,analytics,Negotiated software procurement and vendor savings initiatives.
8530,Frank Barrett,6,Austin,analytics,Migrated legacy monolith endpoints to event-driven services.
8531,Elizabeth Riddle DDS,8,Seattle,engineering,Scaled self-serve onboarding funnel for SMB customers.
8532,Amanda Elliott,8,Remote,sales,Closed strategic logistics accounts in manufacturing sector.
8533,Sarah Bradley,2,Denver,engineering,Improved NPS by redesigning incident communications workflow.
8534,Mark Young MD,3,Seattle,product,Negotiated software procurement and vendor savings initiatives.
8535,James Myers,8,Atlanta,sales,Negotiated software procurement and vendor savings initiatives.
8536,Robert Ingram,4,Seattle,analytics,Launched partner onboarding program across EMEA region.
8537,Daniel Lambert,11,Seattle,operations,Migrated legacy monolith endpoints to event-driven services.
8538,Kevin Carter,16,Chicago,support,"Implemented Okta and SCIM provisioning for 2,000 employees."
8539,Luis Montgomery,0,Seattle,operations,Shipped experimentation framework for signup conversion.
8540,Albert Holt,0,Remote,product,Introduced warehouse slotting optimization process.
8541,Ashley Frey,11,Chicago,analytics,Launched partner onboarding program across EMEA region.
8542,Maria Edwards,0,Chicago,sales,Improved NPS by redesigning incident communications workflow.
8543,Paul Hernandez,11,Chicago,operations,Led multi-region ERP rollout across three warehouses.
8544,Melissa Howard,8,Remote,operations,Reduced cloud spend by redesigning batch compute workloads.
8545,Rebecca Moore,8,Remote,support,Launched partner onboarding program across EMEA region.
8546,Jesse Murphy,10,Denver,sales,Introduced warehouse slotting optimization process.
8547,Aaron Anderson,16,Remote,engineering,Automated revenue recognition data quality checks.
8548,Danny Finley,2,Seattle,support,Migrated legacy monolith endpoints to event-driven services.
8549,James Mcdonald,2,Denver,product,Led multi-region ERP rollout across three warehouses.
8550,Vanessa Garcia,12,Seattle,sales,"Drove product launch for analytics module used by 8,000 accounts."
8551,Matthew Stone,0,Remote,product,Managed high-volume healthcare recruiting for clinical roles.
8552,Samantha Garcia,7,Remote,engineering,Managed high-volume healthcare recruiting for clinical roles.
8553,Lori Barton,8,Denver,operations,Led multi-region ERP rollout across three warehouses.
8554,Susan Rogers,7,Chicago,engineering,Led multi-region ERP rollout across three warehouses.
8555,Jeffrey Mckinney,9,Chicago,operations,"Drove product launch for analytics module used by 8,000 accounts."
8556,Sarah Robinson,2,Seattle,analytics,Ran agile ceremonies for cross-functional product squad.
8557,Joseph Carter,4,Seattle,product,Built role-based compensation benchmarking dashboards.
8558,Mark Johnson,0,Seattle,product,Ran agile ceremonies for cross-functional product squad.
8559,Rebecca Butler,17,Austin,product,Negotiated software procurement and vendor savings initiatives.
8560,John Carr,14,Remote,analytics,Negotiated software procurement and vendor savings initiatives.
8561,Rita Foley,4,Austin,operations,Launched partner onboarding program across EMEA region.
8562,Eric Smith,0,Atlanta,product,Built dbt models and Airflow pipelines for finance analytics.
8563,William Benson,4,Remote,engineering,Reduced cloud spend by redesigning batch compute workloads.
8564,Joshua Copeland,17,Chicago,support,Improved NPS by redesigning incident communications workflow.
8565,Benjamin Oneill,14,Atlanta,product,Managed high-volume healthcare recruiting for clinical roles.
8566,Billy Richardson,11,Remote,engineering,Owned forecasting model for outbound pipeline generation.
8567,Benjamin Houston,16,Chicago,analytics,Led multi-region ERP rollout across three warehouses.
8568,Joseph Dominguez,3,Austin,product,Reduced cloud spend by redesigning batch compute workloads.
8569,James Matthews,9,Denver,support,Reduced cloud spend by redesigning batch compute workloads.
8570,Dennis Martinez,14,Seattle,product,Expanded support knowledge base and deflected repetitive tickets.
8571,Maureen Ortiz,0,Atlanta,sales,Maintained SOC 2 evidence collection process.
8572,Alexander Gibson,7,Denver,analytics,Built dbt models and Airflow pipelines for finance analytics.
8573,Anna Mason,6,Atlanta,support,Built churn propensity model for customer success team.
8574,Becky Garcia,3,Austin,engineering,Shipped experimentation framework for signup conversion.
8575,Rebecca Martinez,4,Denver,analytics,Introduced warehouse slotting optimization process.
8576,Travis Huber,17,Remote,product,Negotiated software procurement and vendor savings initiatives.
8577,Brenda Torres,9,Denver,operations,Built dbt models and Airflow pipelines for finance analytics.
8578,Mr. Michael Lewis,1,Remote,support,"Drove product launch for analytics module used by 8,000 accounts."
8579,Andrew Green,12,Atlanta,support,Negotiated software procurement and vendor savings initiatives.
8580,Craig Jones,10,Remote,sales,Improved NPS by redesigning incident communications workflow.
8581,Tony Key,7,Atlanta,operations,Owned forecasting model for outbound pipeline generation.
8582,Ashley Smith,7,Denver,operations,Shipped experimentation framework for signup conversion.
8583,Dr. Melissa Hall,9,Remote,operations,Managed high-volume healthcare recruiting for clinical roles.
8584,Brian Russo,16,Chicago,analytics,Expanded support knowledge base and deflected repetitive tickets.
8585,Emily Cole,13,Denver,analytics,"Drove product launch for analytics module used by 8,000 accounts."
8586,Jennifer Armstrong,7,Seattle,operations,Reduced cloud spend by redesigning batch compute workloads.
8587,Anthony Kidd,4,Remote,analytics,"Drove product launch for analytics module used by 8,000 accounts."
8588,Brett Guerrero,1,Chicago,analytics,Reduced cloud spend by redesigning batch compute workloads.
8589,Kelsey Jones,3,Remote,product,Closed strategic logistics accounts in manufacturing sector.
8590,Dennis Aguirre,2,Denver,support,Expanded support knowledge base and deflected repetitive tickets.
8591,Jean Edwards,14,Denver,analytics,Automated revenue recognition data quality checks.
8592,Phillip Ellis,10,Austin,sales,Led multi-region ERP rollout across three warehouses.
8593,Kaitlyn Adams,0,Austin,sales,Closed strategic logistics accounts in manufacturing sector.
8594,Nicholas Johnson,16,Atlanta,sales,Designed interview loops for engineering leveling refresh.
8595,Willie Cole,2,Atlanta,sales,Scaled self-serve onboarding funnel for SMB customers.
8596,Mark Austin,11,Austin,product,"Drove product launch for analytics module used by 8,000 accounts."
8597,Joanna Munoz,0,Remote,analytics,Built role-based compensation benchmarking dashboards.
8598,Lee Erickson,10,Atlanta,product,Reduced cloud spend by redesigning batch compute workloads.
8599,Wayne Mendez,9,Austin,engineering,Improved NPS by redesigning incident communications workflow.
8600,Robert Sullivan,16,Remote,support,"Implemented Okta and SCIM provisioning for 2,000 employees."
8601,Aaron Cruz,10,Chicago,analytics,Shipped experimentation framework for signup conversion.
8602,Jeffery Lamb,8,Seattle,support,Expanded support knowledge base and deflected repetitive tickets.
8603,Todd Warner,9,Seattle,operations,Managed enterprise renewals exceeding $4M ARR.
8604,Hannah Schaefer,11,Seattle,analytics,Launched partner onboarding program across EMEA region.
8605,Brandon Copeland,7,Seattle,operations,Negotiated software procurement and vendor savings initiatives.
8606,Zachary Morrison,12,Remote,support,Shipped experimentation framework for signup conversion.
8607,Elizabeth Buchanan,9,Austin,sales,Improved NPS by redesigning incident communications workflow.
8608,Darrell Johnson,17,Denver,analytics,Improved NPS by redesigning incident communications workflow.
8609,Alison Campbell,3,Denver,operations,Built churn propensity model for customer success team.
8610,Joseph Marshall,13,Denver,support,Managed enterprise renewals exceeding $4M ARR.
8611,Justin Hampton,14,Chicago,engineering,Led multi-region ERP rollout across three warehouses.
8612,Rose Garza,12,Chicago,sales,"Drove product launch for analytics module used by 8,000 accounts."
8613,Kellie Mcdonald,17,Remote,analytics,Owned forecasting model for outbound pipeline generation.
8614,Danielle Morton,7,Remote,operations,Shipped experimentation framework for signup conversion.
8615,Anthony Mcclain,9,Seattle,sales,Ran agile ceremonies for cross-functional product squad.
8616,April Jones,2,Atlanta,product,"Drove product launch for analytics module used by 8,000 accounts."
8617,Dr. Scott Valdez,6,Denver,product,Managed high-volume healthcare recruiting for clinical roles.
8618,Terry Larson,2,Seattle,engineering,Improved NPS by redesigning incident communications workflow.
8619,Rose Villa,14,Remote,analytics,Launched partner onboarding program across EMEA region.
8620,Brian Huynh,14,Denver,support,Shipped experimentation framework for signup conversion.
8621,Brian Warner,3,Atlanta,support,Improved NPS by redesigning incident communications workflow.
8622,Anthony Johnson,14,Remote,sales,Launched partner onboarding program across EMEA region.
8623,Carolyn Davis,5,Remote,product,Maintained SOC 2 evidence collection process.
8624,Brandon Bonilla,13,Chicago,analytics,Shipped experimentation framework for signup conversion.
8625,Samuel Henderson,16,Chicago,product,Managed high-volume healthcare recruiting for clinical roles.
8626,David Wade,14,Chicago,support,Owned forecasting model for outbound pipeline generation.
8627,Mary Cross,3,Austin,product,Shipped experimentation framework for signup conversion.
8628,Dr. Jacqueline Martin,3,Seattle,engineering,Managed enterprise renewals exceeding $4M ARR.
8629,Ashley Parsons,2,Denver,sales,"Drove product launch for analytics module used by 8,000 accounts."
8630,Daniel Young,15,Austin,analytics,Managed enterprise renewals exceeding $4M ARR.
8631,Aaron Zuniga,9,Chicago,sales,Ran agile ceremonies for cross-functional product squad.
8632,Luis Robles,2,Atlanta,sales,Negotiated software procurement and vendor savings initiatives.
8633,Janice Powell,10,Remote,support,Designed interview loops for engineering leveling refresh.
8634,Nathan Robbins,9,Atlanta,product,Built dbt models and Airflow pipelines for finance analytics.
8635,Lisa Holland,10,Atlanta,analytics,Improved fulfillment SLA reporting with automated dashboards.
8636,Brian Gibson,11,Chicago,analytics,Migrated legacy monolith endpoints to event-driven services.
8637,Sheila Hines,2,Chicago,analytics,Reduced cloud spend by redesigning batch compute workloads.
8638,Brittney Hunter,6,Seattle,operations,Maintained SOC 2 evidence collection process.
8639,Brittany Hull,12,Seattle,support,Expanded support knowledge base and deflected repetitive tickets.
8640,Robin Carson,16,Remote,support,Designed interview loops for engineering leveling refresh.
8641,Jamie Rivera,4,Atlanta,engineering,Closed strategic logistics accounts in manufacturing sector.
8642,Sara Hernandez,10,Chicago,sales,Scaled self-serve onboarding funnel for SMB customers.
8643,Robert Tran,17,Atlanta,sales,Managed enterprise renewals exceeding $4M ARR.
8644,Debbie Miller,10,Remote,support,Reduced cloud spend by redesigning batch compute workloads.
8645,Dana Ray,4,Chicago,analytics,Built dbt models and Airflow pipelines for finance analytics.
8646,Stephanie Olson,10,Remote,support,Led multi-region ERP rollout across three warehouses.
8647,Jessica Johnson,0,Remote,analytics,Launched partner onboarding program across EMEA region.
8648,Jack Davidson,8,Seattle,analytics,Led multi-region ERP rollout across three warehouses.
8649,Daryl Flores,10,Atlanta,support,Improved fulfillment SLA reporting with automated dashboards.
8650,Bailey Love,1,Denver,engineering,Improved NPS by redesigning incident communications workflow.
8651,Gerald Long,3,Remote,support,Improved fulfillment SLA reporting with automated dashboards.
8652,Kristin Lopez,17,Austin,product,Improved fulfillment SLA reporting with automated dashboards.
8653,Nicole Long,11,Seattle,sales,Improved NPS by redesigning incident communications workflow.
8654,Robert Nichols,8,Denver,support,Led multi-region ERP rollout across three warehouses.
8655,Alexis Mcmillan,4,Atlanta,engineering,"Drove product launch for analytics module used by 8,000 accounts."
8656,Lori Murphy,2,Denver,engineering,Built churn propensity model for customer success team.
8657,Dr. David Love,7,Austin,operations,Scaled self-serve onboarding funnel for SMB customers.
8658,Carlos Dominguez,9,Remote,product,Automated revenue recognition data quality checks.
8659,Dr. Victoria Sanders,3,Seattle,operations,Designed interview loops for engineering leveling refresh.
8660,Traci Cox,14,Atlanta,operations,"Drove product launch for analytics module used by 8,000 accounts."
8661,Roy Wong,7,Austin,support,Migrated legacy monolith endpoints to event-driven services.
8662,Marc Thompson,1,Seattle,support,Led multi-region ERP rollout across three warehouses.
8663,Mrs. Mary Bowers,2,Remote,support,Closed strategic logistics accounts in manufacturing sector.
8664,Ashley Townsend,15,Seattle,engineering,Introduced warehouse slotting optimization process.
8665,Robert Coleman,6,Chicago,product,Scaled self-serve onboarding funnel for SMB customers.
8666,Ryan Stevens,6,Chicago,sales,Maintained SOC 2 evidence collection process.
8667,Rachel Faulkner,3,Denver,analytics,Designed interview loops for engineering leveling refresh.
8668,Lori Miller,14,Austin,support,Scaled self-serve onboarding funnel for SMB customers.
8669,Savannah Smith,14,Atlanta,sales,Reduced cloud spend by redesigning batch compute workloads.
8670,Kristi Taylor,4,Denver,support,Improved NPS by redesigning incident communications workflow.
8671,Kiara Turner,13,Atlanta,analytics,Designed interview loops for engineering leveling refresh.
8672,Sandra Weber,8,Remote,engineering,Managed high-volume healthcare recruiting for clinical roles.
8673,Melissa Preston,3,Atlanta,sales,Scaled self-serve onboarding funnel for SMB customers.
8674,Kristina Sullivan,14,Denver,support,Scaled self-serve onboarding funnel for SMB customers.
8675,Michael Robinson,1,Seattle,engineering,"Drove product launch for analytics module used by 8,000 accounts."
8676,Maurice Moreno,15,Denver,operations,Owned forecasting model for outbound pipeline generation.
8677,Stephen Werner DVM,0,Seattle,operations,Automated revenue recognition data quality checks.
8678,William Chase,5,Remote,operations,Introduced warehouse slotting optimization process.
8679,Tracy Hardy,4,Remote,operations,Managed enterprise renewals exceeding $4M ARR.
8680,Charles Huerta,4,Atlanta,product,Automated revenue recognition data quality checks.
8681,Kerri Taylor,8,Denver,engineering,Built role-based compensation benchmarking dashboards.
8682,Jason Christensen,13,Denver,product,Ran agile ceremonies for cross-functional product squad.
8683,Victoria Short,7,Atlanta,support,Built role-based compensation benchmarking dashboards.
8684,James Little,9,Remote,product,Introduced warehouse slotting optimization process.
8685,Michelle Poole,17,Remote,analytics,Reduced cloud spend by redesigning batch compute workloads.
8686,Jason Duran,8,Atlanta,product,Scaled self-serve onboarding funnel for SMB customers.
8687,Jessica Allen,14,Chicago,engineering,Launched partner onboarding program across EMEA region.
8688,Emily Garrett,6,Denver,support,Designed interview loops for engineering leveling refresh.
8689,Jennifer Ford,1,Chicago,support,Automated revenue recognition data quality checks.
8690,Russell Hernandez,4,Chicago,product,"Drove product launch for analytics module used by 8,000 accounts."
8691,Mary Marquez,2,Austin,engineering,"Implemented Okta and SCIM provisioning for 2,000 employees."
8692,Mary Madden,16,Seattle,analytics,Launched partner onboarding program across EMEA region.
8693,Steven Hernandez,0,Seattle,analytics,Managed high-volume healthcare recruiting for clinical roles.
8694,Renee Trujillo,14,Chicago,engineering,Built churn propensity model for customer success team.
8695,Carrie Barron,2,Seattle,analytics,Built role-based compensation benchmarking dashboards.
8696,Kevin Jacobs,2,Austin,operations,Owned forecasting model for outbound pipeline generation.
8697,Erica Dalton,9,Chicago,operations,Managed enterprise renewals exceeding $4M ARR.
8698,Emily Meadows,1,Chicago,support,Improved NPS by redesigning incident communications workflow.
8699,David Turner,1,Austin,support,Migrated legacy monolith endpoints to event-driven services.
8700,Olivia Wright,13,Seattle,analytics,Managed high-volume healthcare recruiting for clinical roles.
8701,Lori Wang,1,Austin,operations,Closed strategic logistics accounts in manufacturing sector.
8702,Jessica Rodriguez,10,Denver,product,Negotiated software procurement and vendor savings initiatives.
8703,Audrey Parker,2,Denver,sales,"Implemented Okta and SCIM provisioning for 2,000 employees."
8704,Connie Simmons,1,Atlanta,operations,Maintained SOC 2 evidence collection process.
8705,Michael Johnson,12,Chicago,operations,Built churn propensity model for customer success team.
8706,Karen Randall,7,Denver,sales,Expanded support knowledge base and deflected repetitive tickets.
8707,Gregory Leonard,0,Seattle,operations,Negotiated software procurement and vendor savings initiatives.
8708,Amy Bowman,12,Denver,product,Managed enterprise renewals exceeding $4M ARR.
8709,Stephen Deleon,17,Remote,engineering,Built dbt models and Airflow pipelines for finance analytics.
8710,Tanya Williams,10,Denver,analytics,Led multi-region ERP rollout across three warehouses.
8711,Laura Watts,6,Seattle,operations,"Implemented Okta and SCIM provisioning for 2,000 employees."
8712,Nicholas Blevins,15,Austin,engineering,Reduced cloud spend by redesigning batch compute workloads.
8713,Julie Wilson,6,Remote,sales,Owned forecasting model for outbound pipeline generation.
8714,Nathaniel Sanders,11,Denver,sales,Expanded support knowledge base and deflected repetitive tickets.
8715,Cindy Lee,8,Remote,operations,Maintained SOC 2 evidence collection process.
8716,Andrea Hogan,13,Seattle,operations,Reduced cloud spend by redesigning batch compute workloads.
8717,Francisco Barrett,9,Seattle,analytics,Migrated legacy monolith endpoints to event-driven services.
8718,Tiffany Mcdonald,8,Austin,operations,"Drove product launch for analytics module used by 8,000 accounts."
8719,Jesus Stark,7,Atlanta,support,Built churn propensity model for customer success team.
8720,Lindsay Howard,5,Seattle,operations,Owned forecasting model for outbound pipeline generation.
8721,Kent Gallagher Jr.,8,Seattle,product,Expanded support knowledge base and deflected repetitive tickets.
8722,Rose Scott,1,Denver,product,Improved fulfillment SLA reporting with automated dashboards.
8723,Michael Jones,6,Atlanta,support,Built role-based compensation benchmarking dashboards.
8724,Daniel Myers,1,Chicago,engineering,Negotiated software procurement and vendor savings initiatives.
8725,Alexandra Page,5,Denver,product,"Implemented Okta and SCIM provisioning for 2,000 employees."
8726,Tyrone Long,6,Denver,support,Migrated legacy monolith endpoints to event-driven services.
8727,Shari Garcia,0,Austin,analytics,Expanded support knowledge base and deflected repetitive tickets.
8728,Travis Carter,5,Remote,operations,Ran agile ceremonies for cross-functional product squad.
8729,Christine Johnson,12,Atlanta,support,Reduced cloud spend by redesigning batch compute workloads.
8730,Andrew Sanders,17,Chicago,analytics,Migrated legacy monolith endpoints to event-driven services.
8731,Patrick Romero,11,Remote,support,Managed enterprise renewals exceeding $4M ARR.
8732,Victor Fuller,12,Seattle,analytics,Owned forecasting model for outbound pipeline generation.
8733,Kristin Dixon MD,12,Seattle,support,Owned forecasting model for outbound pipeline generation.
8734,Sharon Lloyd,17,Remote,product,Owned forecasting model for outbound pipeline generation.
8735,John Moran,16,Denver,support,Managed high-volume healthcare recruiting for clinical roles.
8736,Angela Fields,2,Denver,sales,Launched partner onboarding program across EMEA region.
8737,Jeffery Gomez,8,Atlanta,product,Shipped experimentation framework for signup conversion.
8738,Kimberly Hernandez,16,Remote,support,Migrated legacy monolith endpoints to event-driven services.
8739,Casey Brown,15,Seattle,operations,Introduced warehouse slotting optimization process.
8740,Alexander Phillips,9,Seattle,engineering,Launched partner onboarding program across EMEA region.
8741,Dawn Nunez,7,Seattle,product,Closed strategic logistics accounts in manufacturing sector.
8742,Mitchell Burns,1,Austin,analytics,Designed interview loops for engineering leveling refresh.
8743,Pamela Clark,8,Denver,operations,Led multi-region ERP rollout across three warehouses.
8744,Austin Weber,9,Denver,analytics,Migrated legacy monolith endpoints to event-driven services.
8745,Heather Davis,11,Denver,engineering,Scaled self-serve onboarding funnel for SMB customers.
8746,Alicia Cox,9,Remote,support,Closed strategic logistics accounts in manufacturing sector.
8747,Jose Montgomery,3,Denver,sales,Negotiated software procurement and vendor savings initiatives.
8748,Patricia Mckinney,17,Remote,sales,Expanded support knowledge base and deflected repetitive tickets.
8749,Shawn Clark,3,Remote,analytics,Ran agile ceremonies for cross-functional product squad.
8750,Daniel Smith,6,Denver,analytics,Introduced warehouse slotting optimization process.
8751,Carl Morris,9,Chicago,engineering,Introduced warehouse slotting optimization process.
8752,Matthew Hall,5,Seattle,analytics,Built churn propensity model for customer success team.
8753,Cheryl Nelson,1,Remote,engineering,"Implemented Okta and SCIM provisioning for 2,000 employees."
8754,Robert Hill,11,Denver,product,Built role-based compensation benchmarking dashboards.
8755,Erin Harris MD,4,Chicago,operations,Led multi-region ERP rollout across three warehouses.
8756,Kenneth Atkinson,15,Atlanta,operations,Built role-based compensation benchmarking dashboards.
8757,Sharon Rodriguez,14,Remote,analytics,Built role-based compensation benchmarking dashboards.
8758,James Martinez,7,Atlanta,engineering,Negotiated software procurement and vendor savings initiatives.
8759,Rachel Salazar,8,Denver,engineering,Led multi-region ERP rollout across three warehouses.
8760,Kaitlin Lowe,17,Denver,product,Negotiated software procurement and vendor savings initiatives.
8761,Daniel Smith,0,Seattle,analytics,Improved fulfillment SLA reporting with automated dashboards.
8762,Theodore Brown,6,Denver,sales,Owned forecasting model for outbound pipeline generation.
8763,Brett Myers,1,Seattle,analytics,Launched partner onboarding program across EMEA region.
8764,April Jennings,2,Remote,product,Managed high-volume healthcare recruiting for clinical roles.
8765,Richard Rivera,16,Seattle,support,Negotiated software procurement and vendor savings initiatives.
8766,Gary Rios,1,Remote,operations,Introduced warehouse slotting optimization process.
8767,Edwin Carpenter MD,17,Seattle,analytics,Built dbt models and Airflow pipelines for finance analytics.
8768,Kelli Willis,14,Remote,product,Improved fulfillment SLA reporting with automated dashboards.
8769,Bryan Smith,11,Austin,sales,Maintained SOC 2 evidence collection process.
8770,Martha Brandt,13,Denver,support,Migrated legacy monolith endpoints to event-driven services.
8771,Kenneth Thornton,3,Chicago,product,"Drove product launch for analytics module used by 8,000 accounts."
8772,Nathan Lee,2,Remote,operations,Improved fulfillment SLA reporting with automated dashboards.
8773,Christopher Rivera,6,Chicago,product,Launched partner onboarding program across EMEA region.
8774,David Martin,13,Remote,engineering,Owned forecasting model for outbound pipeline generation.
8775,Veronica Walls,5,Seattle,operations,Built dbt models and Airflow pipelines for finance analytics.
8776,Ryan Lee,3,Austin,sales,Migrated legacy monolith endpoints to event-driven services.
8777,Jeremy Torres,14,Seattle,engineering,Ran agile ceremonies for cross-functional product squad.
8778,Devin Brown,11,Denver,analytics,"Drove product launch for analytics module used by 8,000 accounts."
8779,Michelle Crawford,9,Chicago,analytics,Launched partner onboarding program across EMEA region.
8780,Todd Reese,7,Remote,operations,Designed interview loops for engineering leveling refresh.
8781,Linda Williams,14,Seattle,product,Negotiated software procurement and vendor savings initiatives.
8782,Brian Rivera,13,Seattle,sales,Closed strategic logistics accounts in manufacturing sector.
8783,Frederick Hunter,6,Chicago,support,Built churn propensity model for customer success team.
8784,Christopher Griffin,2,Atlanta,analytics,Improved fulfillment SLA reporting with automated dashboards.
8785,Kimberly Morales,15,Denver,product,Shipped experimentation framework for signup conversion.
8786,William Hill,2,Atlanta,engineering,Scaled self-serve onboarding funnel for SMB customers.
8787,Tracy Smith,7,Denver,product,Built churn propensity model for customer success team.
8788,Heather Barrera,16,Atlanta,engineering,Owned forecasting model for outbound pipeline generation.
8789,Katie Mann,7,Seattle,support,Built churn propensity model for customer success team.
8790,Autumn Stephens,14,Chicago,support,Built role-based compensation benchmarking dashboards.
8791,Stephen Bridges,8,Austin,engineering,Built dbt models and Airflow pipelines for finance analytics.
8792,Bonnie Lynch,13,Austin,engineering,Scaled self-serve onboarding funnel for SMB customers.
8793,Isabel Park,10,Remote,engineering,Expanded support knowledge base and deflected repetitive tickets.
8794,Patricia Guerrero,5,Remote,engineering,Launched partner onboarding program across EMEA region.
8795,Shawn Williams,16,Seattle,engineering,Managed high-volume healthcare recruiting for clinical roles.
8796,Heather Russell,8,Austin,product,Improved fulfillment SLA reporting with automated dashboards.
8797,Jon Lawson,8,Atlanta,sales,Closed strategic logistics accounts in manufacturing sector.
8798,Ashley Lopez,11,Denver,support,Owned forecasting model for outbound pipeline generation.
8799,Kevin Kelley,16,Chicago,engineering,Automated revenue recognition data quality checks.
8800,Eric Rivera,15,Denver,analytics,Managed high-volume healthcare recruiting for clinical roles.
8801,Charles Sawyer,7,Seattle,operations,Maintained SOC 2 evidence collection process.
8802,Sean Garcia,4,Remote,analytics,Automated revenue recognition data quality checks.
8803,April Hudson DVM,5,Remote,support,Migrated legacy monolith endpoints to event-driven services.
8804,Joseph Marshall,4,Chicago,sales,Built dbt models and Airflow pipelines for finance analytics.
8805,Rebecca Rodriguez,5,Atlanta,engineering,Closed strategic logistics accounts in manufacturing sector.
8806,Timothy Jackson,7,Atlanta,sales,Launched partner onboarding program across EMEA region.
8807,Daniel Gray,0,Chicago,support,Built churn propensity model for customer success team.
8808,Paula Brown,9,Denver,analytics,Closed strategic logistics accounts in manufacturing sector.
8809,Christina Ellis,15,Denver,product,Closed strategic logistics accounts in manufacturing sector.
8810,Andrea Powers,7,Austin,product,Improved fulfillment SLA reporting with automated dashboards.
8811,Stacy Willis,1,Denver,engineering,Designed interview loops for engineering leveling refresh.
8812,Adriana Mcneil,7,Denver,engineering,Managed enterprise renewals exceeding $4M ARR.
8813,James Rodriguez Jr.,6,Chicago,engineering,Maintained SOC 2 evidence collection process.
8814,Russell Munoz,10,Atlanta,sales,Managed enterprise renewals exceeding $4M ARR.
8815,Laura Dalton,4,Seattle,operations,Expanded support knowledge base and deflected repetitive tickets.
8816,Julie Schultz,5,Austin,engineering,Automated revenue recognition data quality checks.
8817,Melissa Donovan,13,Denver,product,Built churn propensity model for customer success team.
8818,Selena Robinson,3,Austin,operations,Built churn propensity model for customer success team.
8819,Karla Weaver,16,Seattle,support,Managed enterprise renewals exceeding $4M ARR.
8820,Heather Poole,5,Remote,product,Automated revenue recognition data quality checks.
8821,Morgan Richmond,14,Denver,engineering,Reduced cloud spend by redesigning batch compute workloads.
8822,Lisa Sanders,1,Remote,operations,Maintained SOC 2 evidence collection process.
8823,Kimberly Wang,5,Atlanta,support,Ran agile ceremonies for cross-functional product squad.
8824,Tracy Mcdonald,6,Remote,product,Negotiated software procurement and vendor savings initiatives.
8825,Amber Blankenship,8,Remote,support,Negotiated software procurement and vendor savings initiatives.
8826,Maria Ruiz,1,Atlanta,sales,Maintained SOC 2 evidence collection process.
8827,Dustin Aguilar DDS,4,Denver,sales,Owned forecasting model for outbound pipeline generation.
8828,Monica Colon,15,Seattle,support,Owned forecasting model for outbound pipeline generation.
8829,Emily Sutton,16,Chicago,analytics,Negotiated software procurement and vendor savings initiatives.
8830,Dawn Marsh,7,Chicago,sales,Built role-based compensation benchmarking dashboards.
8831,Samuel Williams,2,Atlanta,operations,Owned forecasting model for outbound pipeline generation.
8832,Taylor Jackson,4,Chicago,product,Automated revenue recognition data quality checks.
8833,James Wise,17,Denver,sales,Negotiated software procurement and vendor savings initiatives.
8834,Matthew Evans,16,Remote,sales,Ran agile ceremonies for cross-functional product squad.
8835,Henry Bradley,14,Seattle,product,Negotiated software procurement and vendor savings initiatives.
8836,Amanda Mcbride,15,Remote,support,Reduced cloud spend by redesigning batch compute workloads.
8837,Glen Pearson,12,Remote,sales,Built churn propensity model for customer success team.
8838,Tammie Black,11,Chicago,sales,Closed strategic logistics accounts in manufacturing sector.
8839,Mallory Atkins,13,Seattle,product,Negotiated software procurement and vendor savings initiatives.
8840,Julia Obrien,11,Denver,sales,Built role-based compensation benchmarking dashboards.
8841,Tracy Cox,6,Remote,support,Migrated legacy monolith endpoints to event-driven services.
8842,Joanna Avila,11,Chicago,operations,Ran agile ceremonies for cross-functional product squad.
8843,Kathleen Butler,5,Chicago,sales,Managed high-volume healthcare recruiting for clinical roles.
8844,Ms. Jamie Fox,11,Remote,operations,Closed strategic logistics accounts in manufacturing sector.
8845,Colleen Parker MD,6,Chicago,support,Expanded support knowledge base and deflected repetitive tickets.
8846,Melissa Brown,8,Atlanta,support,Shipped experimentation framework for signup conversion.
8847,Michael Drake,3,Chicago,engineering,Built dbt models and Airflow pipelines for finance analytics.
8848,Julie Hughes,17,Chicago,product,Scaled self-serve onboarding funnel for SMB customers.
8849,Melissa Heath,13,Seattle,sales,Improved fulfillment SLA reporting with automated dashboards.
8850,Alexander Sims,1,Seattle,analytics,Built dbt models and Airflow pipelines for finance analytics.
8851,Joseph Hughes Jr.,8,Chicago,sales,Improved fulfillment SLA reporting with automated dashboards.
8852,Mike Mason,8,Remote,sales,Negotiated software procurement and vendor savings initiatives.
8853,David Lopez,15,Austin,product,Closed strategic logistics accounts in manufacturing sector.
8854,Lindsey Anderson,13,Austin,support,Built dbt models and Airflow pipelines for finance analytics.
8855,Melanie Williams,15,Remote,product,Improved NPS by redesigning incident communications workflow.
8856,Brandon Key,8,Austin,engineering,Negotiated software procurement and vendor savings initiatives.
8857,Roberto Owen,2,Chicago,sales,Ran agile ceremonies for cross-functional product squad.
8858,Christopher Young,12,Austin,engineering,Ran agile ceremonies for cross-functional product squad.
8859,Michelle Lamb,3,Chicago,operations,Shipped experimentation framework for signup conversion.
8860,Jerry Baker,11,Austin,operations,Maintained SOC 2 evidence collection process.
8861,Chelsea Schmitt,7,Denver,product,Shipped experimentation framework for signup conversion.
8862,John Jones,6,Chicago,sales,Expanded support knowledge base and deflected repetitive tickets.
8863,Logan Mercado,2,Austin,analytics,Launched partner onboarding program across EMEA region.
8864,Michelle Edwards,14,Seattle,product,"Implemented Okta and SCIM provisioning for 2,000 employees."
8865,Jesse Hinton,12,Austin,engineering,Shipped experimentation framework for signup conversion.
8866,Brittany Williams,6,Denver,operations,Built dbt models and Airflow pipelines for finance analytics.
8867,David Lee,13,Chicago,operations,Owned forecasting model for outbound pipeline generation.
8868,Deborah Mahoney,17,Atlanta,engineering,Improved NPS by redesigning incident communications workflow.
8869,Donald Harrison,12,Denver,operations,Improved NPS by redesigning incident communications workflow.
8870,Ralph Rodriguez,17,Denver,sales,Shipped experimentation framework for signup conversion.
8871,Tammy Harper,8,Seattle,sales,Scaled self-serve onboarding funnel for SMB customers.
8872,Brittany Rhodes,6,Austin,sales,Maintained SOC 2 evidence collection process.
8873,Alexis Barnes,15,Denver,analytics,Managed enterprise renewals exceeding $4M ARR.
8874,Nicholas Garcia,11,Atlanta,operations,Closed strategic logistics accounts in manufacturing sector.
8875,Sean Escobar,10,Seattle,support,Improved fulfillment SLA reporting with automated dashboards.
8876,Cynthia Mckinney,11,Atlanta,operations,Migrated legacy monolith endpoints to event-driven services.
8877,James Campbell,17,Seattle,support,Built dbt models and Airflow pipelines for finance analytics.
8878,Heather Lambert,12,Seattle,analytics,Led multi-region ERP rollout across three warehouses.
8879,Jacqueline Nguyen,14,Seattle,operations,Built role-based compensation benchmarking dashboards.
8880,Lauren Williams,0,Atlanta,support,Built churn propensity model for customer success team.
8881,Christy Cook,13,Remote,support,Introduced warehouse slotting optimization process.
8882,Jonathan Tate,5,Austin,analytics,Managed high-volume healthcare recruiting for clinical roles.
8883,Megan Livingston,2,Denver,analytics,Shipped experimentation framework for signup conversion.
8884,Matthew Freeman,4,Seattle,support,Maintained SOC 2 evidence collection process.
8885,Cheryl Cummings,14,Austin,support,Introduced warehouse slotting optimization process.
8886,Michael Jenkins,14,Seattle,support,Built dbt models and Airflow pipelines for finance analytics.
8887,Christopher Harmon,5,Austin,engineering,Launched partner onboarding program across EMEA region.
8888,Keith Le,3,Seattle,sales,"Implemented Okta and SCIM provisioning for 2,000 employees."
8889,Dr. Tiffany Coleman,7,Chicago,operations,"Drove product launch for analytics module used by 8,000 accounts."
8890,Alicia Arroyo,5,Seattle,analytics,Automated revenue recognition data quality checks.
8891,Antonio Wallace,8,Seattle,operations,Negotiated software procurement and vendor savings initiatives.
8892,Megan Morales,14,Seattle,support,Improved fulfillment SLA reporting with automated dashboards.
8893,Larry Reynolds,5,Atlanta,operations,Led multi-region ERP rollout across three warehouses.
8894,Julia Hardin,3,Remote,analytics,Designed interview loops for engineering leveling refresh.
8895,Glen Rodriguez,1,Austin,support,Launched partner onboarding program across EMEA region.
8896,Daniel Charles,12,Chicago,operations,Automated revenue recognition data quality checks.
8897,Logan Bryant,3,Austin,analytics,Negotiated software procurement and vendor savings initiatives.
8898,Stephanie Gaines,3,Seattle,support,"Implemented Okta and SCIM provisioning for 2,000 employees."
8899,Nicholas Arnold,14,Remote,operations,Maintained SOC 2 evidence collection process.
8900,David Parks,1,Remote,product,Maintained SOC 2 evidence collection process.
8901,Nicholas Wyatt,11,Atlanta,analytics,Expanded support knowledge base and deflected repetitive tickets.
8902,Kyle Lane,0,Austin,support,Shipped experimentation framework for signup conversion.
8903,Matthew Thomas,16,Chicago,support,"Drove product launch for analytics module used by 8,000 accounts."
8904,George Johnson,12,Atlanta,support,"Drove product launch for analytics module used by 8,000 accounts."
8905,Christopher Butler,14,Remote,support,Designed interview loops for engineering leveling refresh.
8906,Stephanie Martinez,11,Remote,analytics,Reduced cloud spend by redesigning batch compute workloads.
8907,David Ford,7,Seattle,support,Managed enterprise renewals exceeding $4M ARR.
8908,Catherine Chan,17,Remote,operations,"Drove product launch for analytics module used by 8,000 accounts."
8909,Marc Nguyen,14,Denver,product,Managed high-volume healthcare recruiting for clinical roles.
8910,Kimberly Wallace,1,Chicago,analytics,Maintained SOC 2 evidence collection process.
8911,Joshua Thomas,10,Denver,support,Led multi-region ERP rollout across three warehouses.
8912,Chris Steele,9,Austin,sales,Maintained SOC 2 evidence collection process.
8913,Melissa Newton,5,Seattle,sales,Maintained SOC 2 evidence collection process.
8914,Veronica Jackson,8,Chicago,analytics,Managed enterprise renewals exceeding $4M ARR.
8915,Kristen Valenzuela,17,Denver,product,Negotiated software procurement and vendor savings initiatives.
8916,Michael Diaz,1,Austin,support,Improved NPS by redesigning incident communications workflow.
8917,Brenda Ibarra,16,Remote,sales,Launched partner onboarding program across EMEA region.
8918,Adam Bradley PhD,12,Denver,product,Maintained SOC 2 evidence collection process.
8919,Maria Mercado,2,Seattle,analytics,Expanded support knowledge base and deflected repetitive tickets.
8920,Jessica Neal,5,Atlanta,analytics,Managed high-volume healthcare recruiting for clinical roles.
8921,Robert Cooper,15,Atlanta,product,Built churn propensity model for customer success team.
8922,Daniel Pierce,12,Denver,support,Closed strategic logistics accounts in manufacturing sector.
8923,Julie Kelley,1,Seattle,sales,"Implemented Okta and SCIM provisioning for 2,000 employees."
8924,Alexis Smith,2,Chicago,engineering,Scaled self-serve onboarding funnel for SMB customers.
8925,Lisa Butler,16,Remote,sales,Improved NPS by redesigning incident communications workflow.
8926,Jimmy Dillon,2,Denver,sales,Improved fulfillment SLA reporting with automated dashboards.
8927,Angelica Stein DDS,11,Austin,sales,"Drove product launch for analytics module used by 8,000 accounts."
8928,Tiffany Hernandez,17,Remote,analytics,Built dbt models and Airflow pipelines for finance analytics.
8929,James Brown,2,Austin,product,Introduced warehouse slotting optimization process.
8930,Kayla Zhang,0,Denver,analytics,Migrated legacy monolith endpoints to event-driven services.
8931,Melissa Jones,14,Seattle,operations,Shipped experimentation framework for signup conversion.
8932,Jamie Wilson,17,Denver,sales,Introduced warehouse slotting optimization process.
8933,Glenn Glenn,9,Chicago,support,Reduced cloud spend by redesigning batch compute workloads.
8934,Jose Coleman,4,Chicago,analytics,Expanded support knowledge base and deflected repetitive tickets.
8935,Nicholas Sanders,1,Seattle,engineering,Owned forecasting model for outbound pipeline generation.
8936,Rebecca Jones,16,Atlanta,operations,Led multi-region ERP rollout across three warehouses.
8937,Margaret Gray,14,Atlanta,sales,Led multi-region ERP rollout across three warehouses.
8938,Dr. Laura Richardson MD,16,Atlanta,operations,Ran agile ceremonies for cross-functional product squad.
8939,Joseph Merritt,14,Chicago,engineering,Launched partner onboarding program across EMEA region.
8940,Paige Barajas,7,Remote,sales,"Implemented Okta and SCIM provisioning for 2,000 employees."
8941,Michael Allen,8,Chicago,support,Improved fulfillment SLA reporting with automated dashboards.
8942,Michael Miller,6,Remote,sales,Ran agile ceremonies for cross-functional product squad.
8943,Albert Ray,13,Seattle,engineering,Automated revenue recognition data quality checks.
8944,Luis Becker,1,Austin,sales,Introduced warehouse slotting optimization process.
8945,Kelly Smith,0,Chicago,product,Reduced cloud spend by redesigning batch compute workloads.
8946,Kaitlin Holt,17,Atlanta,product,Managed high-volume healthcare recruiting for clinical roles.
8947,Melinda Tucker,5,Austin,analytics,Maintained SOC 2 evidence collection process.
8948,Holly Williams,0,Remote,support,"Implemented Okta and SCIM provisioning for 2,000 employees."
8949,Brian Rush,12,Denver,product,Shipped experimentation framework for signup conversion.
8950,Dustin Mitchell,7,Remote,sales,Improved fulfillment SLA reporting with automated dashboards.
8951,William Riley,4,Austin,operations,Improved fulfillment SLA reporting with automated dashboards.
8952,Linda Chavez,7,Austin,engineering,Managed high-volume healthcare recruiting for clinical roles.
8953,Thomas Gutierrez,8,Atlanta,analytics,Expanded support knowledge base and deflected repetitive tickets.
8954,Erin Jones,11,Seattle,product,Led multi-region ERP rollout across three warehouses.
8955,Ronald Buckley,16,Remote,engineering,Managed enterprise renewals exceeding $4M ARR.
8956,John Ochoa,15,Seattle,support,Managed high-volume healthcare recruiting for clinical roles.
8957,Norman Johnson Jr.,14,Seattle,operations,Managed enterprise renewals exceeding $4M ARR.
8958,Charles Ortega,8,Austin,product,Managed high-volume healthcare recruiting for clinical roles.
8959,Carla Farmer,10,Atlanta,analytics,Designed interview loops for engineering leveling refresh.
8960,Michele Williamson,2,Seattle,operations,Closed strategic logistics accounts in manufacturing sector.
8961,Adam Craig,10,Denver,engineering,"Drove product launch for analytics module used by 8,000 accounts."
8962,Stacey Diaz,12,Remote,analytics,Built churn propensity model for customer success team.
8963,Lindsey Adams,15,Remote,product,Built role-based compensation benchmarking dashboards.
8964,Michael Alvarado,0,Remote,engineering,Introduced warehouse slotting optimization process.
8965,Margaret Parrish,15,Remote,engineering,Expanded support knowledge base and deflected repetitive tickets.
8966,Kurt Goodman,9,Atlanta,product,Owned forecasting model for outbound pipeline generation.
8967,Eric Guerra,1,Seattle,sales,Shipped experimentation framework for signup conversion.
8968,Christian Alvarado,17,Austin,analytics,Migrated legacy monolith endpoints to event-driven services.
8969,Pamela Scott,8,Chicago,analytics,Managed enterprise renewals exceeding $4M ARR.
8970,Amy Miller,7,Atlanta,operations,Shipped experimentation framework for signup conversion.
8971,Gregory Higgins,3,Austin,operations,Improved NPS by redesigning incident communications workflow.
8972,Andrew Leon,1,Seattle,support,Reduced cloud spend by redesigning batch compute workloads.
8973,Holly Lester,1,Chicago,sales,Closed strategic logistics accounts in manufacturing sector.
8974,Cynthia Pineda DVM,4,Denver,sales,Negotiated software procurement and vendor savings initiatives.
8975,Sheena Clarke,5,Chicago,product,Built dbt models and Airflow pipelines for finance analytics.
8976,Jennifer Berry,8,Atlanta,engineering,Led multi-region ERP rollout across three warehouses.
8977,Lisa Gray,10,Austin,sales,Expanded support knowledge base and deflected repetitive tickets.
8978,Michael Bennett,17,Seattle,support,Owned forecasting model for outbound pipeline generation.
8979,Sara Flores,14,Remote,analytics,Ran agile ceremonies for cross-functional product squad.
8980,Brandon Flynn MD,8,Seattle,sales,Maintained SOC 2 evidence collection process.
8981,Rebecca Meyer,16,Chicago,engineering,Shipped experimentation framework for signup conversion.
8982,Jeanne Hicks,10,Chicago,operations,Maintained SOC 2 evidence collection process.
8983,Kevin Johnson,7,Chicago,engineering,Negotiated software procurement and vendor savings initiatives.
8984,Tyler Robles,3,Atlanta,analytics,Closed strategic logistics accounts in manufacturing sector.
8985,Carolyn Navarro,7,Remote,operations,Built dbt models and Airflow pipelines for finance analytics.
8986,Jill Baker,0,Remote,product,Improved fulfillment SLA reporting with automated dashboards.
8987,Luis Grant,2,Remote,support,Shipped experimentation framework for signup conversion.
8988,David Hubbard,17,Seattle,operations,Owned forecasting model for outbound pipeline generation.
8989,William Doyle,3,Chicago,analytics,Negotiated software procurement and vendor savings initiatives.
8990,Steven Davis,10,Denver,support,Ran agile ceremonies for cross-functional product squad.
8991,Susan Holmes,1,Chicago,sales,Launched partner onboarding program across EMEA region.
8992,Shannon Hayden,10,Austin,analytics,Managed enterprise renewals exceeding $4M ARR.
8993,Michael Prince,17,Seattle,engineering,"Implemented Okta and SCIM provisioning for 2,000 employees."
8994,Mary Acosta,8,Atlanta,product,Improved NPS by redesigning incident communications workflow.
8995,Sabrina Jones,2,Remote,product,Managed high-volume healthcare recruiting for clinical roles.
8996,Kenneth Wilson,0,Remote,product,Managed high-volume healthcare recruiting for clinical roles.
8997,Amy Hopkins,13,Atlanta,sales,Built dbt models and Airflow pipelines for finance analytics.
8998,Christina Hill,1,Austin,support,Introduced warehouse slotting optimization process.
8999,Kim Rich,5,Denver,analytics,Led multi-region ERP rollout across three warehouses.
9000,Christopher Douglas,15,Denver,product,Managed enterprise renewals exceeding $4M ARR.
