interview_id,application_id,round_name,scheduled_at,result
1,2,panel,2025-07-31 01:17:20,pass
2,2,panel,2025-08-10 01:17:20,fail
3,2,hiring_manager,2025-08-07 01:17:20,pass
4,4,hiring_manager,2025-10-19 01:22:15,fail
5,8,hiring_manager,2025-05-28 01:49:44,pass
6,8,recruiter,2025-06-07 01:49:44,hold
7,8,final,2025-06-13 01:49:44,pass
8,9,recruiter,2025-03-26 08:07:38,pass
9,9,final,2025-03-26 08:07:38,pass
10,9,hiring_manager,2025-04-03 08:07:38,pass
11,10,panel,2024-11-03 09:42:14,pass
12,10,hiring_manager,2024-11-11 09:42:14,pass
13,12,final,2024-06-21 02:08:32,fail
14,12,final,2024-06-25 02:08:32,hold
15,13,final,2025-01-30 20:46:02,pass
16,13,recruiter,2025-02-01 20:46:02,hold
17,13,recruiter,2025-02-13 20:46:02,pass
18,21,panel,2025-10-10 23:20:07,pass
19,25,recruiter,2024-11-28 02:55:22,pass
20,29,panel,2025-05-12 06:18:41,pass
21,30,hiring_manager,2026-01-06 10:31:40,pass
22,35,final,2024-02-26 12:08:39,hold
23,36,panel,2025-07-30 18:04:34,fail
24,36,final,2025-07-28 18:04:34,pass
25,38,panel,2024-03-31 07:21:52,pass
26,38,panel,2024-04-04 07:21:52,pass
27,41,hiring_manager,2025-02-17 00:02:42,pass
28,44,hiring_manager,2024-08-01 15:07:04,hold
29,52,recruiter,2024-04-20 09:26:48,pass
30,52,hiring_manager,2024-04-22 09:26:48,pass
31,52,hiring_manager,2024-04-26 09:26:48,pass
32,54,recruiter,2025-03-13 22:02:50,pass
33,57,recruiter,2025-03-19 05:32:12,hold
34,57,final,2025-03-22 05:32:12,fail
35,57,hiring_manager,2025-03-26 05:32:12,pass
36,59,final,2024-02-26 19:22:44,pass
37,59,recruiter,2024-03-04 19:22:44,pass
38,60,recruiter,2024-10-08 23:39:15,pass
39,60,panel,2024-10-10 23:39:15,fail
40,78,final,2024-09-24 17:51:11,pass
41,78,final,2024-09-23 17:51:11,pass
42,85,panel,2024-05-12 09:12:43,fail
43,95,panel,2025-05-23 12:26:08,pass
44,95,recruiter,2025-05-21 12:26:08,fail
45,95,panel,2025-05-23 12:26:08,pass
46,98,recruiter,2025-11-13 22:21:32,pass
47,98,final,2025-11-18 22:21:32,pass
48,99,final,2025-11-19 22:42:07,fail
49,99,panel,2025-11-24 22:42:07,fail
50,109,hiring_manager,2024-11-20 21:01:11,pass
51,109,final,2024-11-23 21:01:11,pass
52,120,final,2025-11-04 16:53:46,pass
53,127,panel,2024-01-28 10:50:13,pass
54,136,final,2025-11-12 14:12:06,fail
55,136,final,2025-11-14 14:12:06,pass
56,136,final,2025-11-14 14:12:06,fail
57,140,final,2025-08-19 20:14:02,pass
58,140,panel,2025-08-26 20:14:02,pass
59,140,panel,2025-08-29 20:14:02,pass
60,148,panel,2025-03-23 20:00:37,pass
61,148,recruiter,2025-03-31 20:00:37,pass
62,148,final,2025-04-06 20:00:37,hold
63,149,hiring_manager,2024-04-10 08:59:57,pass
64,149,panel,2024-04-10 08:59:57,hold
65,154,recruiter,2024-04-19 16:15:04,pass
66,154,final,2024-04-19 16:15:04,pass
67,156,hiring_manager,2024-09-30 03:34:25,pass
68,158,hiring_manager,2024-08-14 04:50:01,pass
69,162,final,2024-10-07 13:28:16,pass
70,162,panel,2024-10-13 13:28:16,pass
71,162,final,2024-10-14 13:28:16,pass
72,164,panel,2024-11-13 00:45:07,pass
73,164,recruiter,2024-11-18 00:45:07,pass
74,164,recruiter,2024-11-28 00:45:07,pass
75,167,recruiter,2025-11-22 20:32:04,fail
76,167,final,2025-12-02 20:32:04,pass
77,169,hiring_manager,2024-06-16 06:16:26,pass
78,169,hiring_manager,2024-06-19 06:16:26,pass
79,175,hiring_manager,2024-08-03 13:16:37,pass
80,179,panel,2025-07-04 23:43:43,hold
81,188,recruiter,2024-06-15 14:30:39,pass
82,188,recruiter,2024-06-23 14:30:39,pass
83,209,recruiter,2024-03-02 03:43:50,fail
84,209,hiring_manager,2024-03-05 03:43:50,pass
85,213,recruiter,2025-02-12 22:59:06,pass
86,213,recruiter,2025-02-12 22:59:06,pass
87,215,recruiter,2025-07-17 11:58:52,pass
88,215,recruiter,2025-07-21 11:58:52,pass
89,215,hiring_manager,2025-07-27 11:58:52,pass
90,216,panel,2024-12-02 04:31:36,pass
91,216,recruiter,2024-12-06 04:31:36,pass
92,216,recruiter,2024-12-12 04:31:36,pass
93,219,panel,2025-03-27 21:05:33,hold
94,220,panel,2025-12-13 08:13:05,pass
95,221,hiring_manager,2025-04-02 01:55:31,pass
96,225,panel,2025-08-20 07:01:35,pass
97,225,recruiter,2025-08-27 07:01:35,pass
98,225,hiring_manager,2025-09-02 07:01:35,pass
99,232,panel,2024-01-30 07:40:29,pass
100,232,recruiter,2024-02-03 07:40:29,pass
101,241,panel,2025-02-03 22:45:16,fail
102,241,recruiter,2025-02-09 22:45:16,pass
103,241,panel,2025-02-19 22:45:16,pass
104,242,hiring_manager,2025-03-21 03:26:50,pass
105,242,final,2025-03-23 03:26:50,hold
106,249,hiring_manager,2024-08-08 09:18:30,pass
107,260,panel,2024-02-25 14:40:31,pass
108,260,recruiter,2024-03-01 14:40:31,pass
109,261,final,2025-03-22 08:11:49,pass
110,261,hiring_manager,2025-03-20 08:11:49,hold
111,262,panel,2025-07-12 06:29:16,pass
112,262,recruiter,2025-07-18 06:29:16,pass
113,262,panel,2025-07-20 06:29:16,pass
114,264,recruiter,2025-03-09 05:35:29,pass
115,264,final,2025-03-16 05:35:29,hold
116,273,recruiter,2025-10-18 02:30:31,pass
117,273,hiring_manager,2025-10-19 02:30:31,pass
118,273,recruiter,2025-10-28 02:30:31,pass
119,274,hiring_manager,2024-11-09 02:15:37,pass
120,276,hiring_manager,2024-08-12 10:01:09,fail
121,276,final,2024-08-21 10:01:09,pass
122,278,final,2025-05-06 04:35:54,pass
123,278,hiring_manager,2025-05-15 04:35:54,pass
124,281,final,2025-08-31 20:46:37,pass
125,282,recruiter,2025-04-01 21:57:12,pass
126,286,hiring_manager,2025-12-14 11:32:49,pass
127,286,panel,2025-12-19 11:32:49,pass
128,291,recruiter,2025-12-11 23:29:20,fail
129,291,hiring_manager,2025-12-10 23:29:20,hold
130,291,panel,2025-12-21 23:29:20,pass
131,294,hiring_manager,2025-06-26 09:40:49,fail
132,294,hiring_manager,2025-06-25 09:40:49,pass
133,300,panel,2025-02-22 13:26:53,pass
134,300,final,2025-02-21 13:26:53,pass
135,301,panel,2025-05-03 08:47:29,pass
136,301,final,2025-05-01 08:47:29,pass
137,311,final,2024-06-03 04:23:06,fail
138,311,hiring_manager,2024-06-04 04:23:06,fail
139,311,recruiter,2024-06-04 04:23:06,pass
140,315,recruiter,2025-10-30 15:30:28,fail
141,315,hiring_manager,2025-11-08 15:30:28,pass
142,315,recruiter,2025-11-08 15:30:28,pass
143,316,final,2026-01-17 21:35:33,pass
144,316,final,2026-01-24 21:35:33,pass
145,321,recruiter,2024-06-17 06:51:45,pass
146,321,panel,2024-06-19 06:51:45,pass
147,321,final,2024-06-27 06:51:45,pass
148,322,recruiter,2024-05-18 19:09:30,pass
149,322,panel,2024-05-16 19:09:30,fail
150,326,final,2025-12-13 06:22:28,pass
151,333,final,2024-05-03 11:54:14,pass
152,334,panel,2024-03-22 20:17:58,pass
153,334,panel,2024-03-26 20:17:58,pass
154,334,final,2024-03-31 20:17:58,pass
155,339,hiring_manager,2024-01-29 14:40:31,pass
156,339,hiring_manager,2024-02-07 14:40:31,pass
157,341,recruiter,2024-05-14 12:50:51,pass
158,341,recruiter,2024-05-17 12:50:51,pass
159,341,final,2024-05-24 12:50:51,pass
160,349,recruiter,2025-06-02 12:26:08,pass
161,358,hiring_manager,2024-11-21 20:08:45,fail
162,358,panel,2024-11-21 20:08:45,pass
163,358,hiring_manager,2024-11-23 20:08:45,pass
164,361,final,2025-03-03 22:59:06,pass
165,361,final,2025-03-04 22:59:06,pass
166,361,recruiter,2025-03-16 22:59:06,pass
167,363,hiring_manager,2025-09-28 01:45:59,pass
168,365,hiring_manager,2025-04-21 17:59:05,pass
169,365,recruiter,2025-04-22 17:59:05,pass
170,369,panel,2024-11-27 02:16:53,fail
171,369,hiring_manager,2024-11-29 02:16:53,pass
172,369,recruiter,2024-11-30 02:16:53,pass
173,372,hiring_manager,2025-04-28 22:55:57,pass
174,372,recruiter,2025-05-04 22:55:57,fail
175,372,hiring_manager,2025-05-10 22:55:57,hold
176,373,recruiter,2025-12-23 08:01:32,pass
177,376,final,2024-09-03 14:22:21,fail
178,377,hiring_manager,2024-10-24 16:46:06,fail
179,377,panel,2024-10-30 16:46:06,pass
180,377,final,2024-10-24 16:46:06,pass
181,380,recruiter,2025-09-06 08:22:57,pass
182,380,recruiter,2025-09-15 08:22:57,pass
183,381,hiring_manager,2025-10-29 15:30:28,pass
184,382,final,2024-07-08 15:22:44,hold
185,382,final,2024-07-09 15:22:44,pass
186,394,final,2024-06-08 11:26:56,pass
187,394,panel,2024-06-15 11:26:56,pass
188,396,panel,2024-03-16 05:35:58,pass
189,396,final,2024-03-17 05:35:58,pass
190,396,recruiter,2024-03-20 05:35:58,fail
191,407,hiring_manager,2024-06-16 03:00:04,fail
192,407,panel,2024-06-26 03:00:04,pass
193,407,recruiter,2024-06-29 03:00:04,pass
194,412,hiring_manager,2024-04-06 10:26:14,pass
195,412,recruiter,2024-04-12 10:26:14,pass
196,420,final,2025-11-02 18:03:30,pass
197,420,final,2025-11-02 18:03:30,pass
198,430,hiring_manager,2024-07-12 10:39:28,pass
199,430,hiring_manager,2024-07-18 10:39:28,pass
200,430,hiring_manager,2024-07-21 10:39:28,pass
201,439,hiring_manager,2025-10-26 09:07:06,pass
202,439,hiring_manager,2025-10-30 09:07:06,pass
203,439,panel,2025-11-02 09:07:06,pass
204,442,hiring_manager,2025-05-20 21:04:52,pass
205,442,panel,2025-05-19 21:04:52,pass
206,449,recruiter,2024-04-22 20:17:44,pass
207,449,hiring_manager,2024-04-20 20:17:44,fail
208,457,final,2024-12-09 14:58:50,pass
209,457,hiring_manager,2024-12-15 14:58:50,pass
210,457,final,2024-12-20 14:58:50,fail
211,459,final,2024-11-08 16:46:06,hold
212,459,hiring_manager,2024-11-07 16:46:06,fail
213,462,panel,2025-07-09 23:43:43,pass
214,476,hiring_manager,2024-03-09 19:29:33,fail
215,476,panel,2024-03-13 19:29:33,fail
216,479,final,2025-07-13 08:56:02,pass
217,479,hiring_manager,2025-07-13 08:56:02,pass
218,479,final,2025-07-24 08:56:02,pass
219,483,hiring_manager,2024-06-13 01:28:18,pass
220,483,recruiter,2024-06-19 01:28:18,fail
221,483,final,2024-06-25 01:28:18,pass
222,484,panel,2025-06-12 13:59:57,pass
223,484,hiring_manager,2025-06-17 13:59:57,pass
224,486,panel,2026-01-06 15:16:18,hold
225,486,recruiter,2026-01-13 15:16:18,hold
226,486,hiring_manager,2026-01-09 15:16:18,pass
227,487,final,2026-01-19 13:18:01,pass
228,492,recruiter,2025-09-22 22:41:41,fail
229,495,final,2024-03-06 16:39:03,fail
230,496,panel,2024-12-10 16:55:06,pass
231,504,final,2024-08-30 00:25:53,fail
232,504,hiring_manager,2024-09-01 00:25:53,pass
233,507,panel,2024-11-05 22:23:14,pass
234,509,final,2025-10-13 09:40:03,pass
235,511,panel,2024-06-14 01:28:18,pass
236,511,hiring_manager,2024-06-22 01:28:18,hold
237,511,recruiter,2024-06-21 01:28:18,pass
238,517,panel,2025-09-05 19:39:56,pass
239,523,recruiter,2025-07-10 18:49:47,pass
240,523,panel,2025-07-14 18:49:47,pass
241,523,final,2025-07-21 18:49:47,hold
242,524,recruiter,2024-09-05 12:01:01,fail
243,528,final,2025-11-22 17:57:46,fail
244,528,panel,2025-11-21 17:57:46,pass
245,532,hiring_manager,2025-06-09 23:00:37,pass
246,536,hiring_manager,2024-06-15 13:17:52,pass
247,537,recruiter,2025-11-21 23:29:20,hold
248,539,panel,2025-05-27 09:06:07,pass
249,542,hiring_manager,2024-05-09 05:04:52,pass
250,549,final,2024-06-09 12:35:10,pass
251,552,final,2025-02-24 19:15:06,pass
252,563,hiring_manager,2024-04-06 12:08:11,pass
253,563,recruiter,2024-04-12 12:08:11,pass
254,570,panel,2024-09-17 07:24:14,pass
255,570,recruiter,2024-09-19 07:24:14,pass
256,572,final,2024-05-04 17:48:29,hold
257,572,panel,2024-05-08 17:48:29,pass
258,572,hiring_manager,2024-05-06 17:48:29,hold
259,578,recruiter,2024-05-01 10:55:57,pass
260,578,hiring_manager,2024-05-07 10:55:57,pass
261,580,hiring_manager,2026-01-01 14:32:11,hold
262,580,hiring_manager,2026-01-05 14:32:11,pass
263,580,hiring_manager,2026-01-17 14:32:11,pass
264,582,hiring_manager,2024-09-04 08:59:05,pass
265,582,panel,2024-09-08 08:59:05,pass
266,588,panel,2024-03-19 19:31:45,pass
267,588,final,2024-03-26 19:31:45,fail
268,594,recruiter,2024-07-01 21:51:20,pass
269,594,hiring_manager,2024-07-09 21:51:20,pass
270,595,hiring_manager,2025-05-16 19:17:02,fail
271,595,hiring_manager,2025-05-15 19:17:02,fail
272,595,final,2025-05-20 19:17:02,pass
273,599,recruiter,2025-09-09 03:13:38,pass
274,599,final,2025-09-12 03:13:38,pass
275,604,recruiter,2025-02-23 21:59:31,pass
276,604,panel,2025-02-26 21:59:31,pass
277,604,hiring_manager,2025-03-04 21:59:31,fail
278,607,panel,2025-02-26 21:44:36,pass
279,607,hiring_manager,2025-03-03 21:44:36,pass
280,609,final,2025-12-03 15:03:32,pass
281,609,hiring_manager,2025-12-07 15:03:32,pass
282,609,panel,2025-12-03 15:03:32,pass
283,624,final,2025-06-05 01:11:58,fail
284,629,final,2024-10-27 13:07:42,pass
285,629,final,2024-11-01 13:07:42,pass
286,636,recruiter,2025-02-25 01:50:43,pass
287,636,recruiter,2025-03-01 01:50:43,pass
288,636,recruiter,2025-03-07 01:50:43,pass
289,638,panel,2024-11-17 01:36:01,fail
290,641,final,2024-03-29 07:37:23,pass
291,650,panel,2024-07-18 13:20:19,fail
292,650,hiring_manager,2024-07-24 13:20:19,fail
293,651,final,2024-12-04 05:14:06,pass
294,651,hiring_manager,2024-12-06 05:14:06,pass
295,651,hiring_manager,2024-12-12 05:14:06,pass
296,654,panel,2024-10-31 02:16:53,pass
297,654,panel,2024-11-02 02:16:53,hold
298,654,recruiter,2024-11-05 02:16:53,pass
299,658,panel,2025-06-11 04:53:08,pass
300,658,recruiter,2025-06-14 04:53:08,pass
301,658,panel,2025-06-18 04:53:08,pass
302,660,final,2025-01-06 14:34:24,pass
303,662,final,2024-08-06 08:57:05,pass
304,662,final,2024-08-08 08:57:05,pass
305,663,final,2025-09-14 09:40:03,pass
306,663,hiring_manager,2025-09-18 09:40:03,pass
307,663,panel,2025-09-21 09:40:03,pass
308,665,hiring_manager,2025-07-23 10:43:05,hold
309,665,recruiter,2025-07-28 10:43:05,fail
310,667,final,2024-08-17 09:33:51,pass
311,667,hiring_manager,2024-08-21 09:33:51,pass
312,667,hiring_manager,2024-08-17 09:33:51,pass
313,669,panel,2024-02-28 12:44:09,pass
314,669,panel,2024-03-08 12:44:09,pass
315,669,final,2024-03-05 12:44:09,pass
316,671,panel,2025-02-05 07:18:51,pass
317,672,recruiter,2024-11-17 21:20:56,pass
318,672,recruiter,2024-11-20 21:20:56,fail
319,672,final,2024-11-21 21:20:56,pass
320,692,final,2025-09-06 11:40:39,pass
321,692,final,2025-09-09 11:40:39,pass
322,694,final,2024-03-24 05:30:10,pass
323,698,recruiter,2024-10-23 22:08:05,pass
324,698,final,2024-10-29 22:08:05,fail
325,698,hiring_manager,2024-11-06 22:08:05,pass
326,699,hiring_manager,2024-05-01 22:08:54,fail
327,701,final,2024-01-30 01:02:33,pass
328,707,recruiter,2024-07-22 03:28:08,pass
329,707,final,2024-07-28 03:28:08,pass
330,709,final,2024-04-06 17:45:36,pass
331,709,panel,2024-04-08 17:45:36,pass
332,712,final,2025-12-30 05:57:29,pass
333,712,final,2026-01-08 05:57:29,pass
334,717,final,2025-12-11 23:36:23,hold
335,717,hiring_manager,2025-12-18 23:36:23,hold
336,717,panel,2025-12-15 23:36:23,pass
337,720,hiring_manager,2025-11-19 22:54:51,fail
338,720,recruiter,2025-11-29 22:54:51,pass
339,753,hiring_manager,2024-02-21 18:53:29,pass
340,753,recruiter,2024-02-27 18:53:29,pass
341,753,panel,2024-02-25 18:53:29,pass
342,761,hiring_manager,2024-09-05 22:02:02,pass
343,762,hiring_manager,2024-02-23 14:56:54,pass
344,763,hiring_manager,2025-05-02 14:38:23,pass
345,763,final,2025-05-10 14:38:23,pass
346,763,hiring_manager,2025-05-16 14:38:23,pass
347,768,final,2025-05-31 12:44:10,pass
348,774,panel,2024-05-18 08:24:08,pass
349,777,final,2024-10-13 04:31:27,hold
350,777,final,2024-10-14 04:31:27,pass
351,777,hiring_manager,2024-10-19 04:31:27,pass
352,778,panel,2025-04-08 16:10:15,pass
353,780,recruiter,2025-09-25 07:00:14,pass
354,782,final,2025-08-09 21:03:04,pass
355,783,panel,2024-10-25 00:04:34,hold
356,787,panel,2026-02-15 20:18:42,pass
357,787,recruiter,2026-02-15 20:18:42,pass
358,787,panel,2026-02-24 20:18:42,fail
359,789,final,2025-03-22 05:37:52,fail
360,789,hiring_manager,2025-03-28 05:37:52,pass
361,790,final,2024-12-07 21:11:22,pass
362,800,hiring_manager,2025-08-17 03:10:32,pass
363,800,final,2025-08-20 03:10:32,pass
364,800,recruiter,2025-08-20 03:10:32,pass
365,809,recruiter,2025-09-27 14:39:16,pass
366,810,hiring_manager,2025-06-05 11:57:10,pass
367,810,hiring_manager,2025-06-07 11:57:10,pass
368,810,recruiter,2025-06-14 11:57:10,pass
369,814,final,2024-03-11 00:23:25,pass
370,814,panel,2024-03-16 00:23:25,pass
371,814,recruiter,2024-03-26 00:23:25,pass
372,815,panel,2025-11-09 09:04:20,pass
373,819,final,2025-04-05 07:33:17,pass
374,824,panel,2024-03-11 22:24:00,pass
375,824,panel,2024-03-13 22:24:00,hold
376,833,recruiter,2024-09-25 17:07:38,pass
377,834,hiring_manager,2024-02-14 05:15:06,pass
378,834,hiring_manager,2024-02-19 05:15:06,fail
379,834,recruiter,2024-02-18 05:15:06,pass
380,840,hiring_manager,2025-06-14 10:39:29,pass
381,840,panel,2025-06-20 10:39:29,pass
382,840,final,2025-06-30 10:39:29,fail
383,847,hiring_manager,2025-01-31 20:35:28,pass
384,849,hiring_manager,2024-07-18 03:28:08,pass
385,852,recruiter,2025-06-01 03:13:11,fail
386,852,recruiter,2025-06-09 03:13:11,pass
387,852,hiring_manager,2025-06-09 03:13:11,fail
388,855,final,2024-03-18 05:18:15,pass
389,855,hiring_manager,2024-03-19 05:18:15,fail
390,855,final,2024-03-21 05:18:15,pass
391,860,panel,2025-12-28 15:16:18,pass
392,860,panel,2025-12-26 15:16:18,fail
393,867,recruiter,2025-08-14 03:23:32,fail
394,867,panel,2025-08-22 03:23:32,hold
395,870,final,2024-03-31 12:44:09,pass
396,870,final,2024-04-01 12:44:09,pass
397,870,panel,2024-04-07 12:44:09,pass
398,871,panel,2025-07-08 03:11:08,hold
399,874,recruiter,2024-07-16 06:24:03,pass
400,874,hiring_manager,2024-07-18 06:24:03,fail
401,874,panel,2024-07-30 06:24:03,pass
402,876,final,2024-02-12 02:02:08,fail
403,879,panel,2025-03-10 21:52:30,pass
404,879,hiring_manager,2025-03-09 21:52:30,pass
405,891,panel,2024-03-31 05:19:01,pass
406,891,panel,2024-04-06 05:19:01,hold
407,895,panel,2025-02-11 14:52:52,hold
408,895,hiring_manager,2025-02-15 14:52:52,pass
409,897,recruiter,2024-06-13 01:56:20,fail
410,897,hiring_manager,2024-06-22 01:56:20,hold
411,897,final,2024-06-28 01:56:20,pass
412,902,recruiter,2024-02-20 06:09:37,pass
413,902,hiring_manager,2024-02-29 06:09:37,pass
414,905,panel,2025-02-28 12:42:00,pass
415,905,panel,2025-03-06 12:42:00,pass
416,905,final,2025-03-06 12:42:00,pass
417,913,recruiter,2024-07-25 12:44:49,pass
418,913,final,2024-07-27 12:44:49,fail
419,913,hiring_manager,2024-08-01 12:44:49,fail
420,923,hiring_manager,2024-10-23 16:46:06,pass
421,923,final,2024-10-27 16:46:06,pass
422,923,hiring_manager,2024-11-06 16:46:06,fail
423,927,recruiter,2025-03-09 12:55:40,pass
424,927,panel,2025-03-12 12:55:40,pass
425,927,hiring_manager,2025-03-13 12:55:40,pass
426,929,panel,2024-06-30 15:44:38,pass
427,929,panel,2024-07-10 15:44:38,pass
428,932,final,2025-04-07 12:14:02,pass
429,932,final,2025-04-17 12:14:02,pass
430,932,panel,2025-04-11 12:14:02,pass
431,941,hiring_manager,2024-07-14 17:28:44,pass
432,941,final,2024-07-21 17:28:44,fail
433,941,final,2024-07-27 17:28:44,hold
434,948,recruiter,2025-01-16 03:55:31,hold
435,948,final,2025-01-19 03:55:31,fail
436,955,final,2024-02-06 06:33:13,hold
437,955,hiring_manager,2024-02-10 06:33:13,fail
438,955,recruiter,2024-02-12 06:33:13,fail
439,957,recruiter,2024-10-09 00:36:01,pass
440,957,recruiter,2024-10-09 00:36:01,pass
441,967,panel,2024-10-02 09:41:15,pass
442,967,recruiter,2024-10-04 09:41:15,hold
443,967,final,2024-10-13 09:41:15,pass
444,977,final,2025-09-29 01:06:49,fail
445,977,final,2025-09-28 01:06:49,pass
446,977,hiring_manager,2025-09-30 01:06:49,pass
447,1009,final,2024-07-13 01:07:52,pass
448,1009,panel,2024-07-12 01:07:52,pass
449,1009,final,2024-07-17 01:07:52,pass
450,1017,final,2025-05-19 09:00:21,pass
451,1019,panel,2024-07-25 02:09:52,pass
452,1027,panel,2024-05-15 19:37:50,fail
453,1027,hiring_manager,2024-05-23 19:37:50,pass
454,1027,panel,2024-05-19 19:37:50,pass
455,1030,final,2025-03-24 01:30:35,pass
456,1030,hiring_manager,2025-03-28 01:30:35,pass
457,1030,hiring_manager,2025-04-05 01:30:35,pass
458,1031,hiring_manager,2024-04-05 03:55:00,pass
459,1035,hiring_manager,2025-11-18 11:03:17,fail
460,1044,recruiter,2024-09-04 23:47:56,pass
461,1046,panel,2024-03-15 06:09:37,pass
462,1051,recruiter,2024-06-09 20:58:48,fail
463,1051,recruiter,2024-06-15 20:58:48,hold
464,1051,hiring_manager,2024-06-25 20:58:48,pass
465,1052,hiring_manager,2024-09-12 17:02:45,pass
466,1052,final,2024-09-16 17:02:45,pass
467,1052,recruiter,2024-09-17 17:02:45,hold
468,1066,final,2025-09-21 18:36:31,pass
469,1071,final,2025-07-08 06:29:16,fail
470,1082,recruiter,2026-01-10 03:00:00,hold
471,1082,recruiter,2026-01-09 03:00:00,pass
472,1083,recruiter,2025-11-24 22:24:28,pass
473,1083,hiring_manager,2025-11-25 22:24:28,fail
474,1083,hiring_manager,2025-11-25 22:24:28,pass
475,1084,panel,2025-04-13 22:55:57,pass
476,1084,panel,2025-04-15 22:55:57,hold
477,1086,recruiter,2025-11-14 20:41:16,fail
478,1086,hiring_manager,2025-11-20 20:41:16,pass
479,1086,hiring_manager,2025-11-28 20:41:16,fail
480,1090,recruiter,2024-09-10 17:21:03,pass
481,1090,panel,2024-09-17 17:21:03,pass
482,1090,final,2024-09-19 17:21:03,pass
483,1091,final,2025-07-20 20:50:34,pass
484,1091,final,2025-07-22 20:50:34,pass
485,1095,panel,2025-01-14 23:48:32,fail
486,1101,hiring_manager,2024-05-18 11:53:25,pass
487,1101,recruiter,2024-05-20 11:53:25,pass
488,1101,recruiter,2024-05-23 11:53:25,pass
489,1104,hiring_manager,2024-08-06 08:38:47,fail
490,1104,recruiter,2024-08-05 08:38:47,pass
491,1104,final,2024-08-16 08:38:47,pass
492,1110,panel,2024-05-04 17:11:22,pass
493,1110,final,2024-05-10 17:11:22,pass
494,1114,final,2024-08-14 06:15:12,fail
495,1114,hiring_manager,2024-08-21 06:15:12,pass
496,1114,panel,2024-08-23 06:15:12,pass
497,1115,recruiter,2025-11-18 21:44:10,pass
498,1115,final,2025-11-21 21:44:10,pass
499,1119,recruiter,2025-08-02 09:38:37,pass
500,1119,recruiter,2025-08-06 09:38:37,fail
501,1123,final,2024-03-25 10:14:18,pass
502,1123,hiring_manager,2024-04-01 10:14:18,fail
503,1123,panel,2024-03-29 10:14:18,hold
504,1125,hiring_manager,2025-04-15 00:29:28,fail
505,1125,recruiter,2025-04-14 00:29:28,pass
506,1125,panel,2025-04-19 00:29:28,pass
507,1126,hiring_manager,2025-01-31 07:39:30,pass
508,1126,hiring_manager,2025-02-08 07:39:30,pass
509,1126,panel,2025-02-11 07:39:30,pass
510,1129,recruiter,2025-08-13 02:51:19,pass
511,1129,panel,2025-08-11 02:51:19,pass
512,1129,final,2025-08-19 02:51:19,pass
513,1131,recruiter,2024-03-08 11:13:39,pass
514,1131,recruiter,2024-03-10 11:13:39,pass
515,1131,final,2024-03-24 11:13:39,pass
516,1134,hiring_manager,2025-05-09 12:58:06,pass
517,1140,recruiter,2024-04-03 11:44:42,hold
518,1141,final,2024-03-09 13:04:51,pass
519,1141,hiring_manager,2024-03-17 13:04:51,pass
520,1141,hiring_manager,2024-03-17 13:04:51,pass
521,1152,hiring_manager,2024-07-28 07:04:54,pass
522,1152,recruiter,2024-08-01 07:04:54,pass
523,1152,hiring_manager,2024-08-01 07:04:54,pass
524,1156,hiring_manager,2024-12-01 14:58:50,pass
525,1156,panel,2024-12-07 14:58:50,hold
526,1156,panel,2024-12-12 14:58:50,pass
527,1157,panel,2025-04-07 14:05:35,fail
528,1157,hiring_manager,2025-04-17 14:05:35,pass
529,1160,recruiter,2025-09-16 23:42:18,pass
530,1160,recruiter,2025-09-22 23:42:18,pass
531,1160,recruiter,2025-09-19 23:42:18,pass
532,1168,recruiter,2025-01-17 02:48:31,pass
533,1168,final,2025-01-20 02:48:31,pass
534,1168,final,2025-01-20 02:48:31,pass
535,1182,panel,2025-04-11 01:30:35,hold
536,1182,hiring_manager,2025-04-15 01:30:35,hold
537,1182,final,2025-04-24 01:30:35,pass
538,1183,panel,2025-11-25 14:15:26,pass
539,1183,panel,2025-11-23 14:15:26,pass
540,1183,recruiter,2025-12-04 14:15:26,pass
541,1189,hiring_manager,2024-10-30 16:25:47,pass
542,1189,recruiter,2024-11-07 16:25:47,pass
543,1190,final,2024-08-08 03:07:46,pass
544,1190,hiring_manager,2024-08-17 03:07:46,pass
545,1190,final,2024-08-17 03:07:46,pass
546,1191,recruiter,2024-04-23 09:32:35,pass
547,1191,final,2024-04-25 09:32:35,pass
548,1193,final,2024-10-18 12:26:03,pass
549,1193,panel,2024-10-22 12:26:03,pass
550,1193,panel,2024-10-29 12:26:03,pass
551,1194,panel,2024-03-08 07:00:38,hold
552,1195,final,2025-04-10 12:14:02,pass
553,1195,final,2025-04-18 12:14:02,pass
554,1198,recruiter,2024-04-09 00:16:03,pass
555,1198,recruiter,2024-04-14 00:16:03,pass
556,1199,final,2025-01-11 15:54:11,pass
557,1199,hiring_manager,2025-01-16 15:54:11,pass
558,1199,hiring_manager,2025-01-24 15:54:11,pass
559,1204,recruiter,2024-03-22 06:01:49,pass
560,1204,hiring_manager,2024-04-01 06:01:49,pass
561,1204,hiring_manager,2024-04-04 06:01:49,pass
562,1206,final,2025-10-28 08:28:04,pass
563,1206,panel,2025-10-27 08:28:04,pass
564,1206,panel,2025-10-29 08:28:04,pass
565,1214,panel,2024-11-18 05:59:34,pass
566,1220,hiring_manager,2025-08-02 10:55:59,pass
567,1222,recruiter,2024-04-13 07:23:38,pass
568,1222,hiring_manager,2024-04-13 07:23:38,pass
569,1222,hiring_manager,2024-04-13 07:23:38,pass
570,1226,final,2024-03-10 08:50:44,pass
571,1229,hiring_manager,2025-08-05 02:41:03,hold
572,1234,panel,2024-04-22 23:31:01,fail
573,1234,panel,2024-04-28 23:31:01,pass
574,1234,final,2024-04-26 23:31:01,pass
575,1236,final,2025-03-21 12:36:32,fail
576,1236,panel,2025-03-19 12:36:32,pass
577,1237,recruiter,2024-12-18 03:16:21,hold
578,1238,recruiter,2025-12-02 21:46:52,pass
579,1238,panel,2025-12-03 21:46:52,pass
580,1238,final,2025-12-06 21:46:52,pass
581,1239,hiring_manager,2024-07-01 18:24:29,pass
582,1239,recruiter,2024-06-29 18:24:29,pass
583,1251,recruiter,2024-03-12 06:42:18,pass
584,1251,panel,2024-03-15 06:42:18,hold
585,1251,recruiter,2024-03-24 06:42:18,pass
586,1252,final,2025-05-18 09:14:20,pass
587,1252,panel,2025-05-20 09:14:20,pass
588,1257,final,2024-09-27 22:33:40,pass
589,1257,final,2024-09-27 22:33:40,pass
590,1257,panel,2024-10-08 22:33:40,pass
591,1259,hiring_manager,2026-01-24 20:18:42,pass
592,1264,final,2024-08-03 09:07:13,pass
593,1266,panel,2024-03-21 12:04:26,pass
594,1266,panel,2024-03-29 12:04:26,pass
595,1272,recruiter,2024-06-06 05:04:52,fail
596,1272,final,2024-06-11 05:04:52,pass
597,1272,recruiter,2024-06-16 05:04:52,fail
598,1275,hiring_manager,2024-08-14 05:26:08,pass
599,1275,hiring_manager,2024-08-19 05:26:08,pass
600,1275,hiring_manager,2024-08-18 05:26:08,pass
601,1276,recruiter,2024-01-27 02:02:08,pass
602,1276,recruiter,2024-01-27 02:02:08,pass
603,1276,final,2024-02-05 02:02:08,fail
604,1279,hiring_manager,2024-04-28 23:31:01,pass
605,1283,panel,2025-07-12 13:06:03,fail
606,1283,final,2025-07-17 13:06:03,pass
607,1283,hiring_manager,2025-07-13 13:06:03,pass
608,1291,hiring_manager,2024-11-17 04:18:55,hold
609,1291,panel,2024-11-21 04:18:55,hold
610,1291,panel,2024-11-19 04:18:55,fail
611,1304,panel,2025-11-07 14:12:06,pass
612,1306,panel,2024-07-07 14:50:41,hold
613,1313,hiring_manager,2024-11-10 13:37:37,pass
614,1313,recruiter,2024-11-11 13:37:37,pass
615,1313,hiring_manager,2024-11-23 13:37:37,pass
616,1326,panel,2024-10-24 00:05:34,pass
617,1326,recruiter,2024-10-30 00:05:34,hold
618,1329,recruiter,2024-03-24 12:08:39,pass
619,1329,hiring_manager,2024-03-23 12:08:39,pass
620,1330,hiring_manager,2024-03-09 05:24:37,pass
621,1330,panel,2024-03-07 05:24:37,hold
622,1331,hiring_manager,2024-04-07 07:00:10,fail
623,1335,hiring_manager,2025-11-11 00:07:54,pass
624,1347,hiring_manager,2025-05-31 04:35:24,fail
625,1347,recruiter,2025-06-07 04:35:24,pass
626,1348,final,2024-03-17 15:34:39,pass
627,1348,final,2024-03-21 15:34:39,pass
628,1348,panel,2024-03-23 15:34:39,pass
629,1352,recruiter,2024-07-07 18:20:07,pass
630,1352,final,2024-07-14 18:20:07,pass
631,1352,hiring_manager,2024-07-19 18:20:07,pass
632,1353,recruiter,2025-10-20 10:12:48,pass
633,1357,final,2025-01-10 08:05:30,pass
634,1379,panel,2024-08-27 05:23:21,pass
635,1379,hiring_manager,2024-08-31 05:23:21,pass
636,1379,hiring_manager,2024-09-03 05:23:21,pass
637,1380,panel,2024-08-20 04:50:01,fail
638,1380,final,2024-08-20 04:50:01,hold
639,1380,recruiter,2024-09-01 04:50:01,fail
640,1385,final,2024-11-27 16:29:20,fail
641,1385,final,2024-11-29 16:29:20,pass
642,1386,panel,2026-01-20 12:54:51,pass
643,1386,recruiter,2026-01-28 12:54:51,pass
644,1386,panel,2026-02-03 12:54:51,pass
645,1387,recruiter,2024-02-22 02:56:23,pass
646,1387,final,2024-02-21 02:56:23,fail
647,1390,recruiter,2024-08-13 05:23:21,hold
648,1390,final,2024-08-17 05:23:21,pass
649,1390,hiring_manager,2024-08-29 05:23:21,pass
650,1400,final,2024-09-07 23:00:52,pass
651,1403,final,2025-07-10 04:57:31,pass
652,1403,panel,2025-07-12 04:57:31,pass
653,1404,hiring_manager,2025-06-09 03:11:08,fail
654,1404,recruiter,2025-06-18 03:11:08,pass
655,1409,panel,2025-03-14 05:37:52,fail
656,1410,recruiter,2025-04-21 10:04:17,pass
657,1410,hiring_manager,2025-04-25 10:04:17,fail
658,1411,hiring_manager,2024-06-16 14:06:07,pass
659,1411,final,2024-06-16 14:06:07,hold
660,1413,hiring_manager,2024-03-06 08:36:05,fail
661,1413,panel,2024-03-11 08:36:05,pass
662,1416,hiring_manager,2025-06-15 00:58:13,pass
663,1416,recruiter,2025-06-23 00:58:13,pass
664,1416,recruiter,2025-06-20 00:58:13,fail
665,1417,final,2025-10-01 14:02:53,pass
666,1417,final,2025-10-06 14:02:53,fail
667,1417,panel,2025-10-02 14:02:53,pass
668,1423,hiring_manager,2024-12-16 23:35:38,pass
669,1426,recruiter,2024-11-07 01:45:58,pass
670,1426,recruiter,2024-11-11 01:45:58,hold
671,1426,recruiter,2024-11-13 01:45:58,pass
672,1427,final,2025-05-27 03:13:11,pass
673,1427,hiring_manager,2025-06-03 03:13:11,pass
674,1431,recruiter,2024-10-28 08:35:59,pass
675,1433,final,2024-07-13 00:53:54,pass
676,1437,final,2025-07-09 15:32:59,pass
677,1439,hiring_manager,2024-10-23 12:47:03,pass
678,1439,final,2024-10-23 12:47:03,fail
679,1439,recruiter,2024-10-25 12:47:03,pass
680,1441,recruiter,2025-07-17 20:32:19,fail
681,1441,panel,2025-07-19 20:32:19,pass
682,1441,panel,2025-07-21 20:32:19,pass
683,1445,final,2025-11-19 13:10:07,fail
684,1445,recruiter,2025-11-19 13:10:07,pass
685,1445,final,2025-11-30 13:10:07,fail
686,1452,hiring_manager,2025-11-02 01:25:19,pass
687,1452,hiring_manager,2025-11-09 01:25:19,pass
688,1460,recruiter,2024-02-27 16:15:38,pass
689,1463,hiring_manager,2025-09-15 20:09:44,pass
690,1463,final,2025-09-14 20:09:44,pass
691,1466,panel,2025-12-20 00:26:09,pass
692,1466,hiring_manager,2025-12-24 00:26:09,pass
693,1472,final,2024-03-19 19:15:52,pass
694,1472,hiring_manager,2024-03-25 19:15:52,fail
695,1472,final,2024-04-04 19:15:52,pass
696,1481,recruiter,2024-09-09 05:41:22,pass
697,1482,hiring_manager,2025-06-05 06:19:34,pass
698,1482,hiring_manager,2025-06-08 06:19:34,pass
699,1482,recruiter,2025-06-17 06:19:34,pass
700,1486,hiring_manager,2026-01-07 13:57:14,hold
701,1490,panel,2024-05-04 18:27:38,pass
702,1497,final,2026-02-13 13:18:01,pass
703,1498,final,2024-03-27 10:14:18,fail
704,1498,recruiter,2024-03-31 10:14:18,pass
705,1498,final,2024-03-31 10:14:18,pass
706,1499,hiring_manager,2024-04-09 22:54:35,pass
707,1501,panel,2024-05-20 12:39:45,pass
708,1501,panel,2024-05-19 12:39:45,hold
709,1503,final,2025-05-03 03:48:44,pass
710,1503,panel,2025-05-03 03:48:44,pass
711,1510,panel,2025-01-08 17:34:29,pass
712,1512,recruiter,2025-07-16 15:32:59,hold
713,1512,panel,2025-07-22 15:32:59,pass
714,1513,hiring_manager,2024-04-21 15:59:53,pass
715,1513,recruiter,2024-04-26 15:59:53,fail
716,1513,recruiter,2024-04-30 15:59:53,fail
717,1515,panel,2024-02-26 22:01:18,pass
718,1515,hiring_manager,2024-03-07 22:01:18,pass
719,1515,recruiter,2024-03-13 22:01:18,hold
720,1517,recruiter,2024-09-01 15:47:51,pass
721,1517,hiring_manager,2024-09-04 15:47:51,fail
722,1520,panel,2024-08-05 07:04:54,hold
723,1525,final,2024-03-19 04:53:18,hold
724,1534,recruiter,2025-11-29 14:02:47,pass
725,1534,panel,2025-12-01 14:02:47,hold
726,1534,recruiter,2025-12-06 14:02:47,fail
727,1536,final,2024-02-25 21:24:45,pass
728,1541,recruiter,2024-09-01 06:26:05,hold
729,1541,panel,2024-09-08 06:26:05,pass
730,1541,final,2024-09-08 06:26:05,fail
731,1542,panel,2025-08-20 21:59:26,fail
732,1544,final,2025-06-15 13:17:22,pass
733,1546,recruiter,2025-09-24 05:50:45,pass
734,1553,final,2025-06-20 03:35:42,fail
735,1553,recruiter,2025-06-18 03:35:42,fail
736,1554,panel,2024-06-05 16:26:21,pass
737,1554,panel,2024-06-09 16:26:21,pass
738,1554,hiring_manager,2024-06-21 16:26:21,pass
739,1557,hiring_manager,2025-10-28 21:46:52,hold
740,1559,final,2025-11-21 10:45:09,pass
741,1559,panel,2025-11-26 10:45:09,fail
742,1559,final,2025-12-06 10:45:09,hold
743,1561,recruiter,2024-06-07 20:58:48,pass
744,1566,panel,2025-03-27 12:47:08,pass
745,1566,hiring_manager,2025-04-06 12:47:08,pass
746,1566,final,2025-04-06 12:47:08,pass
747,1568,final,2025-04-17 08:11:49,pass
748,1580,hiring_manager,2024-06-03 16:25:59,pass
749,1585,recruiter,2025-04-05 21:22:39,pass
750,1588,panel,2025-10-28 23:29:20,fail
751,1588,hiring_manager,2025-10-30 23:29:20,pass
752,1588,panel,2025-11-04 23:29:20,pass
753,1589,panel,2026-02-17 12:25:53,pass
754,1591,panel,2024-03-06 00:08:42,pass
755,1591,recruiter,2024-03-12 00:08:42,pass
756,1591,recruiter,2024-03-09 00:08:42,pass
757,1592,hiring_manager,2026-02-08 09:11:29,pass
758,1602,recruiter,2024-06-17 12:39:45,pass
759,1602,hiring_manager,2024-06-25 12:39:45,pass
760,1602,recruiter,2024-06-19 12:39:45,pass
761,1603,panel,2024-08-09 15:07:04,pass
762,1603,final,2024-08-15 15:07:04,hold
763,1605,panel,2025-05-07 22:36:00,pass
764,1608,hiring_manager,2024-07-20 18:14:17,pass
765,1608,hiring_manager,2024-07-19 18:14:17,fail
766,1614,panel,2024-07-01 16:25:59,pass
767,1614,hiring_manager,2024-07-03 16:25:59,fail
768,1620,final,2025-04-16 03:54:48,pass
769,1620,recruiter,2025-04-23 03:54:48,pass
770,1620,recruiter,2025-05-01 03:54:48,pass
771,1622,final,2024-11-08 16:24:19,pass
772,1627,hiring_manager,2024-09-21 20:08:43,pass
773,1629,final,2024-11-16 08:36:02,pass
774,1629,hiring_manager,2024-11-21 08:36:02,pass
775,1651,panel,2024-06-29 04:23:51,pass
776,1652,hiring_manager,2024-05-22 22:08:54,pass
777,1652,recruiter,2024-05-22 22:08:54,pass
778,1667,final,2025-11-12 23:29:20,pass
779,1667,hiring_manager,2025-11-22 23:29:20,pass
780,1669,recruiter,2025-10-11 20:22:21,pass
781,1676,hiring_manager,2025-12-09 08:13:05,hold
782,1676,hiring_manager,2025-12-13 08:13:05,pass
783,1681,final,2025-09-11 06:23:16,fail
784,1681,panel,2025-09-21 06:23:16,pass
785,1681,panel,2025-09-18 06:23:16,hold
786,1682,panel,2024-03-12 08:27:34,pass
787,1682,recruiter,2024-03-15 08:27:34,pass
788,1684,final,2025-03-01 05:13:27,pass
789,1686,hiring_manager,2024-06-25 09:20:12,hold
790,1686,recruiter,2024-06-26 09:20:12,pass
791,1686,recruiter,2024-07-07 09:20:12,fail
792,1687,final,2024-02-26 17:47:50,pass
793,1687,final,2024-02-25 17:47:50,pass
794,1695,final,2025-05-20 13:20:29,pass
795,1695,panel,2025-05-23 13:20:29,pass
796,1695,panel,2025-05-27 13:20:29,pass
797,1696,final,2024-06-24 00:53:54,pass
798,1701,hiring_manager,2025-01-30 02:35:56,pass
799,1711,final,2024-03-26 03:12:05,pass
800,1711,recruiter,2024-03-27 03:12:05,pass
801,1720,panel,2025-03-13 18:54:30,hold
802,1720,hiring_manager,2025-03-22 18:54:30,fail
803,1727,final,2024-12-15 21:57:08,hold
804,1727,panel,2024-12-13 21:57:08,hold
805,1732,recruiter,2024-07-05 11:20:45,pass
806,1735,recruiter,2024-08-12 09:35:34,pass
807,1738,final,2025-02-03 00:53:34,pass
808,1738,recruiter,2025-02-09 00:53:34,pass
809,1741,recruiter,2024-12-11 09:06:28,hold
810,1741,final,2024-12-11 09:06:28,hold
811,1741,final,2024-12-14 09:06:28,pass
812,1752,recruiter,2024-08-11 18:25:32,pass
813,1752,recruiter,2024-08-13 18:25:32,fail
814,1752,panel,2024-08-15 18:25:32,pass
815,1758,hiring_manager,2025-06-18 09:40:49,pass
816,1758,panel,2025-06-18 09:40:49,pass
817,1758,panel,2025-06-24 09:40:49,pass
818,1759,final,2025-05-25 06:18:41,pass
819,1762,hiring_manager,2024-04-01 09:40:23,pass
820,1762,recruiter,2024-04-01 09:40:23,pass
821,1766,recruiter,2024-03-10 11:13:39,pass
822,1766,panel,2024-03-16 11:13:39,pass
823,1766,panel,2024-03-10 11:13:39,pass
824,1773,recruiter,2026-01-18 15:32:57,pass
825,1777,panel,2024-05-01 13:22:46,pass
826,1777,panel,2024-05-03 13:22:46,fail
827,1786,panel,2024-12-12 16:55:06,pass
828,1786,panel,2024-12-16 16:55:06,pass
829,1788,hiring_manager,2025-05-28 07:42:57,fail
830,1788,recruiter,2025-06-02 07:42:57,pass
831,1788,final,2025-06-04 07:42:57,pass
832,1791,final,2024-06-02 09:12:43,hold
833,1794,recruiter,2024-05-07 18:37:41,hold
834,1794,recruiter,2024-05-10 18:37:41,fail
835,1796,hiring_manager,2025-06-08 19:19:25,pass
836,1796,hiring_manager,2025-06-14 19:19:25,pass
837,1809,final,2024-10-23 02:58:05,fail
838,1811,recruiter,2024-07-30 13:38:18,pass
839,1811,recruiter,2024-08-05 13:38:18,hold
840,1813,recruiter,2025-04-05 18:52:16,hold
841,1813,final,2025-04-11 18:52:16,pass
842,1813,hiring_manager,2025-04-21 18:52:16,pass
843,1814,hiring_manager,2025-08-28 19:43:40,pass
844,1814,final,2025-09-01 19:43:40,fail
845,1815,final,2024-12-26 17:56:59,pass
846,1815,recruiter,2025-01-05 17:56:59,pass
847,1817,recruiter,2025-08-02 21:50:45,pass
848,1817,panel,2025-08-04 21:50:45,pass
849,1820,recruiter,2024-03-23 12:57:11,pass
850,1820,panel,2024-03-22 12:57:11,pass
851,1822,final,2025-03-23 13:08:45,pass
852,1822,panel,2025-03-30 13:08:45,fail
853,1822,hiring_manager,2025-04-01 13:08:45,fail
854,1824,hiring_manager,2025-01-09 03:55:31,pass
855,1824,panel,2025-01-15 03:55:31,pass
856,1824,panel,2025-01-12 03:55:31,hold
857,1827,panel,2025-05-26 04:28:32,pass
858,1827,final,2025-05-31 04:28:32,pass
859,1831,recruiter,2024-03-31 05:15:56,hold
860,1831,panel,2024-04-02 05:15:56,pass
861,1832,hiring_manager,2024-09-13 08:16:20,hold
862,1832,final,2024-09-16 08:16:20,pass
863,1834,recruiter,2024-08-28 13:09:46,pass
864,1839,recruiter,2025-09-25 19:39:56,pass
865,1839,panel,2025-09-27 19:39:56,hold
866,1840,hiring_manager,2025-03-29 22:45:11,pass
867,1840,hiring_manager,2025-04-02 22:45:11,pass
868,1840,hiring_manager,2025-04-07 22:45:11,pass
869,1846,recruiter,2025-06-16 10:55:37,fail
870,1850,panel,2025-01-19 09:55:38,pass
871,1850,recruiter,2025-01-20 09:55:38,hold
872,1850,recruiter,2025-01-25 09:55:38,pass
873,1855,panel,2024-11-25 13:50:05,pass
874,1855,recruiter,2024-11-27 13:50:05,pass
875,1857,hiring_manager,2024-12-11 01:57:29,pass
876,1857,recruiter,2024-12-21 01:57:29,pass
877,1859,recruiter,2025-06-09 04:22:18,fail
878,1859,final,2025-06-17 04:22:18,pass
879,1883,panel,2024-10-18 04:14:10,hold
880,1883,panel,2024-10-23 04:14:10,pass
881,1883,hiring_manager,2024-11-02 04:14:10,pass
882,1885,final,2024-12-06 21:11:22,pass
883,1885,panel,2024-12-11 21:11:22,hold
884,1885,hiring_manager,2024-12-10 21:11:22,hold
885,1887,hiring_manager,2024-05-29 11:20:45,pass
886,1887,hiring_manager,2024-05-27 11:20:45,hold
887,1889,panel,2025-03-26 17:52:24,pass
888,1889,panel,2025-03-26 17:52:24,pass
889,1895,recruiter,2024-07-20 17:37:54,pass
890,1895,panel,2024-07-22 17:37:54,pass
891,1899,recruiter,2025-03-16 04:02:24,hold
892,1899,recruiter,2025-03-23 04:02:24,pass
893,1899,panel,2025-03-31 04:02:24,pass
894,1904,final,2025-04-26 20:24:51,pass
895,1906,hiring_manager,2025-01-15 08:05:30,pass
896,1906,final,2025-01-16 08:05:30,pass
897,1906,final,2025-01-22 08:05:30,pass
898,1915,panel,2025-12-30 16:17:29,pass
899,1915,panel,2026-01-01 16:17:29,pass
900,1915,final,2026-01-02 16:17:29,pass
901,1917,final,2024-09-01 10:03:06,pass
902,1917,final,2024-09-11 10:03:06,hold
903,1917,recruiter,2024-09-08 10:03:06,pass
904,1921,hiring_manager,2024-08-12 22:19:09,fail
905,1922,recruiter,2024-08-31 07:50:00,fail
906,1922,hiring_manager,2024-09-02 07:50:00,hold
907,1922,final,2024-08-31 07:50:00,pass
908,1928,recruiter,2024-02-08 22:33:11,fail
909,1928,final,2024-02-14 22:33:11,pass
910,1933,hiring_manager,2024-05-03 22:51:21,pass
911,1933,final,2024-05-08 22:51:21,pass
912,1951,panel,2025-09-07 18:33:42,fail
913,1951,panel,2025-09-09 18:33:42,fail
914,1951,final,2025-09-17 18:33:42,pass
915,1952,recruiter,2024-11-17 06:33:15,hold
916,1952,recruiter,2024-11-19 06:33:15,pass
917,1957,recruiter,2025-07-27 09:02:56,pass
918,1957,panel,2025-07-29 09:02:56,pass
919,1957,hiring_manager,2025-08-05 09:02:56,fail
920,1963,hiring_manager,2025-03-27 23:54:32,hold
921,1965,hiring_manager,2024-05-19 01:36:49,fail
922,1970,panel,2024-01-27 12:59:26,pass
923,1970,recruiter,2024-01-28 12:59:26,fail
924,1970,hiring_manager,2024-02-03 12:59:26,fail
925,1974,hiring_manager,2024-04-21 09:27:08,pass
926,1975,panel,2025-03-24 21:15:38,pass
927,1975,recruiter,2025-03-28 21:15:38,pass
928,1976,panel,2026-01-10 10:31:40,hold
929,1978,hiring_manager,2024-12-16 10:31:45,pass
930,1978,final,2024-12-26 10:31:45,pass
931,1978,recruiter,2024-12-29 10:31:45,fail
932,1979,hiring_manager,2025-12-03 02:25:15,pass
933,1979,recruiter,2025-12-07 02:25:15,pass
934,1988,panel,2025-03-31 08:07:50,pass
935,1988,final,2025-04-06 08:07:50,pass
936,1994,hiring_manager,2024-03-09 18:49:33,pass
937,1994,recruiter,2024-03-16 18:49:33,pass
938,1998,hiring_manager,2024-11-28 16:45:56,fail
939,1998,recruiter,2024-12-04 16:45:56,pass
940,2000,hiring_manager,2026-01-11 07:11:21,pass
941,2000,recruiter,2026-01-15 07:11:21,hold
942,2000,hiring_manager,2026-01-19 07:11:21,hold
943,2003,hiring_manager,2025-08-03 09:02:56,pass
944,2003,final,2025-08-09 09:02:56,pass
945,2011,recruiter,2024-11-18 02:50:14,fail
946,2011,final,2024-11-27 02:50:14,pass
947,2012,final,2025-04-03 21:13:44,fail
948,2012,final,2025-04-13 21:13:44,pass
949,2012,panel,2025-04-10 21:13:44,pass
950,2015,panel,2024-08-22 05:47:00,pass
951,2018,recruiter,2025-02-17 11:18:25,pass
952,2022,panel,2024-10-08 04:18:55,pass
953,2022,final,2024-10-15 04:18:55,fail
954,2022,hiring_manager,2024-10-09 04:18:55,hold
955,2025,final,2024-09-17 22:38:35,pass
956,2025,panel,2024-09-25 22:38:35,pass
957,2025,recruiter,2024-09-22 22:38:35,pass
958,2026,recruiter,2024-02-17 07:40:29,pass
959,2026,panel,2024-02-16 07:40:29,pass
960,2026,hiring_manager,2024-03-01 07:40:29,pass
961,2040,hiring_manager,2024-11-06 01:50:15,pass
962,2040,final,2024-11-06 01:50:15,pass
963,2042,panel,2025-08-27 21:59:26,pass
964,2042,final,2025-08-27 21:59:26,pass
965,2042,final,2025-09-10 21:59:26,pass
966,2049,recruiter,2025-03-22 21:21:21,hold
967,2049,hiring_manager,2025-03-30 21:21:21,hold
968,2049,recruiter,2025-04-05 21:21:21,pass
969,2051,recruiter,2024-05-15 02:08:32,pass
970,2051,final,2024-05-23 02:08:32,pass
971,2051,recruiter,2024-05-28 02:08:32,pass
972,2062,panel,2025-10-05 11:38:26,pass
973,2062,recruiter,2025-10-04 11:38:26,pass
974,2073,panel,2024-06-25 07:31:50,pass
975,2073,hiring_manager,2024-07-02 07:31:50,fail
976,2074,hiring_manager,2025-12-19 12:23:52,pass
977,2074,hiring_manager,2025-12-25 12:23:52,pass
978,2077,recruiter,2025-08-02 14:22:35,pass
979,2077,panel,2025-07-31 14:22:35,pass
980,2079,panel,2024-10-06 01:43:47,fail
981,2082,final,2024-04-04 11:44:42,fail
982,2085,recruiter,2025-04-26 21:04:52,hold
983,2086,recruiter,2024-03-15 10:26:14,fail
984,2086,hiring_manager,2024-03-21 10:26:14,pass
985,2090,panel,2025-06-08 21:34:23,pass
986,2097,recruiter,2025-10-31 15:30:28,pass
987,2106,final,2024-03-15 18:49:07,pass
988,2108,final,2025-10-24 16:28:14,fail
989,2108,hiring_manager,2025-10-25 16:28:14,fail
990,2108,recruiter,2025-10-28 16:28:14,fail
991,2115,recruiter,2024-11-30 21:11:22,hold
992,2115,hiring_manager,2024-12-03 21:11:22,hold
993,2115,panel,2024-12-09 21:11:22,pass
994,2120,recruiter,2024-11-03 16:04:45,hold
995,2121,panel,2025-12-18 08:59:15,pass
996,2121,panel,2025-12-19 08:59:15,fail
997,2123,panel,2024-09-10 08:12:18,pass
998,2125,hiring_manager,2026-01-25 20:18:42,pass
999,2125,final,2026-01-30 20:18:42,pass
1000,2125,panel,2026-02-03 20:18:42,pass
1001,2131,final,2024-10-30 19:45:40,pass
1002,2131,final,2024-10-31 19:45:40,pass
1003,2131,hiring_manager,2024-11-03 19:45:40,fail
1004,2136,hiring_manager,2025-05-13 09:00:21,fail
1005,2136,recruiter,2025-05-21 09:00:21,pass
1006,2136,hiring_manager,2025-05-24 09:00:21,pass
1007,2142,hiring_manager,2025-03-03 11:57:31,pass
1008,2142,recruiter,2025-03-11 11:57:31,pass
1009,2144,final,2025-09-12 08:32:00,fail
1010,2144,hiring_manager,2025-09-22 08:32:00,pass
1011,2144,recruiter,2025-09-28 08:32:00,pass
1012,2145,hiring_manager,2024-08-07 09:33:51,fail
1013,2145,hiring_manager,2024-08-09 09:33:51,pass
1014,2146,final,2024-03-07 18:53:29,hold
1015,2146,hiring_manager,2024-03-16 18:53:29,fail
1016,2146,recruiter,2024-03-13 18:53:29,pass
1017,2149,final,2025-04-01 03:18:29,pass
1018,2149,recruiter,2025-04-04 03:18:29,pass
1019,2149,recruiter,2025-04-05 03:18:29,pass
1020,2155,panel,2025-12-21 20:00:14,pass
1021,2155,recruiter,2025-12-21 20:00:14,pass
1022,2155,hiring_manager,2025-12-27 20:00:14,fail
1023,2159,final,2024-03-21 23:22:25,pass
1024,2159,panel,2024-03-29 23:22:25,pass
1025,2161,recruiter,2025-04-17 08:14:26,pass
1026,2161,hiring_manager,2025-04-17 08:14:26,pass
1027,2161,hiring_manager,2025-04-29 08:14:26,pass
1028,2162,recruiter,2024-10-03 12:15:03,pass
1029,2162,recruiter,2024-10-04 12:15:03,pass
1030,2162,final,2024-10-09 12:15:03,pass
1031,2164,recruiter,2024-02-28 12:25:21,pass
1032,2164,final,2024-03-09 12:25:21,pass
1033,2164,recruiter,2024-03-15 12:25:21,pass
1034,2165,final,2025-06-25 02:43:53,fail
1035,2169,hiring_manager,2025-11-11 13:51:55,pass
1036,2169,panel,2025-11-19 13:51:55,hold
1037,2169,hiring_manager,2025-11-18 13:51:55,pass
1038,2173,final,2025-05-26 08:13:26,pass
1039,2173,hiring_manager,2025-05-27 08:13:26,hold
1040,2176,recruiter,2025-04-21 05:51:37,pass
1041,2176,hiring_manager,2025-04-22 05:51:37,pass
1042,2176,panel,2025-04-25 05:51:37,pass
1043,2178,recruiter,2024-11-10 19:41:39,pass
1044,2178,panel,2024-11-13 19:41:39,pass
1045,2179,hiring_manager,2025-05-27 21:40:21,pass
1046,2179,final,2025-06-04 21:40:21,hold
1047,2179,panel,2025-06-12 21:40:21,fail
1048,2184,hiring_manager,2025-09-03 16:34:28,pass
1049,2184,final,2025-09-05 16:34:28,pass
1050,2185,recruiter,2024-07-15 12:03:34,pass
1051,2185,panel,2024-07-23 12:03:34,pass
1052,2185,hiring_manager,2024-07-20 12:03:34,pass
1053,2188,panel,2025-04-28 15:31:34,fail
1054,2188,final,2025-04-29 15:31:34,fail
1055,2188,recruiter,2025-05-08 15:31:34,pass
1056,2198,hiring_manager,2025-10-03 02:56:39,pass
1057,2201,final,2025-05-31 11:46:54,pass
1058,2201,panel,2025-06-02 11:46:54,pass
1059,2201,panel,2025-06-04 11:46:54,pass
1060,2206,panel,2024-02-14 07:17:28,pass
1061,2206,panel,2024-02-16 07:17:28,pass
1062,2206,panel,2024-02-18 07:17:28,fail
1063,2211,panel,2024-06-18 18:17:42,pass
1064,2211,panel,2024-06-17 18:17:42,fail
1065,2216,recruiter,2024-04-19 18:30:40,pass
1066,2216,recruiter,2024-04-19 18:30:40,pass
1067,2216,panel,2024-04-19 18:30:40,fail
1068,2217,recruiter,2025-04-26 20:37:34,pass
1069,2217,hiring_manager,2025-04-28 20:37:34,pass
1070,2224,panel,2025-06-10 19:44:23,pass
1071,2225,panel,2025-03-26 00:34:29,fail
1072,2235,hiring_manager,2025-03-14 18:17:30,pass
1073,2235,recruiter,2025-03-20 18:17:30,pass
1074,2235,hiring_manager,2025-03-21 18:17:30,pass
1075,2237,final,2024-11-20 06:01:53,pass
1076,2237,panel,2024-11-28 06:01:53,fail
1077,2242,final,2024-04-16 07:29:14,pass
1078,2252,panel,2025-05-29 13:22:23,pass
1079,2252,panel,2025-06-07 13:22:23,pass
1080,2252,recruiter,2025-06-04 13:22:23,pass
1081,2255,panel,2025-09-17 03:13:38,fail
1082,2255,panel,2025-09-24 03:13:38,pass
1083,2255,final,2025-09-23 03:13:38,hold
1084,2260,final,2025-09-07 08:32:00,pass
1085,2260,hiring_manager,2025-09-17 08:32:00,pass
1086,2262,recruiter,2024-12-17 02:20:31,hold
1087,2265,final,2025-08-17 00:48:08,pass
1088,2265,final,2025-08-23 00:48:08,pass
1089,2265,final,2025-08-25 00:48:08,pass
1090,2273,recruiter,2026-01-21 07:12:35,pass
1091,2273,panel,2026-01-24 07:12:35,pass
1092,2275,recruiter,2025-10-31 08:52:48,pass
1093,2275,panel,2025-11-01 08:52:48,pass
1094,2275,recruiter,2025-11-03 08:52:48,pass
1095,2294,hiring_manager,2025-04-14 23:35:40,fail
1096,2306,hiring_manager,2024-11-13 14:58:50,pass
1097,2307,hiring_manager,2025-07-18 15:32:59,pass
1098,2316,recruiter,2025-06-19 11:58:52,pass
1099,2318,panel,2024-05-16 17:45:06,pass
1100,2318,final,2024-05-26 17:45:06,pass
1101,2322,hiring_manager,2025-11-10 04:23:15,pass
1102,2322,recruiter,2025-11-18 04:23:15,pass
1103,2323,final,2024-02-13 15:03:39,pass
1104,2324,recruiter,2025-09-06 14:04:18,pass
1105,2324,recruiter,2025-09-15 14:04:18,pass
1106,2324,final,2025-09-12 14:04:18,hold
1107,2328,final,2024-11-28 16:12:16,pass
1108,2329,final,2025-09-08 20:22:20,pass
1109,2329,recruiter,2025-09-09 20:22:20,pass
1110,2329,final,2025-09-15 20:22:20,pass
1111,2331,hiring_manager,2024-04-24 03:55:00,pass
1112,2331,hiring_manager,2024-04-26 03:55:00,pass
1113,2339,final,2026-01-13 23:24:16,fail
1114,2340,hiring_manager,2025-09-15 08:24:24,pass
1115,2344,panel,2024-07-10 21:04:28,pass
1116,2348,hiring_manager,2024-09-05 22:47:06,pass
1117,2348,panel,2024-09-04 22:47:06,pass
1118,2352,final,2025-05-27 03:29:38,pass
1119,2352,hiring_manager,2025-05-26 03:29:38,fail
1120,2354,recruiter,2025-10-20 22:42:07,pass
1121,2354,hiring_manager,2025-10-20 22:42:07,fail
1122,2359,final,2024-09-19 22:49:45,pass
1123,2359,final,2024-09-22 22:49:45,pass
1124,2359,panel,2024-10-01 22:49:45,pass
1125,2366,final,2024-04-23 16:05:09,pass
1126,2366,recruiter,2024-04-29 16:05:09,hold
1127,2366,recruiter,2024-05-01 16:05:09,pass
1128,2368,recruiter,2025-08-24 02:51:57,fail
1129,2368,final,2025-09-02 02:51:57,pass
1130,2378,recruiter,2024-11-05 02:15:11,pass
1131,2378,hiring_manager,2024-11-12 02:15:11,pass
1132,2383,final,2024-06-10 00:51:24,fail
1133,2383,recruiter,2024-06-08 00:51:24,pass
1134,2389,recruiter,2025-12-01 09:26:42,pass
1135,2392,recruiter,2025-03-08 22:34:01,pass
1136,2392,hiring_manager,2025-03-18 22:34:01,pass
1137,2392,hiring_manager,2025-03-12 22:34:01,pass
1138,2398,final,2024-09-20 22:34:38,hold
1139,2398,hiring_manager,2024-09-21 22:34:38,pass
1140,2398,final,2024-09-29 22:34:38,pass
1141,2401,final,2024-04-02 12:52:28,pass
1142,2401,final,2024-04-03 12:52:28,hold
1143,2401,panel,2024-04-14 12:52:28,pass
1144,2402,final,2024-12-22 13:16:25,pass
1145,2402,panel,2024-12-23 13:16:25,pass
1146,2402,panel,2025-01-06 13:16:25,pass
1147,2412,hiring_manager,2025-09-02 10:10:49,fail
1148,2412,panel,2025-09-06 10:10:49,pass
1149,2412,panel,2025-09-08 10:10:49,fail
1150,2424,recruiter,2025-02-01 18:39:44,pass
1151,2425,hiring_manager,2025-08-02 18:04:34,pass
1152,2430,panel,2025-09-23 01:06:49,pass
1153,2437,final,2024-02-10 15:13:55,pass
1154,2438,panel,2024-06-17 07:15:41,pass
1155,2438,recruiter,2024-06-20 07:15:41,pass
1156,2438,final,2024-06-27 07:15:41,pass
1157,2443,final,2025-03-13 02:55:18,pass
1158,2443,recruiter,2025-03-17 02:55:18,fail
1159,2445,panel,2025-02-26 05:37:52,fail
1160,2445,recruiter,2025-03-04 05:37:52,pass
1161,2457,final,2025-08-18 15:27:21,pass
1162,2459,hiring_manager,2025-09-18 22:41:41,pass
1163,2459,hiring_manager,2025-09-26 22:41:41,pass
1164,2459,hiring_manager,2025-09-25 22:41:41,hold
1165,2463,panel,2024-07-19 18:20:07,hold
1166,2477,hiring_manager,2024-09-29 23:03:02,pass
1167,2477,final,2024-10-07 23:03:02,pass
1168,2477,panel,2024-10-13 23:03:02,pass
1169,2480,panel,2025-03-21 21:57:46,fail
1170,2486,final,2024-06-17 20:25:01,pass
1171,2486,final,2024-06-23 20:25:01,hold
1172,2486,recruiter,2024-06-28 20:25:01,pass
1173,2499,final,2025-06-25 08:55:41,pass
1174,2503,panel,2024-04-16 05:06:20,pass
1175,2503,final,2024-04-17 05:06:20,fail
1176,2510,hiring_manager,2024-02-23 00:38:11,pass
1177,2510,panel,2024-02-22 00:38:11,pass
1178,2510,recruiter,2024-02-27 00:38:11,pass
1179,2515,recruiter,2025-04-20 06:54:20,pass
1180,2515,final,2025-04-27 06:54:20,pass
1181,2518,recruiter,2025-03-28 18:59:29,pass
1182,2521,hiring_manager,2025-06-24 00:10:39,pass
1183,2522,hiring_manager,2024-01-24 01:29:30,fail
1184,2522,recruiter,2024-01-29 01:29:30,pass
1185,2523,recruiter,2024-05-03 19:09:30,pass
1186,2523,recruiter,2024-05-07 19:09:30,fail
1187,2523,panel,2024-05-03 19:09:30,pass
1188,2531,final,2024-11-04 10:48:44,hold
1189,2531,panel,2024-11-14 10:48:44,pass
1190,2540,recruiter,2024-11-30 13:37:37,pass
1191,2540,recruiter,2024-12-05 13:37:37,hold
1192,2540,recruiter,2024-12-09 13:37:37,pass
1193,2544,final,2024-07-13 07:22:13,fail
1194,2544,hiring_manager,2024-07-19 07:22:13,pass
1195,2547,final,2024-12-08 09:37:58,pass
1196,2548,hiring_manager,2026-01-27 21:34:34,pass
1197,2555,panel,2025-03-30 21:15:38,pass
1198,2555,panel,2025-04-07 21:15:38,pass
1199,2562,panel,2024-02-26 02:02:08,pass
1200,2562,recruiter,2024-02-27 02:02:08,pass
1201,2564,panel,2025-02-03 14:34:56,pass
1202,2564,hiring_manager,2025-02-08 14:34:56,pass
1203,2567,final,2025-11-23 10:59:41,pass
1204,2567,final,2025-12-03 10:59:41,pass
1205,2575,hiring_manager,2025-01-11 09:55:38,pass
1206,2575,recruiter,2025-01-20 09:55:38,pass
1207,2579,final,2025-11-12 05:46:24,hold
1208,2579,hiring_manager,2025-11-10 05:46:24,pass
1209,2579,recruiter,2025-11-18 05:46:24,pass
1210,2581,panel,2025-10-12 16:53:46,pass
1211,2581,panel,2025-10-18 16:53:46,pass
1212,2581,panel,2025-10-18 16:53:46,pass
1213,2584,final,2024-11-30 11:21:12,pass
1214,2584,final,2024-12-09 11:21:12,pass
1215,2588,recruiter,2025-09-28 19:54:47,pass
1216,2588,recruiter,2025-10-06 19:54:47,pass
1217,2590,recruiter,2025-02-23 06:39:57,pass
1218,2590,hiring_manager,2025-02-27 06:39:57,pass
1219,2590,recruiter,2025-03-11 06:39:57,pass
1220,2593,panel,2024-05-27 00:41:56,fail
1221,2594,final,2024-09-04 06:15:12,pass
1222,2594,final,2024-09-05 06:15:12,pass
1223,2594,recruiter,2024-09-13 06:15:12,pass
1224,2596,final,2025-06-19 18:13:01,pass
1225,2596,panel,2025-06-23 18:13:01,pass
1226,2596,final,2025-06-29 18:13:01,pass
1227,2600,panel,2025-10-15 13:51:55,pass
1228,2600,recruiter,2025-10-21 13:51:55,pass
1229,2606,final,2024-08-19 08:57:05,pass
1230,2606,panel,2024-08-19 08:57:05,pass
1231,2606,recruiter,2024-08-30 08:57:05,pass
1232,2607,final,2024-08-05 10:15:51,pass
1233,2607,hiring_manager,2024-08-09 10:15:51,pass
1234,2607,panel,2024-08-17 10:15:51,hold
1235,2618,recruiter,2025-12-31 18:49:32,fail
1236,2618,panel,2026-01-02 18:49:32,pass
1237,2633,final,2024-03-11 22:59:11,pass
1238,2634,recruiter,2025-03-25 15:36:02,pass
1239,2644,hiring_manager,2025-12-21 13:57:14,pass
1240,2645,recruiter,2025-05-15 04:28:32,pass
1241,2646,recruiter,2025-05-24 21:08:32,pass
1242,2646,final,2025-05-26 21:08:32,pass
1243,2646,panel,2025-06-04 21:08:32,fail
1244,2648,panel,2025-08-30 20:22:20,pass
1245,2648,hiring_manager,2025-09-05 20:22:20,fail
1246,2655,panel,2024-12-25 14:20:53,pass
1247,2655,recruiter,2025-01-02 14:20:53,pass
1248,2655,hiring_manager,2024-12-30 14:20:53,pass
1249,2660,recruiter,2025-02-23 08:57:35,pass
1250,2660,panel,2025-02-25 08:57:35,fail
1251,2662,recruiter,2024-08-25 15:08:12,fail
1252,2662,final,2024-08-29 15:08:12,pass
1253,2662,hiring_manager,2024-09-02 15:08:12,pass
1254,2665,final,2025-02-21 21:51:57,pass
1255,2665,panel,2025-02-25 21:51:57,pass
1256,2670,panel,2025-09-09 20:22:20,pass
1257,2670,final,2025-09-12 20:22:20,pass
1258,2671,hiring_manager,2025-01-06 14:34:24,pass
1259,2674,recruiter,2025-07-28 15:20:04,pass
1260,2680,recruiter,2026-01-06 00:26:09,pass
1261,2680,panel,2026-01-09 00:26:09,hold
1262,2680,panel,2026-01-15 00:26:09,pass
1263,2685,final,2024-09-15 18:31:52,fail
1264,2685,panel,2024-09-17 18:31:52,pass
1265,2686,panel,2025-07-12 04:08:30,pass
1266,2690,final,2025-06-15 23:43:43,fail
1267,2690,recruiter,2025-06-14 23:43:43,fail
1268,2694,hiring_manager,2025-06-22 16:40:19,pass
1269,2694,panel,2025-06-27 16:40:19,fail
1270,2694,final,2025-07-07 16:40:19,fail
1271,2698,final,2024-11-12 22:40:16,pass
1272,2698,final,2024-11-17 22:40:16,pass
1273,2698,hiring_manager,2024-11-15 22:40:16,pass
1274,2703,final,2025-09-16 11:11:24,pass
1275,2703,hiring_manager,2025-09-14 11:11:24,fail
1276,2719,recruiter,2024-05-31 20:58:48,pass
1277,2719,panel,2024-05-31 20:58:48,pass
1278,2719,recruiter,2024-06-06 20:58:48,fail
1279,2723,panel,2025-10-02 11:13:16,pass
1280,2723,final,2025-10-10 11:13:16,fail
1281,2723,recruiter,2025-10-09 11:13:16,pass
1282,2727,recruiter,2024-03-30 08:27:34,pass
1283,2727,hiring_manager,2024-04-07 08:27:34,pass
1284,2727,final,2024-04-07 08:27:34,fail
1285,2728,hiring_manager,2025-02-19 18:52:30,pass
1286,2728,panel,2025-02-21 18:52:30,pass
1287,2728,hiring_manager,2025-03-03 18:52:30,fail
1288,2730,panel,2025-12-16 08:09:55,pass
1289,2731,recruiter,2024-04-18 05:15:56,pass
1290,2731,final,2024-04-21 05:15:56,pass
1291,2733,recruiter,2025-05-21 04:49:54,hold
1292,2736,panel,2025-03-16 10:00:59,pass
1293,2736,panel,2025-03-23 10:00:59,fail
1294,2740,hiring_manager,2024-10-26 15:59:20,fail
1295,2744,recruiter,2024-07-21 20:52:54,pass
1296,2746,panel,2025-03-28 11:16:08,fail
1297,2746,recruiter,2025-03-26 11:16:08,fail
1298,2746,final,2025-03-28 11:16:08,pass
1299,2752,hiring_manager,2025-01-31 17:00:59,pass
1300,2752,hiring_manager,2025-02-02 17:00:59,fail
1301,2752,hiring_manager,2025-02-16 17:00:59,pass
1302,2756,hiring_manager,2024-08-31 03:00:41,fail
1303,2756,panel,2024-09-05 03:00:41,pass
1304,2756,recruiter,2024-09-15 03:00:41,pass
1305,2768,panel,2025-09-13 05:50:45,pass
1306,2768,recruiter,2025-09-19 05:50:45,pass
1307,2775,recruiter,2025-09-30 03:10:32,fail
1308,2775,hiring_manager,2025-10-03 03:10:32,pass
1309,2775,hiring_manager,2025-10-10 03:10:32,pass
1310,2776,hiring_manager,2026-01-07 05:19:12,pass
1311,2776,recruiter,2026-01-11 05:19:12,fail
1312,2782,final,2024-05-07 03:39:11,fail
1313,2782,final,2024-05-09 03:39:11,pass
1314,2786,final,2025-12-29 10:45:09,pass
1315,2786,panel,2026-01-03 10:45:09,pass
1316,2786,panel,2026-01-07 10:45:09,pass
1317,2787,final,2025-01-14 21:52:57,pass
1318,2787,panel,2025-01-18 21:52:57,pass
1319,2793,panel,2024-06-07 09:27:43,pass
1320,2793,final,2024-06-16 09:27:43,pass
1321,2794,hiring_manager,2024-06-20 17:19:30,pass
1322,2794,final,2024-06-28 17:19:30,pass
1323,2809,final,2024-08-03 19:23:40,fail
1324,2809,recruiter,2024-08-09 19:23:40,pass
1325,2809,hiring_manager,2024-08-09 19:23:40,fail
1326,2816,panel,2024-06-28 20:25:01,pass
1327,2816,panel,2024-07-08 20:25:01,pass
1328,2816,panel,2024-07-02 20:25:01,hold
1329,2818,hiring_manager,2024-12-21 17:56:59,pass
1330,2818,final,2024-12-25 17:56:59,pass
1331,2822,panel,2024-07-19 06:57:57,pass
1332,2825,panel,2025-02-24 09:41:42,pass
1333,2826,panel,2025-08-09 16:31:22,pass
1334,2826,panel,2025-08-11 16:31:22,pass
1335,2834,hiring_manager,2024-09-20 03:43:41,pass
1336,2834,panel,2024-09-26 03:43:41,hold
1337,2834,panel,2024-09-29 03:43:41,pass
1338,2835,final,2025-12-31 03:17:49,pass
1339,2839,hiring_manager,2025-08-21 08:21:41,pass
1340,2840,recruiter,2024-11-16 13:50:05,pass
1341,2842,recruiter,2025-08-24 22:34:39,pass
1342,2842,recruiter,2025-08-24 22:34:39,fail
1343,2846,panel,2025-07-11 01:55:17,pass
1344,2846,panel,2025-07-16 01:55:17,pass
1345,2850,recruiter,2025-05-24 21:00:29,fail
1346,2850,final,2025-05-29 21:00:29,pass
1347,2850,panel,2025-06-05 21:00:29,pass
1348,2851,recruiter,2025-12-21 08:13:05,pass
1349,2852,recruiter,2025-02-19 07:24:03,pass
1350,2852,recruiter,2025-02-26 07:24:03,pass
1351,2854,panel,2025-10-06 13:37:04,pass
1352,2854,recruiter,2025-10-10 13:37:04,hold
1353,2854,final,2025-10-13 13:37:04,pass
1354,2856,hiring_manager,2025-04-19 05:09:24,hold
1355,2856,recruiter,2025-04-24 05:09:24,pass
1356,2863,recruiter,2025-03-24 11:20:48,pass
1357,2863,hiring_manager,2025-03-27 11:20:48,fail
1358,2870,hiring_manager,2025-04-13 21:35:57,fail
1359,2870,final,2025-04-22 21:35:57,hold
1360,2875,panel,2024-06-17 17:33:35,hold
1361,2875,hiring_manager,2024-06-18 17:33:35,pass
1362,2877,hiring_manager,2025-09-21 12:47:08,hold
1363,2877,final,2025-09-25 12:47:08,fail
1364,2885,hiring_manager,2026-01-12 20:37:40,pass
1365,2886,panel,2025-10-18 04:50:34,pass
1366,2886,hiring_manager,2025-10-26 04:50:34,pass
1367,2890,final,2025-03-14 12:04:17,fail
1368,2890,recruiter,2025-03-16 12:04:17,pass
1369,2893,final,2025-06-29 03:35:42,pass
1370,2901,recruiter,2024-02-28 21:24:45,pass
1371,2901,panel,2024-03-07 21:24:45,pass
1372,2901,recruiter,2024-03-13 21:24:45,pass
1373,2906,hiring_manager,2026-01-21 10:52:10,pass
1374,2906,final,2026-01-23 10:52:10,pass
1375,2906,hiring_manager,2026-02-04 10:52:10,hold
1376,2910,panel,2025-06-21 02:05:47,pass
1377,2910,recruiter,2025-06-25 02:05:47,pass
1378,2914,panel,2024-10-12 14:32:45,pass
1379,2914,hiring_manager,2024-10-14 14:32:45,pass
1380,2914,panel,2024-10-16 14:32:45,pass
1381,2918,recruiter,2024-07-19 23:51:23,pass
1382,2918,hiring_manager,2024-07-22 23:51:23,pass
1383,2918,final,2024-07-22 23:51:23,fail
1384,2936,recruiter,2024-01-29 16:08:09,pass
1385,2936,final,2024-02-07 16:08:09,pass
1386,2943,final,2024-02-06 00:23:25,pass
1387,2948,panel,2024-04-14 21:25:01,pass
1388,2948,recruiter,2024-04-14 21:25:01,pass
1389,2950,panel,2024-05-10 11:40:54,hold
1390,2957,panel,2024-03-25 03:12:05,pass
1391,2957,final,2024-03-28 03:12:05,pass
1392,2961,recruiter,2025-08-20 05:50:45,pass
1393,2962,hiring_manager,2025-11-05 21:45:08,pass
1394,2962,panel,2025-11-13 21:45:08,pass
1395,2964,hiring_manager,2025-10-13 01:45:59,hold
1396,2966,hiring_manager,2025-04-21 08:07:38,pass
1397,2967,panel,2025-07-18 09:29:50,pass
1398,2967,hiring_manager,2025-07-26 09:29:50,pass
1399,2972,hiring_manager,2025-05-15 12:26:08,pass
1400,2977,panel,2025-09-28 16:53:46,pass
1401,2977,final,2025-10-08 16:53:46,fail
1402,2980,panel,2025-01-22 01:50:37,pass
1403,2980,panel,2025-01-29 01:50:37,pass
1404,2986,hiring_manager,2024-09-22 12:43:48,pass
1405,2991,panel,2024-03-11 13:19:31,pass
1406,2991,recruiter,2024-03-19 13:19:31,fail
1407,2991,final,2024-03-19 13:19:31,pass
1408,2995,panel,2025-11-26 16:55:47,fail
1409,2995,hiring_manager,2025-12-06 16:55:47,pass
1410,2995,hiring_manager,2025-12-03 16:55:47,pass
1411,2996,recruiter,2025-10-29 19:04:33,pass
1412,3004,panel,2024-03-21 00:16:03,fail
1413,3009,panel,2025-06-07 07:05:26,pass
1414,3031,panel,2025-03-30 21:54:42,pass
1415,3032,final,2024-02-19 23:55:02,pass
1416,3039,final,2025-10-30 22:26:36,pass
1417,3039,panel,2025-11-04 22:26:36,pass
1418,3039,recruiter,2025-11-02 22:26:36,pass
1419,3045,panel,2025-07-04 21:46:07,pass
1420,3045,panel,2025-07-13 21:46:07,pass
1421,3045,panel,2025-07-07 21:46:07,pass
1422,3057,final,2024-08-08 08:15:16,fail
1423,3057,hiring_manager,2024-08-12 08:15:16,pass
1424,3067,final,2025-08-06 08:24:39,pass
1425,3067,final,2025-08-10 08:24:39,pass
1426,3067,recruiter,2025-08-06 08:24:39,hold
1427,3069,final,2025-11-15 18:19:22,pass
1428,3072,recruiter,2024-10-23 05:59:34,pass
1429,3072,final,2024-10-25 05:59:34,pass
1430,3082,panel,2025-12-28 11:25:45,pass
1431,3083,recruiter,2025-01-01 01:23:43,pass
1432,3086,panel,2025-06-10 18:50:54,pass
1433,3086,final,2025-06-14 18:50:54,hold
1434,3086,recruiter,2025-06-12 18:50:54,pass
1435,3088,hiring_manager,2024-07-17 07:05:23,pass
1436,3092,recruiter,2024-08-11 23:27:56,hold
1437,3095,recruiter,2025-05-27 16:02:29,pass
1438,3096,hiring_manager,2025-10-21 10:17:53,pass
1439,3096,recruiter,2025-10-29 10:17:53,pass
1440,3100,hiring_manager,2024-06-20 12:51:28,pass
1441,3105,panel,2024-04-21 19:57:56,pass
1442,3105,recruiter,2024-04-25 19:57:56,hold
1443,3105,final,2024-04-21 19:57:56,pass
1444,3119,recruiter,2025-10-22 09:07:06,pass
1445,3119,final,2025-11-01 09:07:06,pass
1446,3119,final,2025-11-04 09:07:06,pass
1447,3133,recruiter,2025-10-03 09:51:30,pass
1448,3133,hiring_manager,2025-10-11 09:51:30,hold
1449,3134,panel,2024-06-17 21:46:51,hold
1450,3135,recruiter,2025-02-28 08:40:03,pass
1451,3135,hiring_manager,2025-03-06 08:40:03,hold
1452,3135,hiring_manager,2025-03-02 08:40:03,pass
1453,3137,final,2025-04-21 17:59:05,pass
1454,3140,hiring_manager,2024-02-11 01:29:30,hold
1455,3140,final,2024-02-21 01:29:30,pass
1456,3143,final,2025-12-14 09:28:18,pass
1457,3143,final,2025-12-23 09:28:18,fail
1458,3143,panel,2025-12-23 09:28:18,hold
1459,3146,final,2024-07-04 14:33:56,pass
1460,3154,hiring_manager,2025-05-19 14:04:04,pass
1461,3161,panel,2024-10-03 04:31:27,pass
1462,3161,panel,2024-10-02 04:31:27,pass
1463,3171,final,2024-06-22 08:10:45,fail
1464,3171,panel,2024-06-25 08:10:45,hold
1465,3175,panel,2025-03-16 17:51:55,pass
1466,3186,hiring_manager,2025-05-14 07:34:08,hold
1467,3186,final,2025-05-20 07:34:08,pass
1468,3186,recruiter,2025-05-25 07:34:08,pass
1469,3200,hiring_manager,2025-04-28 07:42:57,pass
1470,3200,panel,2025-04-30 07:42:57,hold
1471,3200,recruiter,2025-05-02 07:42:57,pass
1472,3207,panel,2024-12-10 15:02:50,pass
1473,3209,panel,2024-06-07 09:16:08,pass
1474,3210,panel,2025-04-29 12:34:44,pass
1475,3211,panel,2025-04-01 21:05:33,hold
1476,3217,recruiter,2024-07-28 14:25:58,hold
1477,3224,recruiter,2025-11-24 18:03:30,fail
1478,3225,recruiter,2024-05-19 20:10:49,pass
1479,3225,panel,2024-05-19 20:10:49,fail
1480,3225,recruiter,2024-06-02 20:10:49,pass
1481,3226,final,2026-02-17 07:09:32,pass
1482,3227,recruiter,2025-06-24 13:08:05,pass
1483,3227,hiring_manager,2025-06-30 13:08:05,fail
1484,3227,final,2025-07-05 13:08:05,pass
1485,3230,final,2024-12-19 13:50:05,fail
1486,3235,final,2024-07-19 14:06:42,pass
1487,3235,recruiter,2024-07-20 14:06:42,fail
1488,3249,final,2024-09-30 23:35:11,pass
1489,3249,recruiter,2024-10-07 23:35:11,pass
1490,3249,panel,2024-10-09 23:35:11,pass
1491,3252,final,2025-06-22 14:09:40,pass
1492,3253,hiring_manager,2024-04-14 12:31:52,hold
1493,3253,panel,2024-04-22 12:31:52,pass
1494,3253,final,2024-04-19 12:31:52,fail
1495,3254,final,2024-04-05 06:27:57,pass
1496,3254,panel,2024-04-04 06:27:57,pass
1497,3254,hiring_manager,2024-04-06 06:27:57,pass
1498,3267,panel,2025-09-04 18:49:34,pass
1499,3267,panel,2025-09-05 18:49:34,pass
1500,3268,recruiter,2025-05-17 19:19:25,pass
1501,3268,panel,2025-05-21 19:19:25,pass
1502,3268,hiring_manager,2025-06-02 19:19:25,pass
1503,3270,hiring_manager,2024-03-14 06:27:57,pass
1504,3272,panel,2024-11-21 05:04:37,pass
1505,3275,recruiter,2025-09-01 12:47:08,pass
1506,3275,hiring_manager,2025-09-11 12:47:08,hold
1507,3275,hiring_manager,2025-09-05 12:47:08,pass
1508,3277,recruiter,2025-07-25 14:22:35,fail
1509,3277,final,2025-08-01 14:22:35,hold
1510,3284,final,2026-01-07 07:11:21,pass
1511,3284,hiring_manager,2026-01-11 07:11:21,hold
1512,3284,hiring_manager,2026-01-16 07:11:21,pass
1513,3285,hiring_manager,2024-12-25 21:52:57,fail
1514,3286,panel,2026-01-18 07:48:29,pass
1515,3286,panel,2026-01-25 07:48:29,pass
1516,3288,recruiter,2024-05-16 08:29:52,hold
1517,3288,final,2024-05-16 08:29:52,pass
1518,3288,recruiter,2024-05-27 08:29:52,fail
1519,3292,final,2025-09-26 00:50:59,pass
1520,3292,final,2025-09-26 00:50:59,pass
1521,3294,hiring_manager,2025-04-20 14:43:04,pass
1522,3294,final,2025-04-22 14:43:04,pass
1523,3294,final,2025-05-01 14:43:04,fail
1524,3298,panel,2025-07-25 22:53:27,fail
1525,3298,final,2025-07-24 22:53:27,fail
1526,3302,final,2024-05-17 06:51:45,pass
1527,3302,hiring_manager,2024-05-24 06:51:45,pass
1528,3303,panel,2025-08-18 16:31:22,pass
1529,3303,final,2025-08-18 16:31:22,hold
1530,3314,panel,2024-07-17 09:33:51,hold
1531,3314,panel,2024-07-25 09:33:51,pass
1532,3314,hiring_manager,2024-07-31 09:33:51,pass
1533,3315,hiring_manager,2025-03-12 22:39:21,pass
1534,3315,recruiter,2025-03-18 22:39:21,pass
1535,3320,recruiter,2025-07-15 01:30:15,fail
1536,3330,recruiter,2024-07-11 12:44:49,fail
1537,3330,final,2024-07-17 12:44:49,pass
1538,3331,recruiter,2024-03-29 18:43:46,pass
1539,3331,panel,2024-04-04 18:43:46,hold
1540,3344,final,2024-06-17 07:36:28,pass
1541,3344,final,2024-06-23 07:36:28,fail
1542,3347,final,2025-06-13 18:49:47,pass
1543,3347,panel,2025-06-18 18:49:47,pass
1544,3351,hiring_manager,2025-01-25 12:20:20,pass
1545,3351,recruiter,2025-02-03 12:20:20,pass
1546,3355,recruiter,2025-01-22 17:02:42,pass
1547,3355,final,2025-01-22 17:02:42,fail
1548,3361,panel,2025-09-15 08:41:06,pass
1549,3365,recruiter,2025-02-17 14:06:25,pass
1550,3375,recruiter,2025-03-27 03:59:49,pass
1551,3379,hiring_manager,2024-08-04 01:37:59,pass
1552,3379,final,2024-08-13 01:37:59,pass
1553,3379,panel,2024-08-19 01:37:59,fail
1554,3380,hiring_manager,2024-02-20 06:45:29,pass
1555,3380,hiring_manager,2024-02-21 06:45:29,pass
1556,3380,recruiter,2024-02-29 06:45:29,pass
1557,3404,final,2024-03-27 23:00:55,pass
1558,3404,hiring_manager,2024-04-05 23:00:55,pass
1559,3408,recruiter,2024-03-22 06:00:57,pass
1560,3409,final,2024-10-03 03:43:41,pass
1561,3409,final,2024-10-04 03:43:41,pass
1562,3414,recruiter,2025-11-05 14:02:47,fail
1563,3416,recruiter,2024-07-24 12:16:16,pass
1564,3416,recruiter,2024-07-27 12:16:16,pass
1565,3416,panel,2024-08-02 12:16:16,pass
1566,3423,recruiter,2025-09-28 11:40:39,pass
1567,3423,hiring_manager,2025-10-04 11:40:39,pass
1568,3428,recruiter,2026-01-15 04:20:06,fail
1569,3431,final,2025-01-16 06:47:36,pass
1570,3439,recruiter,2025-03-20 03:59:49,pass
1571,3439,recruiter,2025-03-29 03:59:49,hold
1572,3444,hiring_manager,2024-07-13 07:51:21,hold
1573,3444,recruiter,2024-07-17 07:51:21,pass
1574,3444,hiring_manager,2024-07-13 07:51:21,pass
1575,3452,recruiter,2024-09-04 08:38:47,pass
1576,3456,panel,2024-06-15 17:19:30,pass
1577,3457,recruiter,2025-02-02 19:50:25,fail
1578,3457,panel,2025-02-06 19:50:25,pass
1579,3467,hiring_manager,2025-09-27 11:36:49,pass
1580,3467,panel,2025-09-28 11:36:49,pass
1581,3467,hiring_manager,2025-10-03 11:36:49,hold
1582,3468,hiring_manager,2024-04-08 12:52:28,pass
1583,3468,recruiter,2024-04-10 12:52:28,pass
1584,3470,panel,2024-08-14 08:59:05,fail
1585,3472,hiring_manager,2025-06-07 23:19:08,pass
1586,3472,panel,2025-06-12 23:19:08,pass
1587,3472,panel,2025-06-11 23:19:08,pass
1588,3481,hiring_manager,2025-08-08 23:01:25,pass
1589,3485,hiring_manager,2024-08-21 05:23:21,fail
1590,3485,recruiter,2024-08-23 05:23:21,pass
1591,3487,hiring_manager,2025-08-29 09:46:49,pass
1592,3492,recruiter,2024-07-10 18:07:30,pass
1593,3492,panel,2024-07-14 18:07:30,hold
1594,3492,recruiter,2024-07-14 18:07:30,pass
1595,3494,hiring_manager,2024-06-02 17:19:40,fail
1596,3494,panel,2024-06-04 17:19:40,pass
1597,3494,panel,2024-06-08 17:19:40,pass
1598,3500,panel,2025-03-08 03:53:12,fail
1599,3500,final,2025-03-14 03:53:12,pass
1600,3503,recruiter,2025-04-14 17:22:44,fail
1601,3503,panel,2025-04-13 17:22:44,pass
1602,3504,final,2026-01-16 13:57:14,pass
1603,3516,hiring_manager,2024-12-09 10:49:47,pass
1604,3516,final,2024-12-17 10:49:47,pass
1605,3516,hiring_manager,2024-12-17 10:49:47,hold
1606,3517,final,2025-08-26 00:13:54,pass
1607,3517,final,2025-08-29 00:13:54,pass
1608,3521,final,2024-03-04 00:57:14,pass
1609,3521,final,2024-03-02 00:57:14,pass
1610,3522,recruiter,2024-05-25 22:43:46,hold
1611,3522,final,2024-05-26 22:43:46,pass
1612,3522,hiring_manager,2024-06-03 22:43:46,pass
1613,3530,hiring_manager,2024-04-25 12:15:21,pass
1614,3539,final,2025-09-04 01:45:45,pass
1615,3539,recruiter,2025-09-08 01:45:45,pass
1616,3539,panel,2025-09-18 01:45:45,pass
1617,3541,final,2025-08-07 12:26:02,pass
1618,3541,recruiter,2025-08-09 12:26:02,pass
1619,3541,recruiter,2025-08-21 12:26:02,pass
1620,3548,final,2024-03-22 07:00:38,pass
1621,3557,hiring_manager,2025-04-29 14:36:59,pass
1622,3558,final,2024-07-25 07:50:00,fail
1623,3559,panel,2025-07-31 05:25:53,fail
1624,3562,panel,2025-06-05 17:56:26,fail
1625,3562,final,2025-06-09 17:56:26,pass
1626,3562,final,2025-06-09 17:56:26,pass
1627,3563,final,2025-08-14 20:46:37,pass
1628,3563,hiring_manager,2025-08-16 20:46:37,pass
1629,3567,panel,2025-12-20 09:36:25,pass
1630,3567,panel,2025-12-19 09:36:25,pass
1631,3567,hiring_manager,2025-12-30 09:36:25,pass
1632,3569,hiring_manager,2024-09-06 04:00:56,pass
1633,3569,panel,2024-09-15 04:00:56,pass
1634,3573,panel,2024-06-16 00:50:20,pass
1635,3574,hiring_manager,2024-08-14 08:16:20,pass
1636,3574,final,2024-08-17 08:16:20,pass
1637,3574,final,2024-08-27 08:16:20,fail
1638,3575,final,2025-11-15 08:52:48,fail
1639,3575,hiring_manager,2025-11-22 08:52:48,pass
1640,3577,recruiter,2025-08-07 08:24:39,pass
1641,3577,panel,2025-08-17 08:24:39,pass
1642,3577,panel,2025-08-14 08:24:39,pass
1643,3578,hiring_manager,2024-10-23 00:47:26,pass
1644,3581,panel,2025-11-04 03:42:31,hold
1645,3581,hiring_manager,2025-11-06 03:42:31,pass
1646,3582,panel,2025-01-21 17:34:29,hold
1647,3583,hiring_manager,2024-07-09 01:22:44,pass
1648,3583,final,2024-07-09 01:22:44,pass
1649,3583,panel,2024-07-18 01:22:44,fail
1650,3584,panel,2024-01-29 06:44:33,pass
1651,3584,hiring_manager,2024-02-05 06:44:33,pass
1652,3585,recruiter,2024-06-22 14:06:42,pass
1653,3585,panel,2024-06-22 14:06:42,fail
1654,3588,recruiter,2026-01-22 23:54:08,pass
1655,3588,panel,2026-01-27 23:54:08,pass
1656,3588,final,2026-01-26 23:54:08,pass
1657,3589,hiring_manager,2024-12-17 03:16:21,fail
1658,3589,panel,2024-12-19 03:16:21,pass
1659,3589,final,2024-12-31 03:16:21,pass
1660,3590,panel,2026-01-29 03:52:44,pass
1661,3590,recruiter,2026-02-02 03:52:44,hold
1662,3591,recruiter,2025-02-04 16:16:50,fail
1663,3595,panel,2024-03-25 15:24:03,pass
1664,3595,final,2024-03-25 15:24:03,pass
1665,3596,final,2024-03-01 17:50:18,fail
1666,3597,final,2024-10-08 00:36:01,pass
1667,3600,panel,2025-02-27 09:26:40,pass
1668,3600,panel,2025-02-28 09:26:40,pass
1669,3601,hiring_manager,2025-03-07 19:15:06,pass
1670,3601,hiring_manager,2025-03-13 19:15:06,hold
1671,3601,hiring_manager,2025-03-19 19:15:06,pass
1672,3604,hiring_manager,2025-04-30 17:45:54,pass
1673,3604,recruiter,2025-05-04 17:45:54,fail
1674,3613,recruiter,2025-02-05 04:07:16,pass
1675,3613,panel,2025-02-12 04:07:16,pass
1676,3615,final,2025-03-15 05:32:12,pass
1677,3616,recruiter,2025-04-04 11:57:49,pass
1678,3616,recruiter,2025-04-08 11:57:49,pass
1679,3619,recruiter,2025-08-24 16:57:47,pass
1680,3619,final,2025-08-24 16:57:47,pass
1681,3619,final,2025-08-26 16:57:47,fail
1682,3621,hiring_manager,2024-09-11 17:30:58,pass
1683,3622,panel,2025-12-28 20:40:19,pass
1684,3622,panel,2026-01-02 20:40:19,pass
1685,3622,hiring_manager,2026-01-10 20:40:19,pass
1686,3633,hiring_manager,2025-10-19 10:22:31,pass
1687,3637,panel,2024-11-28 20:08:45,pass
1688,3637,hiring_manager,2024-12-01 20:08:45,pass
1689,3637,panel,2024-12-05 20:08:45,pass
1690,3642,recruiter,2025-02-17 20:22:26,pass
1691,3653,panel,2025-04-11 01:58:48,hold
1692,3653,hiring_manager,2025-04-19 01:58:48,hold
1693,3653,recruiter,2025-04-16 01:58:48,pass
1694,3654,hiring_manager,2025-11-14 17:49:43,hold
1695,3654,final,2025-11-23 17:49:43,pass
1696,3656,hiring_manager,2025-03-18 09:41:42,pass
1697,3656,final,2025-03-22 09:41:42,pass
1698,3656,hiring_manager,2025-03-21 09:41:42,pass
1699,3662,recruiter,2024-09-08 12:15:03,pass
1700,3667,panel,2024-08-02 22:31:48,hold
1701,3673,final,2025-12-11 20:00:14,pass
1702,3674,panel,2024-02-18 12:25:21,pass
1703,3674,panel,2024-02-19 12:25:21,pass
1704,3677,hiring_manager,2024-11-24 06:01:53,pass
1705,3677,panel,2024-12-01 06:01:53,pass
1706,3677,hiring_manager,2024-12-09 06:01:53,pass
1707,3681,final,2024-09-05 17:02:45,hold
1708,3687,hiring_manager,2025-02-20 12:04:17,pass
1709,3691,panel,2024-10-24 11:53:02,pass
1710,3691,final,2024-10-26 11:53:02,pass
1711,3691,panel,2024-11-01 11:53:02,pass
1712,3692,panel,2025-07-12 13:08:05,fail
1713,3694,final,2024-06-10 14:16:53,pass
1714,3694,recruiter,2024-06-17 14:16:53,pass
1715,3694,panel,2024-06-19 14:16:53,pass
1716,3697,recruiter,2025-10-08 05:46:24,hold
1717,3697,hiring_manager,2025-10-12 05:46:24,pass
1718,3697,panel,2025-10-12 05:46:24,pass
1719,3701,panel,2025-04-12 07:49:38,pass
1720,3701,panel,2025-04-16 07:49:38,hold
1721,3702,hiring_manager,2025-03-19 14:43:41,pass
1722,3702,final,2025-03-20 14:43:41,pass
1723,3702,final,2025-04-01 14:43:41,pass
1724,3708,recruiter,2025-01-07 23:27:31,pass
1725,3710,final,2024-04-03 16:12:16,pass
1726,3710,hiring_manager,2024-04-05 16:12:16,pass
1727,3710,recruiter,2024-04-15 16:12:16,fail
1728,3711,panel,2025-11-20 05:46:24,pass
1729,3714,panel,2024-03-09 16:34:42,pass
1730,3718,final,2025-09-25 07:41:18,fail
1731,3718,final,2025-09-29 07:41:18,pass
1732,3718,panel,2025-10-09 07:41:18,pass
1733,3727,final,2025-04-29 15:22:38,pass
1734,3727,final,2025-04-28 15:22:38,pass
1735,3729,panel,2025-04-15 16:21:51,pass
1736,3729,hiring_manager,2025-04-14 16:21:51,fail
1737,3737,final,2024-05-23 10:40:35,fail
1738,3739,panel,2025-01-03 15:54:11,pass
1739,3743,hiring_manager,2024-05-27 05:14:25,pass
1740,3746,final,2024-09-09 17:33:39,pass
1741,3746,recruiter,2024-09-16 17:33:39,pass
1742,3751,recruiter,2025-06-30 03:13:11,pass
1743,3751,final,2025-07-02 03:13:11,pass
1744,3752,recruiter,2024-10-30 15:59:20,fail
1745,3754,panel,2024-12-19 21:21:21,fail
1746,3754,final,2024-12-20 21:21:21,pass
1747,3756,panel,2024-12-24 12:39:42,pass
1748,3756,hiring_manager,2024-12-30 12:39:42,pass
1749,3756,hiring_manager,2024-12-27 12:39:42,pass
1750,3757,hiring_manager,2025-05-24 07:15:49,hold
1751,3757,panel,2025-05-30 07:15:49,pass
1752,3762,recruiter,2024-04-15 15:07:35,pass
1753,3762,recruiter,2024-04-24 15:07:35,pass
1754,3770,recruiter,2025-03-06 13:25:00,pass
1755,3772,panel,2024-02-29 05:30:10,pass
1756,3772,panel,2024-03-02 05:30:10,pass
1757,3774,recruiter,2025-05-12 08:18:00,pass
1758,3777,panel,2025-04-10 22:19:15,hold
1759,3780,final,2025-03-09 14:43:04,pass
1760,3780,final,2025-03-15 14:43:04,pass
1761,3780,panel,2025-03-22 14:43:04,fail
1762,3782,hiring_manager,2024-10-01 00:25:53,hold
1763,3782,recruiter,2024-10-02 00:25:53,pass
1764,3782,hiring_manager,2024-10-14 00:25:53,hold
1765,3790,panel,2024-03-22 23:04:36,pass
1766,3790,final,2024-03-30 23:04:36,pass
1767,3790,hiring_manager,2024-03-24 23:04:36,pass
1768,3791,recruiter,2025-11-21 04:21:38,pass
1769,3791,final,2025-11-29 04:21:38,pass
1770,3791,panel,2025-11-26 04:21:38,fail
1771,3792,recruiter,2024-11-16 22:08:05,pass
1772,3792,final,2024-11-15 22:08:05,pass
1773,3792,recruiter,2024-11-20 22:08:05,pass
1774,3793,panel,2024-10-27 14:32:45,pass
1775,3793,final,2024-10-29 14:32:45,hold
1776,3793,hiring_manager,2024-10-29 14:32:45,pass
1777,3797,panel,2024-03-05 01:29:30,pass
1778,3797,hiring_manager,2024-03-07 01:29:30,pass
1779,3799,final,2024-09-15 05:52:53,pass
1780,3799,recruiter,2024-09-17 05:52:53,pass
1781,3803,hiring_manager,2025-10-20 18:51:23,pass
1782,3803,hiring_manager,2025-10-27 18:51:23,pass
1783,3803,recruiter,2025-10-24 18:51:23,pass
1784,3807,recruiter,2025-08-16 03:55:09,pass
1785,3810,final,2025-03-19 01:02:26,pass
1786,3810,final,2025-03-21 01:02:26,pass
1787,3814,hiring_manager,2024-07-08 14:22:08,pass
1788,3814,panel,2024-07-09 14:22:08,pass
1789,3820,recruiter,2025-08-01 23:23:57,pass
1790,3821,panel,2024-05-18 21:46:51,pass
1791,3821,final,2024-05-21 21:46:51,pass
1792,3821,panel,2024-05-27 21:46:51,pass
1793,3823,recruiter,2024-07-12 18:17:42,pass
1794,3826,hiring_manager,2025-09-10 19:51:05,pass
1795,3826,panel,2025-09-13 19:51:05,pass
1796,3826,panel,2025-09-16 19:51:05,hold
1797,3830,hiring_manager,2025-06-05 09:14:20,pass
1798,3832,hiring_manager,2024-03-11 17:43:45,pass
1799,3832,hiring_manager,2024-03-14 17:43:45,pass
1800,3832,hiring_manager,2024-03-14 17:43:45,pass
1801,3835,final,2025-04-30 23:47:25,pass
1802,3835,final,2025-05-10 23:47:25,pass
1803,3835,final,2025-05-07 23:47:25,pass
1804,3839,recruiter,2024-03-28 00:49:18,pass
1805,3840,final,2025-08-23 11:11:32,pass
1806,3840,recruiter,2025-08-22 11:11:32,hold
1807,3840,recruiter,2025-08-30 11:11:32,pass
1808,3845,final,2024-10-17 06:22:51,pass
1809,3845,final,2024-10-16 06:22:51,pass
1810,3847,final,2025-12-01 08:52:30,pass
1811,3847,panel,2025-12-02 08:52:30,pass
1812,3857,final,2024-05-08 18:34:32,pass
1813,3857,hiring_manager,2024-05-15 18:34:32,fail
1814,3863,panel,2024-11-11 13:50:05,hold
1815,3864,hiring_manager,2025-03-24 07:08:44,pass
1816,3865,panel,2024-04-25 03:02:44,fail
1817,3867,hiring_manager,2025-05-15 15:20:45,pass
1818,3867,hiring_manager,2025-05-16 15:20:45,fail
1819,3867,hiring_manager,2025-05-16 15:20:45,pass
1820,3899,hiring_manager,2024-03-09 07:40:16,pass
1821,3899,final,2024-03-11 07:40:16,pass
1822,3900,final,2024-03-21 05:06:20,pass
1823,3900,panel,2024-03-25 05:06:20,pass
1824,3900,hiring_manager,2024-04-06 05:06:20,pass
1825,3921,hiring_manager,2024-11-20 09:42:14,pass
1826,3921,final,2024-11-24 09:42:14,hold
1827,3921,panel,2024-12-01 09:42:14,pass
1828,3923,panel,2024-05-01 22:08:54,fail
1829,3923,final,2024-05-05 22:08:54,pass
1830,3935,hiring_manager,2025-05-13 01:51:22,pass
1831,3935,recruiter,2025-05-16 01:51:22,pass
1832,3936,hiring_manager,2024-02-15 17:43:45,pass
1833,3937,final,2024-05-12 01:43:51,pass
1834,3937,recruiter,2024-05-17 01:43:51,pass
1835,3938,panel,2024-06-02 09:12:43,pass
1836,3938,recruiter,2024-06-02 09:12:43,pass
1837,3954,panel,2024-02-29 08:53:41,pass
1838,3960,recruiter,2025-10-27 16:32:51,pass
1839,3965,recruiter,2025-04-12 00:34:29,hold
1840,3965,final,2025-04-12 00:34:29,pass
1841,3968,panel,2025-07-13 10:43:05,pass
1842,3968,hiring_manager,2025-07-16 10:43:05,pass
1843,3989,panel,2024-08-11 05:52:53,pass
1844,3989,hiring_manager,2024-08-20 05:52:53,pass
1845,3989,hiring_manager,2024-08-23 05:52:53,pass
1846,3991,final,2024-10-17 19:52:09,pass
1847,3992,recruiter,2024-10-15 13:52:32,pass
1848,3992,final,2024-10-19 13:52:32,fail
1849,3992,hiring_manager,2024-10-21 13:52:32,pass
1850,3999,hiring_manager,2025-09-22 21:39:56,fail
1851,4000,panel,2024-06-23 00:53:54,pass
1852,4000,final,2024-06-28 00:53:54,pass
1853,4001,recruiter,2025-10-07 02:56:39,fail
1854,4001,panel,2025-10-16 02:56:39,pass
1855,4005,panel,2025-06-08 15:14:24,pass
1856,4006,panel,2025-10-23 06:48:13,pass
1857,4007,final,2024-03-10 18:22:29,pass
1858,4007,final,2024-03-10 18:22:29,pass
1859,4007,recruiter,2024-03-21 18:22:29,pass
1860,4008,recruiter,2024-06-18 10:39:28,hold
1861,4009,recruiter,2025-10-16 03:17:23,hold
1862,4009,final,2025-10-26 03:17:23,pass
1863,4010,hiring_manager,2024-03-06 10:28:41,pass
1864,4020,recruiter,2024-02-28 16:03:34,fail
1865,4020,panel,2024-03-02 16:03:34,pass
1866,4020,panel,2024-03-02 16:03:34,pass
1867,4024,hiring_manager,2024-03-28 17:45:36,pass
1868,4024,hiring_manager,2024-04-01 17:45:36,pass
1869,4025,hiring_manager,2025-07-08 16:06:04,pass
1870,4038,final,2025-12-14 20:37:40,pass
1871,4038,final,2025-12-16 20:37:40,pass
1872,4038,hiring_manager,2025-12-14 20:37:40,pass
1873,4039,final,2025-02-24 19:50:25,pass
1874,4039,hiring_manager,2025-02-22 19:50:25,pass
1875,4040,recruiter,2025-03-26 21:05:33,pass
1876,4045,panel,2024-09-16 23:35:11,pass
1877,4045,recruiter,2024-09-14 23:35:11,pass
1878,4047,hiring_manager,2025-07-17 17:14:15,hold
1879,4047,final,2025-07-22 17:14:15,pass
1880,4047,final,2025-08-01 17:14:15,pass
1881,4052,panel,2025-04-20 13:22:23,pass
1882,4055,final,2024-12-02 03:12:48,pass
1883,4055,final,2024-12-01 03:12:48,pass
1884,4055,hiring_manager,2024-12-06 03:12:48,pass
1885,4057,recruiter,2025-07-17 21:16:06,pass
1886,4057,panel,2025-07-22 21:16:06,fail
1887,4057,panel,2025-08-01 21:16:06,pass
1888,4058,panel,2025-09-10 19:19:23,fail
1889,4060,panel,2025-06-23 13:30:06,pass
1890,4061,recruiter,2024-03-04 07:30:16,pass
1891,4061,panel,2024-03-11 07:30:16,pass
1892,4075,hiring_manager,2025-03-30 15:10:05,pass
1893,4075,recruiter,2025-04-04 15:10:05,fail
1894,4080,hiring_manager,2025-02-19 05:16:43,pass
1895,4080,panel,2025-02-20 05:16:43,pass
1896,4092,recruiter,2026-01-14 14:54:53,pass
1897,4094,hiring_manager,2024-02-22 00:57:14,pass
1898,4100,final,2024-05-11 05:57:28,pass
1899,4100,recruiter,2024-05-14 05:57:28,pass
1900,4102,recruiter,2025-09-23 05:50:45,pass
1901,4102,hiring_manager,2025-09-29 05:50:45,fail
1902,4102,recruiter,2025-09-28 05:50:45,pass
1903,4105,final,2024-08-02 20:44:48,fail
1904,4105,recruiter,2024-07-31 20:44:48,pass
1905,4109,final,2025-09-26 12:50:12,pass
1906,4109,recruiter,2025-09-30 12:50:12,pass
1907,4109,final,2025-09-26 12:50:12,pass
1908,4110,recruiter,2024-12-10 23:05:41,pass
1909,4110,final,2024-12-16 23:05:41,pass
1910,4115,final,2025-12-11 20:37:40,pass
1911,4115,hiring_manager,2025-12-14 20:37:40,fail
1912,4115,recruiter,2025-12-12 20:37:40,pass
1913,4122,hiring_manager,2024-08-27 19:56:28,fail
1914,4122,hiring_manager,2024-09-05 19:56:28,pass
1915,4129,recruiter,2025-12-08 05:57:29,fail
1916,4131,final,2024-03-12 07:58:28,pass
1917,4131,recruiter,2024-03-17 07:58:28,hold
1918,4131,panel,2024-03-18 07:58:28,pass
1919,4135,panel,2024-07-12 09:06:49,pass
1920,4135,final,2024-07-14 09:06:49,pass
1921,4137,final,2025-10-22 06:41:04,fail
1922,4137,panel,2025-10-27 06:41:04,hold
1923,4142,recruiter,2025-06-19 00:48:33,hold
1924,4142,panel,2025-06-21 00:48:33,pass
1925,4142,hiring_manager,2025-06-22 00:48:33,hold
1926,4144,recruiter,2025-10-18 15:15:20,fail
1927,4146,final,2024-07-30 01:51:33,pass
1928,4146,panel,2024-07-30 01:51:33,pass
1929,4156,recruiter,2025-07-20 10:39:29,pass
1930,4160,final,2025-05-20 16:20:40,pass
1931,4160,panel,2025-05-28 16:20:40,pass
1932,4160,recruiter,2025-06-03 16:20:40,hold
1933,4161,final,2024-02-23 16:34:42,pass
1934,4161,panel,2024-02-22 16:34:42,pass
1935,4162,recruiter,2025-12-08 09:55:41,pass
1936,4165,recruiter,2025-01-02 23:51:24,pass
1937,4165,hiring_manager,2025-01-08 23:51:24,pass
1938,4165,recruiter,2025-01-09 23:51:24,fail
1939,4169,final,2025-03-26 00:05:34,pass
1940,4169,hiring_manager,2025-03-27 00:05:34,pass
1941,4169,recruiter,2025-03-30 00:05:34,pass
1942,4172,hiring_manager,2024-06-09 22:43:46,fail
1943,4172,final,2024-06-10 22:43:46,pass
1944,4172,recruiter,2024-06-18 22:43:46,pass
1945,4179,hiring_manager,2025-03-26 06:36:10,pass
1946,4180,hiring_manager,2024-03-04 22:24:16,fail
1947,4180,panel,2024-03-05 22:24:16,pass
1948,4189,hiring_manager,2025-03-03 12:42:00,pass
1949,4194,recruiter,2024-12-12 21:21:21,pass
1950,4194,recruiter,2024-12-19 21:21:21,pass
1951,4201,hiring_manager,2025-07-26 06:18:50,pass
1952,4206,hiring_manager,2024-04-23 20:23:13,fail
1953,4206,hiring_manager,2024-05-02 20:23:13,pass
1954,4214,final,2024-02-14 07:30:16,pass
1955,4218,panel,2025-03-06 03:05:43,fail
1956,4218,recruiter,2025-03-13 03:05:43,pass
1957,4218,hiring_manager,2025-03-18 03:05:43,pass
1958,4221,recruiter,2025-09-05 07:05:09,pass
1959,4227,recruiter,2025-09-30 09:17:32,pass
1960,4227,hiring_manager,2025-10-05 09:17:32,pass
1961,4227,hiring_manager,2025-10-01 09:17:32,hold
1962,4228,panel,2025-07-16 22:53:27,pass
1963,4228,panel,2025-07-24 22:53:27,hold
1964,4228,panel,2025-07-29 22:53:27,pass
1965,4229,hiring_manager,2024-08-09 09:06:49,pass
1966,4229,final,2024-08-17 09:06:49,pass
1967,4229,hiring_manager,2024-08-23 09:06:49,pass
1968,4231,panel,2025-07-21 13:08:05,pass
1969,4231,recruiter,2025-07-28 13:08:05,hold
1970,4232,panel,2024-05-03 19:21:07,pass
1971,4232,panel,2024-05-10 19:21:07,pass
1972,4235,hiring_manager,2025-02-28 12:55:40,pass
1973,4241,panel,2025-10-16 03:01:56,pass
1974,4245,recruiter,2024-03-21 12:52:28,hold
1975,4247,panel,2025-11-02 14:02:47,pass
1976,4255,panel,2025-08-02 23:01:57,pass
1977,4255,recruiter,2025-08-01 23:01:57,pass
1978,4255,recruiter,2025-08-12 23:01:57,pass
1979,4261,panel,2025-12-17 04:33:40,pass
1980,4261,hiring_manager,2025-12-25 04:33:40,pass
1981,4261,recruiter,2025-12-28 04:33:40,fail
1982,4265,panel,2025-06-19 02:43:53,pass
1983,4265,panel,2025-06-25 02:43:53,pass
1984,4266,panel,2025-08-28 09:04:01,pass
1985,4266,panel,2025-09-01 09:04:01,fail
1986,4267,final,2024-08-18 13:09:46,pass
1987,4267,final,2024-08-22 13:09:46,pass
1988,4267,panel,2024-08-24 13:09:46,pass
1989,4274,recruiter,2024-06-15 18:42:27,pass
1990,4275,final,2024-04-17 20:10:49,pass
1991,4275,panel,2024-04-22 20:10:49,pass
1992,4283,hiring_manager,2024-04-27 22:51:34,pass
1993,4284,recruiter,2024-03-10 10:28:44,pass
1994,4284,hiring_manager,2024-03-16 10:28:44,pass
1995,4289,hiring_manager,2025-04-30 09:00:21,pass
1996,4289,hiring_manager,2025-05-05 09:00:21,pass
1997,4289,final,2025-05-15 09:00:21,fail
1998,4291,panel,2025-04-01 00:05:34,pass
1999,4291,recruiter,2025-04-09 00:05:34,pass
2000,4292,hiring_manager,2024-12-11 16:05:42,fail
2001,4292,panel,2024-12-14 16:05:42,pass
2002,4293,final,2025-08-20 16:46:38,pass
2003,4293,final,2025-08-23 16:46:38,pass
2004,4296,final,2025-10-07 09:04:28,fail
2005,4296,recruiter,2025-10-15 09:04:28,pass
2006,4307,recruiter,2025-02-17 18:52:30,hold
2007,4315,final,2024-09-11 18:44:41,pass
2008,4315,final,2024-09-17 18:44:41,pass
2009,4315,final,2024-09-22 18:44:41,pass
2010,4320,recruiter,2024-08-07 18:14:17,pass
2011,4320,final,2024-08-11 18:14:17,pass
2012,4320,recruiter,2024-08-19 18:14:17,pass
2013,4324,final,2024-06-30 07:39:26,fail
2014,4327,recruiter,2024-11-27 20:46:50,pass
2015,4327,hiring_manager,2024-12-03 20:46:50,pass
2016,4330,hiring_manager,2025-11-17 14:35:54,hold
2017,4330,recruiter,2025-11-19 14:35:54,pass
2018,4330,hiring_manager,2025-11-28 14:35:54,pass
2019,4335,recruiter,2024-02-08 10:28:41,fail
2020,4336,panel,2024-03-21 21:17:11,pass
2021,4338,hiring_manager,2025-08-05 16:31:19,pass
2022,4345,panel,2025-04-17 16:20:26,pass
2023,4345,final,2025-04-19 16:20:26,pass
2024,4345,panel,2025-04-25 16:20:26,pass
2025,4353,recruiter,2024-05-08 15:13:58,hold
2026,4353,final,2024-05-12 15:13:58,pass
2027,4362,panel,2025-11-28 09:35:39,pass
2028,4362,panel,2025-12-04 09:35:39,pass
2029,4369,panel,2025-08-18 17:30:28,pass
2030,4369,panel,2025-08-18 17:30:28,pass
2031,4369,final,2025-08-24 17:30:28,hold
2032,4371,recruiter,2025-06-27 18:13:01,pass
2033,4371,final,2025-07-03 18:13:01,pass
2034,4371,panel,2025-07-04 18:13:01,hold
2035,4373,panel,2025-03-03 23:55:16,pass
2036,4374,hiring_manager,2025-08-04 15:20:04,fail
2037,4376,panel,2024-04-26 15:12:19,fail
2038,4377,final,2025-02-27 03:21:32,pass
2039,4383,recruiter,2025-10-13 03:33:16,pass
2040,4383,final,2025-10-12 03:33:16,pass
2041,4386,final,2024-03-25 23:31:01,pass
2042,4386,final,2024-03-28 23:31:01,pass
2043,4398,panel,2025-02-18 22:19:51,pass
2044,4404,panel,2025-08-04 09:05:57,hold
2045,4408,recruiter,2024-09-01 14:22:21,pass
2046,4410,final,2024-03-21 08:27:34,pass
2047,4410,final,2024-03-27 08:27:34,pass
2048,4415,final,2025-03-08 02:59:26,pass
2049,4416,panel,2024-08-19 18:31:52,pass
2050,4417,final,2025-09-20 14:39:03,pass
2051,4417,hiring_manager,2025-09-26 14:39:03,pass
2052,4417,panel,2025-10-02 14:39:03,pass
2053,4419,recruiter,2025-04-07 06:41:58,fail
2054,4419,recruiter,2025-04-08 06:41:58,pass
2055,4423,final,2025-02-16 22:16:41,pass
2056,4428,recruiter,2024-08-29 22:12:26,pass
2057,4428,recruiter,2024-09-06 22:12:26,pass
2058,4429,hiring_manager,2024-07-29 07:22:13,hold
2059,4429,final,2024-07-29 07:22:13,hold
2060,4432,hiring_manager,2024-12-16 11:09:19,fail
2061,4432,hiring_manager,2024-12-17 11:09:19,pass
2062,4432,panel,2024-12-29 11:09:19,fail
2063,4436,hiring_manager,2025-04-10 23:35:40,fail
2064,4440,recruiter,2024-08-11 04:39:27,pass
2065,4440,hiring_manager,2024-08-13 04:39:27,fail
2066,4441,panel,2025-06-12 09:14:20,pass
2067,4441,hiring_manager,2025-06-15 09:14:20,fail
2068,4443,recruiter,2025-08-31 17:16:31,pass
2069,4443,final,2025-09-01 17:16:31,fail
2070,4455,panel,2025-07-21 09:01:05,fail
2071,4463,panel,2025-06-01 20:04:35,pass
2072,4464,hiring_manager,2024-06-13 12:38:24,pass
2073,4464,panel,2024-06-13 12:38:24,pass
2074,4464,hiring_manager,2024-06-18 12:38:24,pass
2075,4469,recruiter,2026-02-05 14:13:40,pass
2076,4470,recruiter,2024-12-12 23:27:31,fail
2077,4474,panel,2024-06-21 13:17:52,pass
2078,4475,final,2024-09-01 14:23:44,fail
2079,4481,recruiter,2024-09-17 20:14:29,pass
2080,4489,recruiter,2025-04-13 02:24:53,pass
2081,4490,recruiter,2024-03-04 01:02:33,fail
2082,4490,final,2024-03-06 01:02:33,pass
2083,4492,panel,2024-02-22 04:03:25,pass
2084,4496,final,2025-12-19 09:17:16,pass
2085,4503,panel,2024-10-10 22:38:35,hold
2086,4503,panel,2024-10-08 22:38:35,pass
2087,4507,recruiter,2025-02-25 21:34:57,fail
2088,4507,recruiter,2025-02-28 21:34:57,hold
2089,4507,panel,2025-03-01 21:34:57,hold
2090,4508,panel,2024-11-13 15:42:06,pass
2091,4508,panel,2024-11-12 15:42:06,pass
2092,4515,final,2024-10-02 23:57:38,pass
2093,4516,hiring_manager,2024-05-16 08:29:52,pass
2094,4516,recruiter,2024-05-21 08:29:52,pass
2095,4516,hiring_manager,2024-05-20 08:29:52,pass
2096,4519,recruiter,2024-04-23 06:59:09,hold
2097,4521,hiring_manager,2024-04-16 17:48:29,pass
2098,4523,hiring_manager,2025-10-03 19:54:47,pass
2099,4530,hiring_manager,2024-04-15 14:33:31,pass
2100,4530,final,2024-04-16 14:33:31,pass
2101,4530,final,2024-04-30 14:33:31,pass
2102,4531,recruiter,2024-09-06 11:38:30,hold
2103,4531,recruiter,2024-09-10 11:38:30,pass
2104,4531,panel,2024-09-22 11:38:30,pass
2105,4533,hiring_manager,2024-10-28 19:45:40,fail
2106,4533,recruiter,2024-11-05 19:45:40,pass
2107,4535,panel,2024-12-10 07:33:25,pass
2108,4536,panel,2024-01-27 23:54:28,pass
2109,4536,hiring_manager,2024-02-01 23:54:28,pass
2110,4539,recruiter,2024-03-12 18:21:24,pass
2111,4549,recruiter,2024-09-19 11:50:42,pass
2112,4549,panel,2024-09-23 11:50:42,pass
2113,4557,final,2026-01-05 00:26:09,hold
2114,4557,recruiter,2026-01-11 00:26:09,pass
2115,4557,hiring_manager,2026-01-09 00:26:09,hold
2116,4558,panel,2025-01-11 16:09:36,fail
2117,4560,recruiter,2024-04-25 21:25:01,pass
2118,4560,panel,2024-04-26 21:25:01,pass
2119,4560,final,2024-05-05 21:25:01,fail
2120,4561,panel,2024-08-08 16:23:40,fail
2121,4561,recruiter,2024-08-09 16:23:40,pass
2122,4561,hiring_manager,2024-08-23 16:23:40,pass
2123,4574,final,2024-04-01 21:16:56,pass
2124,4575,panel,2024-08-23 14:23:44,pass
2125,4575,panel,2024-08-28 14:23:44,pass
2126,4576,final,2024-04-09 00:56:02,pass
2127,4576,hiring_manager,2024-04-11 00:56:02,pass
2128,4576,recruiter,2024-04-19 00:56:02,pass
2129,4577,panel,2024-05-31 11:17:46,pass
2130,4581,final,2025-08-25 21:03:04,pass
2131,4581,panel,2025-08-29 21:03:04,pass
2132,4581,hiring_manager,2025-09-06 21:03:04,pass
2133,4582,recruiter,2025-03-12 19:43:18,hold
2134,4588,recruiter,2024-06-22 01:46:13,pass
2135,4588,final,2024-06-28 01:46:13,pass
2136,4597,hiring_manager,2025-09-30 15:37:18,fail
2137,4597,final,2025-10-04 15:37:18,fail
2138,4597,final,2025-10-07 15:37:18,pass
2139,4608,final,2024-04-06 06:01:49,pass
2140,4610,panel,2024-02-22 01:46:40,pass
2141,4610,recruiter,2024-02-23 01:46:40,pass
2142,4610,hiring_manager,2024-03-03 01:46:40,fail
2143,4613,hiring_manager,2024-02-15 22:24:16,pass
2144,4613,hiring_manager,2024-02-16 22:24:16,pass
2145,4613,panel,2024-02-18 22:24:16,hold
2146,4614,final,2026-01-13 15:16:18,pass
2147,4614,recruiter,2026-01-15 15:16:18,pass
2148,4614,final,2026-01-18 15:16:18,fail
2149,4617,recruiter,2024-05-03 05:04:52,fail
2150,4617,final,2024-05-08 05:04:52,pass
2151,4617,panel,2024-05-10 05:04:52,pass
2152,4623,final,2025-03-09 17:23:36,pass
2153,4623,panel,2025-03-15 17:23:36,pass
2154,4623,recruiter,2025-03-18 17:23:36,hold
2155,4628,hiring_manager,2024-12-31 23:48:32,pass
2156,4631,recruiter,2024-12-08 12:07:21,hold
2157,4631,recruiter,2024-12-18 12:07:21,pass
2158,4631,panel,2024-12-18 12:07:21,pass
2159,4636,final,2025-10-21 14:25:43,pass
2160,4640,recruiter,2024-04-28 16:32:46,pass
2161,4640,recruiter,2024-04-27 16:32:46,pass
2162,4641,final,2024-05-15 01:43:36,pass
2163,4644,recruiter,2026-01-28 07:10:20,pass
2164,4644,panel,2026-02-04 07:10:20,pass
2165,4645,panel,2024-06-05 08:10:45,pass
2166,4649,panel,2025-01-24 12:16:28,pass
2167,4649,recruiter,2025-01-27 12:16:28,pass
2168,4652,recruiter,2024-08-19 13:16:37,pass
2169,4652,panel,2024-08-25 13:16:37,pass
2170,4652,final,2024-08-19 13:16:37,pass
2171,4654,recruiter,2026-01-05 04:22:56,pass
2172,4654,hiring_manager,2026-01-07 04:22:56,hold
2173,4656,hiring_manager,2025-05-09 20:24:46,pass
2174,4656,panel,2025-05-16 20:24:46,hold
2175,4657,hiring_manager,2024-04-13 23:26:54,pass
2176,4657,hiring_manager,2024-04-13 23:26:54,hold
2177,4674,final,2024-03-23 02:25:00,pass
2178,4674,hiring_manager,2024-03-24 02:25:00,hold
2179,4676,final,2024-06-15 23:23:46,pass
2180,4676,recruiter,2024-06-14 23:23:46,pass
2181,4676,final,2024-06-19 23:23:46,pass
2182,4677,recruiter,2024-10-12 13:52:32,fail
2183,4683,recruiter,2024-11-12 17:00:22,pass
2184,4683,panel,2024-11-12 17:00:22,pass
2185,4683,recruiter,2024-11-23 17:00:22,pass
2186,4685,recruiter,2025-06-29 01:30:15,pass
2187,4689,hiring_manager,2024-04-03 15:13:58,pass
2188,4689,recruiter,2024-04-06 15:13:58,pass
2189,4691,hiring_manager,2025-03-14 03:26:50,pass
2190,4694,panel,2025-01-26 23:35:38,pass
2191,4694,final,2025-01-24 23:35:38,pass
2192,4694,hiring_manager,2025-01-29 23:35:38,pass
2193,4700,recruiter,2025-05-07 21:38:38,pass
2194,4711,panel,2025-02-14 01:28:41,pass
2195,4713,recruiter,2024-03-05 14:40:03,fail
2196,4713,final,2024-03-11 14:40:03,fail
2197,4713,final,2024-03-07 14:40:03,hold
2198,4721,final,2024-11-02 10:10:02,pass
2199,4730,panel,2025-10-14 03:42:31,pass
2200,4730,recruiter,2025-10-12 03:42:31,pass
2201,4730,hiring_manager,2025-10-26 03:42:31,pass
2202,4744,recruiter,2024-03-04 19:15:52,fail
2203,4744,hiring_manager,2024-03-09 19:15:52,pass
2204,4748,hiring_manager,2024-07-10 18:07:30,pass
2205,4762,panel,2024-03-13 10:26:14,pass
2206,4767,panel,2024-01-18 12:59:26,pass
2207,4767,hiring_manager,2024-01-28 12:59:26,pass
2208,4769,final,2025-06-23 03:11:08,pass
2209,4775,final,2025-09-21 03:17:23,pass
2210,4775,panel,2025-09-22 03:17:23,pass
2211,4775,hiring_manager,2025-09-25 03:17:23,pass
2212,4777,hiring_manager,2025-04-24 21:29:43,pass
2213,4779,final,2025-11-08 20:33:50,pass
2214,4779,panel,2025-11-14 20:33:50,pass
2215,4780,recruiter,2024-08-05 11:40:14,pass
2216,4781,panel,2026-01-31 16:09:37,pass
2217,4781,panel,2026-02-04 16:09:37,pass
2218,4781,recruiter,2026-02-03 16:09:37,pass
2219,4785,panel,2025-04-10 15:04:07,pass
2220,4787,final,2024-12-20 05:14:06,pass
2221,4788,final,2024-03-28 22:59:11,fail
2222,4788,panel,2024-03-30 22:59:11,pass
2223,4796,recruiter,2024-05-06 21:09:19,fail
2224,4796,hiring_manager,2024-05-08 21:09:19,pass
2225,4797,recruiter,2024-06-30 02:19:18,pass
2226,4797,hiring_manager,2024-07-03 02:19:18,pass
2227,4797,hiring_manager,2024-07-15 02:19:18,pass
2228,4801,final,2025-09-29 19:43:00,pass
2229,4801,recruiter,2025-10-09 19:43:00,hold
2230,4801,hiring_manager,2025-10-09 19:43:00,pass
2231,4806,panel,2025-02-19 22:04:46,pass
2232,4806,hiring_manager,2025-02-27 22:04:46,pass
2233,4806,hiring_manager,2025-03-05 22:04:46,fail
2234,4817,panel,2024-03-20 05:58:05,pass
2235,4821,final,2025-03-10 21:57:12,fail
2236,4821,panel,2025-03-08 21:57:12,pass
2237,4821,hiring_manager,2025-03-19 21:57:12,pass
2238,4825,recruiter,2025-07-31 03:42:39,fail
2239,4829,recruiter,2025-09-13 19:51:05,fail
2240,4834,panel,2024-04-01 03:55:00,pass
2241,4834,recruiter,2024-04-11 03:55:00,pass
2242,4834,hiring_manager,2024-04-05 03:55:00,pass
2243,4840,hiring_manager,2024-09-22 12:14:29,pass
2244,4840,recruiter,2024-09-28 12:14:29,pass
2245,4843,panel,2025-05-31 08:19:00,pass
2246,4843,final,2025-06-02 08:19:00,pass
2247,4847,hiring_manager,2024-11-27 13:05:08,pass
2248,4852,recruiter,2024-04-16 17:48:29,fail
2249,4853,hiring_manager,2024-09-03 02:37:51,pass
2250,4853,final,2024-09-10 02:37:51,pass
2251,4855,hiring_manager,2025-05-27 11:43:12,fail
2252,4855,hiring_manager,2025-05-31 11:43:12,pass
2253,4870,hiring_manager,2024-04-02 22:20:23,pass
2254,4876,panel,2025-08-14 12:10:49,hold
2255,4880,hiring_manager,2024-04-03 20:04:22,fail
2256,4880,final,2024-04-10 20:04:22,fail
2257,4880,hiring_manager,2024-04-18 20:04:22,pass
2258,4882,final,2025-10-05 18:06:23,fail
2259,4890,hiring_manager,2024-03-27 19:49:50,pass
2260,4891,recruiter,2025-06-08 16:06:04,pass
2261,4891,hiring_manager,2025-06-12 16:06:04,pass
2262,4908,final,2025-02-24 05:13:27,pass
2263,4908,final,2025-03-03 05:13:27,pass
2264,4908,recruiter,2025-03-02 05:13:27,fail
2265,4913,recruiter,2024-08-24 13:38:41,pass
2266,4913,final,2024-09-01 13:38:41,pass
2267,4913,recruiter,2024-08-28 13:38:41,pass
2268,4914,panel,2024-12-06 17:00:22,pass
2269,4918,final,2024-06-12 07:36:28,pass
2270,4918,recruiter,2024-06-15 07:36:28,fail
2271,4918,hiring_manager,2024-06-13 07:36:28,fail
2272,4921,recruiter,2025-04-03 16:10:15,pass
2273,4921,final,2025-04-07 16:10:15,pass
2274,4929,hiring_manager,2026-01-10 06:29:42,fail
2275,4929,panel,2026-01-18 06:29:42,pass
2276,4929,recruiter,2026-01-24 06:29:42,pass
2277,4939,final,2024-08-19 15:35:01,fail
2278,4939,final,2024-08-24 15:35:01,pass
2279,4939,final,2024-08-22 15:35:01,pass
2280,4946,panel,2024-10-22 10:51:43,pass
2281,4957,panel,2024-11-09 01:43:10,pass
2282,4957,final,2024-11-15 01:43:10,pass
2283,4957,panel,2024-11-22 01:43:10,fail
2284,4958,panel,2025-09-17 12:41:05,fail
2285,4958,final,2025-09-24 12:41:05,pass
2286,4958,panel,2025-09-18 12:41:05,pass
2287,4961,final,2025-09-24 11:13:16,pass
2288,4961,recruiter,2025-09-30 11:13:16,pass
2289,4961,panel,2025-10-06 11:13:16,hold
2290,4962,hiring_manager,2024-03-14 01:31:37,pass
2291,4962,hiring_manager,2024-03-16 01:31:37,pass
2292,4962,panel,2024-03-26 01:31:37,pass
2293,4964,hiring_manager,2025-02-18 13:42:28,pass
2294,4964,recruiter,2025-02-22 13:42:28,pass
2295,4980,panel,2025-01-28 06:04:35,pass
2296,4980,hiring_manager,2025-02-04 06:04:35,pass
2297,4985,final,2025-07-31 18:56:53,hold
2298,4989,recruiter,2024-04-04 10:53:33,hold
2299,4989,recruiter,2024-04-04 10:53:33,pass
2300,4993,final,2025-09-29 16:07:52,pass
2301,4995,recruiter,2025-12-26 16:38:19,pass
2302,4996,recruiter,2024-10-14 01:00:54,pass
2303,5003,hiring_manager,2025-02-23 07:30:20,pass
2304,5003,hiring_manager,2025-03-01 07:30:20,hold
2305,5016,panel,2024-09-30 01:45:58,pass
2306,5019,hiring_manager,2025-05-02 13:32:15,pass
2307,5019,final,2025-05-09 13:32:15,pass
2308,5019,hiring_manager,2025-05-06 13:32:15,pass
2309,5021,hiring_manager,2024-09-30 15:56:29,hold
2310,5021,hiring_manager,2024-10-02 15:56:29,pass
2311,5024,hiring_manager,2025-10-07 20:22:21,pass
2312,5024,recruiter,2025-10-09 20:22:21,fail
2313,5024,hiring_manager,2025-10-13 20:22:21,hold
2314,5026,hiring_manager,2024-11-03 01:00:54,pass
2315,5026,hiring_manager,2024-11-05 01:00:54,hold
2316,5031,hiring_manager,2024-06-27 18:24:29,pass
2317,5031,panel,2024-06-29 18:24:29,pass
2318,5031,recruiter,2024-07-03 18:24:29,hold
2319,5033,recruiter,2025-05-15 04:35:54,pass
2320,5035,hiring_manager,2024-07-04 02:52:40,pass
2321,5035,panel,2024-07-07 02:52:40,pass
2322,5035,hiring_manager,2024-07-13 02:52:40,fail
2323,5041,recruiter,2025-08-28 07:35:50,pass
2324,5041,panel,2025-09-03 07:35:50,pass
2325,5043,panel,2025-12-04 23:33:21,pass
2326,5043,final,2025-12-08 23:33:21,pass
2327,5044,panel,2025-12-06 17:26:19,pass
2328,5044,panel,2025-12-13 17:26:19,fail
2329,5044,recruiter,2025-12-19 17:26:19,pass
2330,5047,panel,2025-10-21 08:01:04,hold
2331,5047,hiring_manager,2025-10-23 08:01:04,fail
2332,5051,panel,2025-03-20 20:22:26,pass
2333,5054,recruiter,2025-09-15 11:38:26,pass
2334,5054,recruiter,2025-09-19 11:38:26,pass
2335,5057,panel,2024-05-17 08:06:36,pass
2336,5065,panel,2025-01-11 05:01:18,pass
2337,5068,panel,2025-01-10 20:46:34,hold
2338,5068,panel,2025-01-20 20:46:34,fail
2339,5068,recruiter,2025-01-17 20:46:34,pass
2340,5074,panel,2025-08-03 07:25:57,pass
2341,5075,panel,2024-05-29 14:44:11,pass
2342,5075,panel,2024-06-05 14:44:11,pass
2343,5077,final,2025-08-30 05:51:13,pass
2344,5077,final,2025-09-04 05:51:13,pass
2345,5078,recruiter,2024-09-23 03:34:25,pass
2346,5085,final,2024-07-15 22:24:22,pass
2347,5085,panel,2024-07-18 22:24:22,pass
2348,5085,hiring_manager,2024-07-21 22:24:22,hold
2349,5087,recruiter,2024-04-29 20:04:22,pass
2350,5089,recruiter,2024-06-29 14:44:11,pass
2351,5096,final,2025-12-16 08:08:51,fail
2352,5096,panel,2025-12-21 08:08:51,pass
2353,5103,panel,2024-03-23 07:31:51,fail
2354,5104,panel,2024-09-25 21:55:20,pass
2355,5104,hiring_manager,2024-09-26 21:55:20,pass
2356,5104,panel,2024-09-28 21:55:20,pass
2357,5107,panel,2025-10-16 11:56:43,pass
2358,5107,final,2025-10-15 11:56:43,hold
2359,5107,hiring_manager,2025-10-29 11:56:43,pass
2360,5117,panel,2025-08-07 18:10:31,pass
2361,5117,final,2025-08-08 18:10:31,pass
2362,5118,panel,2025-11-09 22:24:28,fail
2363,5118,panel,2025-11-13 22:24:28,pass
2364,5118,hiring_manager,2025-11-21 22:24:28,pass
2365,5122,recruiter,2025-05-23 13:34:57,pass
2366,5122,final,2025-05-29 13:34:57,pass
2367,5131,panel,2024-05-16 07:36:28,hold
2368,5131,hiring_manager,2024-05-18 07:36:28,hold
2369,5136,recruiter,2025-02-13 22:19:20,pass
2370,5144,recruiter,2025-06-27 14:11:08,pass
2371,5144,panel,2025-07-01 14:11:08,pass
2372,5150,final,2025-12-16 16:17:29,pass
2373,5156,recruiter,2025-12-12 11:47:16,pass
2374,5156,panel,2025-12-12 11:47:16,pass
2375,5156,panel,2025-12-21 11:47:16,pass
2376,5159,final,2025-04-03 05:55:46,pass
2377,5159,recruiter,2025-04-13 05:55:46,pass
2378,5159,hiring_manager,2025-04-16 05:55:46,pass
2379,5162,panel,2025-01-02 13:33:45,pass
2380,5164,hiring_manager,2025-05-02 13:56:42,pass
2381,5164,panel,2025-05-06 13:56:42,pass
2382,5175,final,2025-01-01 15:24:58,pass
2383,5175,final,2025-01-06 15:24:58,pass
2384,5176,recruiter,2024-10-18 01:00:54,pass
2385,5176,panel,2024-10-23 01:00:54,pass
2386,5177,panel,2025-08-19 11:11:32,pass
2387,5177,hiring_manager,2025-08-19 11:11:32,pass
2388,5177,panel,2025-08-28 11:11:32,pass
2389,5178,recruiter,2025-04-06 17:22:44,fail
2390,5188,hiring_manager,2024-07-06 08:21:06,pass
2391,5188,hiring_manager,2024-07-09 08:21:06,pass
2392,5192,recruiter,2025-05-21 01:11:58,hold
2393,5192,recruiter,2025-05-24 01:11:58,pass
2394,5192,final,2025-05-27 01:11:58,pass
2395,5199,final,2024-09-09 03:00:46,pass
2396,5199,final,2024-09-12 03:00:46,pass
2397,5200,hiring_manager,2025-11-17 01:28:51,pass
2398,5200,recruiter,2025-11-17 01:28:51,pass
2399,5203,recruiter,2024-09-22 05:26:11,pass
2400,5203,recruiter,2024-10-02 05:26:11,pass
2401,5209,final,2024-03-10 06:00:57,pass
2402,5209,panel,2024-03-17 06:00:57,pass
2403,5209,panel,2024-03-19 06:00:57,pass
2404,5211,final,2024-03-13 18:42:24,pass
2405,5211,final,2024-03-23 18:42:24,hold
2406,5212,final,2024-07-18 06:00:39,fail
2407,5212,hiring_manager,2024-07-22 06:00:39,pass
2408,5220,hiring_manager,2024-05-12 03:58:52,pass
2409,5222,final,2024-12-24 17:56:59,hold
2410,5222,recruiter,2025-01-01 17:56:59,pass
2411,5225,final,2025-03-16 14:49:39,hold
2412,5225,final,2025-03-24 14:49:39,hold
2413,5225,final,2025-03-27 14:49:39,pass
2414,5226,hiring_manager,2024-10-06 08:07:52,hold
2415,5226,panel,2024-10-07 08:07:52,fail
2416,5226,recruiter,2024-10-21 08:07:52,pass
2417,5236,recruiter,2024-03-15 18:42:24,pass
2418,5236,panel,2024-03-16 18:42:24,pass
2419,5241,recruiter,2024-11-23 03:27:05,hold
2420,5241,hiring_manager,2024-11-27 03:27:05,pass
2421,5241,recruiter,2024-11-28 03:27:05,pass
2422,5245,final,2025-04-02 17:52:24,pass
2423,5245,panel,2025-04-03 17:52:24,fail
2424,5245,final,2025-04-14 17:52:24,pass
2425,5246,final,2025-08-13 22:30:28,pass
2426,5252,panel,2024-02-09 18:12:47,fail
2427,5252,final,2024-02-15 18:12:47,fail
2428,5258,recruiter,2024-03-07 15:03:39,pass
2429,5258,panel,2024-03-07 15:03:39,pass
2430,5258,final,2024-03-19 15:03:39,pass
2431,5269,hiring_manager,2025-12-08 07:41:01,pass
2432,5269,hiring_manager,2025-12-06 07:41:01,pass
2433,5270,recruiter,2025-06-01 11:26:57,pass
2434,5270,recruiter,2025-06-06 11:26:57,pass
2435,5270,recruiter,2025-06-16 11:26:57,pass
2436,5275,panel,2024-02-16 13:03:33,pass
2437,5291,final,2025-04-15 21:40:21,fail
2438,5295,final,2025-01-23 07:30:20,pass
2439,5300,hiring_manager,2024-11-26 19:41:39,pass
2440,5300,final,2024-11-26 19:41:39,fail
2441,5302,recruiter,2025-02-25 22:38:37,hold
2442,5302,final,2025-02-26 22:38:37,fail
2443,5302,recruiter,2025-03-03 22:38:37,pass
2444,5303,final,2025-02-12 10:08:11,pass
2445,5303,hiring_manager,2025-02-20 10:08:11,pass
2446,5307,panel,2025-06-17 01:30:15,pass
2447,5307,hiring_manager,2025-06-18 01:30:15,pass
2448,5307,panel,2025-07-02 01:30:15,pass
2449,5312,recruiter,2024-12-08 18:47:20,pass
2450,5312,recruiter,2024-12-11 18:47:20,hold
2451,5312,hiring_manager,2024-12-15 18:47:20,pass
2452,5314,final,2025-02-15 02:59:26,pass
2453,5317,recruiter,2025-07-18 03:55:09,pass
2454,5317,final,2025-07-24 03:55:09,fail
2455,5317,panel,2025-07-23 03:55:09,pass
2456,5322,final,2025-08-30 14:20:01,pass
2457,5322,hiring_manager,2025-09-08 14:20:01,pass
2458,5322,final,2025-09-05 14:20:01,pass
2459,5333,panel,2025-03-18 15:37:50,pass
2460,5357,final,2024-04-28 08:34:44,pass
2461,5357,hiring_manager,2024-04-26 08:34:44,pass
2462,5357,hiring_manager,2024-05-07 08:34:44,fail
2463,5359,panel,2025-08-06 21:51:00,pass
2464,5359,hiring_manager,2025-08-10 21:51:00,fail
2465,5363,recruiter,2025-04-07 19:01:24,pass
2466,5363,hiring_manager,2025-04-09 19:01:24,pass
2467,5374,final,2025-08-24 04:15:00,pass
2468,5374,panel,2025-08-27 04:15:00,pass
2469,5374,final,2025-09-02 04:15:00,fail
2470,5377,panel,2024-02-09 14:40:03,pass
2471,5377,recruiter,2024-02-17 14:40:03,pass
2472,5378,final,2024-09-16 16:53:26,pass
2473,5378,panel,2024-09-25 16:53:26,pass
2474,5379,hiring_manager,2025-04-07 13:07:45,pass
2475,5379,panel,2025-04-14 13:07:45,pass
2476,5379,recruiter,2025-04-08 13:07:45,pass
2477,5381,panel,2024-07-03 07:51:21,fail
2478,5381,recruiter,2024-07-08 07:51:21,fail
2479,5381,panel,2024-07-12 07:51:21,fail
2480,5384,final,2024-03-27 10:07:59,pass
2481,5384,panel,2024-03-31 10:07:59,hold
2482,5385,panel,2025-08-29 13:36:26,pass
2483,5385,recruiter,2025-09-02 13:36:26,pass
2484,5392,hiring_manager,2024-06-07 18:15:01,pass
2485,5392,hiring_manager,2024-06-13 18:15:01,hold
2486,5392,final,2024-06-18 18:15:01,pass
2487,5398,panel,2025-09-13 00:34:31,pass
2488,5398,hiring_manager,2025-09-12 00:34:31,pass
2489,5398,final,2025-09-14 00:34:31,pass
2490,5400,recruiter,2024-02-29 18:27:50,pass
2491,5400,final,2024-03-09 18:27:50,pass
2492,5400,final,2024-03-09 18:27:50,pass
2493,5401,panel,2024-12-12 04:46:48,pass
2494,5401,panel,2024-12-20 04:46:48,hold
2495,5401,hiring_manager,2024-12-23 04:46:48,fail
2496,5408,panel,2025-05-03 04:38:16,hold
2497,5408,hiring_manager,2025-05-09 04:38:16,pass
2498,5408,panel,2025-05-06 04:38:16,hold
2499,5411,panel,2025-04-07 08:47:32,pass
2500,5411,final,2025-04-08 08:47:32,hold
2501,5411,hiring_manager,2025-04-10 08:47:32,pass
2502,5413,recruiter,2024-09-29 09:57:44,pass
2503,5413,final,2024-09-27 09:57:44,pass
2504,5413,hiring_manager,2024-10-11 09:57:44,pass
2505,5418,hiring_manager,2025-12-22 17:06:20,pass
2506,5418,hiring_manager,2025-12-24 17:06:20,pass
2507,5420,recruiter,2024-05-21 23:05:54,pass
2508,5421,panel,2025-04-03 04:36:01,pass
2509,5421,final,2025-04-05 04:36:01,fail
2510,5425,final,2025-09-18 08:01:04,pass
2511,5429,hiring_manager,2025-10-15 19:04:33,pass
2512,5430,final,2025-05-30 09:14:20,pass
2513,5437,panel,2024-02-25 17:29:39,pass
2514,5437,panel,2024-02-27 17:29:39,pass
2515,5438,hiring_manager,2025-01-19 08:05:30,fail
2516,5438,hiring_manager,2025-01-24 08:05:30,pass
2517,5438,recruiter,2025-01-31 08:05:30,hold
2518,5439,panel,2024-04-16 10:39:25,hold
2519,5440,recruiter,2024-10-29 05:04:37,pass
2520,5440,final,2024-11-04 05:04:37,pass
2521,5440,panel,2024-11-02 05:04:37,pass
2522,5441,panel,2025-05-06 10:07:29,pass
2523,5441,hiring_manager,2025-05-08 10:07:29,hold
2524,5441,hiring_manager,2025-05-06 10:07:29,pass
2525,5442,hiring_manager,2024-02-26 06:00:57,pass
2526,5444,final,2025-01-25 09:19:00,pass
2527,5444,recruiter,2025-01-30 09:19:00,pass
2528,5444,hiring_manager,2025-02-07 09:19:00,pass
2529,5454,recruiter,2025-07-25 16:31:19,pass
2530,5454,panel,2025-07-24 16:31:19,fail
2531,5454,final,2025-07-26 16:31:19,fail
2532,5457,final,2024-05-04 10:20:44,pass
2533,5457,recruiter,2024-05-12 10:20:44,hold
2534,5457,recruiter,2024-05-20 10:20:44,pass
2535,5459,final,2024-09-03 07:24:14,fail
2536,5463,final,2025-08-07 00:03:41,fail
2537,5463,panel,2025-08-11 00:03:41,fail
2538,5463,recruiter,2025-08-15 00:03:41,pass
2539,5465,recruiter,2025-04-03 10:07:29,pass
2540,5465,hiring_manager,2025-04-12 10:07:29,fail
2541,5468,recruiter,2024-11-09 01:00:54,pass
2542,5468,final,2024-11-15 01:00:54,hold
2543,5468,hiring_manager,2024-11-14 01:00:54,hold
2544,5479,panel,2024-12-26 10:31:45,pass
2545,5479,recruiter,2025-01-03 10:31:45,pass
2546,5479,final,2025-01-03 10:31:45,pass
2547,5483,recruiter,2025-04-02 12:36:32,hold
2548,5483,hiring_manager,2025-04-01 12:36:32,fail
2549,5483,final,2025-04-06 12:36:32,pass
2550,5484,recruiter,2025-06-04 08:07:18,fail
2551,5484,panel,2025-06-08 08:07:18,fail
2552,5490,final,2025-11-06 01:22:15,pass
2553,5492,final,2025-11-16 16:28:14,pass
2554,5507,recruiter,2024-04-02 19:29:33,pass
2555,5507,panel,2024-04-06 19:29:33,pass
2556,5507,recruiter,2024-04-09 19:29:33,hold
2557,5512,panel,2024-02-27 14:40:31,pass
2558,5512,hiring_manager,2024-02-29 14:40:31,hold
2559,5514,final,2024-10-23 16:04:45,pass
2560,5515,panel,2025-03-18 12:34:44,pass
2561,5515,panel,2025-03-24 12:34:44,pass
2562,5517,recruiter,2025-09-08 09:24:13,hold
2563,5520,hiring_manager,2025-08-12 07:35:50,fail
2564,5520,hiring_manager,2025-08-13 07:35:50,pass
2565,5520,recruiter,2025-08-15 07:35:50,pass
2566,5525,hiring_manager,2024-06-07 10:55:15,pass
2567,5525,recruiter,2024-06-11 10:55:15,pass
2568,5528,final,2024-04-17 19:49:50,hold
2569,5531,panel,2025-09-07 16:34:28,pass
2570,5533,final,2024-08-05 17:33:39,fail
2571,5533,final,2024-08-06 17:33:39,pass
2572,5533,panel,2024-08-17 17:33:39,pass
2573,5534,panel,2024-06-22 11:20:45,pass
2574,5548,hiring_manager,2024-04-11 19:55:02,hold
2575,5548,panel,2024-04-15 19:55:02,pass
2576,5548,panel,2024-04-13 19:55:02,pass
2577,5549,recruiter,2024-04-15 00:49:18,fail
2578,5549,hiring_manager,2024-04-14 00:49:18,pass
2579,5550,panel,2024-10-16 14:32:45,pass
2580,5550,recruiter,2024-10-25 14:32:45,pass
2581,5552,final,2024-12-06 20:15:41,pass
2582,5552,hiring_manager,2024-12-10 20:15:41,fail
2583,5557,recruiter,2025-04-02 00:32:20,fail
2584,5560,hiring_manager,2025-06-28 09:58:20,pass
2585,5560,recruiter,2025-06-26 09:58:20,pass
2586,5560,recruiter,2025-07-04 09:58:20,pass
2587,5565,recruiter,2025-08-24 21:03:04,pass
2588,5565,panel,2025-08-22 21:03:04,pass
2589,5565,final,2025-09-02 21:03:04,pass
2590,5567,recruiter,2025-11-22 21:45:08,pass
2591,5568,hiring_manager,2026-01-13 20:50:04,pass
2592,5569,final,2024-09-06 17:02:45,pass
2593,5569,hiring_manager,2024-09-12 17:02:45,pass
2594,5569,panel,2024-09-17 17:02:45,pass
2595,5574,hiring_manager,2025-05-14 16:10:15,pass
2596,5574,hiring_manager,2025-05-14 16:10:15,fail
2597,5576,recruiter,2025-12-25 13:57:17,pass
2598,5576,hiring_manager,2025-12-29 13:57:17,pass
2599,5577,hiring_manager,2025-09-10 17:53:04,fail
2600,5577,hiring_manager,2025-09-14 17:53:04,pass
2601,5577,final,2025-09-26 17:53:04,pass
2602,5579,recruiter,2024-10-11 15:56:14,pass
2603,5587,recruiter,2024-09-27 16:49:10,pass
2604,5594,final,2025-07-19 01:17:20,pass
2605,5594,hiring_manager,2025-07-28 01:17:20,pass
2606,5594,final,2025-07-28 01:17:20,fail
2607,5598,panel,2024-02-16 06:45:29,pass
2608,5598,panel,2024-02-18 06:45:29,pass
2609,5598,panel,2024-03-03 06:45:29,pass
2610,5600,panel,2025-01-04 14:52:47,pass
2611,5601,panel,2024-01-20 08:12:20,pass
2612,5606,final,2024-12-28 17:23:13,pass
2613,5606,hiring_manager,2024-12-26 17:23:13,pass
2614,5613,hiring_manager,2024-11-11 11:32:41,pass
2615,5613,final,2024-11-15 11:32:41,pass
2616,5613,panel,2024-11-14 11:32:41,fail
2617,5614,recruiter,2025-10-04 05:19:16,pass
2618,5614,recruiter,2025-10-05 05:19:16,pass
2619,5617,final,2024-08-27 22:53:52,fail
2620,5617,final,2024-09-02 22:53:52,pass
2621,5617,hiring_manager,2024-09-03 22:53:52,pass
2622,5618,hiring_manager,2025-03-02 05:32:12,pass
2623,5623,hiring_manager,2024-05-26 22:08:54,fail
2624,5624,hiring_manager,2024-07-06 18:07:30,pass
2625,5624,final,2024-07-04 18:07:30,pass
2626,5631,recruiter,2024-06-09 11:26:56,pass
2627,5635,hiring_manager,2025-05-03 13:20:29,pass
2628,5646,panel,2024-06-02 08:06:36,fail
2629,5646,hiring_manager,2024-06-04 08:06:36,pass
2630,5648,final,2025-06-24 17:25:03,pass
2631,5648,recruiter,2025-07-04 17:25:03,hold
2632,5648,final,2025-07-04 17:25:03,pass
2633,5659,panel,2025-03-29 10:07:29,pass
2634,5659,hiring_manager,2025-04-08 10:07:29,pass
2635,5666,panel,2025-09-05 03:55:09,pass
2636,5676,hiring_manager,2025-12-20 03:00:00,pass
2637,5680,recruiter,2025-09-23 11:40:39,hold
2638,5685,final,2024-03-18 18:30:40,pass
2639,5685,recruiter,2024-03-26 18:30:40,fail
2640,5685,recruiter,2024-03-29 18:30:40,pass
2641,5692,final,2024-10-14 23:39:15,pass
2642,5693,hiring_manager,2025-07-15 08:56:02,fail
2643,5693,recruiter,2025-07-25 08:56:02,pass
2644,5699,panel,2025-06-01 11:51:59,pass
2645,5705,recruiter,2025-08-29 21:22:29,pass
2646,5705,panel,2025-09-02 21:22:29,pass
2647,5709,recruiter,2024-04-03 14:44:18,pass
2648,5709,hiring_manager,2024-04-11 14:44:18,pass
2649,5709,hiring_manager,2024-04-07 14:44:18,pass
2650,5710,panel,2024-05-29 02:08:32,pass
2651,5723,panel,2026-02-10 09:37:00,pass
2652,5725,panel,2024-03-08 16:20:10,pass
2653,5725,final,2024-03-17 16:20:10,pass
2654,5732,recruiter,2025-09-22 11:36:49,pass
2655,5732,recruiter,2025-09-29 11:36:49,pass
2656,5732,final,2025-09-25 11:36:49,pass
2657,5733,final,2025-09-17 14:25:43,pass
2658,5733,recruiter,2025-09-17 14:25:43,pass
2659,5737,hiring_manager,2024-03-18 11:13:39,pass
2660,5737,panel,2024-03-19 11:13:39,pass
2661,5738,recruiter,2025-08-13 12:50:12,pass
2662,5738,recruiter,2025-08-16 12:50:12,fail
2663,5738,final,2025-08-25 12:50:12,pass
2664,5740,hiring_manager,2025-04-17 09:00:21,pass
2665,5740,panel,2025-04-18 09:00:21,fail
2666,5740,hiring_manager,2025-05-02 09:00:21,fail
2667,5745,hiring_manager,2024-11-06 14:57:39,pass
2668,5745,recruiter,2024-11-13 14:57:39,pass
2669,5745,panel,2024-11-19 14:57:39,fail
2670,5748,recruiter,2024-11-19 07:39:52,pass
2671,5748,final,2024-11-19 07:39:52,pass
2672,5748,panel,2024-11-30 07:39:52,hold
2673,5755,hiring_manager,2024-02-03 10:38:54,pass
2674,5756,recruiter,2026-01-17 10:52:10,pass
2675,5756,recruiter,2026-01-27 10:52:10,pass
2676,5756,final,2026-01-27 10:52:10,pass
2677,5758,final,2024-09-28 10:47:10,pass
2678,5758,panel,2024-10-01 10:47:10,pass
2679,5763,final,2025-11-22 02:22:05,pass
2680,5763,hiring_manager,2025-11-27 02:22:05,pass
2681,5763,recruiter,2025-11-23 02:22:05,pass
2682,5764,final,2025-09-22 07:29:37,hold
2683,5764,recruiter,2025-10-02 07:29:37,pass
2684,5770,final,2025-06-09 08:18:00,pass
2685,5770,hiring_manager,2025-06-18 08:18:00,pass
2686,5770,recruiter,2025-06-24 08:18:00,pass
2687,5785,hiring_manager,2025-06-11 08:18:00,pass
2688,5785,final,2025-06-18 08:18:00,pass
2689,5785,final,2025-06-17 08:18:00,fail
2690,5787,recruiter,2024-03-18 05:19:01,pass
2691,5792,recruiter,2024-06-17 04:23:51,pass
2692,5792,panel,2024-06-18 04:23:51,pass
2693,5797,recruiter,2025-05-03 15:20:45,pass
2694,5797,hiring_manager,2025-05-09 15:20:45,pass
2695,5798,recruiter,2024-11-05 13:03:18,fail
2696,5798,final,2024-11-08 13:03:18,pass
2697,5798,panel,2024-11-06 13:03:18,pass
2698,5804,panel,2025-12-19 00:26:09,pass
2699,5804,recruiter,2025-12-21 00:26:09,pass
2700,5804,recruiter,2025-12-27 00:26:09,pass
2701,5808,panel,2024-03-10 17:29:39,pass
2702,5809,hiring_manager,2024-09-12 12:26:03,pass
2703,5809,hiring_manager,2024-09-14 12:26:03,pass
2704,5809,final,2024-09-25 12:26:03,fail
2705,5810,panel,2025-09-21 05:26:37,pass
2706,5810,hiring_manager,2025-09-21 05:26:37,pass
2707,5811,final,2025-05-03 23:47:25,pass
2708,5811,panel,2025-05-11 23:47:25,pass
2709,5811,final,2025-05-07 23:47:25,pass
2710,5812,panel,2024-07-25 08:21:06,pass
2711,5816,final,2025-02-08 11:18:25,pass
2712,5816,hiring_manager,2025-02-10 11:18:25,fail
2713,5817,hiring_manager,2025-01-15 07:37:33,pass
2714,5817,recruiter,2025-01-21 07:37:33,pass
2715,5817,hiring_manager,2025-01-29 07:37:33,pass
2716,5823,panel,2024-11-06 15:22:09,fail
2717,5824,recruiter,2025-02-26 10:10:24,pass
2718,5824,hiring_manager,2025-03-04 10:10:24,pass
2719,5824,final,2025-03-09 10:10:24,pass
2720,5825,hiring_manager,2024-12-12 23:48:32,pass
2721,5825,hiring_manager,2024-12-20 23:48:32,pass
2722,5827,recruiter,2025-04-05 03:26:50,pass
2723,5827,hiring_manager,2025-04-03 03:26:50,pass
2724,5830,recruiter,2025-06-02 03:13:22,pass
2725,5830,recruiter,2025-06-04 03:13:22,pass
2726,5830,final,2025-06-04 03:13:22,pass
2727,5838,final,2025-03-19 09:41:42,pass
2728,5838,hiring_manager,2025-03-21 09:41:42,fail
2729,5848,recruiter,2025-04-13 16:20:26,pass
2730,5848,panel,2025-04-20 16:20:26,pass
2731,5850,recruiter,2024-04-14 07:23:38,pass
2732,5851,hiring_manager,2025-05-16 12:24:10,pass
2733,5851,hiring_manager,2025-05-24 12:24:10,hold
2734,5851,hiring_manager,2025-06-01 12:24:10,pass
2735,5853,recruiter,2024-06-04 18:37:32,pass
2736,5853,recruiter,2024-06-05 18:37:32,pass
2737,5856,hiring_manager,2024-11-13 00:05:34,pass
2738,5857,recruiter,2024-10-03 13:18:43,pass
2739,5857,hiring_manager,2024-10-04 13:18:43,hold
2740,5857,recruiter,2024-10-09 13:18:43,pass
2741,5859,recruiter,2025-02-28 16:11:48,pass
2742,5859,hiring_manager,2025-03-05 16:11:48,pass
2743,5859,final,2025-03-12 16:11:48,pass
2744,5863,final,2025-06-16 11:17:28,pass
2745,5875,final,2024-03-16 23:55:02,fail
2746,5875,recruiter,2024-03-19 23:55:02,hold
2747,5875,panel,2024-03-22 23:55:02,pass
2748,5880,final,2025-06-02 01:55:17,pass
2749,5884,hiring_manager,2024-05-14 03:39:11,pass
2750,5889,final,2025-10-29 20:55:27,pass
2751,5889,recruiter,2025-11-05 20:55:27,hold
2752,5890,hiring_manager,2025-04-19 06:49:33,pass
2753,5890,recruiter,2025-04-23 06:49:33,fail
2754,5890,recruiter,2025-04-30 06:49:33,hold
2755,5893,panel,2025-02-06 02:35:56,fail
2756,5896,hiring_manager,2024-04-04 15:12:19,pass
2757,5896,hiring_manager,2024-04-09 15:12:19,hold
2758,5897,final,2024-12-27 11:30:53,fail
2759,5897,hiring_manager,2025-01-03 11:30:53,fail
2760,5897,final,2025-01-11 11:30:53,pass
2761,5898,panel,2024-04-19 18:37:41,pass
2762,5898,panel,2024-04-27 18:37:41,pass
2763,5898,panel,2024-05-02 18:37:41,hold
2764,5901,recruiter,2025-12-24 10:34:46,hold
2765,5901,final,2025-12-25 10:34:46,pass
2766,5908,hiring_manager,2024-03-26 10:07:59,fail
2767,5908,recruiter,2024-04-02 10:07:59,pass
2768,5908,panel,2024-04-07 10:07:59,pass
2769,5916,final,2025-02-17 14:09:38,pass
2770,5916,hiring_manager,2025-02-21 14:09:38,hold
2771,5916,hiring_manager,2025-02-28 14:09:38,pass
2772,5921,panel,2024-07-03 17:53:54,pass
2773,5921,final,2024-07-11 17:53:54,fail
2774,5921,hiring_manager,2024-07-10 17:53:54,pass
2775,5929,panel,2025-10-16 09:17:32,pass
2776,5929,hiring_manager,2025-10-19 09:17:32,fail
2777,5930,recruiter,2024-10-27 00:04:34,pass
2778,5932,final,2024-03-04 23:15:21,pass
2779,5932,hiring_manager,2024-03-07 23:15:21,fail
2780,5935,panel,2024-02-27 12:04:26,pass
2781,5935,recruiter,2024-02-25 12:04:26,pass
2782,5935,final,2024-03-01 12:04:26,fail
2783,5943,final,2025-04-16 01:56:42,pass
2784,5949,recruiter,2025-12-04 16:25:13,pass
2785,5949,final,2025-12-09 16:25:13,pass
2786,5955,panel,2024-07-27 04:03:31,pass
2787,5955,recruiter,2024-07-31 04:03:31,pass
2788,5955,final,2024-08-01 04:03:31,pass
2789,5966,recruiter,2024-10-07 17:51:11,pass
2790,5966,final,2024-10-11 17:51:11,fail
2791,5966,final,2024-10-18 17:51:11,pass
2792,5969,final,2024-05-09 10:40:35,pass
2793,5969,final,2024-05-11 10:40:35,fail
2794,5969,final,2024-05-09 10:40:35,pass
2795,5971,final,2025-02-02 22:25:30,pass
2796,5985,final,2025-02-25 03:55:31,pass
2797,5990,final,2024-12-02 12:12:29,pass
2798,5992,final,2024-07-29 14:25:58,pass
2799,6000,recruiter,2025-08-01 12:26:02,pass
2800,6001,final,2025-02-10 20:46:02,pass
2801,6001,recruiter,2025-02-10 20:46:02,fail
2802,6001,final,2025-02-10 20:46:02,fail
2803,6006,hiring_manager,2024-08-23 17:03:39,pass
2804,6006,panel,2024-08-23 17:03:39,pass
2805,6006,final,2024-08-28 17:03:39,pass
2806,6010,hiring_manager,2025-10-14 09:04:20,pass
2807,6010,panel,2025-10-22 09:04:20,pass
2808,6012,recruiter,2025-04-26 04:02:24,pass
2809,6012,final,2025-05-02 04:02:24,pass
2810,6014,panel,2025-05-27 20:20:21,pass
2811,6014,final,2025-05-30 20:20:21,hold
2812,6014,recruiter,2025-06-03 20:20:21,pass
2813,6023,panel,2025-08-25 16:31:22,hold
2814,6023,panel,2025-08-26 16:31:22,pass
2815,6026,hiring_manager,2025-04-05 14:38:53,pass
2816,6026,final,2025-04-13 14:38:53,pass
2817,6031,hiring_manager,2024-08-13 13:09:46,pass
2818,6031,final,2024-08-17 13:09:46,fail
2819,6031,recruiter,2024-08-24 13:09:46,pass
2820,6032,recruiter,2024-08-30 15:13:02,pass
2821,6032,hiring_manager,2024-09-02 15:13:02,pass
2822,6041,recruiter,2024-05-28 18:37:32,pass
2823,6042,panel,2024-04-08 12:52:28,pass
2824,6042,final,2024-04-11 12:52:28,pass
2825,6042,hiring_manager,2024-04-12 12:52:28,pass
2826,6046,recruiter,2025-07-06 14:08:48,fail
2827,6054,recruiter,2024-09-13 20:01:28,pass
2828,6062,recruiter,2025-07-11 06:28:02,fail
2829,6065,final,2025-09-13 07:03:17,pass
2830,6065,panel,2025-09-11 07:03:17,pass
2831,6066,panel,2025-11-13 05:55:58,hold
2832,6066,panel,2025-11-19 05:55:58,pass
2833,6077,hiring_manager,2024-03-29 10:07:59,pass
2834,6077,hiring_manager,2024-03-31 10:07:59,pass
2835,6078,hiring_manager,2025-12-31 20:00:14,pass
2836,6079,final,2025-03-07 22:19:20,pass
2837,6079,recruiter,2025-03-16 22:19:20,fail
2838,6079,panel,2025-03-16 22:19:20,pass
2839,6084,panel,2025-09-07 21:22:29,pass
2840,6084,final,2025-09-10 21:22:29,pass
2841,6084,recruiter,2025-09-10 21:22:29,pass
2842,6088,final,2025-09-17 09:19:51,fail
2843,6088,final,2025-09-20 09:19:51,pass
2844,6092,hiring_manager,2025-07-23 05:18:49,fail
2845,6107,hiring_manager,2024-12-02 21:57:23,pass
2846,6113,hiring_manager,2024-09-12 04:50:01,fail
2847,6113,hiring_manager,2024-09-20 04:50:01,pass
2848,6113,hiring_manager,2024-09-25 04:50:01,pass
2849,6115,final,2024-02-17 01:29:30,pass
2850,6120,final,2025-03-11 22:34:01,pass
2851,6120,final,2025-03-11 22:34:01,pass
2852,6120,final,2025-03-22 22:34:01,pass
2853,6127,panel,2025-11-17 13:08:49,pass
2854,6130,recruiter,2026-02-11 03:52:44,pass
2855,6130,hiring_manager,2026-02-10 03:52:44,pass
2856,6131,hiring_manager,2024-03-03 11:13:39,pass
2857,6131,hiring_manager,2024-03-03 11:13:39,pass
2858,6132,hiring_manager,2024-09-21 09:03:30,pass
2859,6132,hiring_manager,2024-09-28 09:03:30,pass
2860,6142,final,2025-04-23 02:24:53,pass
2861,6142,hiring_manager,2025-04-29 02:24:53,pass
2862,6145,hiring_manager,2025-01-17 12:20:20,pass
2863,6145,recruiter,2025-01-26 12:20:20,pass
2864,6145,recruiter,2025-01-23 12:20:20,pass
2865,6152,hiring_manager,2024-02-09 23:15:21,fail
2866,6152,panel,2024-02-13 23:15:21,pass
2867,6152,hiring_manager,2024-02-14 23:15:21,pass
2868,6154,hiring_manager,2025-09-07 22:30:28,hold
2869,6154,panel,2025-09-17 22:30:28,pass
2870,6154,hiring_manager,2025-09-14 22:30:28,pass
2871,6157,hiring_manager,2024-09-27 08:07:52,fail
2872,6157,final,2024-10-03 08:07:52,pass
2873,6157,hiring_manager,2024-09-29 08:07:52,pass
2874,6164,final,2025-04-24 17:22:44,pass
2875,6164,panel,2025-05-02 17:22:44,pass
2876,6172,hiring_manager,2025-03-09 16:21:51,pass
2877,6172,final,2025-03-09 16:21:51,pass
2878,6172,final,2025-03-12 16:21:51,pass
2879,6177,final,2024-07-10 07:51:21,fail
2880,6183,hiring_manager,2024-04-06 23:53:38,pass
2881,6183,panel,2024-04-06 23:53:38,pass
2882,6184,final,2025-01-06 10:21:37,fail
2883,6194,hiring_manager,2024-10-21 06:45:41,pass
2884,6194,hiring_manager,2024-10-27 06:45:41,pass
2885,6195,final,2025-05-06 08:47:29,pass
2886,6195,final,2025-05-15 08:47:29,fail
2887,6195,panel,2025-05-18 08:47:29,pass
2888,6197,hiring_manager,2024-07-20 23:13:58,pass
2889,6197,hiring_manager,2024-07-22 23:13:58,pass
2890,6199,panel,2025-09-24 01:57:57,pass
2891,6199,final,2025-10-04 01:57:57,pass
2892,6199,panel,2025-10-07 01:57:57,pass
2893,6200,hiring_manager,2024-05-06 18:34:32,fail
2894,6200,hiring_manager,2024-05-08 18:34:32,pass
2895,6214,recruiter,2025-05-12 01:58:55,fail
2896,6220,hiring_manager,2025-07-28 18:24:22,pass
2897,6220,panel,2025-08-04 18:24:22,pass
2898,6221,panel,2024-05-02 18:43:46,fail
2899,6221,hiring_manager,2024-05-04 18:43:46,fail
2900,6221,panel,2024-05-08 18:43:46,pass
2901,6223,recruiter,2025-08-30 12:39:32,pass
2902,6223,hiring_manager,2025-09-05 12:39:32,pass
2903,6223,recruiter,2025-09-03 12:39:32,pass
2904,6226,recruiter,2024-11-18 13:05:08,pass
2905,6226,hiring_manager,2024-11-24 13:05:08,pass
2906,6226,final,2024-11-30 13:05:08,hold
2907,6227,final,2025-02-27 21:15:38,hold
2908,6235,recruiter,2026-01-01 15:32:57,pass
2909,6235,final,2025-12-30 15:32:57,pass
2910,6237,final,2025-08-25 15:27:21,pass
2911,6237,final,2025-08-31 15:27:21,pass
2912,6237,recruiter,2025-09-03 15:27:21,pass
2913,6239,recruiter,2024-07-06 06:00:39,pass
2914,6239,final,2024-07-10 06:00:39,pass
2915,6239,final,2024-07-22 06:00:39,pass
2916,6243,hiring_manager,2024-06-14 08:24:00,pass
2917,6243,panel,2024-06-16 08:24:00,pass
2918,6246,hiring_manager,2024-03-21 16:39:03,pass
2919,6246,recruiter,2024-03-29 16:39:03,pass
2920,6246,final,2024-04-06 16:39:03,fail
2921,6248,panel,2026-01-19 22:25:36,pass
2922,6248,panel,2026-01-27 22:25:36,pass
2923,6248,hiring_manager,2026-01-26 22:25:36,pass
2924,6250,recruiter,2024-10-22 04:56:04,hold
2925,6250,final,2024-10-21 04:56:04,pass
2926,6252,final,2025-06-17 14:04:04,fail
2927,6253,final,2024-09-05 18:44:41,pass
2928,6261,final,2024-06-12 18:34:52,hold
2929,6265,hiring_manager,2024-02-04 04:53:18,pass
2930,6271,recruiter,2025-11-04 01:50:15,pass
2931,6271,hiring_manager,2025-11-06 01:50:15,fail
2932,6271,hiring_manager,2025-11-12 01:50:15,pass
2933,6273,hiring_manager,2024-08-26 05:26:11,fail
2934,6273,recruiter,2024-08-27 05:26:11,pass
2935,6273,final,2024-09-01 05:26:11,hold
2936,6295,hiring_manager,2024-10-12 11:53:02,pass
2937,6295,recruiter,2024-10-16 11:53:02,pass
2938,6297,final,2026-01-29 07:12:35,pass
2939,6297,hiring_manager,2026-02-03 07:12:35,pass
2940,6297,hiring_manager,2026-02-08 07:12:35,pass
2941,6298,panel,2024-02-18 04:39:19,pass
2942,6306,recruiter,2025-05-20 05:07:23,pass
2943,6306,final,2025-05-21 05:07:23,hold
2944,6306,panel,2025-05-23 05:07:23,pass
2945,6307,recruiter,2024-03-10 14:03:59,fail
2946,6307,hiring_manager,2024-03-10 14:03:59,fail
2947,6315,hiring_manager,2025-11-30 17:06:20,pass
2948,6318,recruiter,2024-08-26 23:51:23,pass
2949,6318,hiring_manager,2024-08-28 23:51:23,pass
2950,6318,recruiter,2024-08-30 23:51:23,pass
2951,6319,final,2024-06-23 05:14:25,pass
2952,6319,panel,2024-07-01 05:14:25,pass
2953,6319,hiring_manager,2024-07-09 05:14:25,pass
2954,6322,panel,2025-12-14 01:39:34,fail
2955,6322,hiring_manager,2025-12-14 01:39:34,pass
2956,6325,hiring_manager,2025-07-14 06:28:02,pass
2957,6325,hiring_manager,2025-07-16 06:28:02,pass
2958,6331,recruiter,2025-09-19 20:22:21,pass
2959,6333,hiring_manager,2024-07-23 08:21:06,pass
2960,6333,panel,2024-08-02 08:21:06,fail
2961,6333,recruiter,2024-07-27 08:21:06,pass
2962,6341,recruiter,2024-06-13 18:07:39,fail
2963,6342,panel,2025-10-11 05:46:24,fail
2964,6342,final,2025-10-17 05:46:24,pass
2965,6343,recruiter,2025-03-01 16:21:35,pass
2966,6344,recruiter,2025-08-01 01:24:53,pass
2967,6344,recruiter,2025-08-03 01:24:53,fail
2968,6344,recruiter,2025-08-09 01:24:53,pass
2969,6346,final,2024-03-17 14:44:18,fail
2970,6346,final,2024-03-19 14:44:18,pass
2971,6349,recruiter,2025-12-31 03:12:22,pass
2972,6349,final,2026-01-09 03:12:22,pass
2973,6352,recruiter,2025-02-15 09:16:59,pass
2974,6352,panel,2025-02-24 09:16:59,pass
2975,6354,recruiter,2025-05-11 20:24:51,pass
2976,6356,hiring_manager,2025-08-17 21:59:26,fail
2977,6356,hiring_manager,2025-08-19 21:59:26,pass
2978,6356,panel,2025-08-29 21:59:26,pass
2979,6361,hiring_manager,2025-05-11 16:24:50,pass
2980,6361,recruiter,2025-05-12 16:24:50,pass
2981,6362,panel,2024-09-27 12:14:29,pass
2982,6362,recruiter,2024-10-07 12:14:29,pass
2983,6366,panel,2025-02-27 09:28:42,fail
2984,6370,recruiter,2025-03-18 07:10:09,pass
2985,6370,panel,2025-03-17 07:10:09,pass
2986,6370,final,2025-03-28 07:10:09,pass
2987,6383,recruiter,2024-10-09 23:10:24,hold
2988,6385,panel,2025-05-06 14:36:59,pass
2989,6386,hiring_manager,2024-11-14 04:56:04,pass
2990,6396,recruiter,2024-11-27 11:39:58,pass
2991,6396,final,2024-11-28 11:39:58,pass
2992,6397,recruiter,2025-01-24 20:54:16,pass
2993,6397,hiring_manager,2025-01-28 20:54:16,hold
2994,6398,recruiter,2025-04-24 10:05:00,pass
2995,6398,hiring_manager,2025-04-26 10:05:00,fail
2996,6400,final,2025-01-31 09:07:04,pass
2997,6400,hiring_manager,2025-02-01 09:07:04,pass
2998,6400,final,2025-02-07 09:07:04,fail
2999,6404,hiring_manager,2026-02-13 09:37:00,fail
3000,6404,panel,2026-02-19 09:37:00,pass
3001,6405,recruiter,2024-08-20 03:21:51,pass
3002,6405,panel,2024-08-20 03:21:51,pass
3003,6410,final,2025-08-27 02:57:12,pass
3004,6410,panel,2025-09-03 02:57:12,pass
3005,6412,final,2024-09-01 09:41:15,fail
3006,6412,panel,2024-08-31 09:41:15,pass
3007,6417,hiring_manager,2025-08-10 20:00:03,pass
3008,6422,recruiter,2024-04-30 15:13:58,pass
3009,6422,panel,2024-05-03 15:13:58,pass
3010,6424,hiring_manager,2025-12-22 11:25:45,pass
3011,6437,panel,2025-08-22 13:36:26,pass
3012,6443,final,2024-09-22 10:21:24,pass
3013,6443,hiring_manager,2024-09-24 10:21:24,fail
3014,6449,panel,2024-08-03 13:38:41,pass
3015,6456,panel,2025-08-15 12:26:07,pass
3016,6456,panel,2025-08-14 12:26:07,pass
3017,6456,hiring_manager,2025-08-28 12:26:07,pass
3018,6457,final,2025-03-01 23:19:17,pass
3019,6457,final,2025-03-05 23:19:17,pass
3020,6461,final,2025-12-05 16:58:32,pass
3021,6461,final,2025-12-05 16:58:32,pass
3022,6461,hiring_manager,2025-12-07 16:58:32,fail
3023,6463,panel,2024-10-27 20:08:45,pass
3024,6463,hiring_manager,2024-10-31 20:08:45,hold
3025,6463,recruiter,2024-11-12 20:08:45,pass
3026,6465,panel,2024-12-03 11:09:19,fail
3027,6465,final,2024-12-09 11:09:19,hold
3028,6474,final,2025-10-21 21:43:28,pass
3029,6474,panel,2025-10-25 21:43:28,pass
3030,6480,hiring_manager,2025-11-06 20:32:04,fail
3031,6480,recruiter,2025-11-11 20:32:04,pass
3032,6480,hiring_manager,2025-11-15 20:32:04,pass
3033,6483,final,2025-11-18 12:23:52,fail
3034,6483,panel,2025-11-18 12:23:52,fail
3035,6483,final,2025-11-23 12:23:52,pass
3036,6486,hiring_manager,2024-07-01 15:27:30,pass
3037,6488,final,2025-05-27 10:40:58,fail
3038,6491,final,2025-10-21 23:08:25,pass
3039,6491,hiring_manager,2025-10-26 23:08:25,pass
3040,6498,final,2024-03-10 23:53:38,pass
3041,6501,recruiter,2024-08-27 07:22:13,pass
3042,6501,recruiter,2024-09-01 07:22:13,pass
3043,6506,panel,2024-10-27 00:36:01,pass
3044,6506,hiring_manager,2024-10-29 00:36:01,pass
3045,6506,hiring_manager,2024-11-09 00:36:01,pass
3046,6512,recruiter,2025-02-10 22:42:07,pass
3047,6512,recruiter,2025-02-10 22:42:07,fail
3048,6516,recruiter,2025-10-19 17:42:39,pass
3049,6516,hiring_manager,2025-10-20 17:42:39,pass
3050,6517,hiring_manager,2024-04-02 02:25:00,fail
3051,6517,panel,2024-04-08 02:25:00,hold
3052,6521,panel,2025-06-15 15:14:24,pass
3053,6521,recruiter,2025-06-23 15:14:24,pass
3054,6521,recruiter,2025-06-17 15:14:24,pass
3055,6525,panel,2024-09-09 16:28:23,pass
3056,6525,hiring_manager,2024-09-12 16:28:23,pass
3057,6530,final,2025-03-03 07:24:03,pass
3058,6530,final,2025-03-04 07:24:03,pass
3059,6541,panel,2024-08-11 02:22:21,pass
3060,6542,panel,2024-06-06 01:46:13,pass
3061,6542,recruiter,2024-06-12 01:46:13,pass
3062,6550,recruiter,2025-06-22 16:06:04,pass
3063,6550,panel,2025-06-26 16:06:04,fail
3064,6556,hiring_manager,2024-07-24 23:53:29,pass
3065,6556,hiring_manager,2024-07-30 23:53:29,pass
3066,6556,panel,2024-08-06 23:53:29,fail
3067,6559,panel,2024-12-26 09:06:28,pass
3068,6559,final,2024-12-28 09:06:28,pass
3069,6563,hiring_manager,2024-04-04 09:21:44,pass
3070,6570,hiring_manager,2024-08-13 18:31:52,fail
3071,6570,final,2024-08-17 18:31:52,hold
3072,6572,final,2024-03-07 23:53:38,hold
3073,6581,panel,2025-02-03 01:50:43,pass
3074,6581,final,2025-02-09 01:50:43,pass
3075,6593,hiring_manager,2025-04-01 11:18:11,pass
3076,6599,panel,2025-11-20 08:49:21,fail
3077,6600,hiring_manager,2025-07-20 17:45:09,pass
3078,6600,recruiter,2025-07-20 17:45:09,pass
3079,6600,recruiter,2025-07-23 17:45:09,fail
3080,6601,recruiter,2025-12-04 08:09:55,pass
3081,6601,recruiter,2025-12-04 08:09:55,pass
3082,6601,panel,2025-12-12 08:09:55,fail
3083,6604,final,2024-02-13 10:38:54,pass
3084,6609,recruiter,2024-03-14 02:27:03,fail
3085,6609,final,2024-03-14 02:27:03,pass
3086,6609,final,2024-03-14 02:27:03,fail
3087,6610,recruiter,2025-01-28 05:51:12,pass
3088,6622,hiring_manager,2024-07-06 14:50:41,pass
3089,6622,final,2024-07-04 14:50:41,fail
3090,6622,final,2024-07-18 14:50:41,pass
3091,6626,hiring_manager,2025-06-21 17:25:03,pass
3092,6626,final,2025-06-21 17:25:03,pass
3093,6629,panel,2024-12-25 14:52:47,pass
3094,6629,hiring_manager,2024-12-30 14:52:47,pass
3095,6630,panel,2025-02-27 23:35:40,pass
3096,6630,final,2025-02-28 23:35:40,pass
3097,6630,panel,2025-03-11 23:35:40,pass
3098,6640,recruiter,2024-02-11 18:49:07,pass
3099,6640,final,2024-02-15 18:49:07,pass
3100,6640,final,2024-02-11 18:49:07,pass
3101,6644,final,2025-11-04 07:02:40,pass
3102,6644,recruiter,2025-11-03 07:02:40,pass
3103,6645,recruiter,2025-08-25 20:49:26,pass
3104,6645,final,2025-08-31 20:49:26,fail
3105,6645,final,2025-09-01 20:49:26,pass
3106,6647,hiring_manager,2024-04-29 17:47:12,pass
3107,6647,recruiter,2024-05-02 17:47:12,pass
3108,6647,recruiter,2024-05-12 17:47:12,pass
3109,6649,final,2025-01-22 07:30:24,pass
3110,6649,recruiter,2025-01-24 07:30:24,pass
3111,6649,panel,2025-01-22 07:30:24,pass
3112,6650,panel,2024-03-16 22:44:17,pass
3113,6656,final,2025-03-06 01:30:35,pass
3114,6656,recruiter,2025-03-06 01:30:35,pass
3115,6659,hiring_manager,2025-04-12 21:29:43,pass
3116,6659,final,2025-04-16 21:29:43,pass
3117,6659,panel,2025-04-17 21:29:43,pass
3118,6661,final,2025-08-09 10:55:59,pass
3119,6661,hiring_manager,2025-08-08 10:55:59,pass
3120,6662,final,2024-07-13 02:09:52,pass
3121,6662,panel,2024-07-19 02:09:52,pass
3122,6662,hiring_manager,2024-07-29 02:09:52,pass
3123,6665,recruiter,2025-04-07 11:34:48,pass
3124,6665,panel,2025-04-10 11:34:48,hold
3125,6665,final,2025-04-20 11:34:48,pass
3126,6669,hiring_manager,2025-06-26 18:49:47,pass
3127,6669,panel,2025-07-06 18:49:47,pass
3128,6672,panel,2024-03-12 03:06:15,pass
3129,6672,panel,2024-03-13 03:06:15,pass
3130,6672,final,2024-03-18 03:06:15,pass
3131,6675,final,2024-10-06 06:32:21,hold
3132,6675,final,2024-10-10 06:32:21,fail
3133,6675,panel,2024-10-19 06:32:21,fail
3134,6677,recruiter,2024-05-01 08:16:53,hold
3135,6685,recruiter,2025-03-24 02:49:51,fail
3136,6685,recruiter,2025-03-26 02:49:51,pass
3137,6685,hiring_manager,2025-03-28 02:49:51,pass
3138,6688,final,2024-07-21 16:28:37,fail
3139,6688,recruiter,2024-07-26 16:28:37,fail
3140,6688,recruiter,2024-07-27 16:28:37,pass
3141,6723,hiring_manager,2025-06-24 23:19:08,pass
3142,6723,recruiter,2025-06-30 23:19:08,pass
3143,6726,hiring_manager,2025-10-06 21:10:19,pass
3144,6726,recruiter,2025-10-10 21:10:19,pass
3145,6726,final,2025-10-06 21:10:19,pass
3146,6727,panel,2024-06-09 07:05:23,pass
3147,6738,recruiter,2024-02-25 06:54:27,pass
3148,6738,final,2024-03-03 06:54:27,pass
3149,6747,panel,2024-03-09 04:39:19,pass
3150,6747,panel,2024-03-15 04:39:19,pass
3151,6747,hiring_manager,2024-03-14 04:39:19,pass
3152,6749,final,2024-03-17 16:03:34,pass
3153,6750,final,2025-03-21 12:33:05,pass
3154,6750,final,2025-03-24 12:33:05,pass
3155,6750,recruiter,2025-04-05 12:33:05,pass
3156,6753,final,2024-12-14 05:13:14,pass
3157,6753,hiring_manager,2024-12-12 05:13:14,pass
3158,6766,recruiter,2025-08-28 21:51:00,pass
3159,6767,final,2026-01-12 11:01:06,pass
3160,6768,recruiter,2025-10-27 17:37:09,pass
3161,6768,final,2025-11-04 17:37:09,pass
3162,6768,hiring_manager,2025-11-07 17:37:09,pass
3163,6771,panel,2025-06-22 04:06:19,fail
3164,6771,hiring_manager,2025-06-27 04:06:19,fail
3165,6771,recruiter,2025-07-05 04:06:19,hold
3166,6779,hiring_manager,2025-12-08 17:53:16,pass
3167,6779,recruiter,2025-12-15 17:53:16,pass
3168,6781,final,2024-09-11 06:15:12,pass
3169,6781,hiring_manager,2024-09-19 06:15:12,pass
3170,6781,hiring_manager,2024-09-24 06:15:12,pass
3171,6784,hiring_manager,2025-09-11 21:10:19,fail
3172,6792,recruiter,2024-08-15 15:07:04,pass
3173,6792,panel,2024-08-21 15:07:04,pass
3174,6792,hiring_manager,2024-08-21 15:07:04,pass
3175,6802,final,2024-04-08 05:35:58,pass
3176,6804,hiring_manager,2024-03-18 15:25:06,pass
3177,6804,final,2024-03-25 15:25:06,pass
3178,6805,panel,2025-01-17 17:02:42,pass
3179,6811,panel,2024-08-12 04:00:56,pass
3180,6816,hiring_manager,2024-06-29 14:16:53,fail
3181,6816,recruiter,2024-07-04 14:16:53,pass
3182,6816,recruiter,2024-07-02 14:16:53,pass
3183,6821,recruiter,2025-07-06 13:08:05,pass
3184,6821,final,2025-07-07 13:08:05,pass
3185,6821,panel,2025-07-18 13:08:05,hold
3186,6822,recruiter,2025-03-31 08:15:32,fail
3187,6825,hiring_manager,2024-12-17 11:13:05,pass
3188,6825,panel,2024-12-24 11:13:05,pass
3189,6829,panel,2025-07-19 12:04:14,pass
3190,6829,hiring_manager,2025-07-25 12:04:14,fail
3191,6829,hiring_manager,2025-07-29 12:04:14,pass
3192,6830,final,2025-12-30 23:41:49,fail
3193,6830,panel,2026-01-06 23:41:49,pass
3194,6830,recruiter,2025-12-31 23:41:49,hold
3195,6846,panel,2025-08-26 04:29:11,pass
3196,6848,panel,2025-10-13 20:22:21,fail
3197,6848,recruiter,2025-10-15 20:22:21,hold
3198,6848,final,2025-10-21 20:22:21,pass
3199,6851,final,2024-02-28 23:00:55,pass
3200,6854,recruiter,2024-12-01 07:39:52,pass
3201,6854,hiring_manager,2024-12-11 07:39:52,pass
3202,6855,final,2025-08-21 15:16:15,pass
3203,6856,panel,2025-08-15 10:10:49,pass
3204,6859,panel,2024-04-02 23:00:55,pass
3205,6859,hiring_manager,2024-04-05 23:00:55,fail
3206,6859,panel,2024-04-12 23:00:55,pass
3207,6860,recruiter,2025-05-22 16:02:29,fail
3208,6862,hiring_manager,2024-05-25 11:53:25,pass
3209,6862,panel,2024-05-25 11:53:25,pass
3210,6866,final,2024-04-10 18:30:40,pass
3211,6867,recruiter,2024-06-15 01:22:44,pass
3212,6867,hiring_manager,2024-06-18 01:22:44,pass
3213,6867,hiring_manager,2024-06-21 01:22:44,pass
3214,6868,final,2025-09-03 14:51:42,pass
3215,6868,recruiter,2025-09-05 14:51:42,fail
3216,6875,recruiter,2025-06-25 20:39:07,pass
3217,6879,final,2024-06-03 09:35:54,pass
3218,6879,panel,2024-06-10 09:35:54,pass
3219,6879,recruiter,2024-06-09 09:35:54,fail
3220,6885,hiring_manager,2024-04-21 09:12:43,pass
3221,6885,final,2024-04-25 09:12:43,pass
3222,6888,recruiter,2025-05-18 17:56:26,pass
3223,6893,final,2025-09-08 14:51:42,pass
3224,6894,recruiter,2024-05-18 15:23:23,pass
3225,6894,final,2024-05-22 15:23:23,pass
3226,6894,recruiter,2024-05-27 15:23:23,hold
3227,6900,panel,2025-02-02 22:59:06,fail
3228,6900,final,2025-02-10 22:59:06,pass
3229,6900,panel,2025-02-15 22:59:06,hold
3230,6901,panel,2025-03-11 01:37:53,fail
3231,6901,hiring_manager,2025-03-18 01:37:53,fail
3232,6903,panel,2025-05-23 02:49:34,pass
3233,6905,recruiter,2024-02-25 15:34:39,fail
3234,6905,final,2024-03-02 15:34:39,pass
3235,6908,panel,2025-04-21 21:39:57,fail
3236,6908,panel,2025-04-22 21:39:57,pass
3237,6908,final,2025-05-01 21:39:57,fail
3238,6909,final,2024-10-04 12:01:01,pass
3239,6909,recruiter,2024-10-10 12:01:01,pass
3240,6910,final,2025-04-23 03:48:44,hold
3241,6912,final,2025-07-09 05:05:55,pass
3242,6912,final,2025-07-11 05:05:55,hold
3243,6915,hiring_manager,2024-07-25 03:28:08,pass
3244,6915,final,2024-07-25 03:28:08,hold
3245,6916,recruiter,2024-03-03 10:22:06,hold
3246,6917,hiring_manager,2026-02-16 09:11:29,pass
3247,6917,hiring_manager,2026-02-18 09:11:29,pass
3248,6928,hiring_manager,2024-10-04 01:43:47,pass
3249,6931,hiring_manager,2024-04-18 16:15:04,pass
3250,6931,final,2024-04-18 16:15:04,hold
3251,6931,recruiter,2024-04-29 16:15:04,pass
3252,6932,panel,2024-07-07 14:06:07,fail
3253,6932,final,2024-07-10 14:06:07,pass
3254,6934,recruiter,2025-06-12 16:25:08,pass
3255,6934,hiring_manager,2025-06-17 16:25:08,pass
3256,6934,panel,2025-06-22 16:25:08,pass
3257,6940,recruiter,2024-11-27 04:07:43,fail
3258,6940,recruiter,2024-11-29 04:07:43,pass
3259,6943,panel,2025-10-03 12:47:08,pass
3260,6951,final,2025-09-02 20:22:31,fail
3261,6951,recruiter,2025-09-06 20:22:31,pass
3262,6952,final,2024-12-11 11:39:58,pass
3263,6952,recruiter,2024-12-15 11:39:58,pass
3264,6963,panel,2025-10-05 19:15:57,fail
3265,6963,hiring_manager,2025-10-12 19:15:57,pass
3266,6964,final,2024-06-28 07:39:26,pass
3267,6964,panel,2024-06-28 07:39:26,pass
3268,6965,final,2024-05-11 09:20:12,pass
3269,6965,recruiter,2024-05-21 09:20:12,pass
3270,6965,panel,2024-05-21 09:20:12,pass
3271,6973,recruiter,2024-11-26 21:07:55,pass
3272,6973,recruiter,2024-11-30 21:07:55,pass
3273,6978,recruiter,2025-05-26 23:47:25,fail
3274,6978,final,2025-06-05 23:47:25,pass
3275,6978,recruiter,2025-06-02 23:47:25,pass
3276,6994,recruiter,2024-11-20 10:49:47,hold
3277,6994,final,2024-11-28 10:49:47,pass
3278,6994,recruiter,2024-11-24 10:49:47,pass
3279,7018,hiring_manager,2025-01-23 10:10:24,pass
3280,7018,recruiter,2025-01-25 10:10:24,pass
3281,7034,final,2025-07-21 18:10:31,pass
3282,7036,panel,2025-02-22 05:16:43,pass
3283,7036,recruiter,2025-02-28 05:16:43,hold
3284,7038,final,2024-07-23 06:26:05,pass
3285,7038,panel,2024-07-29 06:26:05,pass
3286,7038,final,2024-07-30 06:26:05,pass
3287,7040,hiring_manager,2024-02-17 17:24:04,hold
3288,7044,panel,2024-07-05 07:27:34,pass
3289,7044,final,2024-07-11 07:27:34,pass
3290,7044,panel,2024-07-12 07:27:34,fail
3291,7048,panel,2024-08-30 23:51:23,pass
3292,7051,final,2025-06-20 09:06:07,pass
3293,7052,panel,2024-08-03 12:44:49,pass
3294,7054,final,2024-07-21 04:47:51,pass
3295,7054,hiring_manager,2024-07-26 04:47:51,hold
3296,7058,final,2024-08-24 01:42:41,hold
3297,7076,recruiter,2024-10-05 04:23:31,pass
3298,7076,panel,2024-10-11 04:23:31,pass
3299,7079,hiring_manager,2025-03-13 20:43:34,pass
3300,7079,recruiter,2025-03-23 20:43:34,hold
3301,7079,recruiter,2025-03-20 20:43:34,pass
3302,7090,panel,2025-03-15 09:07:04,fail
3303,7090,panel,2025-03-15 09:07:04,pass
3304,7097,final,2024-12-24 04:07:55,hold
3305,7100,panel,2024-06-24 12:44:49,fail
3306,7100,recruiter,2024-06-27 12:44:49,hold
3307,7104,panel,2024-04-14 14:49:52,fail
3308,7117,panel,2026-01-07 21:34:34,hold
3309,7119,hiring_manager,2024-11-25 01:09:08,pass
3310,7119,final,2024-11-23 01:09:08,pass
3311,7119,final,2024-11-28 01:09:08,fail
3312,7121,final,2024-03-18 05:44:48,hold
3313,7127,panel,2024-05-15 05:40:19,pass
3314,7127,panel,2024-05-16 05:40:19,fail
3315,7127,hiring_manager,2024-05-22 05:40:19,pass
3316,7130,recruiter,2024-10-02 21:36:52,pass
3317,7130,hiring_manager,2024-10-07 21:36:52,hold
3318,7138,hiring_manager,2024-09-05 23:32:28,hold
3319,7138,hiring_manager,2024-09-14 23:32:28,pass
3320,7138,final,2024-09-20 23:32:28,fail
3321,7139,final,2025-11-03 03:11:36,pass
3322,7151,panel,2025-01-18 08:05:30,pass
3323,7151,panel,2025-01-23 08:05:30,pass
3324,7155,recruiter,2025-05-29 23:56:52,pass
3325,7155,final,2025-05-31 23:56:52,pass
3326,7155,final,2025-05-31 23:56:52,fail
3327,7160,final,2024-08-11 07:04:54,fail
3328,7160,panel,2024-08-15 07:04:54,fail
3329,7160,panel,2024-08-11 07:04:54,pass
3330,7162,hiring_manager,2024-08-30 21:11:06,pass
3331,7162,hiring_manager,2024-09-07 21:11:06,pass
3332,7162,hiring_manager,2024-09-04 21:11:06,pass
3333,7170,final,2025-08-03 05:41:38,pass
3334,7178,recruiter,2024-07-12 09:18:30,pass
3335,7178,hiring_manager,2024-07-21 09:18:30,pass
3336,7178,final,2024-07-18 09:18:30,pass
3337,7185,panel,2024-05-24 14:43:30,pass
3338,7185,recruiter,2024-05-30 14:43:30,pass
3339,7185,panel,2024-06-01 14:43:30,pass
3340,7189,recruiter,2024-08-16 22:26:06,pass
3341,7189,recruiter,2024-08-18 22:26:06,fail
3342,7189,hiring_manager,2024-08-23 22:26:06,pass
3343,7198,hiring_manager,2025-10-22 03:40:14,pass
3344,7201,hiring_manager,2025-07-19 02:51:00,pass
3345,7201,final,2025-07-28 02:51:00,pass
3346,7207,hiring_manager,2024-09-01 17:36:41,pass
3347,7207,final,2024-09-03 17:36:41,pass
3348,7207,hiring_manager,2024-09-06 17:36:41,pass
3349,7211,hiring_manager,2025-01-11 10:21:37,pass
3350,7211,hiring_manager,2025-01-17 10:21:37,pass
3351,7215,hiring_manager,2024-12-03 13:33:45,fail
3352,7215,recruiter,2024-12-07 13:33:45,pass
3353,7222,hiring_manager,2025-06-19 18:56:53,pass
3354,7222,recruiter,2025-06-24 18:56:53,fail
3355,7227,hiring_manager,2025-10-07 18:37:37,fail
3356,7227,recruiter,2025-10-08 18:37:37,pass
3357,7228,hiring_manager,2025-07-12 23:56:52,pass
3358,7234,final,2025-08-31 12:50:12,hold
3359,7234,final,2025-08-29 12:50:12,pass
3360,7244,hiring_manager,2025-10-02 07:01:35,pass
3361,7244,hiring_manager,2025-10-03 07:01:35,pass
3362,7250,final,2024-05-10 11:17:46,pass
3363,7259,hiring_manager,2025-02-11 23:55:16,fail
3364,7259,final,2025-02-20 23:55:16,fail
3365,7265,hiring_manager,2024-03-20 13:19:31,pass
3366,7265,recruiter,2024-03-24 13:19:31,pass
3367,7267,recruiter,2024-03-18 06:31:13,hold
3368,7267,hiring_manager,2024-03-25 06:31:13,fail
3369,7270,final,2024-02-27 04:11:11,fail
3370,7270,final,2024-03-02 04:11:11,pass
3371,7270,recruiter,2024-03-10 04:11:11,pass
3372,7272,panel,2024-07-31 13:38:18,pass
3373,7277,panel,2024-02-14 00:23:25,pass
3374,7277,hiring_manager,2024-02-24 00:23:25,pass
3375,7277,hiring_manager,2024-02-21 00:23:25,pass
3376,7285,hiring_manager,2024-02-12 08:50:44,pass
3377,7285,panel,2024-02-17 08:50:44,pass
3378,7286,recruiter,2025-01-27 02:48:31,hold
3379,7286,recruiter,2025-02-02 02:48:31,pass
3380,7287,recruiter,2025-04-27 23:47:25,pass
3381,7287,recruiter,2025-05-05 23:47:25,pass
3382,7290,hiring_manager,2025-10-29 17:12:03,pass
3383,7290,final,2025-10-29 17:12:03,pass
3384,7296,recruiter,2024-03-17 18:07:52,pass
3385,7298,final,2025-05-21 13:59:57,fail
3386,7300,hiring_manager,2025-04-13 16:24:50,pass
3387,7300,recruiter,2025-04-19 16:24:50,pass
3388,7301,hiring_manager,2025-10-08 05:46:24,fail
3389,7301,final,2025-10-14 05:46:24,fail
3390,7301,hiring_manager,2025-10-14 05:46:24,pass
3391,7306,recruiter,2025-01-29 07:18:51,fail
3392,7306,final,2025-01-27 07:18:51,pass
3393,7306,hiring_manager,2025-02-01 07:18:51,pass
3394,7314,hiring_manager,2025-03-13 01:58:48,hold
3395,7314,final,2025-03-16 01:58:48,pass
3396,7315,hiring_manager,2026-02-15 07:48:29,pass
3397,7315,hiring_manager,2026-02-18 07:48:29,pass
3398,7320,hiring_manager,2025-12-08 06:22:28,hold
3399,7320,recruiter,2025-12-12 06:22:28,pass
3400,7320,hiring_manager,2025-12-16 06:22:28,pass
3401,7321,panel,2025-11-16 17:37:09,pass
3402,7327,panel,2024-07-13 01:37:59,hold
3403,7327,recruiter,2024-07-22 01:37:59,pass
3404,7331,hiring_manager,2024-11-07 02:50:14,pass
3405,7332,hiring_manager,2025-12-27 03:43:06,pass
3406,7332,recruiter,2026-01-04 03:43:06,pass
3407,7332,hiring_manager,2026-01-03 03:43:06,pass
3408,7340,panel,2024-12-07 02:15:11,pass
3409,7340,hiring_manager,2024-12-17 02:15:11,pass
3410,7340,panel,2024-12-14 02:15:11,hold
3411,7343,hiring_manager,2024-03-16 02:27:03,pass
3412,7343,hiring_manager,2024-03-26 02:27:03,fail
3413,7343,panel,2024-03-26 02:27:03,fail
3414,7344,hiring_manager,2024-08-18 00:24:37,hold
3415,7345,final,2025-10-10 08:41:06,pass
3416,7349,recruiter,2024-10-08 01:01:58,fail
3417,7349,panel,2024-10-10 01:01:58,pass
3418,7369,hiring_manager,2025-02-22 10:08:11,fail
3419,7372,recruiter,2024-07-26 15:10:24,pass
3420,7373,panel,2025-08-25 17:30:28,fail
3421,7373,recruiter,2025-08-29 17:30:28,pass
3422,7373,panel,2025-09-05 17:30:28,pass
3423,7376,hiring_manager,2025-11-14 23:29:20,fail
3424,7376,final,2025-11-14 23:29:20,pass
3425,7376,hiring_manager,2025-11-28 23:29:20,pass
3426,7377,recruiter,2024-12-01 11:21:12,pass
3427,7378,panel,2025-09-05 02:56:32,pass
3428,7378,hiring_manager,2025-09-07 02:56:32,fail
3429,7379,final,2026-01-27 19:00:16,pass
3430,7379,panel,2026-02-04 19:00:16,pass
3431,7384,panel,2024-04-23 12:38:30,pass
3432,7384,final,2024-04-23 12:38:30,pass
3433,7384,recruiter,2024-04-25 12:38:30,pass
3434,7393,hiring_manager,2025-03-20 14:43:41,pass
3435,7395,final,2025-06-30 05:05:55,pass
3436,7395,final,2025-07-02 05:05:55,pass
3437,7395,panel,2025-07-03 05:05:55,fail
3438,7404,final,2025-10-01 01:57:57,hold
3439,7404,panel,2025-10-03 01:57:57,hold
3440,7404,final,2025-10-01 01:57:57,pass
3441,7418,hiring_manager,2025-04-07 01:58:48,fail
3442,7418,panel,2025-04-11 01:58:48,pass
3443,7418,hiring_manager,2025-04-19 01:58:48,pass
3444,7428,panel,2025-11-10 13:51:55,hold
3445,7431,hiring_manager,2025-07-28 19:32:07,pass
3446,7431,recruiter,2025-08-04 19:32:07,pass
3447,7435,recruiter,2025-12-21 19:00:16,pass
3448,7443,hiring_manager,2024-04-25 21:06:57,pass
3449,7443,panel,2024-04-26 21:06:57,pass
3450,7443,hiring_manager,2024-04-26 21:06:57,pass
3451,7445,final,2025-09-09 09:24:13,pass
3452,7448,hiring_manager,2025-11-20 11:56:43,pass
3453,7451,panel,2025-07-25 21:16:06,fail
3454,7452,final,2024-02-26 14:40:03,pass
3455,7452,hiring_manager,2024-02-29 14:40:03,pass
3456,7452,hiring_manager,2024-02-29 14:40:03,pass
3457,7453,panel,2024-05-04 23:05:54,pass
3458,7459,hiring_manager,2025-03-22 09:41:42,pass
3459,7461,final,2024-11-09 06:01:53,fail
3460,7461,recruiter,2024-11-16 06:01:53,pass
3461,7467,panel,2025-02-26 11:54:01,pass
3462,7467,recruiter,2025-02-26 11:54:01,pass
3463,7467,hiring_manager,2025-03-07 11:54:01,pass
3464,7484,recruiter,2024-04-04 19:55:02,pass
3465,7488,panel,2025-11-02 07:26:54,pass
3466,7490,panel,2025-12-01 20:27:38,hold
3467,7490,panel,2025-12-11 20:27:38,pass
3468,7491,recruiter,2025-10-01 19:43:00,pass
3469,7491,hiring_manager,2025-09-30 19:43:00,pass
3470,7493,final,2024-05-03 08:34:44,hold
3471,7493,recruiter,2024-05-04 08:34:44,hold
3472,7493,final,2024-05-04 08:34:44,pass
3473,7501,recruiter,2025-03-21 17:47:54,pass
3474,7501,hiring_manager,2025-03-28 17:47:54,pass
3475,7501,hiring_manager,2025-03-22 17:47:54,pass
3476,7507,final,2024-12-28 13:24:28,fail
3477,7507,final,2025-01-04 13:24:28,pass
3478,7513,recruiter,2025-06-12 18:33:26,pass
3479,7513,recruiter,2025-06-14 18:33:26,pass
3480,7529,recruiter,2024-08-26 19:56:28,fail
3481,7531,recruiter,2024-04-13 10:16:36,hold
3482,7531,panel,2024-04-13 10:16:36,pass
3483,7531,hiring_manager,2024-04-27 10:16:36,pass
3484,7534,recruiter,2024-04-25 15:13:58,pass
3485,7534,hiring_manager,2024-04-26 15:13:58,hold
3486,7534,final,2024-05-10 15:13:58,fail
3487,7537,panel,2025-01-01 01:17:46,pass
3488,7539,hiring_manager,2025-05-25 20:24:51,pass
3489,7545,panel,2024-03-02 03:41:51,fail
3490,7547,recruiter,2025-12-18 07:47:54,pass
3491,7547,final,2025-12-26 07:47:54,pass
3492,7547,panel,2025-12-26 07:47:54,pass
3493,7550,recruiter,2024-05-18 07:31:16,pass
3494,7550,hiring_manager,2024-05-19 07:31:16,hold
3495,7550,panel,2024-05-28 07:31:16,pass
3496,7551,final,2024-02-26 17:47:50,pass
3497,7551,recruiter,2024-03-03 17:47:50,hold
3498,7551,hiring_manager,2024-02-29 17:47:50,pass
3499,7553,panel,2025-09-21 03:30:30,pass
3500,7553,recruiter,2025-09-28 03:30:30,pass
3501,7553,panel,2025-10-03 03:30:30,pass
3502,7559,final,2025-10-30 19:43:00,pass
3503,7559,final,2025-11-05 19:43:00,pass
3504,7562,hiring_manager,2025-08-28 15:16:15,pass
3505,7567,panel,2025-09-29 07:01:35,pass
3506,7567,panel,2025-10-06 07:01:35,pass
3507,7582,panel,2025-07-27 05:59:34,pass
3508,7593,panel,2024-04-27 02:27:03,pass
3509,7593,recruiter,2024-05-03 02:27:03,pass
3510,7593,final,2024-04-27 02:27:03,pass
3511,7596,panel,2024-12-27 10:21:37,fail
3512,7596,recruiter,2025-01-03 10:21:37,hold
3513,7604,final,2024-09-23 23:57:38,hold
3514,7604,recruiter,2024-10-03 23:57:38,pass
3515,7604,panel,2024-10-09 23:57:38,pass
3516,7615,hiring_manager,2025-09-06 16:31:22,pass
3517,7615,final,2025-09-09 16:31:22,pass
3518,7615,recruiter,2025-09-19 16:31:22,hold
3519,7617,hiring_manager,2025-03-13 19:01:24,pass
3520,7625,hiring_manager,2025-11-12 14:06:18,pass
3521,7625,panel,2025-11-17 14:06:18,pass
3522,7625,panel,2025-11-16 14:06:18,pass
3523,7627,hiring_manager,2025-05-11 07:24:28,fail
3524,7627,final,2025-05-15 07:24:28,pass
3525,7627,final,2025-05-27 07:24:28,pass
3526,7634,recruiter,2026-01-17 11:01:06,pass
3527,7634,final,2026-01-22 11:01:06,fail
3528,7634,hiring_manager,2026-02-01 11:01:06,fail
3529,7637,hiring_manager,2024-02-24 15:25:06,pass
3530,7637,panel,2024-03-01 15:25:06,pass
3531,7637,panel,2024-02-27 15:25:06,pass
3532,7643,recruiter,2024-03-08 06:51:04,pass
3533,7643,recruiter,2024-03-12 06:51:04,pass
3534,7643,final,2024-03-20 06:51:04,pass
3535,7644,recruiter,2025-07-19 06:18:50,pass
3536,7644,hiring_manager,2025-07-22 06:18:50,hold
3537,7647,panel,2026-01-24 11:01:06,pass
3538,7647,panel,2026-01-30 11:01:06,pass
3539,7647,panel,2026-01-29 11:01:06,pass
3540,7657,recruiter,2024-04-30 22:58:48,pass
3541,7657,recruiter,2024-05-05 22:58:48,hold
3542,7665,final,2025-08-20 21:10:09,pass
3543,7667,panel,2024-10-01 03:43:41,pass
3544,7668,recruiter,2024-10-25 13:18:43,hold
3545,7674,hiring_manager,2024-04-23 15:12:19,fail
3546,7676,hiring_manager,2025-06-24 18:58:24,pass
3547,7682,recruiter,2025-02-05 00:11:19,pass
3548,7682,final,2025-02-05 00:11:19,pass
3549,7682,panel,2025-02-14 00:11:19,pass
3550,7687,hiring_manager,2025-07-30 14:03:41,pass
3551,7687,final,2025-08-02 14:03:41,pass
3552,7691,panel,2025-01-31 21:52:30,pass
3553,7691,final,2025-02-08 21:52:30,hold
3554,7691,panel,2025-02-02 21:52:30,pass
3555,7695,recruiter,2025-04-02 08:07:50,pass
3556,7696,hiring_manager,2024-11-19 13:07:42,pass
3557,7696,hiring_manager,2024-11-23 13:07:42,fail
3558,7718,final,2025-04-15 05:55:46,pass
3559,7722,final,2025-10-11 01:25:19,pass
3560,7722,hiring_manager,2025-10-12 01:25:19,pass
3561,7735,recruiter,2024-04-28 06:59:09,pass
3562,7735,recruiter,2024-05-04 06:59:09,hold
3563,7737,recruiter,2025-09-11 05:08:33,pass
3564,7737,recruiter,2025-09-10 05:08:33,pass
3565,7737,hiring_manager,2025-09-21 05:08:33,pass
3566,7746,hiring_manager,2024-09-10 19:56:28,pass
3567,7747,final,2024-11-08 07:39:52,pass
3568,7747,hiring_manager,2024-11-13 07:39:52,pass
3569,7747,panel,2024-11-15 07:39:52,pass
3570,7748,final,2025-11-25 08:49:21,pass
3571,7748,final,2025-11-25 08:49:21,pass
3572,7751,panel,2025-06-19 13:35:39,pass
3573,7754,final,2025-10-14 05:19:16,pass
3574,7754,hiring_manager,2025-10-19 05:19:16,pass
3575,7754,hiring_manager,2025-10-24 05:19:16,pass
3576,7759,final,2025-07-23 08:33:03,pass
3577,7774,hiring_manager,2025-04-01 02:30:27,pass
3578,7774,panel,2025-04-04 02:30:27,pass
3579,7777,hiring_manager,2024-09-07 09:07:13,pass
3580,7777,panel,2024-09-06 09:07:13,pass
3581,7778,hiring_manager,2024-06-26 12:16:16,pass
3582,7778,recruiter,2024-07-01 12:16:16,pass
3583,7780,panel,2025-04-05 15:01:24,fail
3584,7785,hiring_manager,2025-11-22 18:51:23,pass
3585,7785,hiring_manager,2025-11-29 18:51:23,pass
3586,7785,final,2025-11-25 18:51:23,pass
3587,7793,recruiter,2025-08-08 12:36:39,pass
3588,7793,final,2025-08-15 12:36:39,pass
3589,7793,recruiter,2025-08-09 12:36:39,pass
3590,7797,hiring_manager,2024-02-27 07:30:16,pass
3591,7797,recruiter,2024-03-03 07:30:16,pass
3592,7797,hiring_manager,2024-02-28 07:30:16,pass
3593,7804,hiring_manager,2024-08-06 19:23:40,pass
3594,7808,final,2024-01-16 05:16:16,pass
3595,7809,hiring_manager,2024-09-14 23:27:56,pass
3596,7813,hiring_manager,2025-09-25 15:04:39,pass
3597,7813,recruiter,2025-09-27 15:04:39,pass
3598,7817,hiring_manager,2024-06-08 10:39:28,pass
3599,7818,panel,2024-05-25 19:37:50,pass
3600,7822,recruiter,2024-04-22 18:30:40,hold
3601,7822,panel,2024-04-22 18:30:40,pass
3602,7822,final,2024-04-30 18:30:40,pass
3603,7828,final,2024-04-23 23:22:25,pass
3604,7829,final,2025-05-18 01:49:44,pass
3605,7831,recruiter,2025-04-11 17:01:31,pass
3606,7831,recruiter,2025-04-17 17:01:31,pass
3607,7834,panel,2024-05-09 14:43:30,hold
3608,7834,final,2024-05-12 14:43:30,pass
3609,7836,hiring_manager,2024-09-23 22:38:35,pass
3610,7836,panel,2024-10-01 22:38:35,pass
3611,7836,panel,2024-09-30 22:38:35,pass
3612,7841,final,2024-10-18 15:42:06,pass
3613,7842,final,2024-10-28 04:31:27,pass
3614,7846,recruiter,2025-04-18 22:19:15,pass
3615,7846,recruiter,2025-04-25 22:19:15,pass
3616,7848,hiring_manager,2025-08-27 19:12:52,pass
3617,7848,hiring_manager,2025-08-31 19:12:52,pass
3618,7848,final,2025-09-01 19:12:52,fail
3619,7850,hiring_manager,2024-11-15 22:23:14,pass
3620,7850,hiring_manager,2024-11-21 22:23:14,pass
3621,7850,final,2024-11-19 22:23:14,hold
3622,7852,recruiter,2025-12-21 08:52:30,fail
3623,7852,panel,2025-12-21 08:52:30,pass
3624,7852,hiring_manager,2026-01-04 08:52:30,pass
3625,7853,recruiter,2025-08-10 10:10:49,pass
3626,7856,recruiter,2025-11-16 16:58:32,fail
3627,7856,final,2025-11-23 16:58:32,pass
3628,7857,hiring_manager,2025-06-03 05:07:23,pass
3629,7866,hiring_manager,2025-09-28 14:03:51,pass
3630,7867,panel,2024-04-02 15:12:19,pass
3631,7867,recruiter,2024-04-06 15:12:19,hold
3632,7867,recruiter,2024-04-04 15:12:19,pass
3633,7871,panel,2024-11-19 17:00:22,pass
3634,7872,recruiter,2025-09-14 07:00:14,pass
3635,7872,hiring_manager,2025-09-16 07:00:14,pass
3636,7873,final,2024-04-28 07:23:38,fail
3637,7873,final,2024-05-03 07:23:38,hold
3638,7873,panel,2024-05-01 07:23:38,pass
3639,7882,hiring_manager,2025-06-11 00:14:53,fail
3640,7882,recruiter,2025-06-11 00:14:53,pass
3641,7882,recruiter,2025-06-25 00:14:53,pass
3642,7884,recruiter,2024-09-05 23:47:56,pass
3643,7900,panel,2025-08-30 16:00:35,fail
3644,7900,panel,2025-09-01 16:00:35,pass
3645,7900,panel,2025-09-02 16:00:35,pass
3646,7908,panel,2025-06-19 10:34:29,pass
3647,7910,final,2024-08-16 08:17:49,fail
3648,7911,final,2024-05-07 16:28:54,hold
3649,7911,recruiter,2024-05-11 16:28:54,pass
3650,7911,panel,2024-05-10 16:28:54,pass
3651,7912,recruiter,2025-10-05 14:51:01,pass
3652,7923,final,2025-03-08 18:11:12,fail
3653,7927,panel,2024-08-08 15:27:30,fail
3654,7927,panel,2024-08-16 15:27:30,pass
3655,7927,panel,2024-08-16 15:27:30,pass
3656,7929,final,2024-08-09 22:31:48,pass
3657,7929,final,2024-08-17 22:31:48,pass
3658,7935,final,2026-01-18 23:14:32,pass
3659,7941,recruiter,2025-12-04 20:25:36,pass
3660,7941,final,2025-12-04 20:25:36,pass
3661,7941,hiring_manager,2025-12-09 20:25:36,hold
3662,7944,recruiter,2024-03-18 21:17:11,pass
3663,7944,hiring_manager,2024-03-24 21:17:11,fail
3664,7950,recruiter,2025-10-14 00:07:54,pass
3665,7950,hiring_manager,2025-10-18 00:07:54,pass
3666,7950,panel,2025-10-20 00:07:54,pass
3667,7951,hiring_manager,2024-06-01 02:03:08,pass
3668,7954,panel,2025-06-30 09:52:07,fail
3669,7957,hiring_manager,2024-02-10 18:21:24,pass
3670,7957,recruiter,2024-02-14 18:21:24,pass
3671,7959,final,2024-09-30 11:58:19,hold
3672,7959,hiring_manager,2024-09-28 11:58:19,pass
3673,7959,final,2024-10-09 11:58:19,pass
3674,7960,recruiter,2025-06-29 09:21:03,pass
3675,7960,recruiter,2025-07-09 09:21:03,fail
3676,7960,hiring_manager,2025-07-06 09:21:03,fail
3677,7962,panel,2024-12-28 10:28:31,pass
3678,7964,hiring_manager,2025-10-12 13:41:14,fail
3679,7964,hiring_manager,2025-10-21 13:41:14,pass
3680,7964,final,2025-10-27 13:41:14,pass
3681,7965,recruiter,2024-10-23 12:47:03,pass
3682,7975,hiring_manager,2025-03-15 05:31:31,pass
3683,7975,hiring_manager,2025-03-21 05:31:31,pass
3684,7975,recruiter,2025-03-31 05:31:31,pass
3685,7977,panel,2025-07-11 09:40:49,pass
3686,7977,final,2025-07-21 09:40:49,hold
3687,7977,final,2025-07-27 09:40:49,pass
3688,7983,recruiter,2025-03-12 01:02:26,pass
3689,7983,recruiter,2025-03-16 01:02:26,pass
3690,7983,final,2025-03-15 01:02:26,pass
3691,7988,hiring_manager,2024-09-09 05:23:21,pass
3692,7988,recruiter,2024-09-17 05:23:21,fail
3693,7988,recruiter,2024-09-19 05:23:21,pass
3694,7991,hiring_manager,2024-09-15 13:14:28,pass
3695,7993,panel,2024-04-26 10:26:25,fail
3696,7993,hiring_manager,2024-05-05 10:26:25,fail
3697,7995,final,2024-03-12 20:17:58,pass
3698,7995,hiring_manager,2024-03-18 20:17:58,pass
3699,7998,hiring_manager,2024-11-29 08:35:59,fail
3700,7998,final,2024-12-02 08:35:59,pass
3701,7998,panel,2024-12-06 08:35:59,pass
3702,8002,final,2025-02-09 23:01:13,pass
3703,8002,panel,2025-02-10 23:01:13,fail
3704,8002,panel,2025-02-13 23:01:13,pass
3705,8013,final,2025-04-18 16:24:50,pass
3706,8019,panel,2026-01-13 11:25:45,fail
3707,8019,final,2026-01-19 11:25:45,pass
3708,8019,recruiter,2026-01-18 11:25:45,pass
3709,8023,panel,2024-07-16 06:00:39,hold
3710,8023,panel,2024-07-19 06:00:39,fail
3711,8023,final,2024-07-23 06:00:39,pass
3712,8027,panel,2024-06-14 08:34:38,pass
3713,8028,final,2025-06-07 20:39:07,pass
3714,8028,panel,2025-06-11 20:39:07,pass
3715,8031,recruiter,2024-10-23 16:25:47,hold
3716,8031,hiring_manager,2024-10-31 16:25:47,pass
3717,8031,panel,2024-10-28 16:25:47,hold
3718,8033,hiring_manager,2025-09-03 03:23:32,fail
3719,8033,panel,2025-09-06 03:23:32,fail
3720,8033,recruiter,2025-09-10 03:23:32,pass
3721,8036,hiring_manager,2024-02-23 22:24:16,pass
3722,8037,hiring_manager,2025-10-19 11:40:39,hold
3723,8037,hiring_manager,2025-10-27 11:40:39,fail
3724,8044,hiring_manager,2024-07-31 07:04:54,hold
3725,8045,panel,2024-10-16 18:18:09,pass
3726,8046,hiring_manager,2025-03-10 13:26:53,pass
3727,8046,hiring_manager,2025-03-15 13:26:53,pass
3728,8046,panel,2025-03-14 13:26:53,pass
3729,8048,recruiter,2024-02-10 04:15:12,hold
3730,8048,panel,2024-02-12 04:15:12,pass
3731,8050,final,2025-08-09 21:06:56,pass
3732,8050,panel,2025-08-14 21:06:56,fail
3733,8052,recruiter,2025-09-16 05:08:33,pass
3734,8058,hiring_manager,2024-03-23 06:42:18,pass
3735,8063,recruiter,2025-10-23 13:41:14,pass
3736,8063,recruiter,2025-10-29 13:41:14,fail
3737,8063,panel,2025-11-08 13:41:14,hold
3738,8064,panel,2024-09-25 21:36:52,hold
3739,8064,hiring_manager,2024-10-01 21:36:52,pass
3740,8077,final,2025-02-12 03:55:31,fail
3741,8082,panel,2024-12-26 02:57:12,hold
3742,8090,final,2024-03-26 07:29:14,pass
3743,8090,final,2024-04-03 07:29:14,pass
3744,8090,recruiter,2024-04-09 07:29:14,pass
3745,8092,recruiter,2024-10-14 13:28:57,pass
3746,8092,final,2024-10-24 13:28:57,hold
3747,8092,recruiter,2024-10-30 13:28:57,pass
3748,8094,panel,2025-12-16 08:09:55,fail
3749,8101,final,2025-12-29 15:32:57,fail
3750,8101,hiring_manager,2026-01-03 15:32:57,pass
3751,8102,final,2025-01-13 17:23:04,pass
3752,8102,panel,2025-01-11 17:23:04,pass
3753,8107,recruiter,2025-12-28 04:22:56,fail
3754,8109,recruiter,2025-04-15 15:01:24,pass
3755,8109,hiring_manager,2025-04-14 15:01:24,pass
3756,8110,panel,2024-02-28 16:42:06,pass
3757,8110,final,2024-03-03 16:42:06,fail
3758,8111,hiring_manager,2024-03-04 12:53:51,pass
3759,8111,recruiter,2024-03-02 12:53:51,hold
3760,8111,hiring_manager,2024-03-16 12:53:51,pass
3761,8115,panel,2025-11-13 09:28:18,pass
3762,8115,hiring_manager,2025-11-15 09:28:18,pass
3763,8120,final,2024-09-02 22:26:06,fail
3764,8120,final,2024-09-06 22:26:06,pass
3765,8120,panel,2024-09-16 22:26:06,pass
3766,8122,hiring_manager,2024-09-10 23:32:28,pass
3767,8124,final,2024-03-27 02:27:03,pass
3768,8124,final,2024-03-29 02:27:03,pass
3769,8127,panel,2025-07-23 01:24:53,fail
3770,8127,hiring_manager,2025-07-25 01:24:53,pass
3771,8130,final,2026-01-04 10:52:10,pass
3772,8130,final,2026-01-05 10:52:10,pass
3773,8130,final,2026-01-17 10:52:10,pass
3774,8138,final,2024-05-19 18:42:27,pass
3775,8142,recruiter,2024-02-04 10:38:54,pass
3776,8142,panel,2024-02-12 10:38:54,pass
3777,8142,panel,2024-02-20 10:38:54,pass
3778,8145,final,2024-08-17 22:19:09,pass
3779,8145,panel,2024-08-25 22:19:09,pass
3780,8146,final,2025-10-24 20:32:04,pass
3781,8146,hiring_manager,2025-10-27 20:32:04,pass
3782,8147,final,2025-10-16 13:37:04,pass
3783,8148,hiring_manager,2024-03-11 15:24:03,pass
3784,8148,final,2024-03-10 15:24:03,pass
3785,8154,recruiter,2024-06-16 13:49:24,pass
3786,8156,recruiter,2025-03-31 08:47:32,pass
3787,8156,final,2025-04-02 08:47:32,fail
3788,8156,hiring_manager,2025-04-04 08:47:32,hold
3789,8158,recruiter,2024-02-22 00:08:42,fail
3790,8158,panel,2024-02-26 00:08:42,pass
3791,8158,panel,2024-03-05 00:08:42,pass
3792,8165,hiring_manager,2024-06-19 18:07:39,pass
3793,8165,hiring_manager,2024-06-24 18:07:39,pass
3794,8166,recruiter,2026-01-18 07:09:32,fail
3795,8166,recruiter,2026-01-28 07:09:32,pass
3796,8174,final,2026-02-02 11:41:11,pass
3797,8174,hiring_manager,2026-02-11 11:41:11,pass
3798,8174,panel,2026-02-11 11:41:11,pass
3799,8175,recruiter,2025-03-31 17:13:07,pass
3800,8175,recruiter,2025-03-31 17:13:07,hold
3801,8175,panel,2025-04-09 17:13:07,pass
3802,8183,recruiter,2024-09-23 11:50:42,pass
3803,8183,panel,2024-09-30 11:50:42,fail
3804,8186,panel,2024-06-06 17:53:54,pass
3805,8186,panel,2024-06-15 17:53:54,pass
3806,8186,panel,2024-06-15 17:53:54,pass
3807,8187,hiring_manager,2026-01-09 23:24:16,pass
3808,8187,final,2026-01-17 23:24:16,pass
3809,8187,final,2026-01-22 23:24:16,hold
3810,8197,final,2025-02-28 10:10:24,pass
3811,8197,hiring_manager,2025-03-08 10:10:24,pass
3812,8197,panel,2025-03-14 10:10:24,fail
3813,8198,hiring_manager,2024-07-26 05:47:00,fail
3814,8198,final,2024-08-02 05:47:00,fail
3815,8198,hiring_manager,2024-08-10 05:47:00,pass
3816,8201,recruiter,2025-08-15 11:16:51,pass
3817,8201,recruiter,2025-08-25 11:16:51,fail
3818,8201,hiring_manager,2025-08-19 11:16:51,pass
3819,8204,hiring_manager,2026-01-24 09:17:16,pass
3820,8204,panel,2026-01-29 09:17:16,pass
3821,8204,recruiter,2026-02-03 09:17:16,pass
3822,8206,recruiter,2025-05-21 00:48:33,pass
3823,8206,hiring_manager,2025-05-27 00:48:33,pass
3824,8209,final,2024-04-03 16:23:49,pass
3825,8209,final,2024-04-12 16:23:49,pass
3826,8209,hiring_manager,2024-04-06 16:23:49,pass
3827,8213,hiring_manager,2025-07-29 15:47:30,fail
3828,8213,final,2025-07-27 15:47:30,pass
3829,8215,hiring_manager,2025-09-18 11:36:43,pass
3830,8215,final,2025-09-21 11:36:43,pass
3831,8217,recruiter,2025-12-03 16:55:47,pass
3832,8217,hiring_manager,2025-12-11 16:55:47,pass
3833,8220,hiring_manager,2024-11-08 10:10:02,pass
3834,8220,panel,2024-11-12 10:10:02,hold
3835,8225,hiring_manager,2024-11-07 22:29:24,pass
3836,8225,recruiter,2024-11-11 22:29:24,pass
3837,8226,hiring_manager,2025-02-17 19:16:45,pass
3838,8227,recruiter,2024-04-03 06:31:13,pass
3839,8227,hiring_manager,2024-04-04 06:31:13,pass
3840,8230,recruiter,2025-06-13 00:10:39,pass
3841,8230,hiring_manager,2025-06-20 00:10:39,fail
3842,8235,final,2025-02-09 21:51:00,fail
3843,8235,final,2025-02-17 21:51:00,pass
3844,8236,recruiter,2025-05-15 20:24:46,pass
3845,8236,panel,2025-05-15 20:24:46,fail
3846,8238,panel,2025-01-19 01:17:46,pass
3847,8238,recruiter,2025-01-23 01:17:46,pass
3848,8243,final,2024-10-18 23:39:15,pass
3849,8243,final,2024-10-23 23:39:15,pass
3850,8244,recruiter,2025-11-21 17:35:07,fail
3851,8245,final,2024-11-07 13:07:42,pass
3852,8247,hiring_manager,2025-12-23 04:33:40,pass
3853,8247,panel,2025-12-27 04:33:40,pass
3854,8255,recruiter,2024-12-26 02:57:12,pass
3855,8255,hiring_manager,2024-12-31 02:57:12,hold
3856,8256,hiring_manager,2025-06-10 20:20:09,pass
3857,8256,panel,2025-06-15 20:20:09,fail
3858,8259,recruiter,2024-12-29 21:52:57,fail
3859,8272,recruiter,2025-04-03 21:15:38,pass
3860,8274,panel,2024-07-19 15:42:33,pass
3861,8277,hiring_manager,2024-02-15 11:46:59,pass
3862,8277,final,2024-02-24 11:46:59,pass
3863,8282,final,2025-08-20 05:07:24,pass
3864,8284,panel,2026-01-17 00:26:09,pass
3865,8284,hiring_manager,2026-01-23 00:26:09,pass
3866,8288,hiring_manager,2025-09-03 14:04:18,fail
3867,8288,final,2025-09-09 14:04:18,pass
3868,8288,hiring_manager,2025-09-06 14:04:18,pass
3869,8292,hiring_manager,2025-01-21 12:42:00,pass
3870,8292,final,2025-01-20 12:42:00,pass
3871,8293,hiring_manager,2024-09-18 14:54:07,fail
3872,8293,panel,2024-09-23 14:54:07,fail
3873,8294,recruiter,2025-02-15 19:13:06,pass
3874,8294,panel,2025-02-22 19:13:06,pass
3875,8294,recruiter,2025-02-21 19:13:06,pass
3876,8295,hiring_manager,2025-02-09 16:21:35,pass
3877,8295,hiring_manager,2025-02-11 16:21:35,pass
3878,8295,hiring_manager,2025-02-17 16:21:35,pass
3879,8298,panel,2024-05-03 04:16:34,pass
3880,8298,final,2024-05-02 04:16:34,pass
3881,8298,panel,2024-05-16 04:16:34,pass
3882,8299,recruiter,2024-12-22 17:23:13,pass
3883,8300,final,2024-05-02 00:40:47,pass
3884,8300,recruiter,2024-05-04 00:40:47,pass
3885,8300,hiring_manager,2024-05-12 00:40:47,pass
3886,8302,panel,2025-05-04 21:22:39,hold
3887,8302,hiring_manager,2025-05-07 21:22:39,pass
3888,8302,panel,2025-05-08 21:22:39,fail
3889,8303,final,2025-09-16 01:57:57,fail
3890,8303,recruiter,2025-09-14 01:57:57,fail
3891,8303,panel,2025-09-28 01:57:57,pass
3892,8306,panel,2024-05-16 13:02:49,pass
3893,8306,recruiter,2024-05-21 13:02:49,pass
3894,8306,recruiter,2024-05-22 13:02:49,fail
3895,8314,panel,2024-07-26 03:00:41,fail
3896,8314,final,2024-07-30 03:00:41,pass
3897,8322,panel,2025-08-07 07:35:50,pass
3898,8322,panel,2025-08-13 07:35:50,pass
3899,8322,final,2025-08-17 07:35:50,pass
3900,8327,final,2024-04-14 15:54:34,pass
3901,8327,recruiter,2024-04-19 15:54:34,pass
3902,8327,panel,2024-04-15 15:54:34,hold
3903,8328,panel,2025-05-29 13:35:39,hold
3904,8328,final,2025-06-01 13:35:39,pass
3905,8328,recruiter,2025-06-04 13:35:39,pass
3906,8342,panel,2024-04-08 13:19:31,hold
3907,8342,recruiter,2024-04-09 13:19:31,pass
3908,8342,hiring_manager,2024-04-09 13:19:31,pass
3909,8348,final,2025-10-16 06:37:05,hold
3910,8354,recruiter,2025-12-06 17:06:20,pass
3911,8354,hiring_manager,2025-12-09 17:06:20,pass
3912,8360,final,2024-02-05 04:11:11,pass
3913,8362,recruiter,2024-02-14 23:15:21,pass
3914,8371,hiring_manager,2024-11-23 16:45:56,pass
3915,8371,hiring_manager,2024-11-30 16:45:56,pass
3916,8371,recruiter,2024-12-06 16:45:56,pass
3917,8389,recruiter,2025-11-27 18:05:21,pass
3918,8389,recruiter,2025-12-05 18:05:21,pass
3919,8389,final,2025-12-11 18:05:21,pass
3920,8391,recruiter,2026-01-16 04:04:19,fail
3921,8391,hiring_manager,2026-01-16 04:04:19,pass
3922,8392,panel,2025-06-10 00:42:55,pass
3923,8392,panel,2025-06-16 00:42:55,pass
3924,8392,hiring_manager,2025-06-22 00:42:55,fail
3925,8393,panel,2024-05-21 19:57:56,pass
3926,8400,panel,2025-02-19 04:10:30,pass
3927,8409,final,2024-07-14 09:54:14,pass
3928,8416,recruiter,2024-04-07 16:28:54,pass
3929,8416,panel,2024-04-10 16:28:54,pass
3930,8416,panel,2024-04-14 16:28:54,pass
3931,8419,hiring_manager,2024-07-15 12:16:16,hold
3932,8420,hiring_manager,2025-06-15 23:19:08,pass
3933,8421,recruiter,2024-09-11 17:36:41,fail
3934,8421,final,2024-09-16 17:36:41,pass
3935,8430,final,2025-07-05 01:55:17,hold
3936,8430,recruiter,2025-07-04 01:55:17,pass
3937,8430,panel,2025-07-09 01:55:17,pass
3938,8431,final,2024-07-09 18:48:07,fail
3939,8432,recruiter,2025-06-19 08:55:41,hold
3940,8432,hiring_manager,2025-06-27 08:55:41,pass
3941,8432,final,2025-07-02 08:55:41,hold
3942,8437,panel,2024-12-30 17:32:15,fail
3943,8437,hiring_manager,2025-01-08 17:32:15,pass
3944,8438,hiring_manager,2024-04-29 04:16:34,pass
3945,8438,hiring_manager,2024-05-07 04:16:34,pass
3946,8441,hiring_manager,2024-10-23 18:18:09,pass
3947,8444,final,2024-09-17 01:04:45,pass
3948,8445,panel,2025-03-09 21:15:38,pass
3949,8446,final,2025-07-06 13:30:06,pass
3950,8446,recruiter,2025-07-15 13:30:06,pass
3951,8450,hiring_manager,2025-10-29 13:08:49,pass
3952,8456,hiring_manager,2024-04-02 19:55:02,pass
3953,8456,hiring_manager,2024-04-07 19:55:02,pass
3954,8463,panel,2024-07-16 15:44:38,fail
3955,8463,final,2024-07-18 15:44:38,pass
3956,8471,recruiter,2025-04-29 22:01:44,hold
3957,8471,final,2025-04-28 22:01:44,pass
3958,8472,final,2026-02-04 20:01:41,pass
3959,8472,hiring_manager,2026-02-11 20:01:41,pass
3960,8474,hiring_manager,2025-09-06 02:51:19,fail
3961,8474,hiring_manager,2025-09-15 02:51:19,pass
3962,8480,recruiter,2024-12-22 04:07:55,pass
3963,8490,final,2025-02-18 12:07:37,hold
3964,8490,final,2025-02-23 12:07:37,pass
3965,8490,hiring_manager,2025-02-21 12:07:37,pass
3966,8493,recruiter,2024-04-30 09:54:15,fail
3967,8497,panel,2025-10-29 20:23:14,pass
3968,8497,panel,2025-10-29 20:23:14,hold
3969,8497,hiring_manager,2025-10-31 20:23:14,pass
3970,8500,recruiter,2024-01-21 13:30:59,fail
3971,8500,recruiter,2024-01-25 13:30:59,pass
3972,8500,hiring_manager,2024-01-24 13:30:59,pass
3973,8502,final,2025-10-23 09:04:28,pass
3974,8505,recruiter,2024-03-11 23:15:21,pass
3975,8505,hiring_manager,2024-03-16 23:15:21,pass
3976,8507,final,2026-01-14 16:42:57,fail
3977,8507,panel,2026-01-20 16:42:57,hold
3978,8507,hiring_manager,2026-01-23 16:42:57,pass
3979,8514,final,2025-04-29 15:04:07,pass
3980,8514,recruiter,2025-05-01 15:04:07,pass
3981,8516,panel,2025-09-20 05:19:16,pass
3982,8516,recruiter,2025-09-27 05:19:16,pass
3983,8516,hiring_manager,2025-09-24 05:19:16,pass
3984,8517,recruiter,2024-05-31 01:04:41,pass
3985,8519,final,2025-06-03 20:04:35,pass
3986,8519,recruiter,2025-06-10 20:04:35,pass
3987,8519,panel,2025-06-16 20:04:35,pass
3988,8520,final,2025-06-21 14:22:35,pass
3989,8520,panel,2025-06-24 14:22:35,pass
3990,8521,panel,2024-09-27 00:19:03,pass
3991,8523,final,2025-09-29 09:26:50,pass
3992,8523,final,2025-09-29 09:26:50,pass
3993,8524,hiring_manager,2024-05-01 23:31:01,pass
3994,8524,recruiter,2024-05-06 23:31:01,pass
3995,8526,final,2026-01-16 16:42:57,pass
3996,8538,final,2024-04-14 16:20:10,pass
3997,8543,recruiter,2024-08-25 23:47:56,pass
3998,8544,final,2025-08-31 02:51:57,pass
3999,8544,hiring_manager,2025-09-01 02:51:57,fail
4000,8552,final,2025-03-22 16:35:57,pass
4001,8564,recruiter,2024-07-21 05:47:00,pass
4002,8565,recruiter,2025-12-01 07:26:54,pass
4003,8565,panel,2025-12-03 07:26:54,fail
4004,8568,hiring_manager,2024-05-22 18:37:32,pass
4005,8587,hiring_manager,2024-06-20 02:33:21,pass
4006,8587,panel,2024-06-24 02:33:21,fail
4007,8587,hiring_manager,2024-07-04 02:33:21,hold
4008,8600,panel,2025-06-24 04:46:03,hold
4009,8600,recruiter,2025-07-01 04:46:03,pass
4010,8600,hiring_manager,2025-07-03 04:46:03,pass
4011,8601,hiring_manager,2024-07-18 03:28:08,pass
4012,8601,hiring_manager,2024-07-28 03:28:08,pass
4013,8601,panel,2024-07-28 03:28:08,pass
4014,8602,hiring_manager,2025-08-05 06:18:50,pass
4015,8604,final,2025-08-17 07:05:09,pass
4016,8607,hiring_manager,2024-05-24 00:26:43,hold
4017,8607,recruiter,2024-05-22 00:26:43,hold
4018,8612,panel,2024-08-22 18:28:34,pass
4019,8612,hiring_manager,2024-08-26 18:28:34,pass
4020,8613,final,2025-06-30 04:34:08,pass
4021,8613,panel,2025-07-06 04:34:08,hold
4022,8613,recruiter,2025-07-16 04:34:08,pass
4023,8618,panel,2025-05-14 21:13:44,hold
4024,8618,hiring_manager,2025-05-13 21:13:44,pass
4025,8630,recruiter,2024-09-16 15:13:02,pass
4026,8630,recruiter,2024-09-23 15:13:02,fail
4027,8640,panel,2024-03-15 15:34:39,pass
4028,8640,final,2024-03-22 15:34:39,hold
4029,8640,final,2024-03-16 15:34:39,pass
4030,8643,final,2025-03-14 13:50:08,pass
4031,8643,recruiter,2025-03-19 13:50:08,fail
4032,8645,panel,2024-10-09 03:43:41,fail
4033,8645,recruiter,2024-10-12 03:43:41,fail
4034,8645,panel,2024-10-18 03:43:41,pass
4035,8649,final,2024-07-10 09:01:10,pass
4036,8649,hiring_manager,2024-07-19 09:01:10,hold
4037,8649,hiring_manager,2024-07-13 09:01:10,pass
4038,8656,recruiter,2025-06-06 11:43:12,pass
4039,8656,recruiter,2025-06-13 11:43:12,pass
4040,8656,recruiter,2025-06-21 11:43:12,fail
4041,8662,final,2025-04-11 17:01:31,pass
4042,8662,final,2025-04-15 17:01:31,pass
4043,8662,final,2025-04-25 17:01:31,pass
4044,8664,recruiter,2024-07-04 14:16:53,pass
4045,8664,panel,2024-07-10 14:16:53,fail
4046,8664,final,2024-07-13 14:16:53,pass
4047,8667,recruiter,2024-11-19 13:07:42,pass
4048,8668,panel,2025-09-29 14:51:01,fail
4049,8671,panel,2024-03-02 08:53:41,fail
4050,8671,hiring_manager,2024-03-10 08:53:41,fail
4051,8671,panel,2024-03-04 08:53:41,pass
4052,8684,hiring_manager,2024-10-26 17:00:22,pass
4053,8684,recruiter,2024-10-30 17:00:22,pass
4054,8690,recruiter,2025-03-18 17:23:36,pass
4055,8693,panel,2024-07-24 17:31:51,pass
4056,8693,panel,2024-07-31 17:31:51,pass
4057,8693,panel,2024-08-08 17:31:51,hold
4058,8704,panel,2024-05-30 15:53:37,pass
4059,8704,panel,2024-06-02 15:53:37,hold
4060,8707,hiring_manager,2025-12-22 18:32:22,pass
4061,8707,recruiter,2025-12-24 18:32:22,pass
4062,8710,hiring_manager,2025-07-23 08:20:15,fail
4063,8710,panel,2025-07-30 08:20:15,pass
4064,8712,recruiter,2025-11-26 11:31:21,pass
4065,8713,recruiter,2025-12-29 20:37:40,pass
4066,8713,final,2025-12-27 20:37:40,pass
4067,8714,recruiter,2024-08-04 13:44:43,pass
4068,8714,recruiter,2024-08-08 13:44:43,hold
4069,8714,hiring_manager,2024-08-15 13:44:43,pass
4070,8719,final,2025-05-16 20:24:51,fail
4071,8719,final,2025-05-21 20:24:51,pass
4072,8719,final,2025-05-20 20:24:51,fail
4073,8720,panel,2024-10-09 11:50:42,pass
4074,8720,panel,2024-10-12 11:50:42,pass
4075,8720,panel,2024-10-16 11:50:42,pass
4076,8721,panel,2024-07-27 03:43:48,pass
4077,8721,final,2024-07-29 03:43:48,pass
4078,8721,final,2024-08-10 03:43:48,pass
4079,8725,recruiter,2024-04-04 10:26:39,pass
4080,8725,recruiter,2024-04-12 10:26:39,pass
4081,8725,recruiter,2024-04-06 10:26:39,pass
4082,8726,panel,2025-12-24 11:12:19,hold
4083,8726,panel,2025-12-28 11:12:19,pass
4084,8726,recruiter,2026-01-06 11:12:19,fail
4085,8729,recruiter,2026-01-13 11:01:06,pass
4086,8738,hiring_manager,2024-01-25 04:11:11,pass
4087,8738,recruiter,2024-01-31 04:11:11,pass
4088,8739,hiring_manager,2024-05-13 12:35:10,pass
4089,8739,panel,2024-05-12 12:35:10,pass
4090,8739,recruiter,2024-05-23 12:35:10,fail
4091,8741,recruiter,2024-08-27 18:28:34,pass
4092,8741,hiring_manager,2024-09-03 18:28:34,pass
4093,8741,panel,2024-09-03 18:28:34,fail
4094,8744,final,2024-08-20 21:11:06,pass
4095,8745,final,2025-09-01 00:31:28,pass
4096,8745,final,2025-09-03 00:31:28,pass
4097,8745,panel,2025-09-01 00:31:28,pass
4098,8755,hiring_manager,2024-03-28 14:33:39,pass
4099,8755,recruiter,2024-04-03 14:33:39,pass
4100,8755,final,2024-04-02 14:33:39,pass
4101,8763,hiring_manager,2025-09-20 17:12:03,pass
4102,8763,recruiter,2025-09-27 17:12:03,pass
4103,8767,recruiter,2024-03-26 07:00:10,hold
4104,8767,panel,2024-03-29 07:00:10,pass
4105,8767,hiring_manager,2024-03-29 07:00:10,pass
4106,8769,recruiter,2024-09-04 18:14:35,pass
4107,8773,hiring_manager,2025-12-24 23:55:08,pass
4108,8773,panel,2025-12-25 23:55:08,pass
4109,8773,hiring_manager,2025-12-25 23:55:08,hold
4110,8778,final,2025-09-02 21:59:26,pass
4111,8778,hiring_manager,2025-09-02 21:59:26,pass
4112,8797,panel,2024-09-27 23:03:02,hold
4113,8797,final,2024-10-02 23:03:02,pass
4114,8797,hiring_manager,2024-09-28 23:03:02,fail
4115,8798,hiring_manager,2024-08-09 22:24:22,pass
4116,8798,final,2024-08-12 22:24:22,pass
4117,8801,final,2024-02-19 10:28:41,pass
4118,8805,panel,2025-01-19 15:24:58,pass
4119,8805,recruiter,2025-01-21 15:24:58,hold
4120,8812,hiring_manager,2024-08-26 23:47:56,pass
4121,8815,panel,2024-08-04 11:40:14,pass
4122,8815,recruiter,2024-08-06 11:40:14,pass
4123,8815,recruiter,2024-08-17 11:40:14,hold
4124,8821,final,2024-09-04 03:21:51,pass
4125,8823,final,2024-08-28 20:01:28,pass
4126,8824,recruiter,2025-04-17 10:26:06,fail
4127,8824,panel,2025-04-19 10:26:06,pass
4128,8824,recruiter,2025-04-26 10:26:06,pass
4129,8825,hiring_manager,2025-02-24 14:06:25,pass
4130,8829,final,2024-11-20 16:28:05,pass
4131,8829,panel,2024-11-22 16:28:05,pass
4132,8831,hiring_manager,2025-01-28 23:51:24,pass
4133,8831,final,2025-01-29 23:51:24,hold
4134,8832,recruiter,2024-04-08 23:26:54,pass
4135,8833,recruiter,2025-03-22 00:39:20,pass
4136,8833,final,2025-03-26 00:39:20,pass
4137,8841,final,2025-01-01 08:20:35,pass
4138,8841,recruiter,2025-01-02 08:20:35,pass
4139,8842,recruiter,2024-03-20 19:54:23,fail
4140,8842,recruiter,2024-03-23 19:54:23,pass
4141,8842,panel,2024-03-21 19:54:23,pass
4142,8844,hiring_manager,2025-06-17 16:40:41,pass
4143,8844,hiring_manager,2025-06-22 16:40:41,pass
4144,8846,panel,2025-03-15 23:35:40,pass
4145,8846,final,2025-03-21 23:35:40,pass
4146,8855,recruiter,2024-05-30 01:28:18,pass
4147,8856,recruiter,2024-05-03 04:22:19,fail
4148,8856,recruiter,2024-05-01 04:22:19,pass
4149,8856,recruiter,2024-05-06 04:22:19,pass
4150,8857,panel,2024-04-09 17:29:38,pass
4151,8857,panel,2024-04-09 17:29:38,pass
4152,8857,recruiter,2024-04-21 17:29:38,pass
4153,8865,final,2025-12-01 23:55:08,pass
4154,8865,hiring_manager,2025-12-03 23:55:08,pass
4155,8865,recruiter,2025-12-13 23:55:08,hold
4156,8868,final,2024-06-29 09:54:14,pass
4157,8872,hiring_manager,2024-06-01 11:20:45,pass
4158,8872,hiring_manager,2024-06-02 11:20:45,pass
4159,8872,hiring_manager,2024-06-05 11:20:45,pass
4160,8882,hiring_manager,2024-04-02 05:44:48,fail
4161,8882,hiring_manager,2024-04-08 05:44:48,hold
4162,8885,recruiter,2024-05-30 00:41:56,pass
4163,8885,panel,2024-06-07 00:41:56,pass
4164,8885,panel,2024-06-01 00:41:56,pass
4165,8888,hiring_manager,2024-12-01 09:42:14,pass
4166,8891,panel,2024-04-06 00:40:47,pass
4167,8891,final,2024-04-08 00:40:47,hold
4168,8894,hiring_manager,2024-08-16 09:09:15,hold
4169,8899,panel,2024-09-11 17:21:03,pass
4170,8900,panel,2024-08-17 09:07:13,fail
4171,8900,panel,2024-08-18 09:07:13,pass
4172,8900,hiring_manager,2024-08-18 09:07:13,pass
4173,8901,hiring_manager,2024-05-14 09:28:22,pass
4174,8901,final,2024-05-20 09:28:22,pass
4175,8901,final,2024-05-26 09:28:22,fail
4176,8903,hiring_manager,2024-07-02 14:16:53,pass
4177,8903,final,2024-07-08 14:16:53,pass
4178,8908,panel,2025-04-16 21:21:06,pass
4179,8908,panel,2025-04-16 21:21:06,fail
4180,8909,recruiter,2025-10-16 17:12:03,pass
4181,8909,final,2025-10-15 17:12:03,hold
4182,8913,recruiter,2025-07-07 06:28:02,fail
4183,8921,recruiter,2025-10-05 01:49:14,pass
4184,8921,recruiter,2025-10-13 01:49:14,pass
4185,8921,panel,2025-10-12 01:49:14,pass
4186,8925,recruiter,2024-03-04 05:12:38,pass
4187,8925,final,2024-03-05 05:12:38,fail
4188,8931,recruiter,2024-06-13 22:08:54,pass
4189,8939,hiring_manager,2025-03-12 17:59:05,hold
4190,8943,recruiter,2025-04-13 22:37:40,hold
4191,8943,final,2025-04-14 22:37:40,pass
4192,8943,hiring_manager,2025-04-20 22:37:40,fail
4193,8946,panel,2025-07-15 02:32:22,pass
4194,8946,recruiter,2025-07-15 02:32:22,fail
4195,8947,panel,2025-08-30 20:14:02,fail
4196,8948,final,2024-09-22 05:26:11,pass
4197,8948,final,2024-09-24 05:26:11,hold
4198,8948,hiring_manager,2024-09-30 05:26:11,pass
4199,8953,panel,2024-04-03 06:01:49,pass
4200,8953,panel,2024-04-04 06:01:49,pass
4201,8953,recruiter,2024-04-10 06:01:49,pass
4202,8955,recruiter,2025-04-20 17:01:31,hold
4203,8955,hiring_manager,2025-04-27 17:01:31,hold
4204,8955,hiring_manager,2025-04-26 17:01:31,pass
4205,8957,panel,2025-02-16 07:37:33,hold
4206,8957,hiring_manager,2025-02-17 07:37:33,fail
4207,8957,recruiter,2025-02-25 07:37:33,hold
4208,8963,hiring_manager,2024-02-17 05:18:15,pass
4209,8964,recruiter,2024-09-26 10:09:20,pass
4210,8968,hiring_manager,2024-08-14 22:19:09,pass
4211,8968,final,2024-08-18 22:19:09,pass
4212,8970,final,2025-09-15 05:07:24,hold
4213,8971,panel,2025-10-05 12:39:32,fail
4214,8972,recruiter,2024-10-21 17:07:38,pass
4215,8972,hiring_manager,2024-10-27 17:07:38,pass
4216,8972,final,2024-11-03 17:07:38,pass
4217,8973,recruiter,2025-03-10 21:15:38,pass
4218,8973,panel,2025-03-14 21:15:38,pass
4219,8973,final,2025-03-26 21:15:38,pass
4220,8975,hiring_manager,2025-09-03 03:33:16,pass
4221,8975,panel,2025-09-07 03:33:16,fail
4222,8978,hiring_manager,2024-11-02 11:26:06,pass
4223,8978,recruiter,2024-11-03 11:26:06,pass
4224,8980,recruiter,2025-05-22 00:48:33,pass
4225,8986,recruiter,2025-12-08 03:05:05,pass
4226,9001,hiring_manager,2025-10-11 21:11:06,hold
4227,9001,final,2025-10-10 21:11:06,pass
4228,9002,panel,2024-03-01 23:09:35,fail
4229,9006,hiring_manager,2024-11-09 08:36:02,pass
4230,9006,panel,2024-11-10 08:36:02,pass
4231,9022,hiring_manager,2025-04-19 16:40:07,pass
4232,9022,hiring_manager,2025-04-28 16:40:07,hold
4233,9029,final,2024-07-09 01:46:13,fail
4234,9029,final,2024-07-14 01:46:13,pass
4235,9030,panel,2025-09-04 09:19:51,fail
4236,9032,final,2025-09-19 09:26:50,pass
4237,9033,final,2024-09-16 14:54:07,hold
4238,9042,panel,2024-04-16 20:10:49,pass
4239,9043,hiring_manager,2025-12-22 04:53:45,pass
4240,9043,recruiter,2025-12-30 04:53:45,pass
4241,9044,panel,2024-01-23 04:15:12,fail
4242,9044,hiring_manager,2024-01-26 04:15:12,pass
4243,9045,hiring_manager,2024-11-22 12:08:24,pass
4244,9048,panel,2026-02-10 07:48:29,fail
4245,9048,final,2026-02-17 07:48:29,pass
4246,9048,recruiter,2026-02-22 07:48:29,hold
4247,9053,panel,2024-03-15 15:24:03,pass
4248,9063,final,2024-03-27 16:03:34,fail
4249,9063,panel,2024-03-31 16:03:34,pass
4250,9068,recruiter,2025-12-09 08:08:51,pass
4251,9074,final,2025-10-19 05:52:34,pass
4252,9083,recruiter,2024-09-17 22:34:40,pass
4253,9083,panel,2024-09-19 22:34:40,pass
4254,9083,hiring_manager,2024-09-28 22:34:40,pass
4255,9087,final,2024-10-14 06:25:06,pass
4256,9087,panel,2024-10-14 06:25:06,pass
4257,9088,hiring_manager,2025-03-05 19:51:51,pass
4258,9089,final,2024-02-20 14:56:54,fail
4259,9089,final,2024-02-22 14:56:54,fail
4260,9090,hiring_manager,2025-05-23 13:22:23,pass
4261,9090,hiring_manager,2025-05-29 13:22:23,hold
4262,9091,hiring_manager,2024-05-04 07:29:14,fail
4263,9093,panel,2025-11-07 20:55:27,pass
4264,9094,recruiter,2025-10-26 20:21:13,pass
4265,9094,panel,2025-10-28 20:21:13,pass
4266,9094,final,2025-11-05 20:21:13,fail
4267,9097,final,2024-12-10 16:45:56,fail
4268,9101,final,2025-02-28 17:49:08,pass
4269,9101,hiring_manager,2025-02-26 17:49:08,hold
4270,9101,recruiter,2025-03-12 17:49:08,fail
4271,9106,final,2025-09-22 17:16:31,pass
4272,9106,hiring_manager,2025-09-24 17:16:31,fail
4273,9106,recruiter,2025-10-03 17:16:31,pass
4274,9115,recruiter,2024-12-02 17:23:13,fail
4275,9115,final,2024-12-09 17:23:13,pass
4276,9121,panel,2024-04-28 04:23:06,hold
4277,9121,recruiter,2024-05-02 04:23:06,hold
4278,9130,recruiter,2025-05-20 11:17:20,pass
4279,9133,recruiter,2025-06-26 10:04:43,pass
4280,9133,final,2025-07-04 10:04:43,pass
4281,9137,final,2024-07-02 14:16:53,pass
4282,9137,hiring_manager,2024-07-03 14:16:53,fail
4283,9137,final,2024-07-08 14:16:53,fail
4284,9140,final,2024-07-07 06:40:56,pass
4285,9140,hiring_manager,2024-07-13 06:40:56,pass
4286,9140,hiring_manager,2024-07-20 06:40:56,pass
4287,9142,panel,2024-04-14 04:16:34,pass
4288,9142,panel,2024-04-23 04:16:34,pass
4289,9142,panel,2024-04-26 04:16:34,pass
4290,9157,final,2025-08-02 08:49:35,pass
4291,9157,recruiter,2025-08-08 08:49:35,pass
4292,9157,hiring_manager,2025-08-08 08:49:35,pass
4293,9161,recruiter,2025-02-26 10:00:59,pass
4294,9161,panel,2025-03-06 10:00:59,pass
4295,9163,recruiter,2024-03-20 11:59:48,pass
4296,9163,hiring_manager,2024-03-21 11:59:48,pass
4297,9163,panel,2024-03-30 11:59:48,fail
4298,9170,recruiter,2024-07-17 05:47:00,pass
4299,9170,panel,2024-07-20 05:47:00,pass
4300,9171,panel,2025-11-10 08:52:48,pass
4301,9171,panel,2025-11-14 08:52:48,pass
4302,9172,panel,2024-09-10 21:55:20,hold
4303,9175,final,2026-01-06 18:32:22,pass
4304,9178,panel,2025-01-05 22:45:16,pass
4305,9178,panel,2025-01-06 22:45:16,hold
4306,9181,hiring_manager,2024-12-15 23:49:07,pass
4307,9181,hiring_manager,2024-12-25 23:49:07,pass
4308,9183,panel,2025-09-10 20:22:20,pass
4309,9184,hiring_manager,2025-08-16 21:39:56,pass
4310,9184,hiring_manager,2025-08-14 21:39:56,pass
4311,9184,final,2025-08-16 21:39:56,pass
4312,9188,final,2025-02-24 02:00:34,pass
4313,9188,recruiter,2025-02-24 02:00:34,pass
4314,9189,final,2025-06-24 20:01:28,pass
4315,9189,hiring_manager,2025-06-30 20:01:28,pass
4316,9197,final,2025-06-23 23:43:26,hold
4317,9197,recruiter,2025-06-24 23:43:26,pass
4318,9198,recruiter,2025-08-06 09:05:57,pass
4319,9198,panel,2025-08-08 09:05:57,pass
4320,9213,final,2025-08-16 03:42:39,pass
4321,9213,recruiter,2025-08-26 03:42:39,hold
4322,9214,recruiter,2024-05-24 20:25:01,fail
4323,9214,panel,2024-05-26 20:25:01,pass
4324,9218,panel,2024-03-16 00:16:03,pass
4325,9219,panel,2024-03-27 10:17:46,pass
4326,9223,recruiter,2025-06-14 09:14:20,pass
4327,9223,hiring_manager,2025-06-18 09:14:20,hold
4328,9227,hiring_manager,2025-10-09 12:48:49,pass
4329,9227,recruiter,2025-10-13 12:48:49,hold
4330,9227,hiring_manager,2025-10-17 12:48:49,pass
4331,9229,panel,2024-07-01 06:38:08,pass
4332,9229,final,2024-07-09 06:38:08,fail
4333,9231,hiring_manager,2025-07-18 05:18:49,pass
4334,9231,recruiter,2025-07-21 05:18:49,pass
4335,9232,recruiter,2024-06-29 07:04:54,fail
4336,9232,panel,2024-07-04 07:04:54,hold
4337,9238,hiring_manager,2025-01-28 19:09:50,pass
4338,9240,panel,2024-05-04 10:39:25,pass
4339,9251,hiring_manager,2024-07-03 13:17:52,fail
4340,9251,panel,2024-07-03 13:17:52,pass
4341,9252,recruiter,2025-02-27 21:51:00,pass
4342,9252,panel,2025-03-01 21:51:00,fail
4343,9255,final,2024-05-18 09:21:15,pass
4344,9255,hiring_manager,2024-05-24 09:21:15,pass
4345,9260,final,2025-01-25 16:21:35,fail
4346,9260,panel,2025-01-27 16:21:35,pass
4347,9261,final,2024-01-29 10:28:41,pass
4348,9261,recruiter,2024-02-07 10:28:41,fail
4349,9264,final,2024-03-28 16:39:03,fail
4350,9264,recruiter,2024-04-05 16:39:03,fail
4351,9268,panel,2024-07-27 02:52:40,pass
4352,9268,panel,2024-08-02 02:52:40,fail
4353,9268,recruiter,2024-08-05 02:52:40,pass
4354,9270,hiring_manager,2024-09-23 08:07:02,pass
4355,9270,recruiter,2024-09-26 08:07:02,pass
4356,9270,hiring_manager,2024-10-02 08:07:02,fail
4357,9288,panel,2025-09-08 20:48:06,pass
4358,9288,hiring_manager,2025-09-11 20:48:06,pass
4359,9292,recruiter,2025-12-13 00:54:45,fail
4360,9292,panel,2025-12-12 00:54:45,fail
4361,9294,recruiter,2024-02-16 10:50:13,pass
4362,9294,recruiter,2024-02-24 10:50:13,pass
4363,9299,hiring_manager,2024-10-13 22:48:57,pass
4364,9301,recruiter,2024-10-17 02:15:37,fail
4365,9318,panel,2025-09-21 11:13:16,pass
4366,9318,panel,2025-09-22 11:13:16,pass
4367,9319,hiring_manager,2024-07-07 10:45:34,pass
4368,9319,hiring_manager,2024-07-05 10:45:34,pass
4369,9319,final,2024-07-16 10:45:34,pass
4370,9326,recruiter,2025-05-11 05:07:23,pass
4371,9326,final,2025-05-15 05:07:23,pass
4372,9327,final,2024-03-06 07:31:51,pass
4373,9327,final,2024-03-08 07:31:51,hold
4374,9327,panel,2024-03-14 07:31:51,fail
4375,9328,hiring_manager,2024-07-03 07:32:12,pass
4376,9328,recruiter,2024-07-11 07:32:12,hold
4377,9328,panel,2024-07-05 07:32:12,pass
4378,9339,recruiter,2025-08-10 15:38:03,fail
4379,9339,panel,2025-08-15 15:38:03,pass
4380,9339,panel,2025-08-22 15:38:03,pass
4381,9340,recruiter,2025-05-28 09:14:20,pass
4382,9340,panel,2025-05-29 09:14:20,pass
4383,9344,panel,2024-05-30 00:46:19,pass
4384,9344,final,2024-05-31 00:46:19,pass
4385,9348,hiring_manager,2024-12-16 12:08:24,hold
4386,9350,final,2024-10-09 21:30:30,fail
4387,9350,final,2024-10-18 21:30:30,pass
4388,9350,panel,2024-10-12 21:30:30,pass
4389,9354,hiring_manager,2025-12-16 20:37:40,pass
4390,9354,recruiter,2025-12-22 20:37:40,pass
4391,9354,panel,2025-12-23 20:37:40,pass
4392,9358,recruiter,2024-09-24 19:18:05,pass
4393,9359,hiring_manager,2024-03-24 12:19:13,hold
4394,9360,recruiter,2025-05-27 19:19:25,pass
4395,9363,recruiter,2025-05-25 18:43:06,fail
4396,9365,recruiter,2025-08-06 13:28:50,pass
4397,9366,hiring_manager,2024-12-14 21:11:22,pass
4398,9366,hiring_manager,2024-12-24 21:11:22,fail
4399,9371,final,2024-05-24 15:07:35,pass
4400,9371,recruiter,2024-05-24 15:07:35,pass
4401,9376,panel,2025-06-29 08:20:15,pass
4402,9379,final,2024-10-07 12:01:01,pass
4403,9387,hiring_manager,2025-11-25 15:03:32,pass
4404,9387,panel,2025-12-02 15:03:32,pass
4405,9389,recruiter,2025-04-19 22:08:51,pass
4406,9394,panel,2024-10-29 12:14:29,pass
4407,9398,hiring_manager,2025-12-17 23:29:20,pass
4408,9398,panel,2025-12-16 23:29:20,pass
4409,9401,final,2025-09-21 21:22:29,hold
4410,9402,panel,2025-10-09 01:52:45,fail
4411,9402,panel,2025-10-12 01:52:45,hold
4412,9402,hiring_manager,2025-10-13 01:52:45,pass
4413,9403,hiring_manager,2024-08-22 13:20:19,fail
4414,9404,final,2025-03-04 05:16:43,pass
4415,9405,final,2024-02-21 07:37:23,pass
4416,9405,final,2024-02-23 07:37:23,pass
4417,9414,recruiter,2024-08-16 20:52:54,fail
4418,9414,final,2024-08-17 20:52:54,fail
4419,9414,final,2024-08-23 20:52:54,fail
4420,9424,hiring_manager,2024-04-17 00:17:07,pass
4421,9426,recruiter,2025-11-12 03:11:36,pass
4422,9427,final,2024-01-31 22:44:17,fail
4423,9428,recruiter,2025-09-24 03:33:16,pass
4424,9428,final,2025-09-27 03:33:16,fail
4425,9428,hiring_manager,2025-09-27 03:33:16,fail
4426,9429,panel,2025-04-12 08:07:38,fail
4427,9432,panel,2025-05-22 21:38:38,pass
4428,9432,recruiter,2025-05-25 21:38:38,fail
4429,9437,panel,2026-01-13 14:32:11,pass
4430,9441,panel,2024-11-10 01:43:10,pass
4431,9441,hiring_manager,2024-11-12 01:43:10,fail
4432,9441,final,2024-11-13 01:43:10,fail
4433,9443,final,2024-08-05 15:27:30,pass
4434,9443,panel,2024-08-11 15:27:30,pass
4435,9443,panel,2024-08-10 15:27:30,pass
4436,9445,panel,2025-03-20 21:34:57,pass
4437,9445,final,2025-03-21 21:34:57,pass
4438,9445,final,2025-04-02 21:34:57,hold
4439,9446,final,2024-03-15 05:30:10,pass
4440,9446,hiring_manager,2024-03-24 05:30:10,pass
4441,9448,final,2024-03-04 04:15:12,pass
4442,9450,hiring_manager,2025-02-27 09:41:42,fail
4443,9450,panel,2025-03-06 09:41:42,fail
4444,9453,final,2024-02-27 10:15:57,pass
4445,9453,recruiter,2024-02-27 10:15:57,pass
4446,9458,panel,2025-02-06 16:58:52,pass
4447,9465,recruiter,2025-10-31 16:10:46,pass
4448,9466,hiring_manager,2024-06-03 06:51:45,fail
4449,9466,hiring_manager,2024-06-04 06:51:45,pass
4450,9466,hiring_manager,2024-06-15 06:51:45,pass
4451,9468,final,2025-03-23 00:05:34,pass
4452,9468,panel,2025-03-21 00:05:34,pass
4453,9470,hiring_manager,2025-05-26 16:40:19,pass
4454,9474,panel,2024-11-10 20:18:00,pass
4455,9474,recruiter,2024-11-15 20:18:00,pass
4456,9477,hiring_manager,2024-09-06 21:30:30,pass
4457,9477,hiring_manager,2024-09-11 21:30:30,pass
4458,9477,recruiter,2024-09-09 21:30:30,hold
4459,9478,final,2025-10-07 18:19:22,pass
4460,9478,panel,2025-10-13 18:19:22,fail
4461,9480,recruiter,2025-08-05 08:35:41,hold
4462,9480,final,2025-08-05 08:35:41,pass
4463,9480,recruiter,2025-08-07 08:35:41,pass
4464,9482,panel,2025-06-05 02:43:53,fail
4465,9482,panel,2025-06-11 02:43:53,pass
4466,9482,recruiter,2025-06-15 02:43:53,pass
4467,9485,panel,2024-04-28 18:36:55,hold
4468,9485,hiring_manager,2024-04-29 18:36:55,pass
4469,9486,panel,2024-07-10 02:09:52,pass
4470,9486,hiring_manager,2024-07-16 02:09:52,pass
4471,9490,panel,2024-04-26 13:55:21,pass
4472,9490,panel,2024-05-01 13:55:21,fail
4473,9493,panel,2024-10-13 20:08:43,pass
4474,9493,final,2024-10-21 20:08:43,hold
4475,9493,recruiter,2024-10-24 20:08:43,pass
4476,9501,recruiter,2024-11-16 14:05:21,pass
4477,9501,hiring_manager,2024-11-23 14:05:21,pass
4478,9505,hiring_manager,2024-04-08 03:08:29,pass
4479,9505,recruiter,2024-04-10 03:08:29,pass
4480,9514,final,2025-02-17 22:05:34,pass
4481,9514,final,2025-02-25 22:05:34,pass
4482,9514,recruiter,2025-03-05 22:05:34,fail
4483,9519,hiring_manager,2025-07-01 16:40:19,pass
4484,9522,panel,2025-03-05 14:52:52,pass
4485,9522,recruiter,2025-03-10 14:52:52,pass
4486,9522,recruiter,2025-03-08 14:52:52,pass
4487,9525,panel,2024-02-12 08:36:05,hold
4488,9526,final,2025-04-25 15:31:34,pass
4489,9526,panel,2025-04-29 15:31:34,pass
4490,9528,final,2024-03-09 00:38:11,pass
4491,9528,hiring_manager,2024-03-15 00:38:11,fail
4492,9528,final,2024-03-22 00:38:11,pass
4493,9534,hiring_manager,2024-02-29 12:57:11,fail
4494,9538,panel,2025-06-22 09:40:49,pass
4495,9550,panel,2025-07-28 08:56:02,fail
4496,9550,panel,2025-08-01 08:56:02,pass
4497,9550,recruiter,2025-08-04 08:56:02,pass
4498,9551,panel,2025-01-23 15:54:56,pass
4499,9555,final,2025-01-07 17:23:13,fail
4500,9556,hiring_manager,2025-06-13 17:45:54,pass
4501,9556,hiring_manager,2025-06-18 17:45:54,pass
4502,9556,hiring_manager,2025-06-16 17:45:54,pass
4503,9557,panel,2025-09-25 12:48:49,fail
4504,9562,final,2025-11-25 05:52:34,fail
4505,9562,final,2025-11-26 05:52:34,pass
4506,9564,recruiter,2025-10-13 10:59:41,fail
4507,9570,recruiter,2024-10-27 22:29:24,fail
4508,9570,final,2024-10-29 22:29:24,pass
4509,9573,final,2026-02-03 09:56:04,pass
4510,9573,recruiter,2026-02-09 09:56:04,hold
4511,9577,recruiter,2025-02-27 09:41:42,pass
4512,9580,recruiter,2025-09-07 12:41:05,hold
4513,9580,recruiter,2025-09-13 12:41:05,hold
4514,9585,final,2024-05-22 01:04:41,hold
4515,9585,final,2024-05-25 01:04:41,pass
4516,9585,hiring_manager,2024-05-28 01:04:41,pass
4517,9591,panel,2026-01-09 20:41:54,pass
4518,9594,hiring_manager,2025-07-26 15:23:42,hold
4519,9594,final,2025-07-29 15:23:42,fail
4520,9594,final,2025-07-30 15:23:42,pass
4521,9597,recruiter,2024-07-03 09:54:14,pass
4522,9599,recruiter,2024-02-27 03:43:50,fail
4523,9599,panel,2024-02-29 03:43:50,pass
4524,9600,final,2024-08-11 11:40:14,pass
4525,9600,panel,2024-08-18 11:40:14,pass
4526,9600,recruiter,2024-08-24 11:40:14,hold
4527,9604,hiring_manager,2024-03-07 06:41:50,hold
4528,9605,panel,2025-02-04 20:56:56,pass
4529,9605,recruiter,2025-02-13 20:56:56,pass
4530,9608,final,2024-03-27 13:55:21,fail
4531,9608,hiring_manager,2024-03-29 13:55:21,pass
4532,9608,final,2024-03-29 13:55:21,pass
4533,9609,hiring_manager,2025-09-02 18:06:26,fail
4534,9609,panel,2025-09-08 18:06:26,fail
4535,9609,hiring_manager,2025-09-15 18:06:26,pass
4536,9622,hiring_manager,2025-06-14 08:18:52,hold
4537,9624,recruiter,2025-11-14 22:24:28,pass
4538,9624,hiring_manager,2025-11-18 22:24:28,pass
4539,9624,panel,2025-11-27 22:24:28,pass
4540,9625,final,2025-04-11 03:05:43,pass
4541,9625,hiring_manager,2025-04-17 03:05:43,pass
4542,9626,panel,2025-12-04 20:32:04,pass
4543,9626,hiring_manager,2025-12-04 20:32:04,pass
4544,9629,hiring_manager,2024-08-04 07:50:00,pass
4545,9638,final,2024-07-09 07:59:07,pass
4546,9638,hiring_manager,2024-07-16 07:59:07,pass
4547,9640,final,2024-05-19 22:43:46,fail
4548,9640,final,2024-05-29 22:43:46,pass
4549,9642,panel,2024-02-29 10:38:54,pass
4550,9642,panel,2024-03-06 10:38:54,pass
4551,9642,final,2024-03-04 10:38:54,pass
4552,9653,panel,2024-05-31 09:21:15,fail
4553,9653,recruiter,2024-06-01 09:21:15,pass
4554,9653,recruiter,2024-06-07 09:21:15,pass
4555,9655,final,2025-01-12 03:05:12,hold
4556,9655,hiring_manager,2025-01-13 03:05:12,fail
4557,9659,recruiter,2025-11-30 12:23:52,pass
4558,9660,hiring_manager,2024-04-08 14:49:52,pass
4559,9660,recruiter,2024-04-13 14:49:52,pass
4560,9662,hiring_manager,2024-10-23 04:18:55,fail
4561,9663,final,2025-04-12 21:54:42,pass
4562,9663,final,2025-04-16 21:54:42,pass
4563,9664,panel,2025-04-10 16:35:57,pass
4564,9665,recruiter,2025-02-03 15:10:35,pass
4565,9666,final,2025-08-23 11:11:24,pass
4566,9669,final,2024-03-26 16:34:42,fail
4567,9669,recruiter,2024-04-01 16:34:42,fail
4568,9669,panel,2024-04-01 16:34:42,pass
4569,9677,hiring_manager,2024-06-11 12:18:08,pass
4570,9677,recruiter,2024-06-17 12:18:08,pass
4571,9677,recruiter,2024-06-18 12:18:08,pass
4572,9678,panel,2025-03-21 12:04:17,fail
4573,9678,recruiter,2025-03-22 12:04:17,pass
4574,9684,recruiter,2024-09-16 06:15:12,pass
4575,9684,hiring_manager,2024-09-22 06:15:12,fail
4576,9684,hiring_manager,2024-09-30 06:15:12,pass
4577,9685,recruiter,2024-09-03 21:51:47,hold
4578,9685,final,2024-09-05 21:51:47,pass
4579,9686,final,2025-09-29 13:31:52,pass
4580,9686,panel,2025-10-01 13:31:52,pass
4581,9690,panel,2024-05-15 10:55:57,pass
4582,9690,panel,2024-05-19 10:55:57,pass
4583,9691,hiring_manager,2024-11-09 02:15:11,pass
4584,9691,panel,2024-11-16 02:15:11,pass
4585,9692,panel,2025-09-20 13:21:28,fail
4586,9692,panel,2025-09-19 13:21:28,hold
4587,9692,final,2025-09-30 13:21:28,pass
4588,9695,hiring_manager,2025-07-24 02:57:12,pass
4589,9695,hiring_manager,2025-07-31 02:57:12,hold
4590,9699,panel,2024-03-17 06:42:18,hold
4591,9699,hiring_manager,2024-03-19 06:42:18,pass
4592,9700,recruiter,2025-02-21 21:52:30,pass
4593,9700,final,2025-02-21 21:52:30,pass
4594,9701,panel,2024-03-02 03:49:52,fail
4595,9701,recruiter,2024-03-12 03:49:52,pass
4596,9701,hiring_manager,2024-03-18 03:49:52,pass
4597,9704,final,2025-03-10 19:16:45,pass
4598,9707,final,2025-05-10 20:24:51,pass
4599,9708,final,2026-01-11 17:50:56,pass
4600,9709,recruiter,2024-07-17 06:26:05,pass
4601,9712,hiring_manager,2024-04-30 00:17:07,hold
4602,9713,hiring_manager,2025-04-10 10:05:00,pass
4603,9713,recruiter,2025-04-10 10:05:00,pass
4604,9716,panel,2025-11-23 08:09:55,pass
4605,9716,recruiter,2025-11-27 08:09:55,hold
4606,9717,hiring_manager,2025-08-26 18:04:34,pass
4607,9717,hiring_manager,2025-08-30 18:04:34,fail
4608,9717,panel,2025-09-04 18:04:34,pass
4609,9718,panel,2024-09-10 20:25:22,hold
4610,9718,hiring_manager,2024-09-17 20:25:22,pass
4611,9726,recruiter,2024-12-07 10:10:02,hold
4612,9732,panel,2025-05-06 05:09:24,pass
4613,9735,final,2024-06-28 16:26:21,pass
4614,9735,hiring_manager,2024-07-07 16:26:21,pass
4615,9741,final,2025-06-17 14:11:08,hold
4616,9741,final,2025-06-22 14:11:08,pass
4617,9742,hiring_manager,2026-01-15 04:22:56,pass
4618,9742,hiring_manager,2026-01-23 04:22:56,fail
4619,9742,final,2026-01-25 04:22:56,pass
4620,9744,final,2024-06-19 01:28:18,pass
4621,9744,panel,2024-06-20 01:28:18,pass
4622,9744,panel,2024-06-26 01:28:18,pass
4623,9748,final,2025-04-07 20:43:34,pass
4624,9748,panel,2025-04-16 20:43:34,hold
4625,9756,panel,2025-02-24 10:24:04,fail
4626,9756,recruiter,2025-02-26 10:24:04,pass
4627,9756,final,2025-03-08 10:24:04,pass
4628,9761,recruiter,2025-09-06 19:55:17,fail
4629,9761,recruiter,2025-09-16 19:55:17,pass
4630,9761,panel,2025-09-13 19:55:17,hold
4631,9762,recruiter,2024-04-06 03:41:51,pass
4632,9762,recruiter,2024-04-06 03:41:51,pass
4633,9763,panel,2024-12-05 02:50:14,pass
4634,9763,recruiter,2024-12-10 02:50:14,fail
4635,9764,hiring_manager,2024-05-08 18:15:01,pass
4636,9764,final,2024-05-15 18:15:01,fail
4637,9764,recruiter,2024-05-11 18:15:01,pass
4638,9765,hiring_manager,2025-06-07 02:13:48,pass
4639,9765,recruiter,2025-06-13 02:13:48,pass
4640,9765,panel,2025-06-15 02:13:48,pass
4641,9766,recruiter,2024-11-05 00:05:34,pass
4642,9766,hiring_manager,2024-11-12 00:05:34,pass
4643,9769,final,2025-10-31 21:46:52,fail
4644,9769,recruiter,2025-11-07 21:46:52,pass
4645,9769,final,2025-11-06 21:46:52,pass
4646,9770,recruiter,2024-12-02 01:36:01,hold
4647,9770,final,2024-12-06 01:36:01,hold
4648,9772,final,2024-09-08 22:26:06,pass
4649,9772,panel,2024-09-12 22:26:06,pass
4650,9772,recruiter,2024-09-16 22:26:06,hold
4651,9773,final,2025-06-22 04:53:08,pass
4652,9773,hiring_manager,2025-06-22 04:53:08,pass
4653,9773,hiring_manager,2025-06-27 04:53:08,pass
4654,9774,panel,2026-01-07 12:25:53,pass
4655,9775,panel,2025-04-03 22:39:21,pass
4656,9775,hiring_manager,2025-04-07 22:39:21,pass
4657,9775,recruiter,2025-04-17 22:39:21,pass
4658,9777,panel,2026-01-18 20:51:24,pass
4659,9777,final,2026-01-23 20:51:24,pass
4660,9777,recruiter,2026-01-25 20:51:24,pass
4661,9780,panel,2024-04-10 08:59:57,pass
4662,9783,recruiter,2024-07-09 10:39:28,pass
4663,9783,hiring_manager,2024-07-15 10:39:28,pass
4664,9788,recruiter,2024-10-31 03:43:41,pass
4665,9788,hiring_manager,2024-11-02 03:43:41,pass
4666,9790,panel,2025-02-26 05:33:11,pass
4667,9790,final,2025-03-05 05:33:11,pass
4668,9793,hiring_manager,2025-05-25 09:14:20,pass
4669,9793,recruiter,2025-05-27 09:14:20,pass
4670,9793,recruiter,2025-05-28 09:14:20,hold
4671,9796,panel,2025-05-29 06:18:41,pass
4672,9799,final,2025-08-30 04:13:45,fail
4673,9799,recruiter,2025-09-04 04:13:45,fail
4674,9800,panel,2025-07-21 16:46:38,hold
4675,9800,final,2025-07-25 16:46:38,hold
4676,9800,final,2025-08-03 16:46:38,fail
4677,9802,final,2025-03-06 11:16:08,pass
4678,9802,recruiter,2025-03-15 11:16:08,pass
4679,9802,panel,2025-03-09 11:16:08,pass
4680,9803,panel,2024-07-29 18:20:07,hold
4681,9803,final,2024-08-01 18:20:07,hold
4682,9803,panel,2024-08-11 18:20:07,pass
4683,9807,hiring_manager,2024-01-30 01:54:00,fail
4684,9807,recruiter,2024-01-28 01:54:00,pass
4685,9807,hiring_manager,2024-02-05 01:54:00,pass
4686,9814,recruiter,2024-08-16 05:26:08,pass
4687,9814,panel,2024-08-20 05:26:08,pass
4688,9814,recruiter,2024-08-26 05:26:08,fail
4689,9815,recruiter,2024-04-27 10:20:44,pass
4690,9815,recruiter,2024-04-30 10:20:44,pass
4691,9816,panel,2025-03-23 08:07:38,pass
4692,9816,final,2025-03-25 08:07:38,fail
4693,9816,panel,2025-03-28 08:07:38,pass
4694,9820,hiring_manager,2025-04-01 19:15:06,pass
4695,9820,hiring_manager,2025-04-03 19:15:06,hold
4696,9820,final,2025-04-03 19:15:06,pass
4697,9823,hiring_manager,2025-01-12 23:27:31,pass
4698,9825,final,2025-05-10 06:49:33,fail
4699,9825,hiring_manager,2025-05-14 06:49:33,pass
4700,9830,recruiter,2024-03-25 03:49:52,pass
4701,9833,panel,2024-12-05 05:14:46,fail
4702,9833,panel,2024-12-10 05:14:46,pass
4703,9836,panel,2026-01-04 03:00:00,pass
4704,9836,hiring_manager,2026-01-11 03:00:00,pass
4705,9838,panel,2024-03-20 03:08:29,pass
4706,9843,recruiter,2024-09-21 21:30:30,pass
4707,9843,panel,2024-09-26 21:30:30,pass
4708,9843,panel,2024-10-06 21:30:30,hold
4709,9844,recruiter,2024-04-06 09:21:44,pass
4710,9844,hiring_manager,2024-04-09 09:21:44,pass
4711,9846,final,2024-06-10 11:40:54,fail
4712,9846,panel,2024-06-14 11:40:54,pass
4713,9846,recruiter,2024-06-12 11:40:54,fail
4714,9856,hiring_manager,2025-06-26 13:06:03,pass
4715,9856,panel,2025-07-02 13:06:03,pass
4716,9857,recruiter,2024-04-11 14:36:59,pass
4717,9861,final,2025-04-19 13:32:15,pass
4718,9861,final,2025-04-18 13:32:15,pass
4719,9861,recruiter,2025-04-23 13:32:15,pass
4720,9867,recruiter,2025-11-24 19:04:51,pass
4721,9869,final,2024-11-05 03:12:48,pass
4722,9870,panel,2025-07-20 08:49:35,pass
4723,9872,hiring_manager,2025-10-12 12:48:49,fail
4724,9872,panel,2025-10-19 12:48:49,pass
4725,9879,recruiter,2025-03-07 19:16:45,pass
4726,9879,hiring_manager,2025-03-13 19:16:45,fail
4727,9880,panel,2024-06-29 23:23:46,pass
4728,9884,panel,2025-05-14 10:40:58,fail
4729,9885,final,2025-09-12 03:38:50,pass
4730,9889,panel,2024-08-14 06:26:05,pass
4731,9889,panel,2024-08-21 06:26:05,pass
4732,9889,recruiter,2024-08-21 06:26:05,fail
4733,9890,recruiter,2025-07-05 21:51:37,fail
4734,9891,hiring_manager,2025-08-11 04:29:11,pass
4735,9891,recruiter,2025-08-19 04:29:11,pass
4736,9893,recruiter,2025-01-18 20:54:16,pass
4737,9896,final,2024-05-18 22:00:31,pass
4738,9896,recruiter,2024-05-22 22:00:31,pass
4739,9896,hiring_manager,2024-06-01 22:00:31,pass
4740,9906,recruiter,2024-12-12 10:41:13,pass
4741,9911,panel,2025-03-12 12:39:55,pass
4742,9911,panel,2025-03-12 12:39:55,fail
4743,9911,final,2025-03-24 12:39:55,fail
4744,9915,recruiter,2026-01-04 08:59:15,pass
4745,9915,recruiter,2026-01-08 08:59:15,fail
4746,9916,panel,2025-02-24 04:42:00,hold
4747,9916,hiring_manager,2025-03-01 04:42:00,pass
4748,9918,panel,2024-08-25 07:22:13,pass
4749,9918,panel,2024-08-28 07:22:13,pass
4750,9918,hiring_manager,2024-08-28 07:22:13,pass
4751,9919,recruiter,2025-12-20 04:53:45,fail
4752,9919,recruiter,2025-12-21 04:53:45,pass
4753,9919,hiring_manager,2025-12-24 04:53:45,pass
4754,9928,recruiter,2025-11-29 08:49:21,pass
4755,9928,recruiter,2025-12-03 08:49:21,hold
4756,9942,recruiter,2025-08-13 21:22:29,pass
4757,9942,hiring_manager,2025-08-14 21:22:29,pass
4758,9942,panel,2025-08-16 21:22:29,pass
4759,9951,recruiter,2025-09-17 00:51:01,pass
4760,9955,recruiter,2024-01-22 14:03:26,pass
4761,9955,hiring_manager,2024-01-26 14:03:26,pass
4762,9955,hiring_manager,2024-01-25 14:03:26,pass
4763,9958,final,2025-08-12 16:28:31,pass
4764,9958,recruiter,2025-08-12 16:28:31,pass
4765,9958,panel,2025-08-17 16:28:31,pass
4766,9960,panel,2025-04-06 05:09:24,fail
4767,9960,final,2025-04-05 05:09:24,pass
4768,9960,recruiter,2025-04-16 05:09:24,pass
4769,9970,recruiter,2025-07-18 03:35:42,pass
4770,9970,recruiter,2025-07-24 03:35:42,pass
4771,9970,panel,2025-07-26 03:35:42,pass
4772,9973,recruiter,2025-03-24 19:22:21,pass
4773,9974,recruiter,2024-06-12 02:33:21,fail
4774,9974,final,2024-06-19 02:33:21,fail
4775,9979,hiring_manager,2025-04-04 16:21:51,pass
4776,9979,hiring_manager,2025-04-03 16:21:51,pass
4777,9980,recruiter,2024-11-23 13:50:05,fail
4778,9984,panel,2025-08-03 07:05:09,pass
4779,9985,hiring_manager,2024-11-13 07:50:03,pass
4780,9988,final,2024-08-26 05:52:53,pass
4781,9988,panel,2024-08-26 05:52:53,hold
4782,9990,recruiter,2025-08-29 11:13:40,pass
4783,9995,hiring_manager,2024-07-31 21:15:10,pass
4784,9998,hiring_manager,2025-08-17 19:19:23,pass
4785,9998,final,2025-08-19 19:19:23,pass
4786,9999,panel,2025-09-07 16:34:28,fail
4787,9999,recruiter,2025-09-07 16:34:28,fail
4788,9999,panel,2025-09-19 16:34:28,pass
4789,10002,final,2025-03-20 18:54:30,pass
4790,10002,hiring_manager,2025-03-24 18:54:30,fail
4791,10005,recruiter,2024-08-12 09:18:30,pass
4792,10005,recruiter,2024-08-16 09:18:30,hold
4793,10014,hiring_manager,2025-05-03 22:08:51,pass
4794,10014,final,2025-05-12 22:08:51,fail
4795,10014,final,2025-05-09 22:08:51,fail
4796,10025,panel,2025-03-16 22:38:37,pass
4797,10025,panel,2025-03-22 22:38:37,fail
4798,10026,hiring_manager,2024-11-26 13:37:37,hold
4799,10030,final,2024-04-09 10:55:57,fail
4800,10030,recruiter,2024-04-14 10:55:57,pass
4801,10030,final,2024-04-13 10:55:57,fail
4802,10034,hiring_manager,2024-06-29 13:17:52,pass
4803,10034,recruiter,2024-07-09 13:17:52,pass
4804,10047,recruiter,2024-08-05 14:08:43,pass
4805,10047,recruiter,2024-08-13 14:08:43,pass
4806,10048,panel,2025-12-30 19:00:16,pass
4807,10048,hiring_manager,2025-12-30 19:00:16,pass
4808,10048,recruiter,2026-01-13 19:00:16,pass
4809,10050,final,2024-10-09 15:56:14,fail
4810,10050,hiring_manager,2024-10-19 15:56:14,pass
4811,10061,hiring_manager,2024-10-10 02:15:37,hold
4812,10065,recruiter,2025-08-19 06:15:49,pass
4813,10065,hiring_manager,2025-08-22 06:15:49,pass
4814,10065,hiring_manager,2025-08-26 06:15:49,pass
4815,10069,recruiter,2024-02-23 10:17:46,pass
4816,10069,hiring_manager,2024-03-03 10:17:46,hold
4817,10070,recruiter,2024-06-02 12:18:08,pass
4818,10070,final,2024-06-12 12:18:08,fail
4819,10071,panel,2025-09-22 00:50:59,hold
4820,10071,panel,2025-09-28 00:50:59,pass
4821,10071,recruiter,2025-09-26 00:50:59,pass
4822,10078,hiring_manager,2024-04-19 15:59:53,pass
4823,10080,panel,2024-08-13 21:11:06,pass
4824,10083,hiring_manager,2024-12-29 12:07:21,pass
4825,10083,recruiter,2025-01-02 12:07:21,hold
4826,10083,hiring_manager,2025-01-06 12:07:21,pass
4827,10087,hiring_manager,2024-07-21 09:01:10,pass
4828,10087,recruiter,2024-07-25 09:01:10,pass
4829,10089,recruiter,2025-03-26 19:01:24,pass
4830,10089,recruiter,2025-03-30 19:01:24,pass
4831,10094,panel,2024-05-26 00:26:43,pass
4832,10100,panel,2024-05-07 11:09:58,hold
4833,10105,panel,2024-09-12 06:32:21,fail
4834,10105,final,2024-09-19 06:32:21,pass
4835,10106,recruiter,2025-10-10 15:17:46,pass
4836,10108,panel,2024-08-09 15:10:24,fail
4837,10108,recruiter,2024-08-12 15:10:24,fail
4838,10109,panel,2024-02-04 10:22:06,fail
4839,10109,final,2024-02-06 10:22:06,pass
4840,10109,recruiter,2024-02-06 10:22:06,pass
4841,10110,final,2025-03-22 22:34:01,hold
4842,10110,recruiter,2025-03-24 22:34:01,hold
4843,10110,panel,2025-03-22 22:34:01,pass
4844,10113,recruiter,2024-08-02 13:13:47,pass
4845,10116,recruiter,2024-07-19 13:13:46,pass
4846,10116,recruiter,2024-07-25 13:13:46,pass
4847,10116,hiring_manager,2024-07-19 13:13:46,pass
4848,10119,hiring_manager,2025-06-24 13:08:05,fail
4849,10119,hiring_manager,2025-06-26 13:08:05,pass
4850,10121,recruiter,2024-10-15 22:24:28,pass
4851,10126,hiring_manager,2024-07-27 14:25:58,pass
4852,10129,final,2025-05-03 04:22:18,pass
4853,10129,panel,2025-05-04 04:22:18,fail
4854,10129,panel,2025-05-07 04:22:18,pass
4855,10130,recruiter,2024-05-31 18:17:42,fail
4856,10134,hiring_manager,2025-04-14 11:51:59,pass
4857,10134,panel,2025-04-20 11:51:59,fail
4858,10134,hiring_manager,2025-04-28 11:51:59,fail
4859,10135,panel,2025-05-25 13:35:39,pass
4860,10135,panel,2025-05-25 13:35:39,fail
4861,10137,panel,2025-08-25 00:31:28,pass
4862,10137,hiring_manager,2025-08-26 00:31:28,fail
4863,10138,panel,2025-07-08 08:20:15,pass
4864,10138,hiring_manager,2025-07-16 08:20:15,pass
4865,10138,hiring_manager,2025-07-15 08:20:15,pass
4866,10139,final,2025-03-26 03:14:23,pass
4867,10143,final,2024-06-13 12:10:52,pass
4868,10154,recruiter,2024-04-01 20:01:01,hold
4869,10154,hiring_manager,2024-04-04 20:01:01,fail
4870,10155,panel,2025-03-22 23:54:32,pass
4871,10169,recruiter,2025-02-20 03:51:04,pass
4872,10175,panel,2025-06-26 08:20:15,fail
4873,10175,recruiter,2025-07-01 08:20:15,hold
4874,10179,recruiter,2025-09-01 05:51:13,fail
4875,10179,final,2025-09-01 05:51:13,pass
4876,10179,final,2025-09-15 05:51:13,fail
4877,10181,recruiter,2024-09-07 05:17:58,pass
4878,10184,recruiter,2025-10-16 19:39:56,pass
4879,10184,panel,2025-10-15 19:39:56,pass
4880,10184,final,2025-10-17 19:39:56,pass
4881,10189,final,2025-04-08 21:29:43,pass
4882,10189,recruiter,2025-04-10 21:29:43,fail
4883,10192,hiring_manager,2025-06-02 04:46:03,pass
4884,10192,panel,2025-06-05 04:46:03,fail
4885,10199,hiring_manager,2025-05-08 13:56:42,fail
4886,10200,recruiter,2024-04-19 12:38:30,pass
4887,10200,hiring_manager,2024-04-29 12:38:30,pass
4888,10204,panel,2025-09-01 21:22:29,fail
4889,10204,hiring_manager,2025-09-11 21:22:29,pass
4890,10204,panel,2025-09-08 21:22:29,pass
4891,10213,hiring_manager,2024-03-16 21:24:45,fail
4892,10213,hiring_manager,2024-03-21 21:24:45,pass
4893,10215,final,2025-03-19 17:59:05,pass
4894,10215,recruiter,2025-03-26 17:59:05,pass
4895,10215,hiring_manager,2025-03-28 17:59:05,pass
4896,10218,recruiter,2024-10-16 04:18:55,pass
4897,10218,panel,2024-10-23 04:18:55,pass
4898,10218,recruiter,2024-10-26 04:18:55,pass
4899,10219,panel,2025-10-26 21:43:28,pass
4900,10219,hiring_manager,2025-11-01 21:43:28,fail
4901,10219,recruiter,2025-10-29 21:43:28,pass
4902,10231,recruiter,2024-10-28 23:36:51,pass
4903,10231,recruiter,2024-10-30 23:36:51,pass
4904,10231,hiring_manager,2024-11-07 23:36:51,hold
4905,10232,hiring_manager,2025-01-28 00:44:37,pass
4906,10232,final,2025-02-01 00:44:37,fail
4907,10235,final,2025-05-08 07:42:57,pass
4908,10238,panel,2024-03-04 02:56:23,pass
4909,10247,hiring_manager,2025-02-12 22:25:30,pass
4910,10247,recruiter,2025-02-16 22:25:30,pass
4911,10247,panel,2025-02-21 22:25:30,fail
4912,10251,panel,2025-09-07 21:12:38,hold
4913,10251,final,2025-09-09 21:12:38,fail
4914,10251,hiring_manager,2025-09-18 21:12:38,pass
4915,10254,hiring_manager,2024-09-07 06:47:21,pass
4916,10256,panel,2024-02-09 10:50:13,pass
4917,10256,final,2024-02-08 10:50:13,pass
4918,10260,recruiter,2024-02-27 08:50:44,pass
4919,10260,panel,2024-02-29 08:50:44,pass
4920,10267,panel,2024-10-23 14:05:21,pass
4921,10269,panel,2024-07-11 09:26:29,pass
4922,10269,hiring_manager,2024-07-16 09:26:29,pass
4923,10269,panel,2024-07-15 09:26:29,pass
4924,10271,recruiter,2024-01-30 21:56:58,fail
4925,10272,recruiter,2024-04-28 15:54:34,pass
4926,10272,hiring_manager,2024-05-07 15:54:34,pass
4927,10287,recruiter,2025-11-28 14:02:47,pass
4928,10290,panel,2025-11-25 21:43:28,fail
4929,10290,final,2025-11-30 21:43:28,fail
4930,10293,hiring_manager,2025-10-24 12:20:52,pass
4931,10293,hiring_manager,2025-10-25 12:20:52,hold
4932,10304,final,2026-01-25 14:13:40,pass
4933,10309,panel,2025-10-20 16:53:46,pass
4934,10309,recruiter,2025-10-26 16:53:46,pass
4935,10309,final,2025-10-20 16:53:46,pass
4936,10312,recruiter,2025-12-04 19:04:51,hold
4937,10320,hiring_manager,2025-01-17 14:09:38,pass
4938,10320,hiring_manager,2025-01-19 14:09:38,fail
4939,10322,recruiter,2025-09-05 12:47:08,pass
4940,10322,hiring_manager,2025-09-05 12:47:08,pass
4941,10322,recruiter,2025-09-13 12:47:08,pass
4942,10323,final,2024-06-01 10:55:15,pass
4943,10329,hiring_manager,2025-03-25 21:54:42,pass
4944,10338,panel,2025-04-26 12:24:10,pass
4945,10340,recruiter,2025-03-26 00:48:25,fail
4946,10341,hiring_manager,2024-04-22 08:27:34,pass
4947,10341,hiring_manager,2024-04-24 08:27:34,hold
4948,10341,final,2024-04-28 08:27:34,pass
4949,10342,hiring_manager,2024-10-12 01:45:58,pass
4950,10342,hiring_manager,2024-10-12 01:45:58,pass
4951,10342,final,2024-10-20 01:45:58,pass
4952,10345,hiring_manager,2024-07-27 22:53:52,fail
4953,10348,final,2024-08-08 03:21:51,pass
4954,10348,recruiter,2024-08-11 03:21:51,pass
4955,10359,recruiter,2024-03-19 06:41:50,hold
4956,10359,recruiter,2024-03-25 06:41:50,pass
4957,10359,panel,2024-03-23 06:41:50,hold
4958,10360,panel,2025-10-04 03:11:36,pass
4959,10360,hiring_manager,2025-10-07 03:11:36,pass
4960,10360,recruiter,2025-10-17 03:11:36,pass
4961,10361,panel,2025-03-06 11:57:49,pass
4962,10361,recruiter,2025-03-09 11:57:49,pass
4963,10362,final,2024-08-23 16:23:40,pass
4964,10362,final,2024-08-25 16:23:40,pass
4965,10362,panel,2024-08-30 16:23:40,hold
4966,10363,panel,2025-02-11 08:05:03,pass
4967,10363,final,2025-02-17 08:05:03,pass
4968,10364,final,2026-02-06 16:09:37,pass
4969,10364,recruiter,2026-02-05 16:09:37,pass
4970,10364,final,2026-02-13 16:09:37,pass
4971,10376,hiring_manager,2024-08-26 23:32:28,pass
4972,10383,hiring_manager,2024-08-03 04:03:31,pass
4973,10383,hiring_manager,2024-08-01 04:03:31,pass
4974,10383,final,2024-08-09 04:03:31,fail
4975,10384,panel,2025-11-01 12:21:32,pass
4976,10384,final,2025-11-06 12:21:32,fail
4977,10390,hiring_manager,2024-09-27 21:52:53,pass
4978,10390,hiring_manager,2024-09-30 21:52:53,pass
4979,10392,final,2025-04-23 13:34:48,pass
4980,10392,hiring_manager,2025-04-29 13:34:48,pass
4981,10397,hiring_manager,2025-09-07 06:06:59,pass
4982,10398,hiring_manager,2025-09-12 13:31:52,pass
4983,10398,recruiter,2025-09-20 13:31:52,pass
4984,10398,final,2025-09-26 13:31:52,pass
4985,10401,panel,2025-03-07 15:37:50,pass
4986,10401,recruiter,2025-03-14 15:37:50,hold
4987,10401,recruiter,2025-03-17 15:37:50,hold
4988,10405,panel,2024-03-27 09:23:18,pass
4989,10405,final,2024-03-28 09:23:18,fail
4990,10410,hiring_manager,2025-09-07 18:06:26,pass
4991,10410,panel,2025-09-13 18:06:26,pass
4992,10410,recruiter,2025-09-14 18:06:26,pass
4993,10420,recruiter,2025-09-18 15:04:39,pass
4994,10420,hiring_manager,2025-09-24 15:04:39,pass
4995,10424,panel,2024-02-19 08:53:41,pass
4996,10424,final,2024-02-19 08:53:41,pass
4997,10424,panel,2024-02-22 08:53:41,pass
4998,10425,recruiter,2025-07-10 09:01:05,pass
4999,10425,final,2025-07-17 09:01:05,pass
5000,10425,recruiter,2025-07-13 09:01:05,pass
5001,10427,final,2025-09-06 01:45:45,pass
5002,10427,panel,2025-09-07 01:45:45,pass
5003,10429,hiring_manager,2025-10-10 15:18:20,pass
5004,10433,recruiter,2024-04-10 19:49:50,pass
5005,10433,recruiter,2024-04-11 19:49:50,pass
5006,10433,final,2024-04-17 19:49:50,pass
5007,10438,recruiter,2025-09-15 05:12:27,pass
5008,10438,final,2025-09-20 05:12:27,pass
5009,10438,hiring_manager,2025-09-24 05:12:27,pass
5010,10440,final,2025-08-03 18:33:42,pass
5011,10440,final,2025-08-06 18:33:42,fail
5012,10440,hiring_manager,2025-08-12 18:33:42,pass
5013,10441,recruiter,2025-11-03 02:56:39,pass
5014,10447,final,2024-10-05 21:36:52,pass
5015,10447,recruiter,2024-10-10 21:36:52,fail
5016,10448,final,2025-08-16 22:28:57,pass
5017,10455,hiring_manager,2025-11-09 06:44:01,pass
5018,10455,panel,2025-11-11 06:44:01,pass
5019,10455,recruiter,2025-11-11 06:44:01,fail
5020,10456,panel,2024-11-13 22:29:24,pass
5021,10456,final,2024-11-20 22:29:24,pass
5022,10462,recruiter,2025-06-18 02:27:21,fail
5023,10462,recruiter,2025-06-27 02:27:21,pass
5024,10462,recruiter,2025-06-30 02:27:21,pass
5025,10466,panel,2025-09-17 19:04:33,hold
5026,10466,hiring_manager,2025-09-21 19:04:33,hold
5027,10471,recruiter,2025-04-08 17:01:31,pass
5028,10474,recruiter,2025-06-23 20:04:35,pass
5029,10474,panel,2025-06-23 20:04:35,pass
5030,10476,final,2025-04-19 14:50:05,pass
5031,10479,panel,2024-04-06 16:32:46,pass
5032,10479,final,2024-04-10 16:32:46,pass
5033,10479,recruiter,2024-04-13 16:32:46,fail
5034,10480,panel,2024-02-18 07:48:41,fail
5035,10480,final,2024-02-25 07:48:41,pass
5036,10480,panel,2024-02-24 07:48:41,pass
5037,10482,panel,2025-10-17 00:01:29,fail
5038,10484,final,2024-02-21 21:14:02,hold
5039,10484,recruiter,2024-02-22 21:14:02,fail
5040,10485,recruiter,2024-02-07 21:56:58,pass
5041,10485,hiring_manager,2024-02-09 21:56:58,hold
5042,10486,panel,2024-12-25 09:40:30,pass
5043,10486,recruiter,2025-01-01 09:40:30,hold
5044,10489,hiring_manager,2025-04-21 07:43:04,pass
5045,10490,recruiter,2024-05-12 07:23:38,pass
5046,10490,recruiter,2024-05-14 07:23:38,pass
5047,10490,final,2024-05-26 07:23:38,pass
5048,10495,hiring_manager,2024-12-13 09:06:28,pass
5049,10495,hiring_manager,2024-12-21 09:06:28,hold
5050,10496,recruiter,2026-01-01 13:57:17,pass
5051,10497,recruiter,2025-12-29 20:40:19,fail
5052,10497,hiring_manager,2025-12-27 20:40:19,fail
5053,10497,final,2025-12-29 20:40:19,pass
5054,10500,panel,2025-05-29 02:24:53,pass
5055,10501,hiring_manager,2024-10-04 03:46:32,pass
5056,10501,panel,2024-10-13 03:46:32,pass
5057,10501,panel,2024-10-19 03:46:32,pass
5058,10503,final,2025-06-13 18:43:06,pass
5059,10503,final,2025-06-21 18:43:06,pass
5060,10503,panel,2025-06-27 18:43:06,pass
5061,10504,hiring_manager,2025-07-26 02:51:00,fail
5062,10505,final,2024-05-16 11:09:58,hold
5063,10507,final,2026-01-05 09:24:02,pass
5064,10507,final,2026-01-08 09:24:02,pass
5065,10511,panel,2024-03-09 16:08:09,pass
5066,10511,recruiter,2024-03-13 16:08:09,pass
5067,10518,recruiter,2024-03-12 18:30:40,pass
5068,10518,recruiter,2024-03-21 18:30:40,pass
5069,10518,recruiter,2024-03-15 18:30:40,fail
5070,10520,recruiter,2026-01-17 07:10:20,pass
5071,10520,recruiter,2026-01-24 07:10:20,pass
5072,10520,final,2026-01-21 07:10:20,pass
5073,10521,recruiter,2025-10-25 12:30:52,pass
5074,10521,final,2025-10-27 12:30:52,pass
5075,10522,recruiter,2025-03-16 12:47:08,pass
5076,10522,final,2025-03-17 12:47:08,hold
5077,10522,final,2025-03-20 12:47:08,pass
5078,10525,hiring_manager,2025-02-18 07:35:23,pass
5079,10525,panel,2025-02-26 07:35:23,pass
5080,10529,hiring_manager,2025-10-20 01:22:15,pass
5081,10529,panel,2025-10-18 01:22:15,pass
5082,10529,hiring_manager,2025-10-23 01:22:15,pass
5083,10532,recruiter,2025-06-10 14:36:59,fail
5084,10532,final,2025-06-11 14:36:59,pass
5085,10533,hiring_manager,2025-11-20 07:02:40,hold
5086,10533,recruiter,2025-11-27 07:02:40,pass
5087,10544,recruiter,2025-06-15 17:53:27,fail
5088,10544,recruiter,2025-06-22 17:53:27,pass
5089,10544,recruiter,2025-06-19 17:53:27,pass
5090,10545,panel,2025-11-18 21:49:46,pass
5091,10548,final,2025-10-11 09:35:30,pass
5092,10548,panel,2025-10-21 09:35:30,hold
5093,10548,recruiter,2025-10-18 09:35:30,hold
5094,10553,panel,2024-03-07 12:19:13,pass
5095,10555,panel,2026-01-14 23:09:08,pass
5096,10555,hiring_manager,2026-01-17 23:09:08,fail
5097,10560,panel,2024-10-23 04:18:55,hold
5098,10567,panel,2025-05-22 21:00:29,pass
5099,10573,recruiter,2024-03-29 12:38:30,pass
5100,10573,hiring_manager,2024-04-01 12:38:30,pass
5101,10573,recruiter,2024-04-02 12:38:30,fail
5102,10580,recruiter,2024-11-24 11:09:19,hold
5103,10580,recruiter,2024-12-01 11:09:19,pass
5104,10580,hiring_manager,2024-12-04 11:09:19,pass
5105,10584,panel,2025-02-19 20:22:26,pass
5106,10585,panel,2025-08-18 21:10:09,pass
5107,10585,panel,2025-08-16 21:10:09,pass
5108,10585,recruiter,2025-08-24 21:10:09,fail
5109,10587,final,2025-09-11 08:00:15,pass
5110,10587,final,2025-09-15 08:00:15,pass
5111,10589,hiring_manager,2025-08-13 03:21:48,pass
5112,10589,hiring_manager,2025-08-23 03:21:48,pass
5113,10593,panel,2024-02-22 20:23:39,pass
5114,10593,recruiter,2024-02-27 20:23:39,pass
5115,10597,panel,2026-01-14 18:32:22,pass
5116,10597,recruiter,2026-01-20 18:32:22,fail
5117,10605,hiring_manager,2024-07-03 18:14:18,pass
5118,10605,panel,2024-07-06 18:14:18,pass
5119,10607,recruiter,2026-01-22 11:01:06,pass
5120,10607,panel,2026-01-29 11:01:06,pass
5121,10610,recruiter,2024-05-29 09:27:43,pass
5122,10610,recruiter,2024-06-04 09:27:43,fail
5123,10615,panel,2025-12-31 15:32:57,pass
5124,10615,recruiter,2026-01-08 15:32:57,fail
5125,10623,hiring_manager,2025-12-18 09:55:41,pass
5126,10627,hiring_manager,2025-09-23 14:03:51,pass
5127,10627,panel,2025-10-01 14:03:51,pass
5128,10628,final,2025-06-27 02:43:53,pass
5129,10639,hiring_manager,2024-10-21 15:56:14,pass
5130,10639,recruiter,2024-10-28 15:56:14,pass
5131,10645,panel,2025-04-19 01:56:32,pass
5132,10645,hiring_manager,2025-04-23 01:56:32,fail
5133,10647,recruiter,2025-06-04 12:26:08,pass
5134,10647,panel,2025-06-04 12:26:08,fail
5135,10653,panel,2024-10-17 06:22:51,hold
5136,10655,final,2024-03-16 22:44:17,pass
5137,10655,panel,2024-03-20 22:44:17,pass
5138,10655,final,2024-03-25 22:44:17,fail
5139,10657,recruiter,2025-11-29 11:47:16,pass
5140,10664,panel,2025-02-05 16:09:36,pass
5141,10664,recruiter,2025-02-12 16:09:36,pass
5142,10664,final,2025-02-11 16:09:36,pass
5143,10666,panel,2025-10-13 03:17:23,pass
5144,10668,recruiter,2025-04-10 10:46:54,pass
5145,10668,recruiter,2025-04-14 10:46:54,pass
5146,10668,recruiter,2025-04-21 10:46:54,pass
5147,10671,panel,2025-08-13 21:51:00,pass
5148,10674,panel,2024-09-17 17:51:11,pass
5149,10674,hiring_manager,2024-09-19 17:51:11,pass
5150,10675,hiring_manager,2025-10-06 10:17:53,pass
5151,10675,recruiter,2025-10-09 10:17:53,pass
5152,10681,hiring_manager,2024-05-04 13:55:21,fail
5153,10681,recruiter,2024-05-04 13:55:21,fail
5154,10682,final,2024-06-13 07:31:16,pass
5155,10682,hiring_manager,2024-06-16 07:31:16,pass
5156,10682,final,2024-06-14 07:31:16,pass
5157,10687,recruiter,2025-08-12 02:32:22,pass
5158,10693,recruiter,2025-09-02 20:38:26,pass
5159,10693,panel,2025-09-09 20:38:26,pass
5160,10704,hiring_manager,2025-07-13 12:36:39,hold
5161,10704,final,2025-07-21 12:36:39,pass
5162,10704,hiring_manager,2025-07-23 12:36:39,pass
5163,10706,final,2025-03-04 15:42:41,pass
5164,10708,final,2025-01-07 08:18:42,hold
5165,10708,hiring_manager,2025-01-13 08:18:42,fail
5166,10708,hiring_manager,2025-01-16 08:18:42,pass
5167,10715,final,2024-03-20 07:40:16,hold
5168,10716,hiring_manager,2024-10-16 12:14:29,fail
5169,10716,hiring_manager,2024-10-23 12:14:29,pass
5170,10719,hiring_manager,2025-08-27 03:23:32,pass
5171,10719,hiring_manager,2025-09-02 03:23:32,pass
5172,10719,final,2025-09-06 03:23:32,pass
5173,10722,recruiter,2024-02-24 07:31:51,pass
5174,10722,final,2024-02-24 07:31:51,hold
5175,10722,panel,2024-02-26 07:31:51,fail
5176,10724,recruiter,2024-04-07 16:15:04,pass
5177,10724,hiring_manager,2024-04-16 16:15:04,pass
5178,10724,final,2024-04-19 16:15:04,fail
5179,10731,final,2024-06-29 18:14:17,pass
5180,10732,panel,2025-11-15 17:14:11,pass
5181,10732,hiring_manager,2025-11-19 17:14:11,pass
5182,10732,panel,2025-11-15 17:14:11,pass
5183,10736,panel,2024-04-15 16:28:54,pass
5184,10738,final,2024-05-09 18:19:51,pass
5185,10738,recruiter,2024-05-17 18:19:51,pass
5186,10739,recruiter,2025-09-24 13:21:28,hold
5187,10739,final,2025-10-04 13:21:28,hold
5188,10739,hiring_manager,2025-10-07 13:21:28,pass
5189,10743,panel,2024-03-25 04:14:25,fail
5190,10743,final,2024-03-26 04:14:25,pass
5191,10743,final,2024-03-31 04:14:25,pass
5192,10744,panel,2024-05-09 09:12:43,fail
5193,10744,recruiter,2024-05-18 09:12:43,pass
5194,10744,final,2024-05-15 09:12:43,pass
5195,10750,final,2025-11-22 15:15:20,pass
5196,10751,panel,2025-01-21 12:12:18,fail
5197,10751,recruiter,2025-01-26 12:12:18,pass
5198,10751,final,2025-01-25 12:12:18,fail
5199,10754,panel,2025-11-01 12:21:32,pass
5200,10757,recruiter,2025-04-10 12:47:08,pass
5201,10758,final,2025-10-01 14:39:16,pass
5202,10761,recruiter,2024-03-27 03:49:52,pass
5203,10761,hiring_manager,2024-03-29 03:49:52,hold
5204,10764,hiring_manager,2024-08-28 06:26:05,fail
5205,10764,final,2024-09-03 06:26:05,hold
5206,10764,hiring_manager,2024-09-13 06:26:05,pass
5207,10766,final,2025-08-23 22:20:05,pass
5208,10769,panel,2025-04-25 07:42:57,pass
5209,10769,hiring_manager,2025-04-27 07:42:57,fail
5210,10769,hiring_manager,2025-05-08 07:42:57,pass
5211,10776,recruiter,2024-06-07 00:46:19,hold
5212,10776,final,2024-06-16 00:46:19,pass
5213,10777,final,2025-06-01 04:46:03,pass
5214,10782,panel,2024-03-29 08:27:34,pass
5215,10782,hiring_manager,2024-03-27 08:27:34,pass
5216,10782,final,2024-03-29 08:27:34,pass
5217,10789,recruiter,2024-08-31 17:02:45,pass
5218,10789,panel,2024-09-02 17:02:45,pass
5219,10791,final,2025-06-22 00:14:53,pass
5220,10792,recruiter,2025-11-08 22:24:28,fail
5221,10792,panel,2025-11-10 22:24:28,pass
5222,10803,recruiter,2024-08-22 11:38:30,pass
5223,10803,final,2024-08-22 11:38:30,fail
5224,10803,recruiter,2024-08-27 11:38:30,pass
5225,10804,final,2025-11-30 16:58:32,pass
5226,10804,recruiter,2025-12-01 16:58:32,hold
5227,10804,hiring_manager,2025-12-04 16:58:32,hold
5228,10805,hiring_manager,2025-09-23 19:29:11,fail
5229,10805,recruiter,2025-09-27 19:29:11,pass
5230,10805,hiring_manager,2025-09-26 19:29:11,hold
5231,10817,final,2025-04-08 17:13:07,pass
5232,10817,panel,2025-04-10 17:13:07,fail
5233,10821,hiring_manager,2025-08-11 21:51:20,pass
5234,10822,hiring_manager,2025-06-24 00:53:45,hold
5235,10822,panel,2025-06-24 00:53:45,fail
5236,10823,recruiter,2025-05-17 13:32:15,fail
5237,10823,hiring_manager,2025-05-21 13:32:15,fail
5238,10834,final,2025-05-22 01:11:59,pass
5239,10834,hiring_manager,2025-05-31 01:11:59,pass
5240,10843,final,2025-03-16 06:41:58,pass
5241,10843,panel,2025-03-21 06:41:58,pass
5242,10853,hiring_manager,2024-02-05 04:15:12,pass
5243,10853,hiring_manager,2024-02-06 04:15:12,pass
5244,10853,final,2024-02-06 04:15:12,pass
5245,10861,recruiter,2024-12-13 17:23:13,pass
5246,10861,recruiter,2024-12-20 17:23:13,pass
5247,10868,recruiter,2024-08-14 16:12:03,fail
5248,10868,final,2024-08-23 16:12:03,pass
5249,10868,hiring_manager,2024-08-17 16:12:03,fail
5250,10870,recruiter,2024-10-08 13:28:16,fail
5251,10870,recruiter,2024-10-12 13:28:16,pass
5252,10870,hiring_manager,2024-10-16 13:28:16,pass
5253,10892,final,2024-08-07 21:23:47,pass
5254,10892,final,2024-08-12 21:23:47,pass
5255,10894,recruiter,2024-04-05 12:19:13,pass
5256,10899,hiring_manager,2025-01-27 17:23:16,pass
5257,10904,hiring_manager,2025-04-06 18:52:16,pass
5258,10910,recruiter,2025-03-19 21:15:38,pass
5259,10910,hiring_manager,2025-03-26 21:15:38,fail
5260,10910,hiring_manager,2025-03-22 21:15:38,hold
5261,10911,hiring_manager,2025-01-22 17:00:59,fail
5262,10923,final,2025-08-23 17:06:39,pass
5263,10923,recruiter,2025-09-02 17:06:39,pass
5264,10929,recruiter,2025-01-03 20:08:35,hold
5265,10929,panel,2025-01-10 20:08:35,pass
5266,10929,recruiter,2025-01-13 20:08:35,pass
5267,10935,recruiter,2024-03-11 17:45:36,pass
5268,10937,final,2025-03-16 18:15:57,pass
5269,10937,hiring_manager,2025-03-14 18:15:57,fail
5270,10937,recruiter,2025-03-28 18:15:57,pass
5271,10938,recruiter,2025-03-15 00:32:20,pass
5272,10938,panel,2025-03-21 00:32:20,pass
5273,10938,recruiter,2025-03-19 00:32:20,fail
5274,10939,final,2024-05-25 13:02:49,pass
5275,10939,final,2024-05-26 13:02:49,pass
5276,10941,recruiter,2025-03-06 03:14:23,pass
5277,10941,panel,2025-03-07 03:14:23,pass
5278,10942,panel,2025-06-25 02:27:21,pass
5279,10942,recruiter,2025-06-28 02:27:21,pass
5280,10953,recruiter,2025-01-10 20:54:16,pass
5281,10954,final,2025-04-03 22:39:21,pass
5282,10958,recruiter,2025-04-01 04:02:24,fail
5283,10958,hiring_manager,2025-04-01 04:02:24,pass
5284,10962,hiring_manager,2025-02-04 21:43:34,pass
5285,10967,hiring_manager,2026-01-16 23:14:32,pass
5286,10979,hiring_manager,2025-08-10 18:33:42,fail
5287,10984,final,2025-07-28 02:41:03,pass
5288,10987,recruiter,2024-12-16 16:45:56,hold
5289,10995,recruiter,2025-03-23 07:21:04,hold
5290,10995,final,2025-03-31 07:21:04,pass
5291,10995,hiring_manager,2025-04-05 07:21:04,pass
5292,10998,final,2024-02-25 06:33:13,pass
5293,10998,hiring_manager,2024-03-01 06:33:13,pass
5294,11006,panel,2025-08-18 02:51:19,pass
5295,11006,recruiter,2025-08-18 02:51:19,pass
5296,11009,hiring_manager,2024-03-27 18:27:34,pass
5297,11009,hiring_manager,2024-04-01 18:27:34,pass
5298,11010,recruiter,2024-11-23 17:06:10,pass
5299,11010,hiring_manager,2024-11-29 17:06:10,pass
5300,11033,final,2025-08-14 18:49:34,fail
5301,11037,recruiter,2025-05-05 15:31:34,pass
5302,11037,recruiter,2025-05-07 15:31:34,pass
5303,11037,recruiter,2025-05-17 15:31:34,pass
5304,11041,recruiter,2024-03-01 03:12:05,fail
5305,11042,recruiter,2024-04-08 18:47:06,pass
5306,11047,panel,2025-10-06 17:12:03,pass
5307,11047,panel,2025-10-12 17:12:03,pass
5308,11049,hiring_manager,2024-03-14 06:31:13,pass
5309,11049,final,2024-03-16 06:31:13,pass
5310,11049,hiring_manager,2024-03-17 06:31:13,hold
5311,11050,final,2025-02-19 04:52:43,pass
5312,11050,panel,2025-02-23 04:52:43,fail
5313,11059,recruiter,2024-07-25 17:31:51,fail
5314,11059,recruiter,2024-07-26 17:31:51,pass
5315,11072,final,2025-07-25 20:35:33,fail
5316,11072,hiring_manager,2025-07-31 20:35:33,pass
5317,11072,recruiter,2025-08-10 20:35:33,pass
5318,11073,final,2024-10-29 23:10:24,hold
5319,11073,final,2024-11-04 23:10:24,pass
5320,11073,hiring_manager,2024-11-11 23:10:24,pass
5321,11078,recruiter,2024-09-04 18:11:47,fail
5322,11078,final,2024-09-13 18:11:47,pass
5323,11078,recruiter,2024-09-16 18:11:47,pass
5324,11083,hiring_manager,2024-03-06 04:39:19,hold
5325,11083,hiring_manager,2024-03-13 04:39:19,pass
5326,11083,final,2024-03-10 04:39:19,pass
5327,11084,panel,2024-07-30 10:15:51,hold
5328,11084,final,2024-08-07 10:15:51,pass
5329,11084,recruiter,2024-08-01 10:15:51,pass
5330,11085,final,2025-08-16 00:44:35,pass
5331,11085,recruiter,2025-08-20 00:44:35,hold
5332,11085,recruiter,2025-08-20 00:44:35,pass
5333,11106,final,2024-04-06 16:29:35,pass
5334,11106,hiring_manager,2024-04-04 16:29:35,pass
5335,11106,panel,2024-04-15 16:29:35,pass
5336,11116,final,2024-06-04 22:43:46,pass
5337,11116,final,2024-06-06 22:43:46,pass
5338,11118,final,2025-11-09 01:28:51,pass
5339,11118,final,2025-11-09 01:28:51,pass
5340,11129,recruiter,2024-07-07 12:51:28,pass
5341,11129,final,2024-07-09 12:51:28,fail
5342,11129,panel,2024-07-07 12:51:28,pass
5343,11138,hiring_manager,2025-10-04 12:47:08,hold
5344,11138,hiring_manager,2025-10-08 12:47:08,pass
5345,11138,final,2025-10-06 12:47:08,hold
5346,11147,hiring_manager,2024-03-03 19:15:52,pass
5347,11153,hiring_manager,2025-10-07 18:45:05,pass
5348,11153,final,2025-10-17 18:45:05,fail
5349,11153,final,2025-10-17 18:45:05,pass
5350,11157,recruiter,2024-03-11 22:05:18,fail
5351,11158,recruiter,2025-07-22 20:32:19,hold
5352,11158,final,2025-07-23 20:32:19,fail
5353,11158,hiring_manager,2025-08-04 20:32:19,pass
5354,11168,recruiter,2025-03-26 14:07:26,pass
5355,11168,panel,2025-03-29 14:07:26,pass
5356,11169,recruiter,2024-03-11 05:18:15,pass
5357,11174,final,2024-10-26 02:05:50,hold
5358,11174,recruiter,2024-10-31 02:05:50,pass
5359,11174,panel,2024-11-02 02:05:50,pass
5360,11176,final,2025-07-29 03:55:09,pass
5361,11176,recruiter,2025-07-31 03:55:09,fail
5362,11177,final,2025-08-14 19:19:23,pass
5363,11191,final,2025-06-15 00:48:33,pass
5364,11191,hiring_manager,2025-06-16 00:48:33,hold
5365,11207,panel,2025-10-16 19:39:56,pass
5366,11207,final,2025-10-14 19:39:56,pass
5367,11215,final,2025-06-19 12:44:10,hold
5368,11223,panel,2025-10-09 11:56:43,fail
5369,11223,panel,2025-10-15 11:56:43,hold
5370,11225,final,2024-04-01 19:09:24,pass
5371,11229,recruiter,2025-12-30 15:16:18,hold
5372,11229,final,2026-01-04 15:16:18,pass
5373,11231,recruiter,2025-09-28 07:29:37,pass
5374,11231,final,2025-10-04 07:29:37,pass
5375,11236,hiring_manager,2025-10-12 14:02:53,pass
5376,11237,final,2025-10-07 13:41:14,fail
5377,11237,hiring_manager,2025-10-15 13:41:14,pass
5378,11239,hiring_manager,2024-12-09 21:57:23,pass
5379,11239,hiring_manager,2024-12-11 21:57:23,pass
5380,11240,panel,2024-06-07 18:14:44,pass
5381,11242,recruiter,2024-07-17 12:44:49,pass
5382,11250,panel,2024-08-23 01:50:58,pass
5383,11251,hiring_manager,2025-07-08 02:24:00,pass
5384,11254,panel,2025-07-09 02:05:47,pass
5385,11254,final,2025-07-09 02:05:47,pass
5386,11258,recruiter,2024-08-09 09:06:49,pass
5387,11258,recruiter,2024-08-10 09:06:49,pass
5388,11269,recruiter,2024-08-17 19:23:40,pass
5389,11275,hiring_manager,2025-12-31 13:57:14,pass
5390,11275,recruiter,2026-01-06 13:57:14,hold
5391,11280,hiring_manager,2025-05-15 10:40:58,pass
5392,11280,recruiter,2025-05-16 10:40:58,pass
5393,11280,recruiter,2025-05-28 10:40:58,pass
5394,11281,panel,2026-01-16 18:49:32,hold
5395,11281,recruiter,2026-01-23 18:49:32,pass
5396,11281,final,2026-01-19 18:49:32,pass
5397,11285,panel,2024-05-12 06:51:45,hold
5398,11285,recruiter,2024-05-15 06:51:45,pass
5399,11288,recruiter,2025-12-31 21:34:34,pass
5400,11288,final,2025-12-31 21:34:34,hold
5401,11288,recruiter,2026-01-06 21:34:34,pass
5402,11289,recruiter,2025-11-17 11:03:17,pass
5403,11295,recruiter,2024-04-28 22:08:54,hold
5404,11295,final,2024-05-05 22:08:54,pass
5405,11304,final,2025-12-14 17:06:20,pass
5406,11304,panel,2025-12-22 17:06:20,pass
5407,11309,final,2024-04-23 03:06:15,hold
5408,11309,final,2024-04-30 03:06:15,fail
5409,11309,panel,2024-05-05 03:06:15,pass
5410,11312,hiring_manager,2024-05-13 13:50:40,pass
5411,11312,panel,2024-05-16 13:50:40,pass
5412,11312,final,2024-05-28 13:50:40,fail
5413,11316,hiring_manager,2024-07-25 09:18:30,pass
5414,11317,final,2025-07-13 01:34:11,pass
5415,11317,recruiter,2025-07-18 01:34:11,fail
5416,11317,hiring_manager,2025-07-20 01:34:11,pass
5417,11318,final,2025-04-02 14:43:41,pass
5418,11318,hiring_manager,2025-04-04 14:43:41,hold
5419,11318,recruiter,2025-04-02 14:43:41,pass
5420,11323,hiring_manager,2025-02-23 10:24:04,pass
5421,11323,final,2025-03-02 10:24:04,fail
5422,11323,final,2025-03-05 10:24:04,pass
5423,11331,hiring_manager,2024-09-02 05:26:11,hold
5424,11331,hiring_manager,2024-09-01 05:26:11,pass
5425,11332,final,2025-08-29 20:17:10,pass
5426,11335,panel,2024-02-20 21:24:45,pass
5427,11335,final,2024-02-27 21:24:45,fail
5428,11341,recruiter,2025-01-23 22:19:51,fail
5429,11341,hiring_manager,2025-01-25 22:19:51,pass
5430,11341,panel,2025-01-26 22:19:51,pass
5431,11343,panel,2024-06-09 12:28:22,pass
5432,11349,panel,2025-02-22 16:58:52,pass
5433,11349,hiring_manager,2025-02-24 16:58:52,pass
5434,11349,final,2025-02-24 16:58:52,fail
5435,11353,final,2024-11-17 00:05:34,pass
5436,11353,panel,2024-11-18 00:05:34,hold
5437,11367,hiring_manager,2025-10-12 20:22:21,pass
5438,11378,hiring_manager,2025-05-11 13:17:22,fail
5439,11380,recruiter,2024-02-25 12:57:11,pass
5440,11380,recruiter,2024-03-05 12:57:11,pass
5441,11383,hiring_manager,2024-04-09 04:16:34,pass
5442,11383,recruiter,2024-04-15 04:16:34,pass
5443,11387,panel,2025-05-05 15:04:07,pass
5444,11387,final,2025-05-10 15:04:07,pass
5445,11391,final,2025-02-09 12:42:00,pass
5446,11391,hiring_manager,2025-02-11 12:42:00,fail
5447,11393,recruiter,2025-03-20 13:08:45,hold
5448,11396,final,2024-01-29 00:01:07,pass
5449,11396,recruiter,2024-01-31 00:01:07,pass
5450,11396,recruiter,2024-02-14 00:01:07,pass
5451,11398,hiring_manager,2025-03-17 19:16:45,fail
5452,11407,panel,2025-09-20 14:25:43,pass
5453,11410,recruiter,2025-04-20 07:42:57,pass
5454,11410,hiring_manager,2025-04-26 07:42:57,pass
5455,11413,recruiter,2024-10-19 16:04:45,fail
5456,11413,panel,2024-10-25 16:04:45,fail
5457,11413,final,2024-10-29 16:04:45,hold
5458,11423,panel,2025-11-16 22:54:51,hold
5459,11425,final,2025-10-22 10:59:41,pass
5460,11430,panel,2024-03-19 12:08:11,fail
5461,11430,hiring_manager,2024-03-23 12:08:11,hold
5462,11430,final,2024-03-24 12:08:11,pass
5463,11435,hiring_manager,2024-05-23 08:24:08,pass
5464,11435,panel,2024-05-24 08:24:08,pass
5465,11435,recruiter,2024-05-30 08:24:08,hold
5466,11437,hiring_manager,2025-09-15 16:45:45,pass
5467,11443,panel,2025-01-19 04:43:45,pass
5468,11443,hiring_manager,2025-01-27 04:43:45,pass
5469,11443,final,2025-01-21 04:43:45,pass
5470,11447,panel,2024-09-03 14:55:59,pass
5471,11448,recruiter,2025-04-07 08:11:49,fail
5472,11452,hiring_manager,2024-08-06 07:50:00,pass
5473,11455,final,2024-05-29 02:08:32,pass
5474,11463,final,2025-11-06 13:08:49,fail
5475,11471,panel,2024-03-28 22:05:18,pass
5476,11472,hiring_manager,2025-09-27 05:50:45,pass
5477,11472,recruiter,2025-10-03 05:50:45,pass
5478,11472,recruiter,2025-10-05 05:50:45,pass
5479,11473,hiring_manager,2024-03-16 14:56:54,hold
5480,11475,panel,2024-02-29 22:21:50,pass
5481,11475,hiring_manager,2024-03-05 22:21:50,pass
5482,11475,recruiter,2024-03-01 22:21:50,hold
5483,11477,hiring_manager,2024-06-03 12:50:51,pass
5484,11477,panel,2024-06-10 12:50:51,fail
5485,11477,panel,2024-06-06 12:50:51,pass
5486,11481,recruiter,2026-01-26 04:20:06,pass
5487,11481,panel,2026-01-30 04:20:06,pass
5488,11488,hiring_manager,2025-09-02 07:35:50,pass
5489,11490,hiring_manager,2024-04-24 18:27:38,pass
5490,11501,panel,2024-08-14 18:12:35,pass
5491,11501,hiring_manager,2024-08-16 18:12:35,pass
5492,11501,final,2024-08-25 18:12:35,pass
5493,11507,hiring_manager,2026-02-08 20:41:54,pass
5494,11507,panel,2026-02-13 20:41:54,pass
5495,11508,panel,2025-01-02 15:59:39,pass
5496,11508,panel,2025-01-07 15:59:39,fail
5497,11508,recruiter,2025-01-17 15:59:39,pass
5498,11509,hiring_manager,2024-07-20 07:51:21,pass
5499,11509,recruiter,2024-07-23 07:51:21,pass
5500,11509,panel,2024-08-04 07:51:21,pass
5501,11520,hiring_manager,2024-02-09 18:21:00,pass
5502,11520,hiring_manager,2024-02-17 18:21:00,fail
5503,11520,final,2024-02-14 18:21:00,pass
5504,11523,hiring_manager,2024-02-09 12:04:26,pass
5505,11523,final,2024-02-16 12:04:26,pass
5506,11536,hiring_manager,2025-04-12 00:53:10,pass
5507,11536,hiring_manager,2025-04-20 00:53:10,pass
5508,11536,hiring_manager,2025-04-16 00:53:10,fail
5509,11537,hiring_manager,2025-05-13 13:35:39,pass
5510,11537,final,2025-05-12 13:35:39,pass
5511,11538,final,2024-12-17 11:39:58,pass
5512,11539,hiring_manager,2025-08-13 14:03:41,hold
5513,11539,recruiter,2025-08-14 14:03:41,pass
5514,11539,panel,2025-08-16 14:03:41,pass
5515,11542,final,2025-08-01 12:36:39,pass
5516,11542,panel,2025-07-30 12:36:39,pass
5517,11544,hiring_manager,2024-07-10 15:51:54,pass
5518,11548,panel,2024-02-11 23:09:35,pass
5519,11548,final,2024-02-19 23:09:35,fail
5520,11548,hiring_manager,2024-02-15 23:09:35,pass
5521,11550,final,2024-02-28 04:33:04,pass
5522,11550,panel,2024-03-05 04:33:04,pass
5523,11551,hiring_manager,2024-10-30 12:12:29,pass
5524,11552,recruiter,2024-10-12 15:42:06,pass
5525,11554,panel,2026-02-10 21:35:33,fail
5526,11559,panel,2024-06-01 20:25:01,pass
5527,11559,panel,2024-06-04 20:25:01,pass
5528,11559,recruiter,2024-06-13 20:25:01,pass
5529,11561,hiring_manager,2025-11-13 09:06:49,fail
5530,11561,hiring_manager,2025-11-23 09:06:49,pass
5531,11571,panel,2025-11-27 07:53:38,pass
5532,11571,panel,2025-11-25 07:53:38,hold
5533,11579,hiring_manager,2025-10-19 12:48:49,pass
5534,11581,panel,2024-11-19 21:21:21,pass
5535,11591,final,2025-02-15 08:05:03,pass
5536,11591,recruiter,2025-02-20 08:05:03,pass
5537,11593,panel,2025-09-12 14:51:42,pass
5538,11593,hiring_manager,2025-09-19 14:51:42,pass
5539,11601,final,2024-05-14 09:54:15,pass
5540,11602,recruiter,2025-01-30 05:01:18,hold
5541,11602,recruiter,2025-02-03 05:01:18,hold
5542,11602,panel,2025-02-02 05:01:18,fail
5543,11611,final,2025-04-21 17:59:05,fail
5544,11611,recruiter,2025-04-19 17:59:05,fail
5545,11612,recruiter,2025-01-01 12:08:24,pass
5546,11612,panel,2025-01-10 12:08:24,fail
5547,11613,recruiter,2024-08-25 22:18:51,pass
5548,11613,panel,2024-09-01 22:18:51,pass
5549,11613,hiring_manager,2024-09-01 22:18:51,pass
5550,11616,hiring_manager,2024-11-25 09:37:58,pass
5551,11622,panel,2024-08-17 12:09:26,hold
5552,11622,final,2024-08-19 12:09:26,pass
5553,11624,recruiter,2024-06-06 04:23:06,hold
5554,11624,final,2024-06-06 04:23:06,pass
5555,11625,hiring_manager,2025-10-11 16:49:25,pass
5556,11627,final,2025-04-17 20:24:46,pass
5557,11627,final,2025-04-23 20:24:46,pass
5558,11627,panel,2025-04-20 20:24:46,pass
5559,11629,hiring_manager,2025-10-05 20:41:16,pass
5560,11629,panel,2025-10-03 20:41:16,hold
5561,11630,panel,2025-08-18 04:13:45,pass
5562,11630,recruiter,2025-08-17 04:13:45,pass
5563,11630,panel,2025-08-19 04:13:45,pass
5564,11633,panel,2025-12-27 09:55:41,pass
5565,11635,hiring_manager,2025-08-29 16:28:31,pass
5566,11641,final,2026-03-03 01:11:23,pass
5567,11641,recruiter,2026-03-01 01:11:23,pass
5568,11641,hiring_manager,2026-03-12 01:11:23,pass
5569,11642,final,2024-04-02 05:44:48,fail
5570,11642,recruiter,2024-04-04 05:44:48,fail
5571,11642,panel,2024-04-05 05:44:48,pass
5572,11643,hiring_manager,2026-01-05 20:25:36,pass
5573,11643,hiring_manager,2026-01-03 20:25:36,pass
5574,11645,recruiter,2024-11-13 04:07:43,pass
5575,11647,recruiter,2025-09-02 16:34:28,pass
5576,11647,panel,2025-09-08 16:34:28,fail
5577,11647,panel,2025-09-12 16:34:28,fail
5578,11649,hiring_manager,2025-11-18 22:42:07,pass
5579,11649,recruiter,2025-11-28 22:42:07,fail
5580,11650,recruiter,2025-12-18 08:28:49,pass
5581,11650,recruiter,2025-12-19 08:28:49,pass
5582,11650,final,2025-12-24 08:28:49,pass
5583,11653,final,2025-02-19 20:35:28,fail
5584,11653,panel,2025-02-25 20:35:28,pass
5585,11653,panel,2025-02-26 20:35:28,pass
5586,11657,hiring_manager,2024-02-21 07:31:51,pass
5587,11659,recruiter,2025-09-23 21:21:53,pass
5588,11659,panel,2025-10-02 21:21:53,pass
5589,11659,panel,2025-09-29 21:21:53,pass
5590,11668,hiring_manager,2024-05-25 02:08:32,pass
5591,11680,hiring_manager,2025-03-24 18:42:41,pass
5592,11680,panel,2025-03-24 18:42:41,pass
5593,11690,final,2025-04-23 03:54:48,pass
5594,11694,panel,2025-01-11 13:13:55,pass
5595,11694,hiring_manager,2025-01-17 13:13:55,pass
5596,11695,panel,2024-06-13 00:50:20,pass
5597,11695,final,2024-06-17 00:50:20,fail
5598,11705,final,2025-12-03 20:25:36,pass
5599,11706,panel,2024-02-13 22:24:00,hold
5600,11706,recruiter,2024-02-23 22:24:00,pass
5601,11706,hiring_manager,2024-02-23 22:24:00,fail
5602,11707,recruiter,2024-03-08 07:03:02,fail
5603,11707,panel,2024-03-09 07:03:02,pass
5604,11707,final,2024-03-15 07:03:02,pass
5605,11708,hiring_manager,2025-05-14 04:53:08,pass
5606,11708,panel,2025-05-19 04:53:08,pass
5607,11710,panel,2025-10-31 10:17:53,pass
5608,11710,recruiter,2025-11-06 10:17:53,hold
5609,11710,recruiter,2025-11-02 10:17:53,fail
5610,11718,panel,2024-01-25 23:17:41,fail
5611,11718,hiring_manager,2024-02-02 23:17:41,pass
5612,11718,recruiter,2024-01-29 23:17:41,pass
5613,11728,panel,2025-03-20 22:45:11,pass
5614,11728,panel,2025-03-18 22:45:11,pass
5615,11743,hiring_manager,2025-03-02 04:52:43,pass
5616,11743,panel,2025-03-05 04:52:43,pass
5617,11752,hiring_manager,2024-02-01 13:30:59,pass
5618,11752,panel,2024-02-01 13:30:59,fail
5619,11752,panel,2024-02-06 13:30:59,fail
5620,11754,hiring_manager,2024-07-13 18:20:07,pass
5621,11756,panel,2025-05-17 03:13:11,pass
5622,11770,final,2024-02-25 16:39:03,fail
5623,11773,hiring_manager,2025-10-22 20:22:21,pass
5624,11774,recruiter,2024-06-02 06:38:08,pass
5625,11774,recruiter,2024-06-02 06:38:08,pass
5626,11774,final,2024-06-10 06:38:08,pass
5627,11775,recruiter,2024-12-09 03:16:21,pass
5628,11775,hiring_manager,2024-12-13 03:16:21,pass
5629,11778,final,2024-12-09 20:18:00,hold
5630,11778,hiring_manager,2024-12-16 20:18:00,pass
5631,11778,recruiter,2024-12-16 20:18:00,pass
5632,11786,panel,2025-09-15 05:07:24,pass
5633,11789,recruiter,2025-09-05 17:31:34,pass
5634,11789,final,2025-09-14 17:31:34,hold
5635,11792,panel,2024-03-05 22:59:11,pass
5636,11792,panel,2024-03-05 22:59:11,pass
5637,11792,final,2024-03-14 22:59:11,hold
5638,11794,final,2024-10-24 08:49:00,fail
5639,11794,hiring_manager,2024-10-30 08:49:00,pass
5640,11797,hiring_manager,2026-01-17 11:19:14,fail
5641,11797,hiring_manager,2026-01-23 11:19:14,pass
5642,11797,hiring_manager,2026-01-29 11:19:14,pass
5643,11800,panel,2024-04-21 21:25:01,hold
5644,11803,recruiter,2025-08-15 21:51:20,pass
5645,11803,final,2025-08-21 21:51:20,pass
5646,11821,hiring_manager,2024-08-31 21:52:53,fail
5647,11822,hiring_manager,2024-10-01 22:26:28,pass
5648,11822,panel,2024-10-03 22:26:28,pass
5649,11826,final,2024-08-28 22:01:12,pass
5650,11832,hiring_manager,2025-03-27 08:47:32,pass
5651,11834,final,2025-06-07 06:19:34,pass
5652,11834,final,2025-06-12 06:19:34,pass
5653,11835,recruiter,2024-01-30 14:21:07,pass
5654,11835,panel,2024-02-05 14:21:07,hold
5655,11835,hiring_manager,2024-02-06 14:21:07,pass
5656,11839,final,2025-08-08 17:31:34,fail
5657,11847,hiring_manager,2024-09-05 19:11:41,hold
5658,11847,panel,2024-09-09 19:11:41,pass
5659,11847,hiring_manager,2024-09-11 19:11:41,hold
5660,11856,hiring_manager,2024-09-03 16:28:23,fail
5661,11856,hiring_manager,2024-09-09 16:28:23,fail
5662,11856,recruiter,2024-09-11 16:28:23,pass
5663,11859,panel,2025-06-10 14:11:08,hold
5664,11859,panel,2025-06-17 14:11:08,pass
5665,11859,final,2025-06-13 14:11:08,pass
5666,11860,panel,2025-09-13 15:37:18,pass
5667,11860,hiring_manager,2025-09-20 15:37:18,pass
5668,11861,recruiter,2024-08-28 20:14:29,fail
5669,11861,final,2024-08-30 20:14:29,pass
5670,11861,panel,2024-09-11 20:14:29,hold
5671,11863,recruiter,2024-12-24 20:15:41,hold
5672,11863,hiring_manager,2024-12-23 20:15:41,fail
5673,11863,panel,2024-12-28 20:15:41,fail
5674,11864,panel,2026-02-04 10:52:10,pass
5675,11874,final,2025-04-01 23:18:25,pass
5676,11875,panel,2024-09-17 05:26:11,pass
5677,11875,final,2024-09-19 05:26:11,fail
5678,11878,final,2025-08-11 21:39:56,pass
5679,11882,final,2024-03-17 13:19:31,pass
5680,11892,final,2025-05-31 20:20:09,pass
5681,11894,hiring_manager,2025-06-20 04:06:19,pass
5682,11895,final,2024-08-20 11:23:26,pass
5683,11895,final,2024-08-25 11:23:26,pass
5684,11901,recruiter,2025-10-30 15:18:20,fail
5685,11901,hiring_manager,2025-11-03 15:18:20,pass
5686,11904,final,2024-03-16 19:52:56,pass
5687,11904,panel,2024-03-22 19:52:56,pass
5688,11906,hiring_manager,2024-02-09 08:12:20,pass
5689,11906,panel,2024-02-15 08:12:20,pass
5690,11907,panel,2024-06-05 18:34:52,fail
5691,11917,final,2024-09-22 04:50:01,hold
5692,11917,final,2024-09-24 04:50:01,hold
5693,11922,panel,2025-04-29 03:13:22,pass
5694,11922,hiring_manager,2025-05-06 03:13:22,pass
5695,11927,panel,2024-11-05 11:53:02,pass
5696,11933,panel,2024-03-11 13:26:50,pass
5697,11933,panel,2024-03-13 13:26:50,pass
5698,11933,recruiter,2024-03-25 13:26:50,hold
5699,11938,final,2024-04-09 23:26:54,pass
5700,11950,recruiter,2025-07-03 20:39:07,pass
5701,11950,panel,2025-07-11 20:39:07,pass
5702,11950,final,2025-07-13 20:39:07,pass
5703,11952,recruiter,2024-06-12 04:40:04,pass
5704,11953,final,2024-12-10 16:56:25,fail
5705,11953,panel,2024-12-11 16:56:25,pass
5706,11967,panel,2025-03-14 00:48:25,pass
5707,11973,recruiter,2025-02-10 17:47:54,pass
5708,11983,final,2024-09-14 12:01:01,pass
5709,11983,panel,2024-09-14 12:01:01,pass
5710,11983,recruiter,2024-09-22 12:01:01,pass
5711,11984,recruiter,2024-10-29 04:56:04,pass
5712,11984,hiring_manager,2024-10-31 04:56:04,pass
5713,11986,recruiter,2025-09-01 18:33:42,fail
5714,11986,hiring_manager,2025-09-07 18:33:42,fail
5715,11992,panel,2024-07-18 18:15:03,pass
5716,11992,hiring_manager,2024-07-25 18:15:03,hold
5717,11992,hiring_manager,2024-07-24 18:15:03,fail
5718,11998,recruiter,2024-09-04 07:38:24,pass
5719,11998,panel,2024-09-08 07:38:24,pass
5720,12003,recruiter,2024-02-29 14:21:07,pass
5721,12003,recruiter,2024-03-10 14:21:07,pass
5722,12003,recruiter,2024-03-04 14:21:07,pass
5723,12007,recruiter,2024-10-10 01:04:45,fail
5724,12007,panel,2024-10-11 01:04:45,hold
5725,12011,recruiter,2025-09-13 19:12:52,fail
5726,12011,hiring_manager,2025-09-19 19:12:52,pass
5727,12011,final,2025-09-26 19:12:52,pass
5728,12013,panel,2024-10-06 13:28:16,fail
5729,12013,panel,2024-10-08 13:28:16,pass
5730,12018,panel,2025-11-15 01:25:19,pass
5731,12018,hiring_manager,2025-11-25 01:25:19,pass
5732,12020,hiring_manager,2024-03-20 16:40:13,pass
5733,12021,recruiter,2024-09-16 12:43:48,hold
5734,12021,panel,2024-09-18 12:43:48,pass
5735,12021,hiring_manager,2024-09-30 12:43:48,fail
5736,12023,hiring_manager,2025-06-16 04:08:30,pass
5737,12023,panel,2025-06-15 04:08:30,hold
5738,12026,panel,2024-07-13 15:07:04,pass
5739,12026,panel,2024-07-16 15:07:04,pass
5740,12028,recruiter,2024-03-08 12:57:11,pass
5741,12028,hiring_manager,2024-03-13 12:57:11,hold
5742,12031,final,2025-09-07 11:16:51,pass
5743,12031,panel,2025-09-08 11:16:51,pass
5744,12040,recruiter,2026-01-31 07:00:43,fail
5745,12047,final,2024-11-20 02:50:14,fail
5746,12047,final,2024-11-22 02:50:14,pass
5747,12047,recruiter,2024-11-29 02:50:14,pass
5748,12048,recruiter,2025-10-30 20:22:21,pass
5749,12049,panel,2024-12-09 15:13:36,pass
5750,12049,final,2024-12-10 15:13:36,fail
5751,12050,hiring_manager,2024-09-11 19:46:13,pass
5752,12052,panel,2025-08-10 08:32:00,pass
5753,12052,panel,2025-08-15 08:32:00,pass
5754,12052,panel,2025-08-14 08:32:00,pass
5755,12056,final,2025-12-28 13:57:14,pass
5756,12056,final,2026-01-02 13:57:14,pass
5757,12058,panel,2025-06-04 16:25:08,pass
5758,12058,hiring_manager,2025-06-14 16:25:08,hold
5759,12058,final,2025-06-17 16:25:08,pass
5760,12065,hiring_manager,2025-04-28 11:43:12,pass
5761,12065,recruiter,2025-05-08 11:43:12,pass
5762,12071,panel,2024-07-12 12:00:13,pass
5763,12071,panel,2024-07-14 12:00:13,pass
5764,12071,panel,2024-07-12 12:00:13,pass
5765,12074,final,2025-08-10 17:31:34,pass
5766,12074,panel,2025-08-08 17:31:34,pass
5767,12076,final,2025-10-28 16:47:43,pass
5768,12090,panel,2024-05-21 03:39:11,pass
5769,12090,panel,2024-05-23 03:39:11,pass
5770,12105,hiring_manager,2024-08-09 10:15:51,pass
5771,12105,recruiter,2024-08-11 10:15:51,pass
5772,12105,final,2024-08-12 10:15:51,pass
5773,12117,panel,2025-09-30 05:26:37,pass
5774,12117,recruiter,2025-09-30 05:26:37,pass
5775,12129,hiring_manager,2024-07-03 15:22:44,pass
5776,12132,recruiter,2025-09-19 20:46:37,pass
5777,12132,hiring_manager,2025-09-27 20:46:37,pass
5778,12146,recruiter,2025-06-30 08:07:18,pass
5779,12146,final,2025-06-30 08:07:18,pass
5780,12151,hiring_manager,2025-11-17 13:10:07,pass
5781,12151,panel,2025-11-18 13:10:07,pass
5782,12154,hiring_manager,2024-06-12 16:39:47,pass
5783,12154,hiring_manager,2024-06-10 16:39:47,hold
5784,12154,recruiter,2024-06-21 16:39:47,hold
5785,12156,recruiter,2024-09-30 21:30:30,pass
5786,12156,recruiter,2024-10-03 21:30:30,pass
5787,12156,recruiter,2024-10-15 21:30:30,pass
5788,12158,panel,2024-07-06 09:01:10,pass
5789,12158,recruiter,2024-07-14 09:01:10,pass
5790,12158,final,2024-07-19 09:01:10,pass
5791,12171,panel,2024-08-04 18:14:17,pass
5792,12171,recruiter,2024-08-13 18:14:17,fail
5793,12172,panel,2024-08-26 03:00:46,pass
5794,12172,recruiter,2024-08-31 03:00:46,pass
5795,12179,final,2024-11-21 04:07:43,fail
5796,12179,recruiter,2024-11-29 04:07:43,pass
5797,12179,final,2024-11-25 04:07:43,fail
5798,12180,panel,2025-01-08 23:35:38,pass
5799,12180,final,2025-01-14 23:35:38,pass
5800,12181,panel,2024-05-28 13:02:49,pass
5801,12181,panel,2024-06-01 13:02:49,pass
5802,12187,final,2025-05-29 14:36:59,pass
5803,12194,panel,2025-02-25 15:34:01,pass
5804,12194,hiring_manager,2025-03-03 15:34:01,pass
5805,12196,panel,2025-11-16 17:37:09,pass
5806,12198,final,2024-06-30 13:49:24,fail
5807,12198,recruiter,2024-07-06 13:49:24,pass
5808,12201,recruiter,2025-02-21 07:37:33,pass
5809,12201,hiring_manager,2025-02-25 07:37:33,fail
5810,12206,recruiter,2025-01-01 10:45:53,pass
5811,12208,hiring_manager,2025-12-08 11:03:17,pass
5812,12211,final,2025-06-02 19:24:51,pass
5813,12211,panel,2025-05-31 19:24:51,fail
5814,12223,final,2024-02-12 09:23:18,pass
5815,12223,panel,2024-02-16 09:23:18,fail
5816,12223,hiring_manager,2024-02-26 09:23:18,pass
5817,12224,hiring_manager,2025-06-14 09:29:50,pass
5818,12224,recruiter,2025-06-19 09:29:50,pass
5819,12224,panel,2025-06-29 09:29:50,hold
5820,12225,hiring_manager,2025-10-26 18:51:23,hold
5821,12226,recruiter,2024-07-24 14:22:08,pass
5822,12226,panel,2024-07-28 14:22:08,pass
5823,12226,hiring_manager,2024-07-30 14:22:08,pass
5824,12227,panel,2025-05-10 04:28:32,hold
5825,12228,hiring_manager,2025-12-23 03:32:41,pass
5826,12234,panel,2025-09-02 15:06:12,hold
5827,12234,hiring_manager,2025-09-08 15:06:12,pass
5828,12245,hiring_manager,2025-07-13 23:43:43,pass
5829,12246,final,2025-09-28 09:35:30,pass
5830,12246,hiring_manager,2025-09-29 09:35:30,pass
5831,12246,recruiter,2025-09-29 09:35:30,fail
5832,12260,hiring_manager,2024-04-01 12:38:30,pass
5833,12260,final,2024-04-03 12:38:30,pass
5834,12262,recruiter,2024-11-11 21:07:55,pass
5835,12265,panel,2024-11-03 00:05:34,pass
5836,12265,recruiter,2024-11-10 00:05:34,fail
5837,12268,recruiter,2024-06-05 18:34:52,pass
5838,12268,panel,2024-06-05 18:34:52,hold
5839,12269,final,2025-05-14 17:45:54,pass
5840,12270,final,2024-04-16 03:06:15,pass
5841,12270,hiring_manager,2024-04-22 03:06:15,pass
5842,12270,panel,2024-04-27 03:06:15,fail
5843,12276,panel,2024-06-24 14:33:56,pass
5844,12281,panel,2024-02-10 17:24:04,pass
5845,12281,final,2024-02-12 17:24:04,pass
5846,12289,recruiter,2025-04-02 12:14:02,pass
5847,12290,recruiter,2025-12-12 08:14:24,pass
5848,12290,final,2025-12-18 08:14:24,pass
5849,12294,final,2025-04-19 17:22:44,pass
5850,12294,final,2025-04-24 17:22:44,pass
5851,12294,hiring_manager,2025-04-26 17:22:44,pass
5852,12295,panel,2025-01-05 21:21:21,pass
5853,12295,panel,2025-01-09 21:21:21,pass
5854,12301,recruiter,2025-09-28 00:03:04,pass
5855,12301,final,2025-10-03 00:03:04,pass
5856,12301,final,2025-10-02 00:03:04,pass
5857,12304,panel,2024-07-08 03:00:04,pass
5858,12304,final,2024-07-10 03:00:04,fail
5859,12304,recruiter,2024-07-13 03:00:04,hold
5860,12307,hiring_manager,2025-06-13 10:39:29,pass
5861,12307,recruiter,2025-06-19 10:39:29,pass
5862,12307,final,2025-06-13 10:39:29,pass
5863,12308,hiring_manager,2025-02-10 03:09:07,fail
5864,12320,final,2025-01-26 19:43:18,pass
5865,12320,recruiter,2025-01-28 19:43:18,pass
5866,12320,panel,2025-01-28 19:43:18,pass
5867,12325,panel,2024-02-24 16:55:50,pass
5868,12325,panel,2024-03-01 16:55:50,pass
5869,12327,recruiter,2024-10-09 22:45:35,pass
5870,12327,panel,2024-10-11 22:45:35,pass
5871,12327,hiring_manager,2024-10-25 22:45:35,pass
5872,12331,panel,2025-06-12 07:15:49,pass
5873,12332,hiring_manager,2024-09-22 12:47:03,hold
5874,12332,final,2024-09-24 12:47:03,pass
5875,12337,recruiter,2024-11-22 21:01:11,pass
5876,12337,hiring_manager,2024-11-25 21:01:11,fail
5877,12337,hiring_manager,2024-11-26 21:01:11,pass
5878,12338,recruiter,2025-08-03 03:55:09,pass
5879,12338,final,2025-08-02 03:55:09,pass
5880,12338,panel,2025-08-04 03:55:09,hold
5881,12341,panel,2024-03-13 14:49:52,fail
5882,12341,recruiter,2024-03-11 14:49:52,pass
5883,12344,hiring_manager,2025-10-25 18:51:23,pass
5884,12352,final,2025-11-21 21:45:08,pass
5885,12353,final,2024-09-15 22:49:45,pass
5886,12354,panel,2025-08-20 02:51:00,pass
5887,12363,final,2024-07-27 07:22:13,pass
5888,12367,final,2025-12-15 12:21:32,pass
5889,12367,final,2025-12-13 12:21:32,pass
5890,12367,hiring_manager,2025-12-24 12:21:32,pass
5891,12369,recruiter,2025-04-14 23:35:40,pass
5892,12369,recruiter,2025-04-20 23:35:40,pass
5893,12376,hiring_manager,2025-11-17 01:22:15,pass
5894,12383,recruiter,2024-11-09 22:56:27,hold
5895,12383,final,2024-11-09 22:56:27,pass
5896,12383,recruiter,2024-11-21 22:56:27,pass
5897,12388,final,2024-07-26 04:39:27,pass
5898,12388,final,2024-07-24 04:39:27,pass
5899,12390,recruiter,2025-11-14 07:03:10,pass
5900,12390,panel,2025-11-16 07:03:10,pass
5901,12390,recruiter,2025-11-23 07:03:10,fail
5902,12392,recruiter,2025-06-10 12:44:10,pass
5903,12392,hiring_manager,2025-06-18 12:44:10,pass
5904,12397,recruiter,2024-05-24 19:37:50,pass
5905,12397,hiring_manager,2024-05-30 19:37:50,fail
5906,12397,final,2024-05-24 19:37:50,fail
5907,12401,hiring_manager,2025-12-18 17:26:19,pass
5908,12401,recruiter,2025-12-24 17:26:19,pass
5909,12401,panel,2025-12-28 17:26:19,pass
5910,12403,hiring_manager,2025-05-28 00:48:33,hold
5911,12403,hiring_manager,2025-06-01 00:48:33,hold
5912,12403,recruiter,2025-06-13 00:48:33,fail
5913,12406,hiring_manager,2024-04-16 09:54:15,hold
5914,12413,hiring_manager,2025-05-15 11:51:59,pass
5915,12416,recruiter,2025-03-26 17:57:04,pass
5916,12416,recruiter,2025-03-24 17:57:04,fail
5917,12433,final,2024-06-14 06:24:03,pass
5918,12434,panel,2024-09-30 09:36:51,pass
5919,12434,panel,2024-10-02 09:36:51,pass
5920,12439,hiring_manager,2025-01-28 17:04:19,pass
5921,12440,final,2024-04-26 10:31:44,pass
5922,12440,final,2024-05-03 10:31:44,pass
5923,12440,final,2024-05-02 10:31:44,pass
5924,12441,panel,2025-07-04 08:20:15,fail
5925,12441,recruiter,2025-07-07 08:20:15,pass
5926,12442,panel,2025-09-09 02:30:56,pass
5927,12443,hiring_manager,2024-07-15 02:09:52,pass
5928,12444,panel,2024-04-13 20:45:50,pass
5929,12444,final,2024-04-16 20:45:50,pass
5930,12444,final,2024-04-26 20:45:50,pass
5931,12450,recruiter,2024-10-04 03:11:28,hold
5932,12450,recruiter,2024-10-11 03:11:28,pass
5933,12450,recruiter,2024-10-16 03:11:28,pass
5934,12452,final,2025-07-10 11:26:57,pass
5935,12456,recruiter,2025-08-23 14:59:39,fail
5936,12456,panel,2025-09-01 14:59:39,pass
5937,12456,panel,2025-09-07 14:59:39,pass
5938,12457,hiring_manager,2024-07-31 22:06:34,pass
5939,12457,recruiter,2024-08-04 22:06:34,pass
5940,12457,hiring_manager,2024-08-04 22:06:34,fail
5941,12460,panel,2025-10-29 21:49:46,pass
5942,12460,hiring_manager,2025-11-01 21:49:46,pass
5943,12465,panel,2025-08-23 04:32:58,pass
5944,12465,final,2025-08-22 04:32:58,hold
5945,12465,final,2025-08-27 04:32:58,pass
5946,12466,final,2024-03-13 17:24:04,fail
5947,12466,recruiter,2024-03-15 17:24:04,pass
5948,12481,panel,2026-02-04 14:32:11,hold
5949,12481,final,2026-02-06 14:32:11,pass
5950,12481,final,2026-02-06 14:32:11,pass
5951,12486,hiring_manager,2025-04-14 12:14:58,pass
5952,12486,hiring_manager,2025-04-22 12:14:58,pass
5953,12486,hiring_manager,2025-04-16 12:14:58,pass
5954,12489,final,2024-08-17 18:07:30,fail
5955,12493,final,2024-09-17 03:11:28,pass
5956,12494,recruiter,2025-03-07 20:00:37,pass
5957,12494,hiring_manager,2025-03-09 20:00:37,pass
5958,12497,hiring_manager,2024-02-03 01:54:00,pass
5959,12497,final,2024-02-09 01:54:00,pass
5960,12497,panel,2024-02-08 01:54:00,pass
5961,12505,recruiter,2024-11-09 21:57:08,fail
5962,12505,hiring_manager,2024-11-13 21:57:08,hold
5963,12509,final,2024-05-11 18:14:44,fail
5964,12509,recruiter,2024-05-13 18:14:44,pass
5965,12510,recruiter,2025-02-24 15:34:01,pass
5966,12511,final,2025-10-27 00:01:29,pass
5967,12511,recruiter,2025-11-01 00:01:29,pass
5968,12511,recruiter,2025-11-09 00:01:29,pass
5969,12512,hiring_manager,2025-07-03 17:45:09,pass
5970,12512,final,2025-07-01 17:45:09,pass
5971,12514,panel,2026-01-02 21:34:34,pass
5972,12514,recruiter,2026-01-10 21:34:34,pass
5973,12514,recruiter,2026-01-12 21:34:34,pass
5974,12519,recruiter,2025-07-04 00:53:45,pass
5975,12519,panel,2025-07-14 00:53:45,pass
5976,12522,panel,2025-09-05 09:19:51,pass
5977,12522,panel,2025-09-07 09:19:51,pass
5978,12522,recruiter,2025-09-07 09:19:51,fail
5979,12526,panel,2025-11-04 16:32:51,hold
5980,12526,recruiter,2025-11-09 16:32:51,pass
5981,12527,final,2025-04-19 05:09:24,hold
5982,12529,panel,2025-03-11 20:43:34,pass
5983,12529,recruiter,2025-03-19 20:43:34,pass
5984,12529,recruiter,2025-03-25 20:43:34,pass
5985,12531,recruiter,2024-04-22 11:17:46,pass
5986,12537,recruiter,2024-03-30 12:38:30,fail
5987,12537,recruiter,2024-04-03 12:38:30,pass
5988,12545,final,2024-09-30 21:55:20,pass
5989,12545,hiring_manager,2024-09-28 21:55:20,pass
5990,12550,final,2024-02-26 21:24:45,pass
5991,12550,final,2024-02-27 21:24:45,pass
5992,12550,final,2024-02-29 21:24:45,pass
5993,12552,hiring_manager,2025-03-08 21:57:12,pass
5994,12552,final,2025-03-11 21:57:12,pass
5995,12552,panel,2025-03-15 21:57:12,pass
5996,12557,final,2025-11-18 23:33:21,hold
5997,12562,recruiter,2024-10-10 01:21:18,pass
5998,12562,recruiter,2024-10-14 01:21:18,pass
5999,12562,final,2024-10-21 01:21:18,pass
6000,12564,final,2025-02-08 17:23:16,pass
6001,12574,final,2024-03-24 04:14:25,pass
6002,12574,final,2024-04-03 04:14:25,fail
6003,12574,panel,2024-03-31 04:14:25,pass
6004,12586,recruiter,2025-03-01 09:26:40,hold
6005,12586,hiring_manager,2025-03-03 09:26:40,pass
6006,12586,final,2025-03-05 09:26:40,pass
6007,12587,final,2025-05-01 10:05:00,pass
6008,12588,final,2025-09-17 15:22:46,pass
6009,12589,panel,2024-08-18 10:59:45,pass
6010,12592,recruiter,2025-02-20 11:54:01,pass
6011,12592,final,2025-02-28 11:54:01,pass
6012,12592,hiring_manager,2025-02-22 11:54:01,fail
6013,12605,final,2025-09-20 03:01:56,fail
6014,12605,recruiter,2025-09-28 03:01:56,fail
6015,12608,panel,2025-10-18 18:51:23,pass
6016,12608,panel,2025-10-16 18:51:23,fail
6017,12608,final,2025-10-27 18:51:23,pass
6018,12609,hiring_manager,2024-02-01 00:08:42,pass
6019,12615,recruiter,2025-06-06 16:25:08,pass
6020,12618,panel,2024-08-25 21:34:42,hold
6021,12618,hiring_manager,2024-08-25 21:34:42,fail
6022,12618,final,2024-08-31 21:34:42,pass
6023,12619,panel,2024-02-28 04:39:19,pass
6024,12619,final,2024-03-09 04:39:19,fail
6025,12619,recruiter,2024-03-03 04:39:19,hold
6026,12626,panel,2024-08-28 20:44:48,pass
6027,12626,final,2024-08-27 20:44:48,pass
6028,12626,panel,2024-09-04 20:44:48,fail
6029,12629,panel,2025-08-22 21:10:09,hold
6030,12644,final,2024-08-10 07:51:21,pass
6031,12646,panel,2024-05-24 18:14:44,pass
6032,12646,final,2024-05-26 18:14:44,fail
6033,12650,panel,2024-05-25 18:34:52,pass
6034,12650,recruiter,2024-05-27 18:34:52,pass
6035,12650,hiring_manager,2024-06-01 18:34:52,pass
6036,12656,panel,2024-01-25 02:22:26,hold
6037,12656,recruiter,2024-01-26 02:22:26,pass
6038,12667,final,2024-07-20 13:49:24,pass
6039,12667,hiring_manager,2024-07-24 13:49:24,pass
6040,12667,panel,2024-07-25 13:49:24,pass
6041,12668,final,2024-03-13 21:14:02,pass
6042,12668,recruiter,2024-03-19 21:14:02,fail
6043,12668,panel,2024-03-25 21:14:02,fail
6044,12669,hiring_manager,2024-05-12 22:54:35,pass
6045,12669,hiring_manager,2024-05-21 22:54:35,pass
6046,12669,panel,2024-05-15 22:54:35,pass
6047,12672,final,2025-05-26 06:19:34,pass
6048,12672,recruiter,2025-05-28 06:19:34,pass
6049,12672,final,2025-05-31 06:19:34,pass
6050,12674,hiring_manager,2024-05-16 12:35:10,pass
6051,12677,final,2024-04-15 19:57:56,pass
6052,12685,final,2025-03-31 15:10:28,pass
6053,12693,final,2025-07-05 04:57:31,pass
6054,12693,recruiter,2025-07-13 04:57:31,pass
6055,12693,hiring_manager,2025-07-13 04:57:31,pass
6056,12696,hiring_manager,2025-09-02 02:41:03,pass
6057,12696,recruiter,2025-09-10 02:41:03,pass
6058,12702,panel,2025-06-27 16:40:41,pass
6059,12702,hiring_manager,2025-06-29 16:40:41,pass
6060,12711,recruiter,2025-09-24 18:06:23,fail
6061,12711,panel,2025-09-29 18:06:23,hold
6062,12711,panel,2025-10-01 18:06:23,pass
6063,12712,recruiter,2024-10-03 12:01:01,hold
6064,12716,panel,2024-09-15 13:28:57,pass
6065,12716,recruiter,2024-09-18 13:28:57,pass
6066,12716,recruiter,2024-09-24 13:28:57,fail
6067,12717,final,2025-06-29 06:23:38,pass
6068,12717,hiring_manager,2025-07-03 06:23:38,pass
6069,12721,hiring_manager,2024-05-10 18:19:51,pass
6070,12721,final,2024-05-11 18:19:51,fail
6071,12724,panel,2024-02-21 23:09:35,pass
6072,12724,final,2024-02-27 23:09:35,pass
6073,12724,final,2024-02-28 23:09:35,pass
6074,12737,final,2024-04-05 12:38:30,pass
6075,12737,recruiter,2024-04-11 12:38:30,pass
6076,12737,panel,2024-04-17 12:38:30,fail
6077,12740,recruiter,2024-10-05 10:09:20,pass
6078,12741,panel,2024-05-16 10:35:57,fail
6079,12741,final,2024-05-19 10:35:57,fail
6080,12744,recruiter,2024-06-03 07:31:50,fail
6081,12744,final,2024-06-02 07:31:50,pass
6082,12748,final,2025-11-13 20:23:14,hold
6083,12748,final,2025-11-19 20:23:14,pass
6084,12748,final,2025-11-21 20:23:14,hold
6085,12754,panel,2024-01-20 14:49:30,pass
6086,12754,recruiter,2024-01-22 14:49:30,pass
6087,12754,hiring_manager,2024-01-24 14:49:30,pass
6088,12766,hiring_manager,2025-03-24 21:39:57,pass
6089,12769,final,2024-05-27 04:22:19,pass
6090,12769,final,2024-05-25 04:22:19,pass
6091,12769,final,2024-05-30 04:22:19,pass
6092,12772,final,2026-02-13 09:37:00,pass
6093,12773,panel,2024-02-21 05:55:59,pass
6094,12781,panel,2024-02-12 15:03:39,pass
6095,12782,hiring_manager,2025-02-28 18:59:29,pass
6096,12782,panel,2025-02-28 18:59:29,pass
6097,12782,recruiter,2025-03-12 18:59:29,pass
6098,12785,final,2025-07-10 01:30:15,fail
6099,12788,hiring_manager,2024-08-24 06:42:08,pass
6100,12788,recruiter,2024-08-28 06:42:08,fail
6101,12788,final,2024-09-03 06:42:08,pass
6102,12806,final,2024-10-07 10:21:24,fail
6103,12806,panel,2024-10-06 10:21:24,fail
6104,12816,final,2024-04-18 19:49:50,fail
6105,12816,recruiter,2024-04-27 19:49:50,fail
6106,12816,hiring_manager,2024-05-03 19:49:50,pass
6107,12823,final,2026-01-20 23:54:08,pass
6108,12823,panel,2026-01-22 23:54:08,pass
6109,12823,hiring_manager,2026-01-20 23:54:08,pass
6110,12825,panel,2025-11-29 03:32:41,pass
6111,12825,final,2025-11-30 03:32:41,pass
6112,12834,panel,2024-04-08 10:36:22,pass
6113,12834,panel,2024-04-17 10:36:22,pass
6114,12839,final,2024-03-21 00:16:03,pass
6115,12844,hiring_manager,2025-06-04 05:07:23,hold
6116,12846,panel,2025-10-12 16:20:38,pass
6117,12846,recruiter,2025-10-16 16:20:38,pass
6118,12848,panel,2024-07-13 07:51:21,pass
6119,12848,recruiter,2024-07-16 07:51:21,pass
6120,12848,panel,2024-07-14 07:51:21,pass
6121,12849,final,2024-08-20 07:42:14,pass
6122,12849,final,2024-08-25 07:42:14,fail
6123,12849,recruiter,2024-08-26 07:42:14,pass
6124,12850,recruiter,2025-07-06 01:11:59,pass
6125,12859,recruiter,2025-04-08 17:59:05,pass
6126,12860,panel,2025-05-07 08:08:08,pass
6127,12871,recruiter,2024-08-05 17:03:39,pass
6128,12874,panel,2025-11-19 03:42:31,fail
6129,12874,recruiter,2025-11-19 03:42:31,pass
6130,12880,panel,2025-03-01 07:21:04,hold
6131,12880,final,2025-03-03 07:21:04,pass
6132,12880,hiring_manager,2025-03-17 07:21:04,hold
6133,12881,recruiter,2025-08-26 19:12:52,pass
6134,12881,hiring_manager,2025-08-27 19:12:52,fail
6135,12881,panel,2025-09-08 19:12:52,pass
6136,12883,hiring_manager,2025-02-14 00:37:52,pass
6137,12883,recruiter,2025-02-14 00:37:52,pass
6138,12884,hiring_manager,2025-07-30 09:52:07,pass
6139,12886,panel,2024-08-25 04:50:01,pass
6140,12886,panel,2024-08-31 04:50:01,pass
6141,12886,panel,2024-08-29 04:50:01,pass
6142,12895,recruiter,2026-01-09 16:35:38,pass
6143,12895,final,2026-01-15 16:35:38,pass
6144,12900,recruiter,2025-04-06 03:54:48,pass
6145,12901,hiring_manager,2024-04-10 10:16:36,pass
6146,12901,final,2024-04-10 10:16:36,pass
6147,12901,hiring_manager,2024-04-10 10:16:36,pass
6148,12906,hiring_manager,2025-01-20 16:09:36,pass
6149,12906,final,2025-01-23 16:09:36,fail
6150,12906,panel,2025-01-23 16:09:36,hold
6151,12911,panel,2024-07-15 12:16:16,pass
6152,12911,hiring_manager,2024-07-24 12:16:16,pass
6153,12922,final,2024-09-12 11:58:19,pass
6154,12922,panel,2024-09-19 11:58:19,pass
6155,12923,panel,2025-11-23 14:16:45,pass
6156,12923,panel,2025-11-28 14:16:45,pass
6157,12923,panel,2025-12-02 14:16:45,fail
6158,12929,hiring_manager,2025-02-26 01:26:27,pass
6159,12929,panel,2025-03-06 01:26:27,fail
6160,12929,final,2025-03-11 01:26:27,pass
6161,12930,recruiter,2025-06-19 16:06:04,hold
6162,12930,final,2025-06-21 16:06:04,pass
6163,12930,panel,2025-06-30 16:06:04,pass
6164,12931,panel,2024-10-14 00:29:06,fail
6165,12931,final,2024-10-24 00:29:06,fail
6166,12934,panel,2025-12-30 09:36:25,pass
6167,12934,final,2025-12-28 09:36:25,pass
6168,12934,panel,2025-12-30 09:36:25,hold
6169,12940,final,2025-01-25 07:30:24,hold
6170,12940,recruiter,2025-01-26 07:30:24,pass
6171,12948,hiring_manager,2024-02-20 00:08:42,pass
6172,12948,panel,2024-02-22 00:08:42,fail
6173,12952,final,2026-01-01 04:33:40,pass
6174,12952,panel,2026-01-05 04:33:40,pass
6175,12955,hiring_manager,2025-07-09 18:13:01,pass
6176,12955,hiring_manager,2025-07-12 18:13:01,pass
6177,12955,final,2025-07-16 18:13:01,pass
6178,12962,recruiter,2025-12-27 11:41:11,pass
6179,12962,final,2025-12-30 11:41:11,pass
6180,12962,hiring_manager,2026-01-06 11:41:11,pass
6181,12963,recruiter,2025-02-10 12:16:28,pass
6182,12963,recruiter,2025-02-13 12:16:28,pass
6183,12965,recruiter,2025-12-29 06:22:28,pass
6184,12965,final,2026-01-08 06:22:28,pass
6185,12965,final,2026-01-05 06:22:28,pass
6186,12967,final,2025-10-28 11:03:17,fail
6187,12967,panel,2025-10-27 11:03:17,pass
6188,12967,final,2025-10-29 11:03:17,pass
6189,12969,final,2024-10-28 10:47:10,hold
6190,12969,recruiter,2024-11-07 10:47:10,pass
6191,12969,final,2024-11-10 10:47:10,fail
6192,12971,final,2025-07-13 22:44:53,pass
6193,12971,recruiter,2025-07-14 22:44:53,pass
6194,12971,panel,2025-07-20 22:44:53,pass
6195,12972,final,2024-09-14 08:38:47,pass
6196,12972,hiring_manager,2024-09-18 08:38:47,pass
6197,12973,final,2025-03-01 07:39:30,pass
6198,12975,hiring_manager,2025-08-24 08:27:24,pass
6199,12975,recruiter,2025-08-30 08:27:24,fail
6200,12975,hiring_manager,2025-08-29 08:27:24,fail
6201,12979,recruiter,2025-01-06 13:16:25,fail
6202,12979,hiring_manager,2025-01-09 13:16:25,pass
6203,12981,hiring_manager,2024-03-21 03:08:29,pass
6204,12981,recruiter,2024-03-29 03:08:29,fail
6205,12985,panel,2025-11-14 18:51:23,pass
6206,12985,panel,2025-11-16 18:51:23,fail
6207,12989,hiring_manager,2025-03-03 15:10:28,pass
6208,12990,panel,2025-06-11 11:35:10,fail
6209,12990,final,2025-06-19 11:35:10,pass
6210,12990,panel,2025-06-22 11:35:10,fail
6211,12993,recruiter,2024-04-22 18:37:41,pass
6212,12995,panel,2024-02-26 18:21:24,pass
6213,12995,recruiter,2024-03-01 18:21:24,pass
6214,13000,panel,2024-03-29 12:46:57,pass
6215,13000,recruiter,2024-03-30 12:46:57,pass
6216,13000,hiring_manager,2024-04-13 12:46:57,pass
6217,13004,panel,2024-03-18 16:32:46,pass
6218,13009,hiring_manager,2025-12-14 07:41:01,pass
6219,13010,recruiter,2024-09-17 19:56:28,fail
6220,13010,hiring_manager,2024-09-23 19:56:28,pass
6221,13016,panel,2025-07-12 15:38:03,pass
6222,13016,hiring_manager,2025-07-17 15:38:03,pass
6223,13018,panel,2025-05-19 20:20:21,pass
6224,13018,hiring_manager,2025-05-27 20:20:21,pass
6225,13023,recruiter,2024-06-22 14:16:53,pass
6226,13023,hiring_manager,2024-06-26 14:16:53,fail
6227,13023,final,2024-07-08 14:16:53,pass
6228,13031,recruiter,2025-09-06 21:59:26,pass
6229,13031,panel,2025-09-15 21:59:26,pass
6230,13036,recruiter,2025-08-31 20:38:26,pass
6231,13036,panel,2025-09-05 20:38:26,hold
6232,13042,final,2025-06-28 20:54:38,pass
6233,13042,panel,2025-06-30 20:54:38,fail
6234,13043,final,2025-10-27 21:44:10,pass
6235,13044,final,2024-11-25 14:08:35,pass
6236,13044,panel,2024-11-23 14:08:35,pass
6237,13049,hiring_manager,2024-05-14 09:27:43,pass
6238,13049,panel,2024-05-22 09:27:43,pass
6239,13049,panel,2024-05-19 09:27:43,pass
6240,13060,panel,2024-03-28 10:07:59,hold
6241,13060,hiring_manager,2024-03-26 10:07:59,pass
6242,13060,recruiter,2024-03-28 10:07:59,hold
6243,13070,hiring_manager,2024-11-13 17:16:59,pass
6244,13071,panel,2024-09-27 12:01:01,pass
6245,13071,panel,2024-09-29 12:01:01,pass
6246,13071,panel,2024-10-06 12:01:01,pass
6247,13075,final,2024-07-21 13:17:52,fail
6248,13075,final,2024-07-22 13:17:52,pass
6249,13075,recruiter,2024-08-02 13:17:52,pass
6250,13077,hiring_manager,2026-01-01 23:36:23,pass
6251,13077,final,2026-01-07 23:36:23,pass
6252,13078,final,2025-05-12 08:19:00,pass
6253,13082,panel,2025-04-13 15:10:05,pass
6254,13082,final,2025-04-19 15:10:05,pass
6255,13083,hiring_manager,2024-06-09 12:28:22,fail
6256,13084,final,2024-10-31 19:41:39,pass
6257,13084,recruiter,2024-11-02 19:41:39,fail
6258,13084,recruiter,2024-11-13 19:41:39,fail
6259,13086,hiring_manager,2025-07-06 09:52:07,pass
6260,13094,panel,2024-04-24 17:47:12,fail
6261,13094,final,2024-04-27 17:47:12,pass
6262,13095,recruiter,2025-08-02 10:10:49,pass
6263,13095,hiring_manager,2025-08-11 10:10:49,pass
6264,13095,panel,2025-08-05 10:10:49,pass
6265,13096,recruiter,2025-07-30 08:35:41,pass
6266,13096,panel,2025-08-03 08:35:41,pass
6267,13104,hiring_manager,2024-04-14 18:43:46,hold
6268,13104,recruiter,2024-04-19 18:43:46,pass
6269,13110,hiring_manager,2024-07-28 09:33:51,pass
6270,13113,panel,2024-04-27 09:26:48,fail
6271,13113,recruiter,2024-05-06 09:26:48,hold
6272,13115,hiring_manager,2024-02-12 01:54:00,pass
6273,13115,hiring_manager,2024-02-14 01:54:00,fail
6274,13115,hiring_manager,2024-02-19 01:54:00,fail
6275,13117,recruiter,2024-04-10 19:09:24,hold
6276,13123,hiring_manager,2024-12-25 10:31:45,pass
6277,13142,hiring_manager,2024-04-10 16:20:10,pass
6278,13146,panel,2025-02-09 02:35:56,pass
6279,13149,panel,2024-09-01 05:23:21,pass
6280,13149,recruiter,2024-09-04 05:23:21,fail
6281,13149,panel,2024-09-11 05:23:21,pass
6282,13152,final,2024-07-15 15:22:44,hold
6283,13152,hiring_manager,2024-07-21 15:22:44,pass
6284,13152,recruiter,2024-07-28 15:22:44,pass
6285,13154,recruiter,2025-06-05 20:34:07,pass
6286,13162,panel,2024-11-20 06:01:53,pass
6287,13162,hiring_manager,2024-11-20 06:01:53,pass
6288,13162,hiring_manager,2024-11-28 06:01:53,fail
6289,13166,recruiter,2024-11-01 05:21:35,pass
6290,13166,hiring_manager,2024-11-06 05:21:35,pass
6291,13166,recruiter,2024-11-02 05:21:35,fail
6292,13168,panel,2024-09-26 03:06:57,pass
6293,13175,hiring_manager,2024-10-02 21:36:52,hold
6294,13175,panel,2024-10-09 21:36:52,pass
6295,13185,panel,2025-03-13 21:52:30,pass
6296,13185,hiring_manager,2025-03-19 21:52:30,pass
6297,13188,recruiter,2025-10-09 02:47:06,hold
6298,13199,hiring_manager,2024-04-25 20:10:49,pass
6299,13199,final,2024-04-27 20:10:49,pass
6300,13199,final,2024-05-07 20:10:49,fail
6301,13206,hiring_manager,2024-05-01 18:43:46,pass
6302,13209,final,2024-10-22 07:39:52,fail
6303,13209,hiring_manager,2024-10-23 07:39:52,pass
6304,13217,panel,2025-06-06 02:27:21,pass
6305,13220,recruiter,2024-03-10 02:09:45,fail
6306,13220,panel,2024-03-10 02:09:45,hold
6307,13220,recruiter,2024-03-19 02:09:45,pass
6308,13226,recruiter,2024-11-07 10:49:47,hold
6309,13226,hiring_manager,2024-11-09 10:49:47,pass
6310,13227,hiring_manager,2025-10-15 03:01:56,pass
6311,13227,panel,2025-10-13 03:01:56,hold
6312,13228,panel,2025-08-17 21:21:53,pass
6313,13230,hiring_manager,2025-11-30 19:04:51,pass
6314,13230,recruiter,2025-12-07 19:04:51,pass
6315,13230,panel,2025-12-03 19:04:51,pass
6316,13232,panel,2026-01-08 23:24:16,pass
6317,13232,panel,2026-01-11 23:24:16,pass
6318,13232,recruiter,2026-01-09 23:24:16,pass
6319,13235,hiring_manager,2024-07-01 02:52:40,fail
6320,13235,final,2024-07-01 02:52:40,pass
6321,13235,hiring_manager,2024-07-15 02:52:40,pass
6322,13243,hiring_manager,2024-04-29 05:04:52,pass
6323,13243,recruiter,2024-05-05 05:04:52,pass
6324,13263,recruiter,2025-03-02 05:31:05,pass
6325,13263,panel,2025-03-07 05:31:05,pass
6326,13265,panel,2024-11-15 13:52:17,pass
6327,13269,panel,2025-04-08 12:19:58,pass
6328,13269,final,2025-04-10 12:19:58,hold
6329,13275,recruiter,2024-06-13 05:57:28,pass
6330,13275,recruiter,2024-06-17 05:57:28,pass
6331,13275,hiring_manager,2024-06-25 05:57:28,pass
6332,13279,hiring_manager,2024-03-02 10:14:18,pass
6333,13279,final,2024-03-05 10:14:18,pass
6334,13281,recruiter,2025-03-23 12:14:58,pass
6335,13281,final,2025-03-25 12:14:58,pass
6336,13291,hiring_manager,2025-07-18 15:38:03,fail
6337,13291,final,2025-07-26 15:38:03,fail
6338,13291,recruiter,2025-07-20 15:38:03,pass
6339,13294,recruiter,2024-02-21 03:13:40,pass
6340,13294,panel,2024-02-21 03:13:40,hold
6341,13298,hiring_manager,2024-08-06 12:09:26,fail
6342,13298,hiring_manager,2024-08-06 12:09:26,pass
6343,13298,recruiter,2024-08-06 12:09:26,pass
6344,13300,recruiter,2024-03-05 15:25:06,fail
6345,13301,panel,2025-12-09 16:42:57,pass
6346,13301,hiring_manager,2025-12-14 16:42:57,pass
6347,13301,hiring_manager,2025-12-24 16:42:57,pass
6348,13303,recruiter,2024-04-29 07:23:38,fail
6349,13305,panel,2025-09-15 17:06:39,pass
6350,13305,hiring_manager,2025-09-23 17:06:39,fail
6351,13309,hiring_manager,2024-04-22 23:26:54,pass
6352,13309,recruiter,2024-04-21 23:26:54,pass
6353,13309,panel,2024-05-02 23:26:54,pass
6354,13319,panel,2025-04-18 11:51:59,pass
6355,13324,hiring_manager,2024-06-28 10:35:57,pass
6356,13324,final,2024-07-01 10:35:57,pass
6357,13325,panel,2025-09-09 04:50:34,pass
6358,13328,final,2024-04-16 20:34:29,pass
6359,13328,final,2024-04-16 20:34:29,pass
6360,13328,hiring_manager,2024-04-18 20:34:29,pass
6361,13329,final,2024-10-19 15:56:29,pass
6362,13329,final,2024-10-28 15:56:29,pass
6363,13329,panel,2024-10-22 15:56:29,pass
6364,13333,recruiter,2024-08-27 07:38:24,pass
6365,13333,recruiter,2024-09-04 07:38:24,pass
6366,13334,panel,2025-09-20 08:01:04,pass
6367,13336,recruiter,2025-05-24 22:08:51,pass
6368,13336,recruiter,2025-05-28 22:08:51,fail
6369,13337,recruiter,2024-08-23 14:22:21,pass
6370,13337,recruiter,2024-08-25 14:22:21,pass
6371,13347,panel,2025-09-03 00:26:23,pass
6372,13347,recruiter,2025-09-11 00:26:23,pass
6373,13347,hiring_manager,2025-09-14 00:26:23,pass
6374,13351,hiring_manager,2024-03-30 01:44:41,pass
6375,13356,panel,2024-09-22 14:54:07,hold
6376,13356,hiring_manager,2024-09-27 14:54:07,pass
6377,13356,hiring_manager,2024-10-01 14:54:07,pass
6378,13357,final,2025-09-19 21:51:00,pass
6379,13357,final,2025-09-29 21:51:00,hold
6380,13357,recruiter,2025-10-02 21:51:00,pass
6381,13359,recruiter,2025-10-28 16:28:14,pass
6382,13364,recruiter,2025-10-04 09:51:30,pass
6383,13364,hiring_manager,2025-10-09 09:51:30,pass
6384,13370,panel,2024-09-22 22:01:38,hold
6385,13370,recruiter,2024-09-25 22:01:38,pass
6386,13377,hiring_manager,2025-05-22 01:11:58,pass
6387,13377,recruiter,2025-05-28 01:11:58,pass
6388,13377,final,2025-05-29 01:11:58,pass
6389,13381,final,2024-09-19 17:20:24,fail
6390,13385,recruiter,2024-05-20 19:09:30,pass
6391,13394,panel,2024-04-21 14:03:59,pass
6392,13394,final,2024-04-28 14:03:59,pass
6393,13399,final,2025-08-07 08:56:02,fail
6394,13399,recruiter,2025-08-17 08:56:02,pass
6395,13399,panel,2025-08-11 08:56:02,hold
6396,13405,panel,2024-07-06 02:03:08,fail
6397,13410,recruiter,2024-04-13 20:01:01,pass
6398,13410,recruiter,2024-04-16 20:01:01,pass
6399,13411,hiring_manager,2025-06-03 00:48:33,pass
6400,13412,hiring_manager,2024-12-11 02:49:50,pass
6401,13412,panel,2024-12-20 02:49:50,pass
6402,13412,hiring_manager,2024-12-14 02:49:50,pass
6403,13433,hiring_manager,2025-02-01 14:20:53,pass
6404,13437,recruiter,2024-12-27 17:23:16,pass
6405,13445,recruiter,2024-08-02 00:12:02,pass
6406,13446,hiring_manager,2026-01-05 15:32:57,pass
6407,13449,panel,2025-02-22 17:34:29,pass
6408,13449,final,2025-02-28 17:34:29,hold
6409,13453,panel,2025-08-26 23:42:18,hold
6410,13453,recruiter,2025-09-05 23:42:18,fail
6411,13453,recruiter,2025-09-02 23:42:18,pass
6412,13455,final,2024-06-15 11:53:25,pass
6413,13455,hiring_manager,2024-06-16 11:53:25,pass
6414,13455,panel,2024-06-24 11:53:25,pass
6415,13465,recruiter,2025-05-08 12:44:10,hold
6416,13465,panel,2025-05-16 12:44:10,pass
6417,13465,final,2025-05-15 12:44:10,fail
6418,13466,hiring_manager,2024-09-03 17:30:58,hold
6419,13466,hiring_manager,2024-09-05 17:30:58,pass
6420,13476,recruiter,2025-04-09 06:41:19,pass
6421,13476,recruiter,2025-04-07 06:41:19,pass
6422,13476,recruiter,2025-04-21 06:41:19,hold
6423,13479,final,2025-01-17 05:13:54,pass
6424,13479,panel,2025-01-21 05:13:54,pass
6425,13479,panel,2025-01-20 05:13:54,fail
6426,13482,recruiter,2024-12-18 16:16:33,pass
6427,13482,hiring_manager,2024-12-16 16:16:33,fail
6428,13487,recruiter,2024-11-16 02:15:37,pass
6429,13487,hiring_manager,2024-11-22 02:15:37,pass
6430,13487,final,2024-11-16 02:15:37,pass
6431,13491,recruiter,2024-04-10 15:13:58,pass
6432,13491,panel,2024-04-10 15:13:58,pass
6433,13497,final,2025-01-02 22:26:59,pass
6434,13498,recruiter,2024-03-31 13:04:51,fail
6435,13498,panel,2024-04-04 13:04:51,pass
6436,13498,recruiter,2024-04-10 13:04:51,pass
6437,13499,final,2025-08-23 21:50:45,pass
6438,13499,hiring_manager,2025-08-27 21:50:45,pass
6439,13502,hiring_manager,2024-08-11 03:43:48,pass
6440,13502,recruiter,2024-08-17 03:43:48,pass
6441,13502,hiring_manager,2024-08-24 03:43:48,pass
6442,13503,hiring_manager,2024-05-15 00:26:43,fail
6443,13503,panel,2024-05-17 00:26:43,hold
6444,13503,recruiter,2024-05-28 00:26:43,pass
6445,13504,hiring_manager,2025-10-29 13:08:49,pass
6446,13504,recruiter,2025-11-06 13:08:49,pass
6447,13504,final,2025-11-06 13:08:49,pass
6448,13511,recruiter,2024-09-28 05:26:11,fail
6449,13512,panel,2024-06-10 14:16:53,pass
6450,13512,panel,2024-06-18 14:16:53,pass
6451,13520,final,2025-06-09 13:35:39,fail
6452,13520,recruiter,2025-06-07 13:35:39,pass
6453,13520,recruiter,2025-06-18 13:35:39,fail
6454,13521,recruiter,2024-09-15 07:38:24,pass
6455,13522,final,2026-01-24 16:46:12,pass
6456,13522,recruiter,2026-01-22 16:46:12,pass
6457,13522,hiring_manager,2026-01-30 16:46:12,pass
6458,13526,recruiter,2025-06-15 00:10:39,pass
6459,13526,final,2025-06-17 00:10:39,pass
6460,13526,final,2025-06-24 00:10:39,fail
6461,13528,hiring_manager,2025-02-07 04:39:54,fail
6462,13528,hiring_manager,2025-02-08 04:39:54,pass
6463,13533,hiring_manager,2026-01-04 15:03:32,pass
6464,13533,panel,2026-01-05 15:03:32,pass
6465,13533,panel,2026-01-11 15:03:32,fail
6466,13534,final,2025-05-11 09:14:52,pass
6467,13534,hiring_manager,2025-05-15 09:14:52,pass
6468,13535,final,2025-02-08 17:47:54,pass
6469,13545,final,2024-11-05 19:52:09,pass
6470,13548,recruiter,2024-05-08 17:45:06,fail
6471,13550,final,2024-12-10 06:01:53,pass
6472,13556,hiring_manager,2025-05-08 11:34:48,pass
6473,13556,hiring_manager,2025-05-16 11:34:48,pass
6474,13556,final,2025-05-19 11:34:48,pass
6475,13558,hiring_manager,2025-12-12 01:39:34,pass
6476,13559,recruiter,2024-09-27 17:30:58,pass
6477,13559,panel,2024-10-06 17:30:58,pass
6478,13560,panel,2025-09-03 14:04:18,pass
6479,13560,final,2025-09-04 14:04:18,pass
6480,13560,final,2025-09-18 14:04:18,pass
6481,13566,hiring_manager,2025-10-31 04:21:38,pass
6482,13566,recruiter,2025-11-07 04:21:38,fail
6483,13569,final,2025-07-03 04:42:48,pass
6484,13569,final,2025-07-08 04:42:48,pass
6485,13576,final,2025-11-02 10:23:21,fail
6486,13576,final,2025-11-05 10:23:21,fail
6487,13578,final,2025-11-10 00:07:54,pass
6488,13578,recruiter,2025-11-12 00:07:54,hold
6489,13579,panel,2025-02-05 11:54:01,pass
6490,13579,hiring_manager,2025-02-13 11:54:01,pass
6491,13581,final,2024-02-17 21:13:42,hold
6492,13582,panel,2024-03-24 10:36:22,pass
6493,13582,hiring_manager,2024-03-28 10:36:22,pass
6494,13582,hiring_manager,2024-04-02 10:36:22,pass
6495,13585,panel,2025-11-09 00:01:29,pass
6496,13585,recruiter,2025-11-14 00:01:29,pass
6497,13585,recruiter,2025-11-16 00:01:29,hold
6498,13586,final,2024-05-22 14:43:30,pass
6499,13586,final,2024-05-26 14:43:30,pass
6500,13588,recruiter,2024-03-24 03:49:52,pass
6501,13588,final,2024-03-31 03:49:52,fail
6502,13588,hiring_manager,2024-04-08 03:49:52,pass
6503,13591,final,2024-06-04 10:39:28,fail
6504,13594,hiring_manager,2024-03-19 06:01:49,pass
6505,13594,panel,2024-03-22 06:01:49,pass
6506,13594,final,2024-04-01 06:01:49,pass
6507,13596,hiring_manager,2024-10-09 23:43:16,hold
6508,13596,hiring_manager,2024-10-12 23:43:16,pass
6509,13598,final,2025-04-27 12:47:08,pass
6510,13598,final,2025-05-03 12:47:08,pass
6511,13598,panel,2025-04-30 12:47:08,hold
6512,13602,final,2025-09-25 09:12:28,pass
6513,13602,hiring_manager,2025-09-28 09:12:28,pass
6514,13602,panel,2025-10-04 09:12:28,pass
6515,13603,hiring_manager,2024-05-04 19:37:50,pass
6516,13603,panel,2024-05-06 19:37:50,pass
6517,13604,hiring_manager,2024-06-02 11:20:45,pass
6518,13604,panel,2024-06-06 11:20:45,pass
6519,13604,final,2024-06-18 11:20:45,hold
6520,13605,recruiter,2025-06-03 01:11:59,pass
6521,13605,final,2025-06-01 01:11:59,pass
6522,13605,recruiter,2025-06-15 01:11:59,pass
6523,13611,hiring_manager,2026-02-24 14:13:40,pass
6524,13614,recruiter,2024-04-17 18:19:51,hold
6525,13614,panel,2024-04-25 18:19:51,pass
6526,13614,final,2024-04-25 18:19:51,pass
6527,13625,panel,2024-10-22 23:03:02,hold
6528,13625,recruiter,2024-10-24 23:03:02,pass
6529,13625,recruiter,2024-10-27 23:03:02,pass
6530,13628,final,2024-10-24 19:52:09,pass
6531,13628,recruiter,2024-10-24 19:52:09,pass
6532,13634,panel,2025-08-17 15:27:21,pass
6533,13634,recruiter,2025-08-17 15:27:21,fail
6534,13636,panel,2024-03-19 03:12:05,pass
6535,13636,panel,2024-03-21 03:12:05,pass
6536,13641,final,2024-03-04 15:07:39,pass
6537,13644,final,2024-07-26 03:43:48,pass
6538,13644,hiring_manager,2024-07-29 03:43:48,pass
6539,13644,recruiter,2024-08-10 03:43:48,pass
6540,13648,final,2024-11-29 01:08:32,fail
6541,13650,hiring_manager,2025-01-29 20:06:10,pass
6542,13650,recruiter,2025-02-05 20:06:10,pass
6543,13650,final,2025-01-30 20:06:10,pass
6544,13656,panel,2024-04-09 22:51:34,pass
6545,13657,hiring_manager,2024-05-30 09:28:22,pass
6546,13657,final,2024-06-03 09:28:22,pass
6547,13659,hiring_manager,2025-12-08 23:33:21,fail
6548,13662,panel,2024-11-04 05:04:37,pass
6549,13665,panel,2024-12-30 09:06:28,fail
6550,13665,hiring_manager,2024-12-28 09:06:28,pass
6551,13674,final,2025-01-12 12:42:00,pass
6552,13674,hiring_manager,2025-01-16 12:42:00,pass
6553,13674,recruiter,2025-01-22 12:42:00,pass
6554,13677,hiring_manager,2026-01-18 21:06:59,pass
6555,13678,hiring_manager,2025-09-20 11:04:20,pass
6556,13680,final,2025-02-27 13:25:00,hold
6557,13680,recruiter,2025-03-02 13:25:00,hold
6558,13682,hiring_manager,2025-08-10 21:16:06,pass
6559,13682,hiring_manager,2025-08-16 21:16:06,pass
6560,13686,recruiter,2024-09-17 13:28:57,pass
6561,13686,panel,2024-09-17 13:28:57,fail
6562,13687,panel,2024-01-29 23:15:21,fail
6563,13687,final,2024-02-02 23:15:21,pass
6564,13695,final,2024-07-25 07:51:21,hold
6565,13695,recruiter,2024-07-30 07:51:21,pass
6566,13695,recruiter,2024-07-29 07:51:21,pass
6567,13701,panel,2025-06-02 14:04:04,pass
6568,13701,recruiter,2025-06-05 14:04:04,pass
6569,13704,recruiter,2025-05-13 11:44:24,pass
6570,13706,final,2025-08-17 09:02:56,pass
6571,13706,panel,2025-08-18 09:02:56,fail
6572,13706,panel,2025-08-23 09:02:56,pass
6573,13709,panel,2025-02-27 09:43:27,pass
6574,13709,panel,2025-02-27 09:43:27,pass
6575,13709,final,2025-03-07 09:43:27,pass
6576,13714,hiring_manager,2024-05-15 08:29:52,pass
6577,13714,panel,2024-05-24 08:29:52,pass
6578,13714,hiring_manager,2024-05-30 08:29:52,pass
6579,13715,final,2024-03-10 06:09:37,fail
6580,13716,recruiter,2025-01-27 13:13:55,pass
6581,13717,panel,2024-06-28 12:10:52,pass
6582,13717,recruiter,2024-06-27 12:10:52,pass
6583,13720,panel,2024-04-03 10:26:39,hold
6584,13723,recruiter,2024-03-09 14:35:24,pass
6585,13723,hiring_manager,2024-03-19 14:35:24,pass
6586,13724,recruiter,2025-02-10 21:51:00,pass
6587,13724,recruiter,2025-02-10 21:51:00,pass
6588,13724,panel,2025-02-18 21:51:00,pass
6589,13727,final,2024-03-17 20:34:29,pass
6590,13727,hiring_manager,2024-03-16 20:34:29,fail
6591,13731,recruiter,2025-08-12 14:59:39,hold
6592,13731,hiring_manager,2025-08-11 14:59:39,pass
6593,13736,hiring_manager,2024-03-28 12:08:39,pass
6594,13736,panel,2024-03-31 12:08:39,hold
6595,13739,recruiter,2025-02-03 05:31:31,pass
6596,13739,recruiter,2025-02-10 05:31:31,pass
6597,13739,hiring_manager,2025-02-13 05:31:31,pass
6598,13741,recruiter,2024-06-26 12:44:49,pass
6599,13741,final,2024-07-05 12:44:49,fail
6600,13742,hiring_manager,2024-05-31 04:23:06,pass
6601,13742,hiring_manager,2024-06-01 04:23:06,pass
6602,13750,hiring_manager,2025-02-17 22:42:07,hold
6603,13751,final,2024-06-20 01:56:20,pass
6604,13751,final,2024-06-28 01:56:20,pass
6605,13755,panel,2024-05-25 04:16:34,pass
6606,13755,panel,2024-05-30 04:16:34,pass
6607,13755,final,2024-05-26 04:16:34,pass
6608,13757,panel,2024-03-22 12:25:21,pass
6609,13757,final,2024-03-25 12:25:21,pass
6610,13757,recruiter,2024-04-03 12:25:21,pass
6611,13761,final,2025-11-29 18:05:21,pass
6612,13761,recruiter,2025-12-08 18:05:21,pass
6613,13763,hiring_manager,2024-11-30 02:49:50,fail
6614,13773,final,2024-08-12 07:32:12,pass
6615,13773,final,2024-08-19 07:32:12,pass
6616,13773,panel,2024-08-22 07:32:12,pass
6617,13775,recruiter,2025-09-08 19:39:56,fail
6618,13776,recruiter,2024-05-10 00:26:43,pass
6619,13776,final,2024-05-08 00:26:43,pass
6620,13776,recruiter,2024-05-13 00:26:43,pass
6621,13787,hiring_manager,2024-05-13 00:51:24,pass
6622,13789,recruiter,2024-03-03 15:16:51,pass
6623,13796,hiring_manager,2025-10-08 21:54:58,pass
6624,13796,panel,2025-10-14 21:54:58,pass
6625,13797,panel,2025-05-17 14:36:59,pass
6626,13809,final,2025-09-02 07:01:35,pass
6627,13810,final,2024-07-15 09:33:51,pass
6628,13816,final,2024-03-02 04:53:18,pass
6629,13816,final,2024-03-02 04:53:18,pass
6630,13817,hiring_manager,2025-04-07 14:43:04,pass
6631,13819,final,2025-11-01 08:14:24,pass
6632,13823,hiring_manager,2025-04-06 07:49:38,pass
6633,13823,final,2025-04-15 07:49:38,pass
6634,13823,recruiter,2025-04-18 07:49:38,pass
6635,13841,recruiter,2025-09-07 08:21:41,fail
6636,13843,recruiter,2024-08-27 03:07:46,pass
6637,13843,recruiter,2024-08-30 03:07:46,fail
6638,13844,recruiter,2024-06-05 07:05:06,pass
6639,13844,hiring_manager,2024-06-07 07:05:06,pass
6640,13844,final,2024-06-08 07:05:06,hold
6641,13846,panel,2025-10-29 18:37:37,fail
6642,13846,hiring_manager,2025-10-31 18:37:37,pass
6643,13846,final,2025-11-05 18:37:37,pass
6644,13847,recruiter,2025-06-02 19:44:23,pass
6645,13847,final,2025-06-07 19:44:23,pass
6646,13854,final,2025-10-08 09:19:51,pass
6647,13854,panel,2025-10-14 09:19:51,pass
6648,13856,recruiter,2024-04-13 00:40:47,pass
6649,13856,panel,2024-04-20 00:40:47,pass
6650,13864,panel,2024-08-03 21:00:15,fail
6651,13869,hiring_manager,2025-10-16 18:06:23,pass
6652,13870,hiring_manager,2024-04-11 20:23:13,pass
6653,13870,final,2024-04-11 20:23:13,pass
6654,13872,final,2025-03-29 01:58:48,pass
6655,13872,final,2025-04-02 01:58:48,pass
6656,13873,panel,2024-11-23 10:48:44,pass
6657,13873,hiring_manager,2024-11-28 10:48:44,fail
6658,13873,final,2024-11-27 10:48:44,pass
6659,13875,recruiter,2025-03-10 19:13:06,hold
6660,13875,hiring_manager,2025-03-12 19:13:06,pass
6661,13877,panel,2025-02-04 13:42:28,pass
6662,13886,panel,2025-07-17 09:38:37,fail
6663,13886,final,2025-07-24 09:38:37,pass
6664,13886,recruiter,2025-07-20 09:38:37,pass
6665,13891,hiring_manager,2026-02-13 16:09:37,fail
6666,13891,panel,2026-02-19 16:09:37,fail
6667,13891,recruiter,2026-02-25 16:09:37,pass
6668,13893,hiring_manager,2024-08-11 08:38:47,hold
6669,13894,final,2025-02-25 05:51:12,pass
6670,13894,final,2025-03-03 05:51:12,pass
6671,13894,hiring_manager,2025-02-28 05:51:12,pass
6672,13904,panel,2025-09-12 11:17:56,pass
6673,13904,hiring_manager,2025-09-18 11:17:56,pass
6674,13904,panel,2025-09-17 11:17:56,hold
6675,13906,final,2025-03-23 21:59:31,pass
6676,13906,final,2025-03-29 21:59:31,pass
6677,13906,hiring_manager,2025-03-29 21:59:31,fail
6678,13910,panel,2024-08-31 19:11:41,pass
6679,13915,final,2024-02-09 02:02:08,pass
6680,13915,final,2024-02-13 02:02:08,pass
6681,13916,final,2024-04-08 12:46:57,pass
6682,13919,recruiter,2024-11-01 04:18:55,pass
6683,13919,final,2024-11-02 04:18:55,fail
6684,13919,panel,2024-11-14 04:18:55,pass
6685,13921,recruiter,2025-02-22 12:36:32,hold
6686,13921,final,2025-03-02 12:36:32,pass
6687,13921,hiring_manager,2025-03-04 12:36:32,fail
6688,13928,hiring_manager,2026-02-15 07:09:32,pass
6689,13928,final,2026-02-21 07:09:32,pass
6690,13931,recruiter,2025-11-18 09:36:03,pass
6691,13932,recruiter,2025-01-20 12:07:58,hold
6692,13932,panel,2025-01-20 12:07:58,fail
6693,13932,panel,2025-01-31 12:07:58,fail
6694,13933,panel,2025-10-04 10:23:21,pass
6695,13933,panel,2025-10-11 10:23:21,pass
6696,13933,final,2025-10-13 10:23:21,pass
6697,13938,hiring_manager,2025-02-04 00:53:34,pass
6698,13938,final,2025-02-14 00:53:34,pass
6699,13940,panel,2025-11-01 06:35:07,pass
6700,13940,recruiter,2025-11-03 06:35:07,pass
6701,13945,hiring_manager,2024-02-17 08:53:41,pass
6702,13945,recruiter,2024-02-22 08:53:41,pass
6703,13947,final,2024-05-31 18:34:52,pass
6704,13947,recruiter,2024-06-01 18:34:52,pass
6705,13947,final,2024-06-01 18:34:52,pass
6706,13951,hiring_manager,2025-10-13 11:04:20,fail
6707,13951,recruiter,2025-10-21 11:04:20,pass
6708,13951,hiring_manager,2025-10-29 11:04:20,pass
6709,13952,panel,2024-02-22 18:12:47,hold
6710,13953,panel,2024-12-28 23:35:38,pass
6711,13953,recruiter,2025-01-01 23:35:38,pass
6712,13953,hiring_manager,2025-01-08 23:35:38,pass
6713,13957,panel,2024-11-11 13:20:25,fail
6714,13957,recruiter,2024-11-15 13:20:25,pass
6715,13959,hiring_manager,2024-03-20 00:47:37,fail
6716,13968,recruiter,2025-09-08 13:07:20,pass
6717,13968,panel,2025-09-17 13:07:20,pass
6718,13969,panel,2025-01-04 23:05:41,fail
6719,13969,recruiter,2025-01-12 23:05:41,pass
6720,13979,hiring_manager,2025-02-05 11:18:25,fail
6721,13979,final,2025-02-04 11:18:25,pass
6722,13979,hiring_manager,2025-02-18 11:18:25,pass
6723,13980,recruiter,2024-12-13 01:09:08,pass
6724,13983,recruiter,2024-07-08 02:21:09,hold
6725,13983,final,2024-07-06 02:21:09,pass
6726,13983,hiring_manager,2024-07-20 02:21:09,hold
6727,13985,hiring_manager,2025-09-12 13:31:52,pass
6728,13985,final,2025-09-22 13:31:52,pass
6729,13985,recruiter,2025-09-22 13:31:52,pass
6730,13990,panel,2024-10-25 01:43:10,pass
6731,13990,panel,2024-10-31 01:43:10,pass
6732,13990,panel,2024-11-06 01:43:10,pass
6733,13994,recruiter,2024-06-12 07:31:50,pass
6734,13996,hiring_manager,2024-08-09 10:15:51,pass
6735,13996,hiring_manager,2024-08-08 10:15:51,pass
6736,13996,recruiter,2024-08-13 10:15:51,pass
6737,13999,panel,2025-11-28 06:07:59,hold
6738,13999,panel,2025-12-03 06:07:59,pass
6739,14004,hiring_manager,2024-04-21 19:54:23,pass
6740,14004,hiring_manager,2024-04-23 19:54:23,pass
6741,14004,panel,2024-04-23 19:54:23,pass
6742,14009,final,2025-09-18 08:28:04,pass
6743,14009,panel,2025-09-25 08:28:04,pass
6744,14015,panel,2025-07-01 02:05:47,hold
6745,14015,hiring_manager,2025-07-09 02:05:47,pass
6746,14015,final,2025-07-08 02:05:47,pass
6747,14033,final,2025-03-21 07:24:03,pass
6748,14047,panel,2025-08-24 02:57:12,pass
6749,14047,recruiter,2025-08-30 02:57:12,pass
6750,14047,panel,2025-09-02 02:57:12,pass
6751,14050,final,2024-05-29 10:55:15,pass
6752,14050,final,2024-06-05 10:55:15,pass
6753,14050,recruiter,2024-06-07 10:55:15,hold
6754,14055,hiring_manager,2025-01-01 23:49:07,pass
6755,14056,final,2025-08-21 06:29:16,pass
6756,14056,final,2025-08-22 06:29:16,pass
6757,14061,final,2025-05-03 15:10:05,pass
6758,14061,panel,2025-05-01 15:10:05,pass
6759,14071,hiring_manager,2024-11-11 15:22:09,pass
6760,14074,recruiter,2025-01-01 16:56:25,fail
6761,14074,recruiter,2025-01-04 16:56:25,pass
6762,14074,final,2025-01-08 16:56:25,pass
6763,14100,panel,2024-08-28 17:30:58,pass
6764,14100,recruiter,2024-09-04 17:30:58,pass
6765,14101,recruiter,2025-05-23 23:00:37,pass
6766,14101,hiring_manager,2025-05-27 23:00:37,pass
6767,14101,final,2025-05-30 23:00:37,pass
6768,14104,recruiter,2024-02-10 14:40:03,fail
6769,14104,recruiter,2024-02-12 14:40:03,fail
6770,14105,panel,2025-06-09 04:35:54,pass
6771,14105,hiring_manager,2025-06-07 04:35:54,pass
6772,14108,recruiter,2025-08-13 21:04:59,hold
6773,14108,recruiter,2025-08-12 21:04:59,pass
6774,14110,panel,2024-04-16 00:16:03,hold
6775,14117,hiring_manager,2025-08-02 14:59:39,pass
6776,14117,panel,2025-08-07 14:59:39,fail
6777,14117,panel,2025-08-12 14:59:39,pass
6778,14122,recruiter,2025-08-29 19:43:40,pass
6779,14123,final,2025-03-01 01:55:55,pass
6780,14139,hiring_manager,2025-01-26 08:24:32,pass
6781,14139,recruiter,2025-02-01 08:24:32,pass
6782,14141,recruiter,2024-10-22 03:27:05,pass
6783,14143,hiring_manager,2025-05-06 04:36:01,fail
6784,14143,recruiter,2025-05-10 04:36:01,pass
6785,14143,recruiter,2025-05-14 04:36:01,hold
6786,14152,panel,2024-12-10 03:05:12,pass
6787,14152,panel,2024-12-15 03:05:12,fail
6788,14155,final,2024-02-18 07:17:28,hold
6789,14155,final,2024-02-19 07:17:28,pass
6790,14155,recruiter,2024-02-21 07:17:28,pass
6791,14162,final,2024-04-21 12:29:58,fail
6792,14162,final,2024-04-27 12:29:58,pass
6793,14163,hiring_manager,2024-08-01 17:10:10,pass
6794,14163,final,2024-08-11 17:10:10,fail
6795,14170,recruiter,2024-03-25 16:20:10,fail
6796,14170,final,2024-03-29 16:20:10,fail
6797,14175,recruiter,2024-05-02 05:15:56,pass
6798,14178,recruiter,2025-12-29 04:20:06,pass
6799,14180,final,2025-01-23 14:09:38,fail
6800,14180,hiring_manager,2025-01-24 14:09:38,pass
6801,14184,recruiter,2025-07-13 21:16:06,pass
6802,14190,hiring_manager,2024-03-10 13:04:51,hold
6803,14190,panel,2024-03-18 13:04:51,pass
6804,14190,panel,2024-03-21 13:04:51,pass
6805,14202,hiring_manager,2025-03-19 22:39:21,fail
6806,14202,recruiter,2025-03-24 22:39:21,pass
6807,14202,final,2025-03-28 22:39:21,pass
6808,14203,final,2024-03-08 12:54:19,pass
6809,14210,panel,2025-01-03 06:47:36,pass
6810,14211,panel,2024-09-05 22:47:06,pass
6811,14211,final,2024-09-07 22:47:06,fail
6812,14213,panel,2024-02-28 15:07:39,pass
6813,14213,panel,2024-02-28 15:07:39,pass
6814,14215,recruiter,2025-11-23 17:57:46,pass
6815,14216,recruiter,2024-06-10 01:56:20,hold
6816,14216,recruiter,2024-06-13 01:56:20,pass
6817,14227,recruiter,2025-09-10 03:33:16,fail
6818,14227,final,2025-09-15 03:33:16,pass
6819,14229,panel,2025-01-13 13:24:28,pass
6820,14235,final,2024-11-10 09:36:51,pass
6821,14235,final,2024-11-11 09:36:51,pass
6822,14235,final,2024-11-25 09:36:51,pass
6823,14238,panel,2024-08-12 23:47:56,pass
6824,14238,panel,2024-08-17 23:47:56,pass
6825,14246,panel,2024-12-28 11:30:53,fail
6826,14246,final,2024-12-30 11:30:53,hold
6827,14256,final,2024-10-01 15:42:44,pass
6828,14256,final,2024-10-05 15:42:44,pass
6829,14262,hiring_manager,2024-04-02 19:29:33,pass
6830,14262,panel,2024-04-06 19:29:33,pass
6831,14262,recruiter,2024-04-11 19:29:33,pass
6832,14267,hiring_manager,2025-12-27 13:57:17,hold
6833,14267,panel,2025-12-30 13:57:17,pass
6834,14267,hiring_manager,2026-01-05 13:57:17,pass
6835,14268,hiring_manager,2025-08-20 05:12:27,fail
6836,14268,final,2025-08-26 05:12:27,pass
6837,14270,final,2024-10-18 01:00:54,fail
6838,14273,final,2024-02-18 10:28:41,pass
6839,14273,final,2024-02-28 10:28:41,pass
6840,14278,final,2024-06-30 17:33:35,fail
6841,14278,recruiter,2024-07-05 17:33:35,pass
6842,14282,recruiter,2025-02-19 15:36:02,pass
6843,14282,hiring_manager,2025-03-01 15:36:02,pass
6844,14282,recruiter,2025-03-01 15:36:02,hold
6845,14284,hiring_manager,2024-09-26 16:28:23,pass
6846,14284,hiring_manager,2024-10-01 16:28:23,pass
6847,14292,hiring_manager,2024-05-02 20:10:49,fail
6848,14292,recruiter,2024-05-06 20:10:49,hold
6849,14292,recruiter,2024-05-04 20:10:49,pass
6850,14293,recruiter,2024-05-27 07:31:16,fail
6851,14295,panel,2024-09-19 19:56:28,fail
6852,14295,final,2024-09-24 19:56:28,pass
6853,14295,hiring_manager,2024-09-25 19:56:28,fail
6854,14297,panel,2024-09-22 12:47:03,pass
6855,14300,panel,2024-09-05 13:13:47,pass
6856,14300,recruiter,2024-09-05 13:13:47,pass
6857,14305,final,2025-04-18 15:04:07,fail
6858,14305,panel,2025-04-17 15:04:07,pass
6859,14305,final,2025-04-19 15:04:07,pass
6860,14308,final,2025-05-28 11:51:59,pass
6861,14309,recruiter,2024-10-17 00:05:34,pass
6862,14309,final,2024-10-22 00:05:34,pass
6863,14309,panel,2024-10-23 00:05:34,fail
6864,14324,final,2025-02-14 12:55:40,pass
6865,14326,panel,2024-02-26 20:17:58,pass
6866,14329,final,2025-08-19 13:28:50,pass
6867,14346,final,2025-12-21 23:36:23,fail
6868,14349,final,2025-08-19 13:28:50,hold
6869,14352,hiring_manager,2024-12-10 06:41:18,pass
6870,14352,recruiter,2024-12-12 06:41:18,fail
6871,14353,panel,2025-09-06 14:03:41,pass
6872,14358,recruiter,2024-10-30 15:42:06,fail
6873,14358,recruiter,2024-11-05 15:42:06,fail
6874,14365,final,2024-07-29 13:45:55,fail
6875,14370,hiring_manager,2025-06-14 18:49:47,pass
6876,14370,hiring_manager,2025-06-15 18:49:47,pass
6877,14370,recruiter,2025-06-24 18:49:47,pass
6878,14371,final,2024-03-02 06:45:29,pass
6879,14372,hiring_manager,2025-04-26 21:38:38,pass
6880,14372,final,2025-05-02 21:38:38,pass
6881,14372,hiring_manager,2025-05-10 21:38:38,hold
6882,14376,recruiter,2025-04-26 16:20:40,pass
6883,14376,recruiter,2025-05-02 16:20:40,pass
6884,14383,recruiter,2025-01-11 15:54:56,pass
6885,14385,recruiter,2025-10-25 22:54:51,fail
6886,14385,final,2025-11-01 22:54:51,pass
6887,14385,hiring_manager,2025-11-04 22:54:51,pass
6888,14388,hiring_manager,2025-10-05 02:47:06,pass
6889,14392,hiring_manager,2025-09-01 06:40:42,pass
6890,14392,final,2025-08-31 06:40:42,fail
6891,14410,hiring_manager,2024-02-27 03:57:33,pass
6892,14411,panel,2025-01-01 12:08:24,pass
6893,14411,final,2025-01-03 12:08:24,pass
6894,14411,final,2025-01-09 12:08:24,hold
6895,14414,hiring_manager,2025-05-07 21:38:38,fail
6896,14414,recruiter,2025-05-14 21:38:38,pass
6897,14414,hiring_manager,2025-05-20 21:38:38,pass
6898,14415,panel,2025-04-20 21:54:42,pass
6899,14416,recruiter,2025-06-01 02:24:53,pass
6900,14416,panel,2025-06-09 02:24:53,pass
6901,14422,recruiter,2025-05-02 15:13:57,pass
6902,14424,hiring_manager,2025-09-26 02:47:06,hold
6903,14427,final,2025-05-12 14:33:53,pass
6904,14427,panel,2025-05-11 14:33:53,pass
6905,14427,final,2025-05-13 14:33:53,pass
6906,14430,final,2024-02-17 02:22:26,pass
6907,14430,final,2024-02-23 02:22:26,pass
6908,14431,panel,2025-07-09 05:05:55,pass
6909,14431,panel,2025-07-15 05:05:55,pass
6910,14431,panel,2025-07-11 05:05:55,pass
6911,14432,final,2025-11-14 07:29:37,hold
6912,14432,panel,2025-11-22 07:29:37,pass
6913,14434,recruiter,2025-05-21 05:09:24,pass
6914,14439,panel,2024-07-13 13:09:12,fail
6915,14439,panel,2024-07-15 13:09:12,pass
6916,14439,panel,2024-07-27 13:09:12,pass
6917,14441,recruiter,2024-02-07 09:27:07,hold
6918,14443,recruiter,2024-02-02 00:23:25,fail
6919,14443,final,2024-02-07 00:23:25,pass
6920,14444,panel,2025-05-06 23:00:37,fail
6921,14444,hiring_manager,2025-05-08 23:00:37,pass
6922,14444,recruiter,2025-05-13 23:00:37,pass
6923,14465,panel,2025-04-23 17:37:51,pass
6924,14465,panel,2025-05-01 17:37:51,pass
6925,14465,hiring_manager,2025-05-07 17:37:51,pass
6926,14466,final,2024-04-28 22:51:34,hold
6927,14468,hiring_manager,2024-09-17 13:52:32,hold
6928,14468,hiring_manager,2024-09-18 13:52:32,pass
6929,14470,hiring_manager,2024-04-22 19:09:30,hold
6930,14470,recruiter,2024-05-01 19:09:30,pass
6931,14470,hiring_manager,2024-05-04 19:09:30,pass
6932,14471,recruiter,2026-02-11 04:04:19,pass
6933,14471,recruiter,2026-02-14 04:04:19,pass
6934,14472,final,2025-02-27 13:26:53,fail
6935,14477,hiring_manager,2024-09-09 11:38:25,pass
6936,14480,panel,2025-08-18 05:41:38,pass
6937,14480,recruiter,2025-08-17 05:41:38,pass
6938,14489,hiring_manager,2025-10-20 05:19:16,pass
6939,14489,final,2025-10-27 05:19:16,pass
6940,14489,panel,2025-10-24 05:19:16,pass
6941,14492,hiring_manager,2026-01-19 10:52:10,pass
6942,14492,recruiter,2026-01-20 10:52:10,pass
6943,14492,hiring_manager,2026-01-20 10:52:10,pass
6944,14497,hiring_manager,2025-11-02 22:54:51,pass
6945,14499,panel,2024-06-26 12:00:13,pass
6946,14500,panel,2024-06-07 00:08:54,pass
6947,14502,panel,2024-05-22 08:24:08,pass
6948,14502,hiring_manager,2024-05-25 08:24:08,pass
6949,14502,hiring_manager,2024-06-01 08:24:08,pass
6950,14509,recruiter,2025-02-04 07:22:24,pass
6951,14509,recruiter,2025-02-04 07:22:24,pass
6952,14513,final,2025-06-02 15:57:30,pass
6953,14513,panel,2025-05-31 15:57:30,pass
6954,14517,panel,2025-05-24 06:18:41,pass
6955,14519,hiring_manager,2024-05-15 00:51:24,pass
6956,14529,panel,2025-04-13 00:34:29,pass
6957,14532,hiring_manager,2025-06-10 18:50:54,hold
6958,14532,recruiter,2025-06-09 18:50:54,pass
6959,14533,recruiter,2025-05-08 03:48:44,pass
6960,14535,recruiter,2026-01-21 03:52:44,pass
6961,14535,recruiter,2026-01-29 03:52:44,pass
6962,14535,recruiter,2026-01-25 03:52:44,pass
6963,14538,recruiter,2024-09-21 15:56:29,pass
6964,14538,hiring_manager,2024-09-28 15:56:29,pass
6965,14538,recruiter,2024-10-06 15:56:29,fail
6966,14541,recruiter,2025-11-29 07:26:54,pass
6967,14541,final,2025-12-03 07:26:54,pass
6968,14545,panel,2024-03-05 02:56:23,pass
6969,14554,hiring_manager,2024-02-24 18:53:29,pass
6970,14554,hiring_manager,2024-03-02 18:53:29,fail
6971,14554,panel,2024-02-25 18:53:29,pass
6972,14555,hiring_manager,2024-06-02 00:53:54,pass
6973,14559,panel,2024-05-18 12:19:50,pass
6974,14567,recruiter,2025-02-12 21:44:36,pass
6975,14569,recruiter,2025-05-17 12:23:56,fail
6976,14569,final,2025-05-18 12:23:56,pass
6977,14571,hiring_manager,2024-05-17 01:43:51,pass
6978,14571,recruiter,2024-05-21 01:43:51,pass
6979,14571,recruiter,2024-05-28 01:43:51,pass
6980,14572,recruiter,2025-02-16 03:51:04,pass
6981,14579,hiring_manager,2025-04-07 14:43:41,pass
6982,14579,final,2025-04-13 14:43:41,pass
6983,14579,panel,2025-04-16 14:43:41,pass
6984,14580,recruiter,2025-02-06 23:01:13,fail
6985,14580,final,2025-02-14 23:01:13,pass
6986,14586,panel,2025-09-27 20:22:31,fail
6987,14588,recruiter,2024-10-07 12:58:35,pass
6988,14588,panel,2024-10-12 12:58:35,pass
6989,14588,panel,2024-10-11 12:58:35,pass
6990,14593,recruiter,2024-05-14 23:00:57,pass
6991,14596,recruiter,2025-11-12 20:33:50,pass
6992,14596,hiring_manager,2025-11-16 20:33:50,hold
6993,14600,hiring_manager,2024-05-20 18:42:27,fail
6994,14600,panel,2024-05-18 18:42:27,fail
6995,14607,hiring_manager,2026-01-12 10:33:54,pass
6996,14607,final,2026-01-16 10:33:54,pass
6997,14608,hiring_manager,2025-11-08 08:49:21,hold
6998,14608,final,2025-11-14 08:49:21,pass
6999,14608,recruiter,2025-11-15 08:49:21,fail
7000,14609,recruiter,2024-03-01 16:08:09,pass
7001,14609,final,2024-03-01 16:08:09,pass
7002,14609,hiring_manager,2024-03-10 16:08:09,pass
7003,14610,final,2025-11-03 16:28:14,hold
7004,14616,hiring_manager,2025-05-22 01:58:55,pass
7005,14619,panel,2025-10-23 17:42:39,hold
7006,14619,panel,2025-10-27 17:42:39,pass
7007,14626,panel,2024-09-13 00:08:45,pass
7008,14626,hiring_manager,2024-09-12 00:08:45,fail
7009,14626,final,2024-09-14 00:08:45,pass
7010,14627,recruiter,2025-08-22 17:30:28,pass
7011,14627,recruiter,2025-08-24 17:30:28,fail
7012,14627,panel,2025-09-03 17:30:28,pass
7013,14628,recruiter,2025-07-30 20:35:33,pass
7014,14640,recruiter,2024-08-26 04:00:56,pass
7015,14640,panel,2024-08-24 04:00:56,fail
7016,14640,hiring_manager,2024-09-04 04:00:56,pass
7017,14641,final,2025-09-13 00:31:28,pass
7018,14641,recruiter,2025-09-17 00:31:28,pass
7019,14641,panel,2025-09-26 00:31:28,pass
7020,14642,final,2025-11-26 14:02:47,pass
7021,14642,recruiter,2025-11-27 14:02:47,pass
7022,14642,final,2025-11-27 14:02:47,pass
7023,14643,hiring_manager,2025-04-28 10:46:54,pass
7024,14645,final,2024-06-15 15:32:36,fail
7025,14645,panel,2024-06-24 15:32:36,pass
7026,14649,recruiter,2025-12-15 08:09:55,fail
7027,14649,final,2025-12-13 08:09:55,pass
7028,14649,panel,2025-12-24 08:09:55,pass
7029,14651,hiring_manager,2024-04-17 01:36:49,fail
7030,14651,final,2024-04-23 01:36:49,pass
7031,14653,recruiter,2024-07-18 07:27:34,pass
7032,14653,hiring_manager,2024-07-26 07:27:34,fail
7033,14659,recruiter,2024-03-29 04:13:22,pass
7034,14659,hiring_manager,2024-03-31 04:13:22,pass
7035,14661,panel,2024-02-19 02:02:09,pass
7036,14661,panel,2024-02-19 02:02:09,pass
7037,14665,final,2025-08-22 03:42:39,hold
7038,14665,panel,2025-08-29 03:42:39,fail
7039,14665,final,2025-08-31 03:42:39,pass
7040,14667,final,2024-09-09 19:23:40,pass
7041,14667,panel,2024-09-15 19:23:40,pass
7042,14667,final,2024-09-22 19:23:40,pass
7043,14675,hiring_manager,2024-09-12 21:55:20,pass
7044,14682,recruiter,2024-03-11 12:44:09,fail
7045,14682,recruiter,2024-03-17 12:44:09,pass
7046,14682,recruiter,2024-03-19 12:44:09,pass
7047,14686,final,2024-07-21 15:24:48,pass
7048,14687,panel,2024-06-14 16:25:59,fail
7049,14687,hiring_manager,2024-06-19 16:25:59,fail
7050,14687,hiring_manager,2024-06-15 16:25:59,pass
7051,14692,recruiter,2025-12-02 09:55:41,pass
7052,14699,recruiter,2025-05-21 11:34:48,pass
7053,14699,panel,2025-05-28 11:34:48,pass
7054,14706,panel,2024-08-09 05:26:08,fail
7055,14708,panel,2025-02-13 04:10:30,pass
7056,14708,panel,2025-02-17 04:10:30,pass
7057,14708,final,2025-02-21 04:10:30,fail
7058,14711,hiring_manager,2026-02-01 04:04:19,pass
7059,14720,recruiter,2024-12-04 17:22:17,pass
7060,14720,panel,2024-12-10 17:22:17,fail
7061,14728,recruiter,2025-07-27 22:28:57,pass
7062,14732,panel,2025-09-28 13:31:52,hold
7063,14736,panel,2026-01-15 22:02:58,fail
7064,14736,final,2026-01-22 22:02:58,pass
7065,14738,recruiter,2024-06-30 02:03:08,pass
7066,14741,hiring_manager,2024-08-29 20:44:48,pass
7067,14748,panel,2025-06-16 17:22:24,pass
7068,14748,final,2025-06-22 17:22:24,fail
7069,14748,hiring_manager,2025-06-27 17:22:24,pass
7070,14749,recruiter,2025-02-10 20:46:02,hold
7071,14749,panel,2025-02-13 20:46:02,pass
7072,14749,recruiter,2025-02-17 20:46:02,pass
7073,14751,final,2024-09-02 09:07:13,pass
7074,14754,recruiter,2025-03-25 00:32:20,pass
7075,14758,panel,2025-07-09 20:32:19,pass
7076,14758,panel,2025-07-14 20:32:19,pass
7077,14758,final,2025-07-24 20:32:19,pass
7078,14761,final,2024-05-23 21:46:51,pass
7079,14761,hiring_manager,2024-05-31 21:46:51,pass
7080,14761,final,2024-05-27 21:46:51,pass
7081,14765,panel,2025-07-08 20:00:03,pass
7082,14765,panel,2025-07-16 20:00:03,fail
7083,14765,hiring_manager,2025-07-24 20:00:03,pass
7084,14771,hiring_manager,2025-12-29 09:56:04,pass
7085,14771,hiring_manager,2025-12-31 09:56:04,hold
7086,14777,recruiter,2024-02-27 18:21:24,pass
7087,14777,panel,2024-03-06 18:21:24,hold
7088,14777,final,2024-03-02 18:21:24,pass
7089,14779,panel,2024-02-13 14:03:26,pass
7090,14780,hiring_manager,2025-02-11 12:07:58,fail
7091,14781,hiring_manager,2024-03-27 03:55:00,pass
7092,14781,recruiter,2024-04-06 03:55:00,pass
7093,14781,recruiter,2024-03-31 03:55:00,pass
7094,14782,recruiter,2025-10-11 20:41:16,pass
7095,14785,final,2025-12-08 04:54:18,pass
7096,14785,recruiter,2025-12-10 04:54:18,pass
7097,14786,panel,2024-07-07 15:07:04,pass
7098,14786,final,2024-07-15 15:07:04,pass
7099,14786,panel,2024-07-14 15:07:04,hold
7100,14790,hiring_manager,2025-08-24 15:19:12,pass
7101,14790,final,2025-08-30 15:19:12,pass
7102,14795,recruiter,2025-06-09 16:02:29,fail
7103,14795,recruiter,2025-06-11 16:02:29,pass
7104,14797,hiring_manager,2025-04-26 05:09:24,pass
7105,14797,recruiter,2025-04-26 05:09:24,hold
7106,14797,final,2025-05-07 05:09:24,pass
7107,14800,panel,2024-03-09 20:17:58,pass
7108,14800,final,2024-03-13 20:17:58,pass
7109,14805,recruiter,2025-06-29 05:05:55,fail
7110,14807,hiring_manager,2025-08-03 11:42:20,fail
7111,14807,recruiter,2025-08-04 11:42:20,pass
7112,14816,recruiter,2025-06-28 10:04:43,pass
7113,14816,hiring_manager,2025-07-04 10:04:43,hold
7114,14818,panel,2025-08-20 00:51:01,fail
7115,14818,panel,2025-08-28 00:51:01,pass
7116,14818,final,2025-08-27 00:51:01,pass
7117,14825,final,2024-09-14 01:25:10,pass
7118,14830,recruiter,2024-03-18 11:13:39,pass
7119,14831,hiring_manager,2025-07-14 03:35:42,fail
7120,14831,panel,2025-07-13 03:35:42,hold
7121,14840,final,2025-08-27 15:16:15,pass
7122,14840,recruiter,2025-09-02 15:16:15,fail
7123,14844,hiring_manager,2025-07-19 14:11:08,fail
7124,14847,recruiter,2025-01-31 23:01:13,pass
7125,14847,panel,2025-02-02 23:01:13,pass
7126,14847,hiring_manager,2025-02-16 23:01:13,fail
7127,14850,hiring_manager,2025-01-22 04:07:16,pass
7128,14850,panel,2025-01-25 04:07:16,pass
7129,14850,final,2025-02-03 04:07:16,pass
7130,14854,hiring_manager,2025-05-19 15:20:45,pass
7131,14854,recruiter,2025-05-24 15:20:45,pass
7132,14858,hiring_manager,2024-11-06 14:50:19,pass
7133,14868,recruiter,2024-09-15 17:30:58,pass
7134,14868,final,2024-09-13 17:30:58,pass
7135,14874,recruiter,2024-10-11 03:34:12,pass
7136,14874,hiring_manager,2024-10-21 03:34:12,fail
7137,14875,final,2024-12-18 12:39:42,pass
7138,14875,panel,2024-12-23 12:39:42,pass
7139,14882,final,2025-09-23 23:43:15,pass
7140,14891,recruiter,2024-03-02 03:43:50,pass
7141,14891,final,2024-03-04 03:43:50,pass
7142,14897,panel,2024-12-20 09:06:28,pass
7143,14903,panel,2025-10-04 01:45:59,hold
7144,14903,panel,2025-10-11 01:45:59,pass
7145,14903,final,2025-10-16 01:45:59,pass
7146,14906,hiring_manager,2025-04-24 10:26:06,pass
7147,14910,panel,2024-04-15 22:05:18,pass
7148,14912,final,2024-03-16 07:37:23,pass
7149,14912,recruiter,2024-03-20 07:37:23,fail
7150,14913,panel,2024-04-26 15:54:34,fail
7151,14913,panel,2024-04-24 15:54:34,pass
7152,14913,final,2024-05-02 15:54:34,pass
7153,14919,final,2024-05-23 14:44:11,pass
7154,14919,recruiter,2024-05-26 14:44:11,fail
7155,14920,hiring_manager,2025-02-20 05:13:27,pass
7156,14925,panel,2024-08-28 22:26:06,pass
7157,14925,recruiter,2024-09-06 22:26:06,pass
7158,14925,recruiter,2024-09-12 22:26:06,pass
7159,14926,recruiter,2024-03-13 15:16:51,hold
7160,14926,hiring_manager,2024-03-14 15:16:51,pass
7161,14927,hiring_manager,2024-09-23 22:45:35,pass
7162,14927,final,2024-10-01 22:45:35,pass
7163,14927,final,2024-09-28 22:45:35,pass
7164,14931,panel,2024-06-01 21:00:18,pass
7165,14931,hiring_manager,2024-06-06 21:00:18,pass
7166,14933,panel,2024-04-15 00:56:02,pass
7167,14935,panel,2024-03-05 07:17:28,pass
7168,14935,final,2024-03-13 07:17:28,pass
7169,14939,hiring_manager,2025-02-22 08:57:35,pass
7170,14949,panel,2025-08-20 16:45:45,pass
7171,14949,hiring_manager,2025-08-21 16:45:45,hold
7172,14949,panel,2025-08-21 16:45:45,fail
7173,14953,panel,2024-09-05 23:08:51,fail
7174,14953,panel,2024-09-08 23:08:51,pass
7175,14953,hiring_manager,2024-09-15 23:08:51,hold
7176,14957,final,2024-08-31 18:11:47,pass
7177,14958,panel,2024-12-18 17:16:59,pass
7178,14958,panel,2024-12-18 17:16:59,hold
7179,14960,recruiter,2025-04-03 01:55:55,pass
7180,14960,recruiter,2025-04-02 01:55:55,hold
7181,14961,final,2025-03-21 21:57:46,pass
7182,14962,recruiter,2025-03-14 21:52:30,pass
7183,14969,hiring_manager,2024-07-21 07:32:12,fail
7184,14974,recruiter,2024-06-14 18:34:52,fail
7185,14974,final,2024-06-14 18:34:52,pass
7186,14980,hiring_manager,2024-07-18 09:01:10,hold
7187,14980,panel,2024-07-24 09:01:10,pass
7188,14980,recruiter,2024-07-18 09:01:10,pass
7189,14981,panel,2025-12-02 06:22:28,pass
7190,14981,hiring_manager,2025-12-07 06:22:28,pass
7191,14984,panel,2024-06-10 16:25:59,pass
7192,14986,hiring_manager,2025-03-03 14:06:25,fail
7193,14986,panel,2025-03-01 14:06:25,fail
7194,14990,recruiter,2024-10-23 00:05:34,hold
7195,14990,recruiter,2024-10-29 00:05:34,hold
7196,14990,final,2024-11-03 00:05:34,pass
