job_id,company_id,posted_at,title,role_family,level,location_type,employment_type,salary_low,salary_high,status
1,183,2024-01-01 08:36:25,Lifecycle Marketing Manager,operations,senior,remote,full_time,109000,126000,closed
2,184,2024-01-01 13:30:59,Lifecycle Marketing Manager,operations,junior,remote,full_time,66000,82000,closed
3,166,2024-01-01 18:21:00,Talent Acquisition Specialist,operations,mid,onsite,full_time,92000,106000,open
4,177,2024-01-01 20:39:45,Solutions Consultant,operations,mid,remote,full_time,88000,111000,filled
5,104,2024-01-02 10:50:13,Talent Acquisition Specialist,operations,mid,remote,full_time,90000,111000,open
6,194,2024-01-02 12:59:26,Revenue Operations Manager,operations,mid,onsite,full_time,87000,105000,filled
7,91,2024-01-02 15:07:39,Operations Excellence Lead,operations,mid,remote,full_time,90000,102000,filled
8,158,2024-01-03 13:22:32,Technical Support Engineer,engineering,senior,remote,full_time,149000,186000,filled
9,133,2024-01-03 21:58:27,FP&A Analyst,data,lead,remote,full_time,194000,231000,open
10,229,2024-01-03 22:33:11,Partner Success Manager,customer_success,senior,onsite,full_time,101000,131000,filled
11,287,2024-01-03 23:54:28,Technical Support Engineer,engineering,mid,remote,full_time,131000,159000,filled
12,203,2024-01-04 07:40:29,Senior Data Scientist,data,mid,remote,full_time,131000,154000,filled
13,44,2024-01-04 08:34:34,Implementation Project Manager,operations,mid,remote,full_time,90000,109000,closed
14,214,2024-01-04 14:40:31,Senior Backend Engineer,engineering,mid,remote,full_time,124000,143000,open
15,104,2024-01-05 06:44:33,Compliance Analyst,data,lead,remote,full_time,191000,228000,filled
16,16,2024-01-06 02:19:31,Payroll Specialist,operations,mid,remote,contract,86000,112000,open
17,62,2024-01-06 02:22:26,Senior Frontend Engineer,engineering,mid,remote,full_time,131000,159000,filled
18,320,2024-01-06 03:57:33,Supply Chain Coordinator,operations,senior,hybrid,full_time,114000,139000,filled
19,137,2024-01-06 05:16:16,Cloud Infrastructure Engineer,engineering,mid,onsite,full_time,121000,145000,filled
20,65,2024-01-06 14:49:30,Staff Data Engineer,engineering,junior,remote,full_time,93000,111000,paused
21,43,2024-01-07 14:43:56,Risk Operations Analyst,operations,mid,remote,full_time,88000,107000,filled
22,209,2024-01-07 16:08:09,Clinical Operations Analyst,operations,senior,onsite,contract,105000,143000,filled
23,244,2024-01-08 06:33:13,Director of Customer Support,operations,senior,onsite,full_time,111000,137000,filled
24,114,2024-01-08 14:03:26,Operations Excellence Lead,operations,mid,hybrid,full_time,86000,115000,open
25,34,2024-01-08 18:03:40,Technical Program Manager,operations,lead,remote,full_time,128000,153000,filled
26,114,2024-01-08 21:56:58,Inventory Planning Manager,operations,senior,hybrid,full_time,113000,133000,filled
27,213,2024-01-09 00:01:07,Senior Frontend Engineer,engineering,senior,remote,contract,152000,196000,paused
28,37,2024-01-09 08:44:21,Solutions Architect,operations,mid,remote,full_time,93000,106000,open
29,86,2024-01-09 23:15:21,Clinical Operations Analyst,operations,junior,remote,full_time,65000,79000,closed
30,1,2024-01-10 07:30:16,Implementation Engineer,engineering,senior,hybrid,full_time,161000,189000,filled
31,152,2024-01-10 08:09:36,Payroll Specialist,operations,mid,remote,contract,90000,116000,open
32,55,2024-01-10 08:12:20,Demand Generation Manager,operations,senior,hybrid,full_time,115000,128000,filled
33,64,2024-01-10 08:38:22,Business Systems Administrator,operations,senior,remote,full_time,109000,142000,filled
34,37,2024-01-10 10:38:54,Implementation Engineer,engineering,mid,remote,full_time,126000,150000,open
35,234,2024-01-10 12:53:51,Operations Excellence Lead,operations,senior,onsite,part_time,111000,134000,open
36,157,2024-01-10 12:54:19,Business Intelligence Analyst,data,lead,onsite,full_time,204000,238000,filled
37,304,2024-01-10 14:21:07,Senior DevOps Engineer,engineering,senior,remote,full_time,150000,183000,open
38,127,2024-01-11 01:54:00,QA Automation Engineer,engineering,mid,hybrid,full_time,127000,162000,filled
39,71,2024-01-11 12:09:41,Implementation Project Manager,operations,lead,remote,full_time,136000,169000,filled
40,66,2024-01-11 14:40:03,Talent Acquisition Specialist,operations,senior,remote,full_time,109000,143000,filled
41,306,2024-01-12 04:03:25,Implementation Consultant,operations,senior,hybrid,full_time,115000,143000,closed
42,189,2024-01-12 04:11:11,Platform Reliability Engineer,engineering,senior,remote,full_time,154000,193000,open
43,105,2024-01-12 07:04:40,Security Engineer,engineering,senior,hybrid,full_time,150000,188000,filled
44,210,2024-01-12 08:36:05,Pricing Analyst,data,mid,hybrid,full_time,133000,168000,open
45,179,2024-01-12 18:42:12,Senior Data Scientist,data,junior,remote,full_time,94000,108000,closed
46,37,2024-01-13 00:08:42,Logistics Operations Manager,operations,mid,remote,full_time,84000,113000,paused
47,225,2024-01-13 02:02:08,Supply Chain Coordinator,operations,senior,remote,full_time,105000,134000,closed
48,39,2024-01-13 02:09:45,Enterprise Account Executive,operations,senior,onsite,full_time,107000,137000,open
49,64,2024-01-13 06:54:27,Supply Chain Coordinator,operations,senior,hybrid,full_time,114000,132000,paused
50,229,2024-01-13 12:22:18,Sales Development Representative,sales,mid,remote,full_time,106000,122000,open
51,143,2024-01-13 13:41:10,Implementation Project Manager,operations,senior,remote,full_time,111000,126000,open
52,72,2024-01-13 18:12:47,Senior DevOps Engineer,engineering,lead,hybrid,full_time,178000,223000,closed
53,22,2024-01-13 19:22:44,Healthcare Account Manager,operations,mid,remote,full_time,90000,107000,filled
54,190,2024-01-13 20:02:57,Solutions Consultant,operations,senior,hybrid,full_time,115000,129000,filled
55,224,2024-01-14 00:57:14,Cloud Infrastructure Engineer,engineering,senior,onsite,full_time,160000,183000,filled
56,65,2024-01-14 09:27:07,Growth Product Manager,product,senior,hybrid,full_time,142000,179000,paused
57,134,2024-01-14 16:42:06,Procurement Analyst,data,mid,remote,full_time,126000,156000,open
58,111,2024-01-14 23:44:42,Business Intelligence Analyst,data,senior,remote,full_time,171000,208000,filled
59,286,2024-01-15 01:29:30,Business Systems Administrator,operations,lead,remote,full_time,137000,152000,open
60,254,2024-01-15 02:56:23,Clinical Operations Analyst,operations,senior,hybrid,full_time,105000,136000,filled
61,88,2024-01-15 04:15:12,Cloud Infrastructure Engineer,engineering,lead,onsite,full_time,192000,215000,paused
62,165,2024-01-15 17:47:50,Product Manager,product,lead,remote,full_time,166000,212000,closed
63,296,2024-01-15 22:44:17,Implementation Consultant,operations,mid,hybrid,full_time,85000,109000,filled
64,111,2024-01-16 05:24:37,Mobile Engineer,engineering,senior,hybrid,full_time,160000,193000,filled
65,46,2024-01-16 13:03:33,Logistics Operations Manager,operations,mid,remote,full_time,90000,107000,open
66,96,2024-01-17 01:02:33,Growth Product Manager,product,lead,remote,full_time,172000,211000,filled
67,195,2024-01-17 04:39:19,Senior Data Scientist,data,junior,remote,full_time,99000,110000,paused
68,318,2024-01-17 06:09:37,Director of Customer Support,operations,mid,hybrid,contract,93000,108000,closed
69,99,2024-01-17 08:50:44,Lifecycle Marketing Manager,operations,lead,hybrid,full_time,126000,158000,open
70,19,2024-01-17 08:53:41,QA Automation Engineer,engineering,mid,hybrid,full_time,127000,156000,paused
71,59,2024-01-17 10:22:06,Customer Success Manager,customer_success,senior,onsite,full_time,108000,126000,closed
72,133,2024-01-17 10:28:41,Talent Acquisition Specialist,operations,mid,onsite,part_time,90000,112000,closed
73,31,2024-01-17 17:43:45,Senior Accountant,operations,lead,onsite,full_time,139000,159000,filled
74,12,2024-01-17 19:29:08,Regional Sales Manager,sales,lead,onsite,full_time,154000,177000,filled
75,210,2024-01-17 21:03:28,Technical Support Engineer,engineering,mid,onsite,full_time,120000,148000,closed
76,264,2024-01-17 23:17:41,Senior Accountant,operations,senior,onsite,full_time,107000,126000,open
77,75,2024-01-18 21:13:42,Sales Development Representative,sales,mid,hybrid,full_time,106000,124000,filled
78,168,2024-01-19 07:48:41,Product Manager,product,senior,onsite,full_time,154000,185000,filled
79,184,2024-01-19 12:03:48,FP&A Analyst,data,senior,onsite,full_time,156000,206000,filled
80,214,2024-01-19 16:56:17,Content Marketing Manager,operations,senior,hybrid,full_time,106000,133000,filled
81,314,2024-01-20 00:23:25,Enterprise Account Executive,operations,junior,hybrid,full_time,66000,75000,open
82,284,2024-01-20 10:23:44,Customer Success Manager,customer_success,mid,hybrid,full_time,81000,108000,filled
83,102,2024-01-20 15:03:39,Demand Generation Manager,operations,senior,onsite,full_time,105000,126000,filled
84,313,2024-01-20 18:23:14,Warehouse Systems Analyst,data,senior,hybrid,full_time,171000,196000,paused
85,12,2024-01-21 05:18:15,Security Engineer,engineering,mid,onsite,part_time,130000,160000,open
86,308,2024-01-21 19:15:52,Senior Backend Engineer,engineering,junior,onsite,full_time,94000,108000,closed
87,46,2024-01-22 03:13:40,Business Intelligence Analyst,data,mid,onsite,full_time,134000,152000,filled
88,37,2024-01-22 14:45:42,Implementation Project Manager,operations,senior,remote,full_time,108000,130000,filled
89,39,2024-01-22 16:15:38,Compliance Analyst,data,junior,hybrid,contract,99000,117000,paused
90,40,2024-01-22 16:55:50,Partner Success Manager,customer_success,mid,onsite,full_time,83000,98000,closed
91,149,2024-01-22 18:21:24,Pricing Analyst,data,lead,onsite,full_time,190000,242000,filled
92,205,2024-01-22 18:49:07,Sales Development Representative,sales,junior,onsite,full_time,76000,88000,open
93,239,2024-01-22 20:42:41,Implementation Project Manager,operations,senior,hybrid,full_time,113000,131000,filled
94,6,2024-01-23 03:53:14,Healthcare Account Manager,operations,mid,hybrid,full_time,93000,104000,filled
95,95,2024-01-23 04:53:18,Pricing Analyst,data,senior,remote,full_time,157000,207000,filled
96,43,2024-01-23 05:12:38,Compliance Analyst,data,senior,onsite,full_time,172000,196000,closed
97,47,2024-01-23 11:17:41,Compliance Analyst,data,lead,remote,full_time,198000,245000,paused
98,239,2024-01-23 15:13:55,Risk Operations Analyst,operations,mid,hybrid,contract,91000,107000,open
99,206,2024-01-23 16:40:13,Senior Accountant,operations,senior,onsite,full_time,116000,127000,filled
100,68,2024-01-24 14:56:54,Cloud Infrastructure Engineer,engineering,senior,hybrid,full_time,154000,188000,filled
101,97,2024-01-24 22:24:00,Technical Writer,operations,mid,remote,full_time,91000,108000,filled
102,296,2024-01-25 02:02:09,Platform Reliability Engineer,engineering,mid,remote,full_time,128000,152000,filled
103,185,2024-01-25 17:24:04,Demand Generation Manager,operations,junior,onsite,full_time,66000,81000,filled
104,77,2024-01-25 17:50:18,Operations Excellence Lead,operations,lead,hybrid,full_time,138000,169000,open
105,299,2024-01-26 01:46:40,Talent Acquisition Specialist,operations,senior,remote,full_time,113000,140000,open
106,64,2024-01-26 05:26:55,Technical Support Engineer,engineering,senior,hybrid,full_time,148000,191000,filled
107,94,2024-01-26 06:41:50,Security Engineer,engineering,senior,remote,full_time,150000,190000,filled
108,222,2024-01-26 07:17:28,People Operations Partner,operations,senior,onsite,full_time,116000,137000,filled
109,164,2024-01-26 11:59:48,Pricing Analyst,data,mid,remote,full_time,139000,156000,closed
110,23,2024-01-26 15:25:06,Operations Excellence Lead,operations,mid,remote,full_time,94000,113000,open
111,259,2024-01-26 20:23:39,Business Intelligence Analyst,data,senior,remote,full_time,155000,208000,filled
112,74,2024-01-27 09:23:18,Cloud Infrastructure Engineer,engineering,mid,hybrid,contract,124000,148000,filled
113,222,2024-01-27 22:01:18,Growth Product Manager,product,lead,hybrid,full_time,179000,223000,filled
114,108,2024-01-28 07:40:16,Lifecycle Marketing Manager,operations,senior,onsite,full_time,114000,141000,closed
115,241,2024-01-28 18:53:29,Warehouse Systems Analyst,data,mid,hybrid,full_time,126000,159000,open
116,288,2024-01-28 23:40:10,QA Automation Engineer,engineering,senior,remote,contract,158000,200000,open
117,248,2024-01-29 00:38:11,Partner Success Manager,customer_success,mid,remote,full_time,81000,97000,open
118,295,2024-01-29 11:46:59,Procurement Analyst,data,lead,remote,full_time,195000,222000,filled
119,173,2024-01-29 14:35:24,Staff Data Engineer,engineering,lead,onsite,full_time,181000,221000,open
120,21,2024-01-30 09:03:38,Business Intelligence Analyst,data,lead,remote,full_time,186000,239000,closed
121,172,2024-01-30 21:24:45,Senior Data Scientist,data,mid,onsite,full_time,126000,157000,paused
122,148,2024-01-30 21:29:22,Solutions Architect,operations,mid,remote,full_time,93000,115000,closed
123,231,2024-01-31 04:33:04,Business Intelligence Analyst,data,mid,remote,full_time,135000,155000,filled
124,80,2024-01-31 05:30:37,People Operations Partner,operations,junior,remote,full_time,67000,76000,closed
125,224,2024-01-31 07:58:28,Machine Learning Engineer,engineering,mid,remote,full_time,125000,155000,closed
126,142,2024-01-31 16:34:42,Senior Product Designer,product,junior,onsite,full_time,84000,96000,open
127,215,2024-01-31 18:27:34,Demand Generation Manager,operations,lead,hybrid,full_time,130000,165000,filled
128,135,2024-01-31 22:21:50,Pricing Analyst,data,junior,remote,full_time,96000,113000,filled
129,123,2024-02-01 12:04:26,Senior Backend Engineer,engineering,mid,hybrid,full_time,124000,162000,filled
130,69,2024-02-01 18:12:04,Platform Reliability Engineer,engineering,senior,hybrid,contract,160000,194000,paused
131,266,2024-02-01 19:52:56,Customer Success Manager,customer_success,senior,onsite,full_time,108000,120000,open
132,22,2024-02-01 20:17:58,Security Engineer,engineering,senior,onsite,full_time,162000,179000,filled
133,76,2024-02-01 23:50:31,Solutions Architect,operations,senior,hybrid,full_time,107000,127000,open
134,137,2024-02-02 06:00:57,HR Business Partner,operations,lead,onsite,full_time,132000,170000,closed
135,50,2024-02-02 13:04:51,QA Automation Engineer,engineering,senior,onsite,full_time,151000,194000,filled
136,294,2024-02-02 17:29:39,HR Business Partner,operations,senior,hybrid,full_time,105000,133000,open
137,111,2024-02-03 02:02:03,Partner Success Manager,customer_success,senior,hybrid,full_time,107000,122000,paused
138,78,2024-02-03 03:43:50,Implementation Project Manager,operations,mid,remote,full_time,90000,114000,filled
139,82,2024-02-03 05:15:06,Senior Data Scientist,data,mid,onsite,full_time,135000,154000,closed
140,62,2024-02-03 05:55:59,Accounting Manager,operations,mid,onsite,full_time,85000,111000,open
141,213,2024-02-03 07:00:38,Compliance Analyst,data,mid,remote,part_time,139000,166000,filled
142,155,2024-02-03 07:37:23,Growth Product Manager,product,senior,onsite,full_time,153000,172000,filled
143,74,2024-02-04 06:45:29,QA Automation Engineer,engineering,mid,onsite,full_time,125000,153000,open
144,280,2024-02-04 07:02:41,Supply Chain Coordinator,operations,mid,remote,full_time,93000,104000,filled
145,211,2024-02-04 10:17:46,Senior Frontend Engineer,engineering,mid,hybrid,full_time,122000,150000,open
146,129,2024-02-04 13:26:50,Solutions Consultant,operations,senior,onsite,full_time,113000,143000,paused
147,165,2024-02-04 23:09:35,Inventory Planning Manager,operations,mid,onsite,full_time,93000,111000,closed
148,210,2024-02-05 03:41:51,Operations Excellence Lead,operations,senior,remote,full_time,114000,141000,filled
149,49,2024-02-05 10:15:57,Senior Frontend Engineer,engineering,senior,remote,full_time,161000,190000,filled
150,259,2024-02-05 12:44:09,HR Business Partner,operations,junior,hybrid,full_time,64000,75000,filled
151,83,2024-02-05 13:57:58,Data Analyst,data,senior,remote,full_time,169000,204000,filled
152,10,2024-02-05 21:14:02,Logistics Operations Manager,operations,mid,remote,full_time,91000,108000,paused
153,167,2024-02-06 06:27:57,Machine Learning Engineer,engineering,mid,remote,full_time,121000,146000,open
154,281,2024-02-06 07:31:51,Security Engineer,engineering,senior,remote,full_time,149000,187000,closed
155,235,2024-02-06 16:03:34,People Operations Partner,operations,lead,hybrid,full_time,136000,163000,filled
156,99,2024-02-07 07:03:02,FP&A Analyst,data,mid,hybrid,full_time,134000,165000,open
157,128,2024-02-07 12:25:21,Healthcare Account Manager,operations,senior,hybrid,full_time,111000,130000,filled
158,191,2024-02-07 22:24:16,Procurement Analyst,data,mid,onsite,full_time,138000,168000,open
159,75,2024-02-08 03:12:05,People Operations Partner,operations,senior,hybrid,full_time,113000,132000,filled
160,263,2024-02-08 07:00:10,Compliance Analyst,data,senior,remote,full_time,162000,193000,filled
161,95,2024-02-09 01:44:41,Business Systems Administrator,operations,senior,remote,full_time,110000,129000,filled
162,70,2024-02-09 15:16:51,Payroll Specialist,operations,senior,remote,full_time,112000,140000,closed
163,31,2024-02-09 18:27:50,Customer Education Specialist,operations,mid,remote,full_time,92000,106000,paused
164,222,2024-02-09 22:59:11,Healthcare Account Manager,operations,senior,remote,full_time,111000,134000,filled
165,9,2024-02-10 06:31:13,Product Manager,product,senior,remote,full_time,146000,170000,filled
166,258,2024-02-10 10:07:59,Staff Data Engineer,engineering,senior,remote,full_time,160000,194000,filled
167,312,2024-02-10 10:28:44,Customer Education Specialist,operations,junior,hybrid,full_time,66000,81000,open
168,36,2024-02-10 12:19:13,Compliance Analyst,data,mid,hybrid,full_time,137000,157000,open
169,31,2024-02-10 19:29:33,Lifecycle Marketing Manager,operations,mid,onsite,part_time,85000,115000,open
170,300,2024-02-10 23:55:02,FP&A Analyst,data,junior,onsite,full_time,98000,108000,filled
171,40,2024-02-11 03:49:52,Business Intelligence Analyst,data,mid,hybrid,full_time,132000,152000,filled
172,131,2024-02-11 18:22:29,Revenue Operations Manager,operations,mid,remote,full_time,85000,110000,closed
173,279,2024-02-11 21:17:11,Revenue Operations Manager,operations,senior,hybrid,full_time,113000,138000,paused
174,45,2024-02-12 06:51:04,Solutions Architect,operations,mid,remote,full_time,91000,105000,open
175,213,2024-02-12 12:57:11,Mobile Engineer,engineering,senior,hybrid,part_time,156000,190000,filled
176,123,2024-02-12 15:34:39,Customer Success Manager,customer_success,senior,remote,full_time,108000,124000,filled
177,140,2024-02-13 16:29:35,Growth Product Manager,product,senior,hybrid,full_time,142000,178000,closed
178,298,2024-02-14 10:14:18,Data Analyst,data,mid,remote,full_time,128000,164000,open
179,208,2024-02-14 15:18:13,Senior Frontend Engineer,engineering,mid,hybrid,full_time,124000,162000,filled
180,103,2024-02-14 19:37:37,Payroll Specialist,operations,senior,onsite,part_time,109000,133000,filled
181,300,2024-02-15 12:08:39,HR Business Partner,operations,lead,onsite,contract,135000,163000,closed
182,186,2024-02-15 14:44:18,People Operations Partner,operations,mid,hybrid,full_time,93000,109000,filled
183,32,2024-02-15 16:39:03,Revenue Operations Manager,operations,senior,hybrid,full_time,113000,131000,filled
184,126,2024-02-15 16:54:14,Revenue Operations Manager,operations,senior,remote,full_time,107000,130000,closed
185,78,2024-02-15 18:49:33,Implementation Engineer,engineering,senior,hybrid,full_time,153000,202000,filled
186,206,2024-02-15 23:00:55,Implementation Consultant,operations,junior,hybrid,full_time,62000,75000,closed
187,276,2024-02-16 00:49:18,Partner Success Manager,customer_success,senior,remote,full_time,107000,132000,filled
188,13,2024-02-16 05:30:10,Talent Acquisition Specialist,operations,mid,remote,full_time,87000,103000,filled
189,250,2024-02-16 05:35:58,Business Systems Administrator,operations,lead,onsite,full_time,132000,167000,open
190,294,2024-02-17 08:59:57,Customer Success Manager,customer_success,mid,hybrid,full_time,87000,98000,filled
191,319,2024-02-17 11:44:42,Operations Excellence Lead,operations,mid,hybrid,full_time,91000,115000,closed
192,212,2024-02-17 11:48:13,Director of Customer Support,operations,lead,hybrid,full_time,129000,164000,paused
193,101,2024-02-17 13:19:31,Implementation Project Manager,operations,mid,hybrid,full_time,88000,102000,filled
194,47,2024-02-17 19:31:45,Warehouse Systems Analyst,data,mid,hybrid,full_time,134000,164000,open
195,303,2024-02-17 22:20:23,Technical Writer,operations,mid,remote,full_time,90000,110000,filled
196,133,2024-02-18 01:04:10,Business Intelligence Analyst,data,junior,hybrid,full_time,91000,113000,open
197,110,2024-02-18 14:49:52,Accounting Manager,operations,junior,hybrid,full_time,67000,75000,filled
198,235,2024-02-19 10:16:36,Talent Acquisition Specialist,operations,mid,remote,full_time,89000,112000,paused
199,229,2024-02-19 23:53:38,Technical Support Engineer,engineering,senior,onsite,full_time,155000,195000,filled
200,259,2024-02-20 12:46:57,Clinical Operations Analyst,operations,senior,remote,full_time,107000,131000,filled
201,283,2024-02-20 21:16:56,Senior Product Designer,product,junior,hybrid,full_time,83000,108000,filled
202,281,2024-02-21 00:56:02,Senior Backend Engineer,engineering,senior,hybrid,full_time,153000,183000,closed
203,55,2024-02-21 11:13:39,Platform Reliability Engineer,engineering,mid,hybrid,full_time,122000,144000,open
204,55,2024-02-21 22:05:18,Implementation Consultant,operations,lead,hybrid,full_time,133000,162000,filled
205,66,2024-02-21 22:22:54,Clinical Operations Analyst,operations,mid,onsite,full_time,89000,103000,closed
206,201,2024-02-22 01:31:37,Senior Data Scientist,data,senior,hybrid,full_time,171000,193000,closed
207,186,2024-02-22 02:25:00,Senior Product Designer,product,mid,hybrid,full_time,123000,143000,open
208,275,2024-02-22 18:30:40,Senior Backend Engineer,engineering,senior,hybrid,full_time,151000,184000,paused
209,271,2024-02-22 18:42:24,Implementation Consultant,operations,mid,remote,full_time,85000,104000,paused
210,261,2024-02-22 20:34:29,Senior Accountant,operations,senior,remote,full_time,114000,138000,closed
211,26,2024-02-23 05:44:48,Platform Reliability Engineer,engineering,mid,hybrid,full_time,132000,153000,open
212,223,2024-02-23 20:01:01,Accounting Manager,operations,lead,remote,full_time,137000,168000,filled
213,273,2024-02-24 00:47:37,Staff Data Engineer,engineering,senior,remote,full_time,148000,191000,closed
214,315,2024-02-24 05:19:01,Sales Development Representative,sales,senior,remote,full_time,123000,153000,paused
215,110,2024-02-24 10:26:39,Clinical Operations Analyst,operations,senior,hybrid,full_time,105000,130000,filled
216,249,2024-02-24 10:36:22,Healthcare Account Manager,operations,lead,remote,contract,137000,167000,filled
217,130,2024-02-25 05:58:05,Security Engineer,engineering,mid,onsite,full_time,127000,146000,open
218,52,2024-02-25 06:42:18,Business Systems Administrator,operations,mid,hybrid,full_time,89000,105000,filled
219,109,2024-02-25 17:45:36,Data Analyst,data,mid,hybrid,full_time,133000,168000,paused
220,81,2024-02-25 20:45:50,Implementation Engineer,engineering,mid,remote,full_time,122000,157000,closed
221,292,2024-02-25 21:29:19,Cloud Infrastructure Engineer,engineering,senior,hybrid,full_time,157000,192000,filled
222,57,2024-02-26 00:16:03,Senior Frontend Engineer,engineering,lead,remote,full_time,176000,212000,closed
223,42,2024-02-26 02:27:03,Technical Support Engineer,engineering,lead,hybrid,full_time,189000,214000,paused
224,186,2024-02-26 19:54:23,People Operations Partner,operations,senior,remote,full_time,113000,134000,filled
225,184,2024-02-27 03:08:29,QA Automation Engineer,engineering,senior,onsite,full_time,159000,195000,open
226,180,2024-02-27 05:06:20,Solutions Architect,operations,senior,remote,full_time,109000,134000,filled
227,48,2024-02-27 08:27:34,Regional Sales Manager,sales,lead,hybrid,full_time,156000,171000,open
228,160,2024-02-27 10:26:14,Accounting Manager,operations,mid,remote,full_time,91000,104000,closed
229,298,2024-02-27 12:52:28,Senior Data Scientist,data,senior,hybrid,contract,157000,201000,filled
230,29,2024-02-27 15:24:03,Supply Chain Coordinator,operations,senior,hybrid,full_time,107000,138000,open
231,256,2024-02-27 16:20:10,Sales Development Representative,sales,mid,remote,full_time,103000,116000,paused
232,41,2024-02-27 17:25:19,Technical Support Engineer,engineering,mid,remote,contract,123000,143000,open
233,75,2024-02-28 06:01:49,Lifecycle Marketing Manager,operations,lead,remote,contract,126000,155000,filled
234,288,2024-02-28 12:31:52,Sales Development Representative,sales,lead,remote,full_time,145000,173000,paused
235,96,2024-02-28 17:47:12,Solutions Architect,operations,lead,onsite,full_time,127000,161000,filled
236,168,2024-02-29 12:08:11,Customer Education Specialist,operations,senior,hybrid,full_time,110000,127000,filled
237,123,2024-02-29 19:49:50,Accounting Manager,operations,mid,remote,full_time,90000,110000,paused
238,197,2024-03-01 03:06:15,Revenue Operations Manager,operations,mid,onsite,full_time,86000,112000,filled
239,130,2024-03-01 04:14:25,Senior Accountant,operations,senior,remote,full_time,113000,143000,filled
240,143,2024-03-01 07:21:52,Data Analyst,data,senior,hybrid,full_time,160000,211000,open
241,262,2024-03-02 14:03:59,Senior Data Scientist,data,senior,hybrid,full_time,160000,193000,closed
242,178,2024-03-02 16:32:46,Senior DevOps Engineer,engineering,senior,onsite,full_time,151000,177000,closed
243,181,2024-03-03 14:36:59,Logistics Operations Manager,operations,mid,hybrid,full_time,92000,106000,filled
244,258,2024-03-04 05:15:56,Senior Product Designer,product,senior,hybrid,full_time,153000,182000,filled
245,137,2024-03-04 09:26:48,Technical Program Manager,operations,mid,onsite,full_time,89000,102000,filled
246,264,2024-03-04 10:05:51,Revenue Operations Manager,operations,mid,remote,part_time,85000,106000,paused
247,231,2024-03-04 23:22:25,People Operations Partner,operations,mid,onsite,contract,87000,105000,open
248,283,2024-03-05 09:21:44,Product Manager,product,mid,onsite,full_time,113000,137000,paused
249,147,2024-03-05 17:29:38,Staff Data Engineer,engineering,senior,onsite,full_time,162000,194000,open
250,179,2024-03-05 18:07:52,Regional Sales Manager,sales,mid,remote,contract,97000,126000,closed
251,42,2024-03-05 19:09:24,Enterprise Account Executive,operations,mid,remote,contract,94000,109000,filled
252,36,2024-03-05 21:53:43,Senior Backend Engineer,engineering,senior,hybrid,contract,157000,200000,closed
253,35,2024-03-06 03:55:00,Customer Education Specialist,operations,senior,hybrid,full_time,111000,127000,filled
254,203,2024-03-07 04:13:22,Logistics Operations Manager,operations,junior,hybrid,full_time,67000,74000,filled
255,105,2024-03-07 06:45:03,Solutions Consultant,operations,mid,onsite,full_time,85000,107000,filled
256,93,2024-03-07 18:43:46,Staff Data Engineer,engineering,mid,hybrid,full_time,129000,156000,open
257,193,2024-03-08 20:23:13,Senior Product Designer,product,senior,remote,full_time,139000,179000,open
258,128,2024-03-09 13:55:21,Implementation Consultant,operations,mid,remote,full_time,93000,102000,open
259,44,2024-03-09 15:12:31,Director of Customer Support,operations,junior,remote,full_time,64000,83000,filled
260,179,2024-03-10 06:59:09,Partner Success Manager,customer_success,junior,remote,full_time,58000,72000,open
261,177,2024-03-10 12:15:21,Accounting Manager,operations,senior,remote,full_time,115000,132000,closed
262,45,2024-03-10 16:57:10,Solutions Architect,operations,junior,onsite,full_time,61000,79000,filled
263,87,2024-03-10 23:04:36,Enterprise Account Executive,operations,senior,hybrid,full_time,106000,142000,paused
264,76,2024-03-11 12:38:30,Mobile Engineer,engineering,mid,hybrid,full_time,130000,156000,filled
265,223,2024-03-11 20:28:44,Technical Support Engineer,engineering,senior,remote,contract,155000,201000,open
266,80,2024-03-12 15:12:19,QA Automation Engineer,engineering,mid,hybrid,full_time,131000,146000,filled
267,10,2024-03-12 15:54:34,Supply Chain Coordinator,operations,mid,onsite,full_time,91000,110000,open
268,86,2024-03-12 18:17:28,Implementation Engineer,engineering,junior,onsite,full_time,92000,115000,closed
269,151,2024-03-13 16:12:16,Senior Accountant,operations,senior,hybrid,full_time,108000,134000,closed
270,247,2024-03-13 22:51:34,Senior Backend Engineer,engineering,lead,onsite,full_time,178000,221000,paused
271,17,2024-03-13 23:17:42,Platform Reliability Engineer,engineering,junior,hybrid,full_time,95000,117000,filled
272,282,2024-03-14 00:17:07,Implementation Engineer,engineering,mid,hybrid,full_time,120000,145000,open
273,106,2024-03-14 07:29:14,Cloud Infrastructure Engineer,engineering,lead,onsite,full_time,186000,223000,filled
274,110,2024-03-14 16:28:54,Partner Success Manager,customer_success,senior,remote,part_time,102000,134000,paused
275,5,2024-03-15 15:13:58,Data Analyst,data,mid,remote,full_time,129000,169000,open
276,89,2024-03-15 17:16:07,Senior Product Designer,product,mid,remote,full_time,119000,152000,filled
277,151,2024-03-15 23:26:54,Operations Excellence Lead,operations,senior,hybrid,full_time,114000,141000,open
278,201,2024-03-15 23:31:01,Business Systems Administrator,operations,senior,hybrid,full_time,114000,126000,open
279,246,2024-03-16 09:40:23,Growth Product Manager,product,senior,hybrid,contract,151000,187000,filled
280,168,2024-03-16 10:53:33,Senior Data Scientist,data,lead,hybrid,full_time,191000,235000,open
281,33,2024-03-16 12:29:58,Business Intelligence Analyst,data,mid,remote,full_time,131000,164000,filled
282,126,2024-03-16 19:55:02,Solutions Architect,operations,mid,onsite,full_time,84000,107000,open
283,236,2024-03-17 22:54:35,Solutions Architect,operations,mid,remote,part_time,92000,113000,filled
284,205,2024-03-18 00:40:47,Regional Sales Manager,sales,mid,onsite,full_time,100000,125000,filled
285,187,2024-03-18 09:27:08,Security Engineer,engineering,mid,remote,full_time,126000,160000,filled
286,163,2024-03-18 10:55:57,Implementation Project Manager,operations,junior,hybrid,full_time,62000,75000,filled
287,162,2024-03-18 23:41:39,Technical Writer,operations,mid,hybrid,full_time,92000,104000,filled
288,318,2024-03-19 14:33:39,Technical Program Manager,operations,senior,onsite,full_time,114000,133000,closed
289,192,2024-03-19 15:59:53,Regional Sales Manager,sales,junior,remote,full_time,76000,83000,open
290,192,2024-03-19 18:47:06,Growth Product Manager,product,mid,onsite,full_time,112000,146000,filled
291,108,2024-03-20 22:58:48,Enterprise Account Executive,operations,senior,hybrid,full_time,117000,131000,filled
292,157,2024-03-22 17:48:29,Demand Generation Manager,operations,senior,hybrid,full_time,108000,135000,open
293,228,2024-03-22 18:27:38,Lifecycle Marketing Manager,operations,senior,hybrid,full_time,108000,126000,paused
294,275,2024-03-22 19:57:56,Solutions Consultant,operations,senior,remote,full_time,108000,128000,closed
295,250,2024-03-23 08:34:44,Senior Product Designer,product,senior,hybrid,full_time,142000,180000,open
296,212,2024-03-23 13:31:16,People Operations Partner,operations,junior,remote,full_time,65000,76000,filled
297,250,2024-03-24 03:58:52,Security Engineer,engineering,mid,remote,full_time,122000,147000,filled
298,11,2024-03-24 04:16:34,HR Business Partner,operations,senior,hybrid,full_time,109000,129000,filled
299,87,2024-03-24 10:39:25,Implementation Consultant,operations,mid,hybrid,contract,91000,104000,open
300,78,2024-03-24 14:33:31,Technical Program Manager,operations,junior,remote,full_time,67000,79000,closed
301,210,2024-03-24 16:15:04,Business Intelligence Analyst,data,mid,remote,full_time,135000,153000,filled
302,242,2024-03-24 20:04:22,Warehouse Systems Analyst,data,mid,remote,full_time,133000,157000,open
303,48,2024-03-24 21:25:01,Payroll Specialist,operations,mid,remote,full_time,86000,111000,filled
304,62,2024-03-25 04:02:40,Clinical Operations Analyst,operations,mid,hybrid,full_time,92000,108000,open
305,159,2024-03-25 08:16:53,Partner Success Manager,customer_success,senior,remote,full_time,100000,129000,open
306,310,2024-03-25 16:23:49,People Operations Partner,operations,lead,onsite,full_time,129000,155000,open
307,1,2024-03-26 07:23:38,Clinical Recruiter,operations,mid,remote,full_time,85000,115000,closed
308,282,2024-03-26 16:22:41,Enterprise Account Executive,operations,lead,remote,contract,134000,158000,open
309,62,2024-03-26 18:19:51,Senior Data Scientist,data,junior,onsite,full_time,94000,112000,filled
310,86,2024-03-26 18:36:55,Staff Data Engineer,engineering,lead,remote,contract,189000,238000,filled
311,203,2024-03-27 03:02:44,Lifecycle Marketing Manager,operations,lead,hybrid,full_time,130000,164000,open
312,234,2024-03-27 18:37:41,Demand Generation Manager,operations,junior,onsite,contract,64000,79000,filled
313,280,2024-03-27 19:09:30,Talent Acquisition Specialist,operations,senior,onsite,full_time,110000,141000,open
314,2,2024-03-27 23:05:54,Staff Data Engineer,engineering,lead,hybrid,part_time,177000,212000,closed
315,16,2024-03-28 10:20:44,Director of Customer Support,operations,lead,remote,full_time,131000,168000,filled
316,154,2024-03-28 13:37:47,Machine Learning Engineer,engineering,lead,hybrid,full_time,189000,231000,filled
317,179,2024-03-29 01:03:17,Inventory Planning Manager,operations,senior,onsite,full_time,111000,132000,filled
318,84,2024-03-29 11:54:14,Senior DevOps Engineer,engineering,junior,onsite,full_time,86000,106000,closed
319,204,2024-03-30 13:22:46,Implementation Engineer,engineering,senior,remote,full_time,159000,179000,open
320,85,2024-03-30 17:45:06,Director of Customer Support,operations,senior,remote,contract,108000,142000,filled
321,299,2024-03-31 10:26:25,Business Intelligence Analyst,data,senior,remote,full_time,155000,189000,filled
322,57,2024-04-01 01:36:49,Lifecycle Marketing Manager,operations,mid,remote,full_time,86000,105000,filled
323,210,2024-04-02 08:12:30,Clinical Recruiter,operations,senior,hybrid,full_time,111000,138000,paused
324,170,2024-04-02 09:32:35,People Operations Partner,operations,mid,remote,full_time,87000,111000,closed
325,33,2024-04-02 09:54:15,Implementation Consultant,operations,senior,remote,contract,113000,128000,filled
326,194,2024-04-02 18:34:32,Pricing Analyst,data,junior,remote,full_time,92000,120000,filled
327,47,2024-04-03 03:57:38,Senior Product Designer,product,senior,hybrid,full_time,150000,177000,open
328,173,2024-04-03 14:39:16,QA Automation Engineer,engineering,senior,remote,full_time,152000,198000,open
329,204,2024-04-03 22:51:21,Technical Support Engineer,engineering,mid,hybrid,full_time,127000,144000,filled
330,24,2024-04-04 10:05:49,Implementation Consultant,operations,senior,remote,full_time,114000,126000,closed
331,69,2024-04-05 09:12:43,Business Systems Administrator,operations,mid,onsite,full_time,88000,110000,filled
332,95,2024-04-05 10:31:44,Product Manager,product,lead,remote,full_time,165000,201000,filled
333,298,2024-04-06 07:15:17,Inventory Planning Manager,operations,senior,hybrid,full_time,111000,135000,closed
334,71,2024-04-06 08:29:52,Director of Customer Support,operations,mid,remote,full_time,94000,101000,filled
335,295,2024-04-06 15:07:35,Customer Success Manager,customer_success,mid,remote,full_time,89000,107000,filled
336,171,2024-04-06 20:10:49,Machine Learning Engineer,engineering,mid,remote,full_time,122000,161000,closed
337,304,2024-04-06 21:06:57,HR Business Partner,operations,mid,remote,contract,92000,113000,filled
338,267,2024-04-06 23:17:27,Senior Accountant,operations,lead,remote,part_time,130000,170000,open
339,94,2024-04-07 09:21:15,Implementation Consultant,operations,senior,hybrid,contract,106000,142000,paused
340,180,2024-04-07 16:57:32,Growth Product Manager,product,mid,hybrid,full_time,120000,141000,open
341,230,2024-04-07 20:17:44,Senior Frontend Engineer,engineering,senior,remote,full_time,156000,186000,open
342,26,2024-04-08 01:04:41,Senior Backend Engineer,engineering,mid,hybrid,full_time,126000,161000,filled
343,213,2024-04-08 11:17:46,Regional Sales Manager,sales,senior,hybrid,full_time,131000,162000,open
344,148,2024-04-09 15:23:23,Senior Backend Engineer,engineering,mid,remote,part_time,123000,162000,open
345,12,2024-04-09 16:05:09,Security Engineer,engineering,senior,remote,full_time,159000,196000,open
346,278,2024-04-10 09:28:22,Growth Product Manager,product,lead,remote,full_time,171000,202000,filled
347,85,2024-04-10 22:43:46,Mobile Engineer,engineering,mid,remote,part_time,119000,162000,filled
348,280,2024-04-11 18:37:32,QA Automation Engineer,engineering,senior,hybrid,full_time,154000,201000,open
349,67,2024-04-12 00:17:02,Talent Acquisition Specialist,operations,lead,onsite,full_time,139000,164000,closed
350,174,2024-04-13 01:43:51,Implementation Consultant,operations,mid,onsite,full_time,89000,114000,open
351,119,2024-04-13 04:00:43,Mobile Engineer,engineering,junior,onsite,full_time,87000,111000,paused
352,286,2024-04-13 12:19:50,Operations Excellence Lead,operations,senior,hybrid,full_time,113000,142000,open
353,305,2024-04-13 17:11:22,FP&A Analyst,data,mid,remote,full_time,139000,151000,filled
354,247,2024-04-14 00:51:24,Pricing Analyst,data,junior,remote,full_time,99000,121000,filled
355,271,2024-04-14 04:22:19,Clinical Operations Analyst,operations,mid,remote,full_time,90000,102000,filled
356,247,2024-04-14 05:40:19,Cloud Infrastructure Engineer,engineering,senior,remote,full_time,154000,185000,paused
357,94,2024-04-14 08:24:08,Machine Learning Engineer,engineering,mid,remote,full_time,127000,145000,closed
358,295,2024-04-14 23:00:57,Partner Success Manager,customer_success,mid,hybrid,full_time,88000,102000,filled
359,170,2024-04-15 02:26:02,Logistics Operations Manager,operations,senior,remote,full_time,115000,129000,closed
360,110,2024-04-15 22:08:54,Platform Reliability Engineer,engineering,senior,remote,full_time,161000,201000,filled
361,62,2024-04-16 02:19:28,Senior DevOps Engineer,engineering,senior,hybrid,full_time,155000,191000,closed
362,228,2024-04-16 04:23:06,Revenue Operations Manager,operations,mid,remote,full_time,85000,114000,open
363,89,2024-04-16 06:42:22,Implementation Project Manager,operations,lead,onsite,full_time,133000,155000,open
364,209,2024-04-16 09:27:43,QA Automation Engineer,engineering,senior,remote,full_time,150000,177000,open
365,21,2024-04-17 04:15:32,Product Manager,product,junior,hybrid,full_time,80000,106000,paused
366,204,2024-04-17 12:35:10,Business Intelligence Analyst,data,lead,remote,full_time,195000,244000,filled
367,206,2024-04-17 13:02:49,Sales Development Representative,sales,mid,hybrid,part_time,104000,125000,open
368,168,2024-04-17 19:37:50,Inventory Planning Manager,operations,mid,remote,contract,93000,113000,filled
369,211,2024-04-18 00:46:19,Technical Writer,operations,mid,remote,full_time,92000,113000,filled
370,319,2024-04-18 05:04:52,Clinical Recruiter,operations,senior,hybrid,contract,115000,136000,closed
371,269,2024-04-18 18:14:44,Logistics Operations Manager,operations,junior,remote,full_time,66000,83000,closed
372,141,2024-04-18 18:15:01,Senior Backend Engineer,engineering,mid,remote,full_time,128000,157000,filled
373,279,2024-04-18 18:42:27,Revenue Operations Manager,operations,mid,onsite,contract,84000,111000,open
374,306,2024-04-18 19:21:07,QA Automation Engineer,engineering,mid,remote,full_time,127000,150000,filled
375,52,2024-04-18 21:09:19,Senior Product Designer,product,mid,hybrid,full_time,112000,133000,open
376,115,2024-04-19 12:18:08,Technical Support Engineer,engineering,senior,hybrid,full_time,148000,182000,open
377,238,2024-04-19 12:50:51,Implementation Engineer,engineering,mid,remote,full_time,121000,158000,filled
378,165,2024-04-19 16:39:47,Pricing Analyst,data,junior,hybrid,full_time,98000,119000,filled
379,44,2024-04-20 05:57:28,Implementation Engineer,engineering,senior,remote,full_time,160000,185000,paused
380,152,2024-04-20 15:53:37,Solutions Architect,operations,mid,hybrid,full_time,94000,110000,open
381,120,2024-04-21 03:39:11,Partner Success Manager,customer_success,senior,remote,full_time,110000,122000,filled
382,237,2024-04-21 07:31:16,Technical Program Manager,operations,junior,remote,full_time,67000,75000,paused
383,165,2024-04-21 18:34:52,Logistics Operations Manager,operations,junior,remote,full_time,62000,83000,filled
384,45,2024-04-22 00:26:43,Security Engineer,engineering,mid,onsite,full_time,131000,151000,paused
385,16,2024-04-22 01:43:36,Payroll Specialist,operations,mid,onsite,full_time,92000,105000,paused
386,92,2024-04-22 12:28:22,Talent Acquisition Specialist,operations,mid,onsite,full_time,93000,108000,filled
387,51,2024-04-22 21:00:18,Risk Operations Analyst,operations,senior,hybrid,full_time,106000,132000,paused
388,281,2024-04-23 11:40:54,Supply Chain Coordinator,operations,mid,hybrid,full_time,85000,112000,filled
389,87,2024-04-23 14:43:30,Cloud Infrastructure Engineer,engineering,senior,hybrid,full_time,163000,201000,filled
390,204,2024-04-23 20:58:21,Senior DevOps Engineer,engineering,senior,onsite,full_time,150000,191000,filled
391,41,2024-04-24 01:28:18,Risk Operations Analyst,operations,junior,hybrid,full_time,63000,79000,filled
392,142,2024-04-24 09:35:54,Mobile Engineer,engineering,senior,remote,full_time,155000,186000,open
393,299,2024-04-24 11:09:58,Senior Frontend Engineer,engineering,mid,hybrid,full_time,120000,154000,closed
394,206,2024-04-24 12:47:45,Risk Operations Analyst,operations,mid,hybrid,full_time,84000,106000,open
395,93,2024-04-24 20:58:48,Senior DevOps Engineer,engineering,junior,remote,full_time,95000,102000,filled
396,240,2024-04-24 22:00:31,Growth Product Manager,product,senior,remote,contract,152000,186000,open
397,161,2024-04-25 06:51:45,Senior Product Designer,product,lead,remote,full_time,182000,209000,closed
398,76,2024-04-27 10:40:35,Healthcare Account Manager,operations,junior,onsite,full_time,63000,78000,filled
399,319,2024-04-27 13:50:40,Regional Sales Manager,sales,senior,remote,full_time,122000,145000,open
400,301,2024-04-28 18:07:39,Payroll Specialist,operations,senior,onsite,full_time,110000,140000,paused
401,182,2024-04-29 00:50:20,Customer Education Specialist,operations,mid,hybrid,full_time,89000,103000,filled
402,11,2024-04-30 02:08:32,Senior Backend Engineer,engineering,senior,onsite,full_time,147000,187000,open
403,132,2024-04-30 07:36:28,Staff Data Engineer,engineering,senior,remote,full_time,160000,198000,open
404,165,2024-04-30 09:20:12,HR Business Partner,operations,lead,onsite,full_time,139000,159000,filled
405,298,2024-04-30 16:48:21,Demand Generation Manager,operations,lead,hybrid,full_time,132000,170000,filled
406,235,2024-05-01 07:05:06,Payroll Specialist,operations,junior,remote,part_time,63000,75000,closed
407,72,2024-05-01 08:06:36,Healthcare Account Manager,operations,mid,remote,contract,88000,111000,closed
408,164,2024-05-01 17:19:40,Clinical Operations Analyst,operations,senior,remote,full_time,106000,143000,filled
409,58,2024-05-02 11:53:25,Customer Education Specialist,operations,mid,remote,full_time,87000,109000,filled
410,152,2024-05-02 16:26:21,FP&A Analyst,data,mid,hybrid,full_time,132000,164000,filled
411,172,2024-05-03 07:50:29,Business Systems Administrator,operations,lead,onsite,full_time,131000,158000,closed
412,164,2024-05-03 12:39:45,Pricing Analyst,data,junior,hybrid,contract,95000,119000,paused
413,137,2024-05-03 23:23:46,Inventory Planning Manager,operations,mid,hybrid,full_time,93000,114000,filled
414,140,2024-05-04 07:59:52,Talent Acquisition Specialist,operations,senior,hybrid,full_time,107000,138000,closed
415,256,2024-05-04 21:46:51,Senior Product Designer,product,mid,onsite,full_time,111000,151000,paused
416,162,2024-05-05 06:38:08,Supply Chain Coordinator,operations,mid,onsite,full_time,85000,110000,filled
417,14,2024-05-05 18:53:56,Data Analyst,data,lead,remote,full_time,187000,240000,filled
418,238,2024-05-06 01:56:20,Senior Product Designer,product,mid,onsite,full_time,118000,139000,filled
419,198,2024-05-06 10:35:57,Demand Generation Manager,operations,mid,remote,full_time,92000,111000,closed
420,223,2024-05-06 17:33:35,Compliance Analyst,data,junior,onsite,full_time,99000,121000,filled
421,228,2024-05-06 20:25:01,Senior Frontend Engineer,engineering,lead,onsite,full_time,189000,230000,open
422,56,2024-05-07 05:14:25,Machine Learning Engineer,engineering,mid,hybrid,full_time,124000,147000,filled
423,312,2024-05-07 12:38:24,Supply Chain Coordinator,operations,senior,remote,full_time,106000,135000,closed
424,317,2024-05-07 18:14:18,Logistics Operations Manager,operations,junior,hybrid,full_time,64000,81000,closed
425,47,2024-05-09 00:41:56,Regional Sales Manager,sales,mid,remote,full_time,100000,131000,paused
426,71,2024-05-10 08:24:00,Senior Data Scientist,data,lead,onsite,part_time,203000,226000,open
427,79,2024-05-10 17:19:30,Growth Product Manager,product,senior,remote,full_time,145000,168000,filled
428,310,2024-05-11 00:08:54,Regional Sales Manager,sales,lead,hybrid,full_time,146000,181000,closed
429,299,2024-05-12 13:23:21,Solutions Architect,operations,mid,onsite,full_time,87000,103000,open
430,85,2024-05-12 14:44:11,Warehouse Systems Analyst,data,senior,remote,full_time,157000,212000,open
431,202,2024-05-12 16:32:29,Sales Development Representative,sales,senior,remote,full_time,132000,152000,closed
432,78,2024-05-13 02:21:09,Data Analyst,data,mid,hybrid,full_time,125000,161000,closed
433,13,2024-05-13 03:00:04,Pricing Analyst,data,mid,hybrid,full_time,125000,154000,closed
434,74,2024-05-13 17:57:32,Lifecycle Marketing Manager,operations,senior,remote,full_time,107000,133000,filled
435,25,2024-05-14 14:30:39,Procurement Analyst,data,mid,remote,full_time,136000,171000,filled
436,272,2024-05-14 14:50:41,Pricing Analyst,data,senior,remote,full_time,164000,198000,open
437,252,2024-05-15 07:31:50,Procurement Analyst,data,lead,hybrid,full_time,198000,221000,closed
438,59,2024-05-15 10:55:15,Content Marketing Manager,operations,mid,hybrid,full_time,88000,105000,open
439,182,2024-05-15 11:26:56,Clinical Operations Analyst,operations,mid,remote,full_time,85000,115000,open
440,66,2024-05-15 18:46:44,Payroll Specialist,operations,junior,hybrid,full_time,67000,83000,open
441,181,2024-05-16 02:03:08,Enterprise Account Executive,operations,mid,remote,full_time,86000,104000,filled
442,287,2024-05-16 06:16:26,Lifecycle Marketing Manager,operations,mid,remote,full_time,85000,110000,filled
443,282,2024-05-17 11:20:45,Procurement Analyst,data,senior,hybrid,full_time,165000,187000,filled
444,267,2024-05-18 01:46:13,Lifecycle Marketing Manager,operations,mid,remote,full_time,85000,109000,filled
445,78,2024-05-18 23:02:01,Cloud Infrastructure Engineer,engineering,senior,hybrid,full_time,149000,179000,filled
446,62,2024-05-19 08:10:45,HR Business Partner,operations,mid,onsite,full_time,92000,113000,closed
447,52,2024-05-19 12:03:34,Compliance Analyst,data,mid,hybrid,full_time,132000,170000,open
448,41,2024-05-19 15:32:36,Mobile Engineer,engineering,mid,hybrid,full_time,122000,146000,filled
449,197,2024-05-19 17:43:42,Implementation Project Manager,operations,senior,remote,full_time,109000,134000,closed
450,211,2024-05-20 00:53:54,FP&A Analyst,data,mid,remote,full_time,135000,152000,open
451,283,2024-05-20 04:45:35,Business Systems Administrator,operations,mid,remote,full_time,85000,106000,paused
452,29,2024-05-20 07:15:41,Operations Excellence Lead,operations,senior,onsite,contract,106000,126000,open
453,85,2024-05-20 08:34:38,Director of Customer Support,operations,senior,onsite,full_time,112000,130000,open
454,233,2024-05-20 12:51:28,Senior Data Scientist,data,mid,remote,full_time,134000,171000,paused
455,219,2024-05-20 14:06:07,Senior Data Scientist,data,lead,remote,full_time,205000,222000,closed
456,137,2024-05-20 16:25:59,HR Business Partner,operations,mid,remote,full_time,88000,114000,closed
457,49,2024-05-20 18:17:42,Senior Accountant,operations,junior,hybrid,full_time,61000,73000,open
458,155,2024-05-21 02:19:18,FP&A Analyst,data,mid,hybrid,contract,132000,161000,closed
459,56,2024-05-21 18:07:25,Senior Backend Engineer,engineering,mid,hybrid,full_time,127000,151000,paused
460,172,2024-05-22 04:23:51,Warehouse Systems Analyst,data,mid,onsite,full_time,127000,170000,filled
461,289,2024-05-23 04:47:51,Healthcare Account Manager,operations,senior,remote,full_time,111000,129000,filled
462,63,2024-05-23 15:42:33,Lifecycle Marketing Manager,operations,mid,hybrid,contract,86000,104000,closed
463,38,2024-05-23 18:24:29,Data Analyst,data,senior,hybrid,part_time,170000,205000,closed
464,237,2024-05-24 07:05:23,Staff Data Engineer,engineering,lead,remote,full_time,193000,233000,filled
465,8,2024-05-24 10:39:28,Warehouse Systems Analyst,data,senior,onsite,full_time,162000,204000,open
466,315,2024-05-24 17:53:54,Technical Writer,operations,senior,remote,full_time,116000,126000,open
467,248,2024-05-26 09:16:08,Growth Product Manager,product,senior,hybrid,full_time,153000,171000,filled
468,130,2024-05-26 14:06:42,Content Marketing Manager,operations,lead,hybrid,full_time,127000,168000,filled
469,117,2024-05-26 14:16:53,Solutions Consultant,operations,mid,onsite,full_time,88000,110000,filled
470,124,2024-05-27 04:40:04,Senior DevOps Engineer,engineering,mid,hybrid,part_time,127000,155000,filled
471,127,2024-05-28 06:24:03,Customer Education Specialist,operations,senior,remote,full_time,106000,131000,filled
472,269,2024-05-28 18:15:59,Pricing Analyst,data,senior,onsite,full_time,162000,192000,filled
473,256,2024-05-29 03:48:12,Partner Success Manager,customer_success,mid,onsite,full_time,82000,109000,filled
474,66,2024-05-29 13:49:24,Talent Acquisition Specialist,operations,senior,hybrid,full_time,116000,138000,open
475,58,2024-05-30 12:10:52,Partner Success Manager,customer_success,junior,onsite,full_time,60000,70000,closed
476,173,2024-05-30 14:22:08,People Operations Partner,operations,lead,remote,full_time,136000,170000,open
477,209,2024-05-30 18:10:12,Demand Generation Manager,operations,mid,hybrid,full_time,88000,110000,paused
478,233,2024-05-31 13:09:12,Technical Program Manager,operations,junior,onsite,full_time,62000,76000,filled
479,101,2024-05-31 19:41:31,Mobile Engineer,engineering,junior,remote,full_time,94000,108000,filled
480,155,2024-06-01 01:07:52,Mobile Engineer,engineering,mid,hybrid,full_time,119000,157000,closed
481,34,2024-06-01 02:33:21,Talent Acquisition Specialist,operations,mid,onsite,full_time,85000,106000,paused
482,146,2024-06-01 23:13:58,Clinical Operations Analyst,operations,junior,onsite,full_time,63000,79000,open
483,220,2024-06-02 09:26:29,Senior Backend Engineer,engineering,mid,onsite,full_time,128000,157000,open
484,98,2024-06-02 15:51:54,Technical Program Manager,operations,mid,remote,full_time,88000,104000,filled
485,102,2024-06-03 13:17:52,Mobile Engineer,engineering,mid,onsite,contract,120000,162000,filled
486,148,2024-06-04 02:09:52,Customer Education Specialist,operations,mid,remote,full_time,87000,106000,filled
487,278,2024-06-04 07:39:26,Senior Accountant,operations,mid,hybrid,full_time,87000,107000,closed
488,194,2024-06-04 17:37:54,Data Analyst,data,mid,hybrid,contract,125000,165000,closed
489,295,2024-06-05 07:59:07,Customer Success Manager,customer_success,junior,onsite,full_time,61000,75000,closed
490,20,2024-06-05 08:02:29,Logistics Operations Manager,operations,junior,onsite,full_time,62000,77000,open
491,272,2024-06-05 09:01:10,Sales Development Representative,sales,mid,hybrid,contract,100000,126000,filled
492,15,2024-06-06 06:40:56,Content Marketing Manager,operations,senior,hybrid,full_time,112000,142000,closed
493,104,2024-06-06 23:53:29,Demand Generation Manager,operations,lead,hybrid,full_time,135000,167000,open
494,137,2024-06-07 01:22:44,Talent Acquisition Specialist,operations,lead,hybrid,full_time,129000,167000,closed
495,76,2024-06-07 03:28:08,Business Systems Administrator,operations,senior,hybrid,full_time,109000,130000,filled
496,317,2024-06-07 08:20:27,Product Manager,product,senior,remote,full_time,142000,175000,filled
497,286,2024-06-07 12:00:13,Sales Development Representative,sales,mid,hybrid,part_time,107000,125000,open
498,183,2024-06-07 16:53:58,Senior Product Designer,product,senior,onsite,full_time,141000,166000,open
499,145,2024-06-07 17:31:51,Business Intelligence Analyst,data,senior,hybrid,full_time,158000,206000,paused
500,244,2024-06-07 18:43:30,Supply Chain Coordinator,operations,senior,onsite,full_time,110000,131000,filled
501,227,2024-06-08 01:51:33,Revenue Operations Manager,operations,lead,remote,full_time,127000,156000,closed
502,154,2024-06-08 14:33:56,Sales Development Representative,sales,mid,hybrid,full_time,98000,120000,open
503,265,2024-06-09 17:28:44,Staff Data Engineer,engineering,senior,remote,full_time,149000,184000,paused
504,62,2024-06-10 21:23:47,Compliance Analyst,data,senior,remote,full_time,166000,194000,filled
505,89,2024-06-11 12:16:16,Senior DevOps Engineer,engineering,mid,hybrid,full_time,127000,155000,open
506,6,2024-06-11 12:44:49,Solutions Architect,operations,lead,remote,full_time,134000,162000,open
507,39,2024-06-11 15:44:38,Logistics Operations Manager,operations,junior,remote,contract,66000,75000,open
508,64,2024-06-12 07:27:34,FP&A Analyst,data,lead,hybrid,full_time,192000,228000,open
509,200,2024-06-12 10:45:34,Accounting Manager,operations,senior,hybrid,full_time,116000,140000,open
510,274,2024-06-12 15:27:30,Risk Operations Analyst,operations,junior,hybrid,full_time,66000,74000,open
511,189,2024-06-13 02:45:54,QA Automation Engineer,engineering,senior,remote,full_time,161000,189000,open
512,143,2024-06-13 09:53:40,Pricing Analyst,data,junior,hybrid,contract,97000,116000,closed
513,87,2024-06-14 07:04:54,Sales Development Representative,sales,senior,hybrid,full_time,124000,155000,filled
514,33,2024-06-14 15:24:48,Platform Reliability Engineer,engineering,senior,hybrid,full_time,152000,199000,closed
515,188,2024-06-14 18:20:07,Accounting Manager,operations,senior,hybrid,full_time,110000,137000,filled
516,46,2024-06-15 01:37:59,Warehouse Systems Analyst,data,senior,remote,full_time,156000,211000,open
517,253,2024-06-15 06:57:57,Technical Writer,operations,junior,onsite,full_time,64000,82000,filled
518,131,2024-06-15 09:54:14,Logistics Operations Manager,operations,mid,remote,full_time,85000,104000,filled
519,113,2024-06-15 18:14:17,Accounting Manager,operations,mid,hybrid,contract,84000,104000,paused
520,9,2024-06-15 18:15:03,Payroll Specialist,operations,junior,remote,full_time,67000,76000,open
521,78,2024-06-16 02:22:21,Customer Success Manager,customer_success,mid,hybrid,full_time,86000,101000,open
522,5,2024-06-16 14:25:58,Data Analyst,data,mid,remote,full_time,133000,161000,filled
523,233,2024-06-17 01:27:29,Data Analyst,data,mid,onsite,full_time,130000,154000,open
524,157,2024-06-17 15:10:24,Senior Frontend Engineer,engineering,mid,remote,full_time,127000,147000,open
525,252,2024-06-19 02:39:10,Product Manager,product,lead,hybrid,full_time,181000,208000,open
526,181,2024-06-19 04:03:31,Revenue Operations Manager,operations,mid,remote,full_time,91000,111000,filled
527,306,2024-06-19 18:23:20,Senior Backend Engineer,engineering,lead,remote,full_time,188000,231000,filled
528,251,2024-06-19 18:48:07,Accounting Manager,operations,mid,remote,full_time,89000,115000,open
529,48,2024-06-20 07:32:12,Enterprise Account Executive,operations,mid,hybrid,full_time,88000,104000,paused
530,38,2024-06-20 07:51:21,Compliance Analyst,data,senior,hybrid,full_time,167000,196000,filled
531,285,2024-06-20 08:21:06,Solutions Architect,operations,mid,onsite,full_time,94000,115000,open
532,87,2024-06-21 00:14:56,Procurement Analyst,data,mid,hybrid,full_time,131000,164000,closed
533,245,2024-06-21 05:47:00,Supply Chain Coordinator,operations,senior,onsite,full_time,109000,136000,open
534,202,2024-06-21 17:10:10,Senior Accountant,operations,mid,remote,full_time,88000,109000,filled
535,225,2024-06-22 02:52:40,Pricing Analyst,data,mid,onsite,full_time,131000,151000,filled
536,86,2024-06-22 04:39:27,Implementation Consultant,operations,senior,hybrid,full_time,117000,141000,filled
537,101,2024-06-22 06:00:39,Technical Support Engineer,engineering,mid,hybrid,full_time,128000,155000,filled
538,178,2024-06-22 11:40:05,Solutions Architect,operations,senior,onsite,full_time,109000,136000,closed
539,8,2024-06-22 15:22:44,Product Manager,product,mid,hybrid,full_time,116000,143000,paused
540,100,2024-06-22 20:42:29,Business Intelligence Analyst,data,lead,onsite,full_time,194000,234000,filled
541,163,2024-06-23 11:40:14,People Operations Partner,operations,senior,hybrid,full_time,105000,130000,filled
542,66,2024-06-23 21:15:10,Business Systems Administrator,operations,lead,remote,full_time,132000,166000,closed
543,92,2024-06-23 21:51:20,Business Intelligence Analyst,data,senior,hybrid,full_time,169000,199000,open
544,315,2024-06-24 08:12:20,Pricing Analyst,data,mid,hybrid,contract,134000,150000,open
545,93,2024-06-24 15:07:04,Business Systems Administrator,operations,senior,onsite,full_time,107000,132000,open
546,289,2024-06-24 18:07:30,Operations Excellence Lead,operations,mid,onsite,full_time,91000,115000,filled
547,297,2024-06-25 07:15:04,FP&A Analyst,data,senior,remote,full_time,168000,195000,filled
548,216,2024-06-25 08:17:49,Growth Product Manager,product,senior,remote,full_time,142000,175000,paused
549,49,2024-06-25 09:18:30,Technical Program Manager,operations,mid,remote,full_time,90000,110000,open
550,66,2024-06-26 13:20:19,Growth Product Manager,product,lead,hybrid,full_time,176000,220000,open
551,299,2024-06-26 22:06:34,Demand Generation Manager,operations,junior,remote,full_time,67000,80000,open
552,1,2024-06-27 10:01:09,Compliance Analyst,data,senior,hybrid,full_time,157000,208000,paused
553,162,2024-06-27 13:09:46,QA Automation Engineer,engineering,senior,hybrid,contract,150000,179000,filled
554,191,2024-06-28 15:25:57,Customer Success Manager,customer_success,junior,onsite,contract,61000,78000,filled
555,269,2024-06-28 16:28:37,Clinical Operations Analyst,operations,senior,remote,full_time,105000,142000,filled
556,287,2024-06-29 09:33:51,Product Manager,product,senior,hybrid,full_time,144000,177000,filled
557,91,2024-06-29 18:48:59,Customer Education Specialist,operations,junior,remote,full_time,66000,79000,open
558,161,2024-06-29 20:52:54,Business Intelligence Analyst,data,senior,onsite,contract,157000,191000,open
559,203,2024-06-29 21:04:28,Technical Support Engineer,engineering,mid,remote,full_time,125000,151000,closed
560,309,2024-06-30 09:06:49,Security Engineer,engineering,senior,remote,full_time,164000,181000,open
561,179,2024-06-30 22:24:22,Healthcare Account Manager,operations,junior,remote,contract,64000,73000,filled
562,39,2024-06-30 23:19:05,FP&A Analyst,data,lead,onsite,full_time,195000,253000,closed
563,296,2024-07-01 00:12:02,Solutions Consultant,operations,lead,remote,full_time,133000,155000,filled
564,164,2024-07-02 21:00:15,Implementation Engineer,engineering,mid,hybrid,contract,121000,154000,filled
565,58,2024-07-03 13:13:46,Lifecycle Marketing Manager,operations,mid,hybrid,full_time,86000,105000,filled
566,61,2024-07-03 13:44:43,Technical Program Manager,operations,senior,onsite,full_time,113000,132000,paused
567,66,2024-07-03 20:17:10,Clinical Operations Analyst,operations,senior,remote,part_time,109000,132000,closed
568,231,2024-07-04 07:42:14,Cloud Infrastructure Engineer,engineering,mid,remote,full_time,123000,149000,filled
569,304,2024-07-04 18:12:35,Payroll Specialist,operations,mid,hybrid,full_time,85000,110000,open
570,142,2024-07-04 19:59:04,Machine Learning Engineer,engineering,junior,remote,full_time,94000,117000,filled
571,32,2024-07-04 22:19:09,Enterprise Account Executive,operations,lead,hybrid,full_time,125000,159000,filled
572,285,2024-07-05 17:36:15,Solutions Architect,operations,mid,remote,full_time,92000,115000,open
573,204,2024-07-06 07:22:13,Implementation Project Manager,operations,lead,hybrid,full_time,130000,164000,open
574,183,2024-07-06 07:50:00,Senior Product Designer,product,mid,remote,full_time,119000,145000,filled
575,20,2024-07-06 09:48:47,FP&A Analyst,data,lead,hybrid,full_time,190000,229000,filled
576,311,2024-07-07 06:26:05,Implementation Engineer,engineering,junior,remote,full_time,87000,103000,filled
577,25,2024-07-07 13:45:55,Content Marketing Manager,operations,junior,hybrid,full_time,64000,82000,closed
578,196,2024-07-07 18:28:34,QA Automation Engineer,engineering,lead,remote,full_time,190000,228000,filled
579,192,2024-07-08 11:08:49,Payroll Specialist,operations,lead,onsite,full_time,128000,158000,filled
580,165,2024-07-08 16:02:01,Lifecycle Marketing Manager,operations,mid,hybrid,full_time,89000,113000,open
581,177,2024-07-09 18:25:32,Lifecycle Marketing Manager,operations,mid,remote,full_time,89000,106000,filled
582,128,2024-07-10 03:00:41,Business Intelligence Analyst,data,mid,remote,full_time,128000,166000,filled
583,184,2024-07-10 03:43:48,Implementation Engineer,engineering,mid,remote,contract,126000,149000,filled
584,117,2024-07-10 10:15:51,Content Marketing Manager,operations,mid,remote,full_time,86000,114000,closed
585,152,2024-07-10 23:51:23,Clinical Recruiter,operations,lead,remote,part_time,132000,155000,closed
586,217,2024-07-11 01:42:41,Clinical Operations Analyst,operations,mid,onsite,full_time,85000,103000,paused
587,238,2024-07-11 13:11:48,Implementation Consultant,operations,senior,hybrid,full_time,110000,138000,filled
588,50,2024-07-11 13:38:18,Risk Operations Analyst,operations,junior,remote,full_time,63000,74000,open
589,318,2024-07-11 14:08:43,Staff Data Engineer,engineering,junior,hybrid,full_time,90000,116000,filled
590,31,2024-07-11 17:03:39,Business Systems Administrator,operations,senior,remote,contract,110000,137000,open
591,89,2024-07-11 22:12:26,Revenue Operations Manager,operations,mid,onsite,full_time,93000,104000,filled
592,111,2024-07-11 22:53:52,Warehouse Systems Analyst,data,senior,remote,full_time,163000,191000,open
593,104,2024-07-12 08:12:54,Technical Program Manager,operations,junior,hybrid,full_time,66000,82000,closed
594,113,2024-07-12 12:09:26,Customer Education Specialist,operations,lead,onsite,full_time,128000,163000,paused
595,104,2024-07-12 16:23:40,Clinical Operations Analyst,operations,senior,remote,full_time,109000,141000,open
596,140,2024-07-12 19:23:40,Implementation Consultant,operations,lead,remote,contract,126000,152000,filled
597,245,2024-07-13 10:59:45,Technical Support Engineer,engineering,mid,remote,full_time,124000,161000,filled
598,265,2024-07-13 16:12:03,Operations Excellence Lead,operations,mid,onsite,full_time,91000,109000,open
599,112,2024-07-13 22:26:06,Senior DevOps Engineer,engineering,mid,hybrid,full_time,130000,156000,paused
600,83,2024-07-14 08:57:05,FP&A Analyst,data,senior,hybrid,full_time,165000,195000,filled
601,217,2024-07-14 09:07:13,Talent Acquisition Specialist,operations,mid,onsite,full_time,91000,102000,filled
602,20,2024-07-14 12:22:06,Senior Frontend Engineer,engineering,junior,onsite,full_time,87000,117000,filled
603,143,2024-07-14 20:44:48,Machine Learning Engineer,engineering,mid,hybrid,full_time,119000,163000,open
604,71,2024-07-15 15:08:12,Implementation Engineer,engineering,mid,hybrid,full_time,130000,150000,open
605,195,2024-07-15 18:14:35,Technical Program Manager,operations,mid,hybrid,full_time,86000,115000,closed
606,26,2024-07-15 23:47:56,Machine Learning Engineer,engineering,mid,remote,full_time,120000,146000,filled
607,266,2024-07-16 13:13:47,Procurement Analyst,data,mid,onsite,full_time,138000,153000,open
608,87,2024-07-17 02:40:00,Clinical Operations Analyst,operations,senior,remote,full_time,116000,126000,closed
609,165,2024-07-17 16:48:41,Customer Success Manager,customer_success,mid,remote,full_time,86000,101000,filled
610,184,2024-07-17 22:31:48,Implementation Project Manager,operations,mid,onsite,full_time,88000,102000,open
611,153,2024-07-18 03:00:46,Logistics Operations Manager,operations,senior,remote,full_time,115000,132000,filled
612,144,2024-07-18 03:21:51,Solutions Architect,operations,senior,remote,full_time,107000,128000,closed
613,86,2024-07-18 21:34:42,Pricing Analyst,data,mid,remote,full_time,131000,165000,open
614,248,2024-07-19 08:38:47,Senior DevOps Engineer,engineering,senior,hybrid,contract,153000,198000,open
615,166,2024-07-19 17:33:39,Product Manager,product,lead,onsite,contract,182000,216000,open
616,70,2024-07-20 05:26:08,Implementation Engineer,engineering,senior,remote,full_time,163000,181000,filled
617,84,2024-07-20 11:23:26,Mobile Engineer,engineering,lead,remote,full_time,189000,234000,open
618,141,2024-07-20 14:22:21,Pricing Analyst,data,senior,hybrid,full_time,157000,192000,filled
619,270,2024-07-20 15:13:02,Risk Operations Analyst,operations,junior,onsite,full_time,64000,81000,filled
620,308,2024-07-20 18:44:41,Sales Development Representative,sales,mid,remote,full_time,99000,125000,open
621,125,2024-07-21 04:00:56,Cloud Infrastructure Engineer,engineering,senior,onsite,full_time,162000,186000,filled
622,127,2024-07-21 08:15:16,Cloud Infrastructure Engineer,engineering,lead,onsite,full_time,178000,213000,paused
623,42,2024-07-22 08:16:20,Senior DevOps Engineer,engineering,mid,remote,full_time,119000,159000,open
624,175,2024-07-22 15:04:36,Solutions Architect,operations,junior,onsite,full_time,66000,83000,paused
625,77,2024-07-23 09:35:34,Sales Development Representative,sales,senior,hybrid,full_time,126000,157000,open
626,263,2024-07-23 20:14:29,Solutions Architect,operations,mid,hybrid,full_time,92000,115000,filled
627,172,2024-07-24 03:07:46,Business Intelligence Analyst,data,senior,hybrid,full_time,156000,210000,open
628,71,2024-07-24 07:50:37,Senior Product Designer,product,senior,onsite,full_time,150000,169000,filled
629,294,2024-07-24 13:38:41,Revenue Operations Manager,operations,senior,onsite,full_time,105000,138000,filled
630,261,2024-07-24 17:02:45,Customer Education Specialist,operations,senior,onsite,contract,105000,132000,paused
631,97,2024-07-24 22:34:40,Enterprise Account Executive,operations,senior,onsite,full_time,110000,134000,paused
632,39,2024-07-24 23:00:52,Pricing Analyst,data,senior,hybrid,contract,159000,189000,open
633,85,2024-07-25 05:23:21,Senior Backend Engineer,engineering,senior,onsite,part_time,157000,201000,filled
634,121,2024-07-25 19:11:41,Business Systems Administrator,operations,senior,onsite,full_time,105000,138000,open
635,131,2024-07-25 21:11:06,Sales Development Representative,sales,senior,remote,full_time,120000,149000,open
636,264,2024-07-27 11:38:30,Payroll Specialist,operations,junior,remote,full_time,66000,77000,open
637,310,2024-07-27 14:23:44,Platform Reliability Engineer,engineering,senior,remote,full_time,151000,187000,paused
638,240,2024-07-27 22:33:40,Accounting Manager,operations,mid,onsite,full_time,91000,112000,filled
639,271,2024-07-27 22:47:06,Implementation Project Manager,operations,senior,remote,full_time,114000,142000,open
640,41,2024-07-27 22:49:45,Cloud Infrastructure Engineer,engineering,senior,hybrid,full_time,148000,185000,paused
641,48,2024-07-27 23:08:51,Talent Acquisition Specialist,operations,mid,remote,full_time,92000,108000,filled
642,291,2024-07-27 23:27:56,Cloud Infrastructure Engineer,engineering,mid,remote,full_time,122000,154000,closed
643,197,2024-07-28 13:16:37,Clinical Recruiter,operations,mid,hybrid,full_time,88000,107000,filled
644,76,2024-07-28 16:53:26,Healthcare Account Manager,operations,senior,remote,full_time,106000,134000,filled
645,254,2024-07-28 18:20:45,Demand Generation Manager,operations,mid,onsite,full_time,92000,102000,filled
646,56,2024-07-29 06:15:12,Product Manager,product,junior,remote,full_time,85000,98000,closed
647,246,2024-07-29 06:42:08,Demand Generation Manager,operations,lead,onsite,full_time,132000,158000,filled
648,283,2024-07-29 22:02:02,Implementation Consultant,operations,senior,remote,full_time,116000,142000,open
649,157,2024-07-30 01:50:58,Logistics Operations Manager,operations,mid,onsite,full_time,88000,106000,filled
650,211,2024-07-30 05:26:11,Compliance Analyst,data,mid,hybrid,contract,138000,155000,closed
651,235,2024-07-30 05:52:53,Enterprise Account Executive,operations,lead,remote,full_time,135000,166000,closed
652,282,2024-07-30 15:35:01,Accounting Manager,operations,senior,remote,full_time,116000,142000,open
653,187,2024-07-30 18:31:52,Clinical Recruiter,operations,senior,remote,full_time,116000,134000,filled
654,94,2024-07-31 03:19:47,Compliance Analyst,data,mid,hybrid,full_time,139000,150000,closed
655,65,2024-07-31 04:50:01,Senior Product Designer,product,mid,onsite,contract,113000,146000,closed
656,114,2024-07-31 13:14:28,Senior Product Designer,product,junior,remote,full_time,87000,101000,open
657,18,2024-07-31 18:11:47,Content Marketing Manager,operations,senior,hybrid,full_time,114000,137000,paused
658,224,2024-08-01 03:42:04,Security Engineer,engineering,junior,hybrid,full_time,92000,106000,open
659,119,2024-08-01 06:47:21,Compliance Analyst,data,junior,hybrid,full_time,93000,108000,closed
660,228,2024-08-02 08:12:18,Warehouse Systems Analyst,data,senior,hybrid,contract,172000,194000,open
661,20,2024-08-04 00:24:37,Machine Learning Engineer,engineering,lead,hybrid,full_time,180000,232000,filled
662,103,2024-08-04 19:46:13,Solutions Architect,operations,senior,hybrid,full_time,111000,132000,closed
663,127,2024-08-04 23:32:28,Pricing Analyst,data,mid,onsite,full_time,132000,154000,closed
664,29,2024-08-05 08:59:05,Staff Data Engineer,engineering,mid,remote,contract,121000,152000,filled
665,266,2024-08-05 09:09:15,Content Marketing Manager,operations,mid,remote,full_time,91000,112000,filled
666,192,2024-08-05 09:41:15,Implementation Consultant,operations,mid,remote,full_time,85000,103000,filled
667,271,2024-08-05 11:35:43,Senior Product Designer,product,senior,hybrid,part_time,149000,181000,closed
668,257,2024-08-05 17:30:58,Regional Sales Manager,sales,mid,remote,full_time,106000,127000,paused
669,11,2024-08-05 19:57:53,Senior Backend Engineer,engineering,senior,onsite,full_time,153000,186000,paused
670,277,2024-08-05 21:51:47,People Operations Partner,operations,lead,hybrid,full_time,135000,171000,filled
671,23,2024-08-06 05:17:58,Regional Sales Manager,sales,lead,hybrid,full_time,145000,193000,filled
672,279,2024-08-06 09:57:44,Technical Program Manager,operations,junior,onsite,full_time,67000,76000,filled
673,215,2024-08-06 21:55:20,Customer Success Manager,customer_success,mid,remote,full_time,89000,96000,paused
674,263,2024-08-06 22:01:38,Data Analyst,data,mid,onsite,contract,127000,156000,open
675,160,2024-08-07 01:25:10,Technical Writer,operations,mid,remote,full_time,91000,104000,paused
676,52,2024-08-07 15:42:44,Clinical Operations Analyst,operations,mid,hybrid,full_time,89000,109000,filled
677,48,2024-08-08 07:38:24,Cloud Infrastructure Engineer,engineering,mid,onsite,full_time,126000,161000,filled
678,38,2024-08-08 22:18:51,Cloud Infrastructure Engineer,engineering,senior,onsite,full_time,159000,199000,closed
679,258,2024-08-08 23:35:11,Inventory Planning Manager,operations,mid,onsite,full_time,89000,105000,closed
680,171,2024-08-08 23:55:29,Logistics Operations Manager,operations,lead,remote,full_time,133000,159000,filled
681,70,2024-08-09 08:07:02,Implementation Engineer,engineering,junior,onsite,full_time,88000,103000,filled
682,40,2024-08-09 17:36:41,Growth Product Manager,product,junior,hybrid,full_time,83000,103000,open
683,26,2024-08-09 23:43:50,Product Manager,product,mid,hybrid,full_time,122000,134000,filled
684,83,2024-08-10 14:55:59,Clinical Recruiter,operations,junior,remote,full_time,61000,83000,open
685,240,2024-08-10 17:28:03,Solutions Consultant,operations,mid,remote,full_time,90000,114000,filled
686,286,2024-08-11 00:08:45,Lifecycle Marketing Manager,operations,lead,hybrid,full_time,127000,154000,filled
687,195,2024-08-11 00:19:03,Content Marketing Manager,operations,mid,remote,full_time,93000,111000,filled
688,319,2024-08-11 03:34:25,Data Analyst,data,mid,hybrid,part_time,133000,162000,open
689,127,2024-08-11 14:54:07,Implementation Engineer,engineering,senior,onsite,full_time,154000,197000,open
690,107,2024-08-11 15:47:51,Senior Product Designer,product,mid,onsite,full_time,114000,142000,open
691,222,2024-08-11 17:49:03,Clinical Recruiter,operations,senior,remote,full_time,110000,129000,filled
692,44,2024-08-11 19:56:28,Regional Sales Manager,sales,mid,onsite,full_time,107000,126000,paused
693,292,2024-08-12 01:04:45,Supply Chain Coordinator,operations,senior,remote,full_time,111000,127000,filled
694,250,2024-08-12 21:52:53,Sales Development Representative,sales,mid,hybrid,full_time,102000,125000,filled
695,11,2024-08-13 07:24:14,Security Engineer,engineering,mid,onsite,full_time,129000,147000,closed
696,60,2024-08-13 12:15:03,Revenue Operations Manager,operations,senior,remote,full_time,109000,138000,open
697,201,2024-08-15 02:29:56,Customer Education Specialist,operations,senior,remote,full_time,110000,140000,filled
698,237,2024-08-15 12:01:01,Sales Development Representative,sales,mid,remote,full_time,100000,117000,filled
699,70,2024-08-15 12:43:48,Customer Success Manager,customer_success,senior,hybrid,full_time,101000,126000,open
700,240,2024-08-15 16:28:23,HR Business Partner,operations,junior,onsite,full_time,66000,80000,filled
701,152,2024-08-16 01:43:47,Inventory Planning Manager,operations,mid,remote,full_time,93000,103000,filled
702,217,2024-08-16 02:37:51,Partner Success Manager,customer_success,junior,remote,full_time,64000,75000,closed
703,136,2024-08-16 20:01:28,Revenue Operations Manager,operations,senior,hybrid,full_time,115000,137000,open
704,146,2024-08-17 20:25:22,Risk Operations Analyst,operations,mid,remote,full_time,89000,106000,filled
705,125,2024-08-18 22:01:12,Procurement Analyst,data,senior,hybrid,full_time,160000,208000,open
706,51,2024-08-19 00:25:53,HR Business Partner,operations,junior,onsite,full_time,65000,78000,closed
707,61,2024-08-19 21:30:30,Clinical Recruiter,operations,senior,onsite,contract,116000,137000,filled
708,54,2024-08-19 22:26:28,Warehouse Systems Analyst,data,senior,onsite,part_time,168000,189000,paused
709,257,2024-08-20 13:28:16,Warehouse Systems Analyst,data,junior,hybrid,full_time,95000,108000,closed
710,136,2024-08-21 02:41:12,Regional Sales Manager,sales,junior,onsite,full_time,75000,84000,open
711,122,2024-08-22 10:03:06,Cloud Infrastructure Engineer,engineering,junior,remote,full_time,93000,116000,filled
712,274,2024-08-22 13:28:57,Implementation Project Manager,operations,senior,remote,full_time,116000,141000,open
713,284,2024-08-22 15:56:14,Platform Reliability Engineer,engineering,mid,hybrid,full_time,129000,159000,filled
714,75,2024-08-22 16:49:10,Procurement Analyst,data,senior,remote,contract,162000,191000,filled
715,114,2024-08-22 17:21:03,Risk Operations Analyst,operations,mid,onsite,full_time,87000,109000,closed
716,132,2024-08-23 03:46:32,Senior Backend Engineer,engineering,senior,hybrid,full_time,156000,197000,filled
717,269,2024-08-23 05:41:22,Security Engineer,engineering,mid,onsite,part_time,123000,156000,closed
718,215,2024-08-23 08:07:52,Growth Product Manager,product,senior,remote,full_time,153000,168000,filled
719,175,2024-08-23 10:55:13,Platform Reliability Engineer,engineering,lead,hybrid,full_time,186000,238000,filled
720,76,2024-08-23 22:24:28,Platform Reliability Engineer,engineering,mid,hybrid,full_time,125000,145000,open
721,124,2024-08-24 04:06:03,Pricing Analyst,data,senior,remote,full_time,161000,190000,closed
722,10,2024-08-24 10:42:17,Customer Success Manager,customer_success,junior,hybrid,part_time,62000,78000,filled
723,226,2024-08-24 11:50:42,Talent Acquisition Specialist,operations,mid,hybrid,full_time,89000,108000,closed
724,295,2024-08-24 12:54:04,Data Analyst,data,lead,onsite,full_time,187000,233000,closed
725,252,2024-08-25 01:21:18,HR Business Partner,operations,senior,hybrid,full_time,115000,135000,open
726,99,2024-08-25 06:32:21,Product Manager,product,senior,remote,full_time,143000,188000,closed
727,155,2024-08-25 12:47:03,Healthcare Account Manager,operations,mid,hybrid,contract,89000,103000,filled
728,307,2024-08-26 06:25:06,Senior Product Designer,product,mid,hybrid,contract,114000,148000,closed
729,137,2024-08-27 11:38:25,HR Business Partner,operations,mid,remote,contract,90000,106000,open
730,269,2024-08-27 13:52:32,Partner Success Manager,customer_success,senior,hybrid,full_time,107000,121000,closed
731,185,2024-08-27 15:56:29,Senior Accountant,operations,mid,remote,full_time,93000,107000,filled
732,160,2024-08-27 17:20:24,Talent Acquisition Specialist,operations,mid,remote,contract,85000,109000,filled
733,188,2024-08-27 22:38:35,Senior Product Designer,product,mid,hybrid,full_time,123000,137000,filled
734,72,2024-08-28 03:11:28,Regional Sales Manager,sales,mid,remote,full_time,104000,122000,filled
735,137,2024-08-28 03:43:41,Procurement Analyst,data,mid,hybrid,full_time,129000,163000,filled
736,98,2024-08-28 11:58:19,People Operations Partner,operations,mid,remote,full_time,86000,109000,open
737,243,2024-08-28 14:32:45,Clinical Operations Analyst,operations,lead,hybrid,full_time,129000,165000,closed
738,196,2024-08-29 08:08:06,Senior DevOps Engineer,engineering,senior,remote,contract,162000,198000,open
739,128,2024-08-29 12:20:57,Senior DevOps Engineer,engineering,mid,onsite,full_time,123000,151000,closed
740,264,2024-08-29 15:59:56,Data Analyst,data,senior,remote,full_time,163000,197000,paused
741,145,2024-08-29 22:48:57,Business Intelligence Analyst,data,senior,hybrid,full_time,167000,199000,closed
742,306,2024-08-29 23:12:21,Inventory Planning Manager,operations,mid,remote,full_time,93000,109000,filled
743,194,2024-08-30 05:18:03,Inventory Planning Manager,operations,mid,remote,full_time,91000,103000,open
744,284,2024-08-30 20:08:43,QA Automation Engineer,engineering,junior,hybrid,full_time,93000,107000,closed
745,316,2024-08-30 22:45:35,Enterprise Account Executive,operations,junior,onsite,full_time,62000,74000,closed
746,105,2024-08-31 15:34:42,Accounting Manager,operations,senior,onsite,full_time,115000,132000,open
747,84,2024-08-31 16:25:47,Technical Program Manager,operations,lead,remote,full_time,129000,171000,closed
748,268,2024-08-31 17:51:11,Compliance Analyst,data,junior,remote,full_time,91000,117000,filled
749,75,2024-08-31 23:57:38,Payroll Specialist,operations,senior,hybrid,full_time,116000,133000,filled
750,241,2024-09-01 09:32:29,Sales Development Representative,sales,junior,hybrid,full_time,71000,90000,filled
751,57,2024-09-02 07:48:49,Security Engineer,engineering,senior,remote,full_time,150000,193000,filled
752,279,2024-09-02 13:30:54,Machine Learning Engineer,engineering,senior,onsite,full_time,158000,187000,filled
753,221,2024-09-03 02:05:50,Enterprise Account Executive,operations,mid,hybrid,contract,87000,108000,paused
754,167,2024-09-04 11:26:06,Supply Chain Coordinator,operations,junior,hybrid,full_time,62000,80000,open
755,144,2024-09-04 12:26:03,Growth Product Manager,product,senior,remote,full_time,147000,166000,open
756,204,2024-09-05 03:06:57,Implementation Engineer,engineering,lead,hybrid,full_time,191000,227000,closed
757,125,2024-09-05 10:09:20,QA Automation Engineer,engineering,mid,remote,full_time,130000,153000,filled
758,128,2024-09-06 06:44:16,Revenue Operations Manager,operations,mid,onsite,full_time,86000,112000,filled
759,66,2024-09-06 16:37:45,Growth Product Manager,product,mid,remote,full_time,118000,152000,filled
760,51,2024-09-06 22:34:38,Implementation Project Manager,operations,senior,onsite,full_time,114000,140000,filled
761,286,2024-09-07 01:56:52,Platform Reliability Engineer,engineering,senior,onsite,full_time,150000,189000,open
762,240,2024-09-08 09:03:30,Operations Excellence Lead,operations,senior,hybrid,contract,107000,128000,filled
763,142,2024-09-08 19:18:05,Risk Operations Analyst,operations,senior,remote,full_time,105000,136000,filled
764,267,2024-09-09 00:04:34,Risk Operations Analyst,operations,lead,remote,contract,132000,168000,filled
765,195,2024-09-09 06:22:51,Platform Reliability Engineer,engineering,senior,hybrid,contract,150000,200000,closed
766,192,2024-09-09 10:47:10,Growth Product Manager,product,mid,hybrid,full_time,120000,149000,closed
767,37,2024-09-09 12:14:29,Implementation Project Manager,operations,senior,onsite,full_time,116000,129000,closed
768,173,2024-09-09 17:07:38,Cloud Infrastructure Engineer,engineering,mid,remote,full_time,122000,157000,filled
769,35,2024-09-10 01:45:58,Risk Operations Analyst,operations,mid,onsite,full_time,91000,114000,filled
770,219,2024-09-10 10:21:24,Inventory Planning Manager,operations,lead,remote,full_time,128000,164000,open
771,22,2024-09-11 04:14:10,Machine Learning Engineer,engineering,senior,remote,full_time,147000,194000,filled
772,165,2024-09-11 12:58:35,Business Intelligence Analyst,data,lead,remote,full_time,201000,237000,filled
773,118,2024-09-12 14:57:39,Demand Generation Manager,operations,mid,hybrid,full_time,89000,110000,paused
774,42,2024-09-12 18:18:09,Compliance Analyst,data,senior,remote,full_time,172000,193000,filled
775,152,2024-09-12 21:36:52,Senior DevOps Engineer,engineering,mid,remote,full_time,126000,144000,filled
776,65,2024-09-13 06:45:41,Content Marketing Manager,operations,junior,onsite,full_time,62000,81000,filled
777,79,2024-09-13 23:03:02,Lifecycle Marketing Manager,operations,mid,hybrid,full_time,89000,115000,filled
778,285,2024-09-14 13:18:43,Lifecycle Marketing Manager,operations,senior,remote,full_time,107000,141000,closed
779,112,2024-09-15 16:24:19,Talent Acquisition Specialist,operations,junior,remote,full_time,67000,76000,open
780,130,2024-09-15 23:10:24,Clinical Operations Analyst,operations,lead,hybrid,contract,135000,151000,paused
781,3,2024-09-16 00:36:01,Operations Excellence Lead,operations,mid,remote,full_time,88000,105000,filled
782,97,2024-09-16 04:23:31,Security Engineer,engineering,mid,remote,full_time,126000,160000,filled
783,113,2024-09-16 04:31:27,Senior Product Designer,product,senior,hybrid,contract,148000,180000,filled
784,231,2024-09-16 04:55:14,Senior DevOps Engineer,engineering,junior,remote,full_time,93000,117000,filled
785,39,2024-09-16 06:14:39,QA Automation Engineer,engineering,lead,hybrid,full_time,177000,221000,open
786,298,2024-09-16 17:34:04,Senior Accountant,operations,senior,remote,full_time,105000,135000,closed
787,42,2024-09-17 14:50:19,Senior DevOps Engineer,engineering,junior,remote,full_time,87000,114000,open
788,209,2024-09-18 09:36:51,Operations Excellence Lead,operations,senior,remote,full_time,109000,129000,open
789,2,2024-09-18 13:03:18,Sales Development Representative,sales,senior,remote,full_time,126000,163000,open
790,263,2024-09-18 23:39:15,Healthcare Account Manager,operations,senior,remote,full_time,106000,136000,filled
791,223,2024-09-20 13:20:25,Logistics Operations Manager,operations,senior,remote,full_time,110000,125000,open
792,269,2024-09-20 21:59:02,Procurement Analyst,data,senior,onsite,full_time,163000,186000,filled
793,299,2024-09-21 01:01:58,Clinical Operations Analyst,operations,senior,onsite,full_time,106000,141000,filled
794,267,2024-09-21 22:29:24,Sales Development Representative,sales,mid,remote,full_time,107000,126000,open
795,199,2024-09-22 01:00:54,Director of Customer Support,operations,senior,hybrid,full_time,112000,139000,filled
796,269,2024-09-22 04:18:55,Clinical Operations Analyst,operations,lead,hybrid,full_time,130000,166000,closed
797,31,2024-09-22 13:52:00,Data Analyst,data,senior,onsite,full_time,164000,197000,filled
798,207,2024-09-22 16:46:06,Implementation Project Manager,operations,senior,remote,full_time,108000,140000,filled
799,317,2024-09-22 19:52:09,Senior Frontend Engineer,engineering,mid,remote,full_time,130000,162000,closed
800,121,2024-09-23 10:21:15,Implementation Consultant,operations,senior,remote,full_time,111000,128000,closed
801,313,2024-09-23 22:08:05,Clinical Recruiter,operations,lead,remote,full_time,132000,166000,filled
802,163,2024-09-23 23:43:16,FP&A Analyst,data,mid,remote,full_time,138000,156000,open
803,150,2024-09-24 02:58:05,People Operations Partner,operations,mid,onsite,full_time,92000,106000,filled
804,97,2024-09-24 11:53:02,Inventory Planning Manager,operations,senior,onsite,full_time,114000,133000,open
805,35,2024-09-25 00:05:34,Product Manager,product,mid,remote,full_time,114000,150000,filled
806,281,2024-09-26 00:29:06,Inventory Planning Manager,operations,senior,hybrid,full_time,106000,126000,closed
807,231,2024-09-26 00:47:26,Lifecycle Marketing Manager,operations,junior,remote,full_time,66000,77000,open
808,129,2024-09-26 05:59:34,Inventory Planning Manager,operations,mid,hybrid,full_time,89000,111000,open
809,308,2024-09-26 10:29:24,Business Intelligence Analyst,data,senior,hybrid,full_time,167000,188000,closed
810,59,2024-09-27 16:04:45,Staff Data Engineer,engineering,senior,remote,full_time,160000,197000,filled
811,250,2024-09-28 14:08:35,Pricing Analyst,data,senior,onsite,contract,160000,211000,filled
812,145,2024-09-28 15:42:06,People Operations Partner,operations,senior,onsite,full_time,108000,127000,open
813,200,2024-09-29 02:15:37,Solutions Consultant,operations,senior,hybrid,full_time,110000,128000,filled
814,12,2024-09-29 08:49:00,Logistics Operations Manager,operations,senior,hybrid,full_time,108000,143000,open
815,196,2024-09-29 20:46:50,Senior Product Designer,product,senior,hybrid,full_time,148000,170000,filled
816,218,2024-09-29 22:23:14,Business Systems Administrator,operations,senior,remote,full_time,114000,127000,filled
817,313,2024-10-02 03:27:05,Customer Education Specialist,operations,senior,remote,full_time,110000,143000,filled
818,111,2024-10-02 04:56:04,Senior Data Scientist,data,junior,hybrid,full_time,97000,122000,filled
819,24,2024-10-02 22:35:51,Risk Operations Analyst,operations,mid,remote,full_time,89000,111000,closed
820,20,2024-10-03 03:34:12,Solutions Architect,operations,senior,onsite,full_time,113000,135000,open
821,48,2024-10-03 04:07:43,Regional Sales Manager,sales,lead,hybrid,full_time,146000,194000,filled
822,96,2024-10-03 13:05:08,Inventory Planning Manager,operations,senior,hybrid,full_time,113000,137000,open
823,266,2024-10-03 13:37:37,Machine Learning Engineer,engineering,junior,remote,full_time,93000,112000,open
824,63,2024-10-05 02:55:22,Product Manager,product,senior,onsite,full_time,142000,185000,closed
825,47,2024-10-05 07:39:52,Senior Data Scientist,data,mid,remote,full_time,133000,164000,filled
826,11,2024-10-05 19:45:40,Platform Reliability Engineer,engineering,senior,remote,full_time,162000,189000,filled
827,123,2024-10-05 22:56:27,Business Systems Administrator,operations,senior,remote,full_time,108000,132000,paused
828,194,2024-10-06 05:14:46,Product Manager,product,senior,hybrid,full_time,149000,177000,closed
829,91,2024-10-06 14:05:21,Platform Reliability Engineer,engineering,senior,onsite,contract,163000,190000,open
830,159,2024-10-06 15:22:09,Platform Reliability Engineer,engineering,mid,remote,full_time,131000,150000,closed
831,78,2024-10-06 23:36:51,Platform Reliability Engineer,engineering,mid,onsite,full_time,124000,151000,filled
832,257,2024-10-07 15:59:20,Supply Chain Coordinator,operations,senior,remote,full_time,112000,140000,open
833,9,2024-10-07 16:29:20,Regional Sales Manager,sales,senior,hybrid,full_time,133000,152000,paused
834,65,2024-10-09 01:43:10,Regional Sales Manager,sales,senior,remote,full_time,127000,144000,filled
835,182,2024-10-09 08:07:25,Lifecycle Marketing Manager,operations,mid,hybrid,full_time,85000,105000,filled
836,270,2024-10-10 02:16:53,Warehouse Systems Analyst,data,junior,hybrid,full_time,90000,111000,filled
837,129,2024-10-10 10:51:43,Compliance Analyst,data,mid,hybrid,full_time,136000,167000,filled
838,23,2024-10-11 00:45:07,Cloud Infrastructure Engineer,engineering,mid,remote,full_time,125000,151000,filled
839,177,2024-10-11 07:26:37,Security Engineer,engineering,mid,onsite,full_time,122000,148000,closed
840,87,2024-10-11 12:12:29,Director of Customer Support,operations,lead,onsite,full_time,130000,167000,filled
841,98,2024-10-11 13:07:42,Business Systems Administrator,operations,senior,hybrid,full_time,114000,126000,filled
842,296,2024-10-11 19:41:39,Compliance Analyst,data,mid,hybrid,full_time,131000,153000,filled
843,302,2024-10-12 05:04:37,QA Automation Engineer,engineering,junior,onsite,full_time,94000,115000,open
844,83,2024-10-12 20:08:45,Technical Program Manager,operations,mid,remote,full_time,91000,109000,paused
845,190,2024-10-13 00:52:18,Risk Operations Analyst,operations,senior,onsite,full_time,116000,139000,paused
846,174,2024-10-13 01:08:32,Senior Frontend Engineer,engineering,mid,remote,full_time,131000,159000,filled
847,308,2024-10-13 06:01:53,Business Intelligence Analyst,data,senior,onsite,full_time,159000,211000,paused
848,303,2024-10-13 08:35:59,Partner Success Manager,customer_success,senior,remote,full_time,107000,120000,filled
849,113,2024-10-13 17:00:22,Customer Success Manager,customer_success,junior,remote,full_time,58000,77000,closed
850,9,2024-10-13 21:20:56,People Operations Partner,operations,senior,hybrid,full_time,117000,138000,closed
851,1,2024-10-13 22:02:11,Senior DevOps Engineer,engineering,lead,hybrid,full_time,181000,217000,open
852,2,2024-10-14 07:50:03,Technical Writer,operations,mid,onsite,contract,91000,115000,filled
853,251,2024-10-14 21:01:11,Payroll Specialist,operations,junior,onsite,contract,67000,77000,filled
854,237,2024-10-15 02:15:11,Talent Acquisition Specialist,operations,lead,remote,full_time,127000,169000,open
855,265,2024-10-15 03:29:01,Implementation Project Manager,operations,lead,remote,full_time,137000,163000,open
856,45,2024-10-15 18:47:20,Supply Chain Coordinator,operations,senior,remote,part_time,105000,135000,filled
857,19,2024-10-16 16:12:16,Cloud Infrastructure Engineer,engineering,senior,hybrid,full_time,155000,180000,filled
858,55,2024-10-17 01:36:01,Staff Data Engineer,engineering,mid,hybrid,full_time,125000,161000,paused
859,201,2024-10-17 01:50:15,Cloud Infrastructure Engineer,engineering,senior,onsite,contract,154000,191000,open
860,3,2024-10-17 05:21:35,Clinical Operations Analyst,operations,mid,onsite,full_time,90000,101000,filled
861,212,2024-10-17 10:49:47,Director of Customer Support,operations,junior,remote,contract,67000,73000,open
862,285,2024-10-17 11:21:12,Pricing Analyst,data,senior,hybrid,full_time,161000,206000,open
863,47,2024-10-17 13:52:17,Compliance Analyst,data,lead,hybrid,contract,197000,226000,filled
864,237,2024-10-17 21:07:55,Technical Program Manager,operations,senior,hybrid,full_time,115000,136000,closed
865,177,2024-10-18 04:31:36,Demand Generation Manager,operations,mid,remote,full_time,92000,111000,filled
866,303,2024-10-18 09:42:14,Implementation Project Manager,operations,junior,remote,full_time,61000,76000,closed
867,78,2024-10-18 10:10:02,Machine Learning Engineer,engineering,lead,hybrid,full_time,195000,228000,open
868,73,2024-10-18 21:57:08,Customer Education Specialist,operations,lead,remote,full_time,125000,155000,filled
869,6,2024-10-20 04:46:48,Implementation Engineer,engineering,senior,onsite,contract,157000,201000,open
870,226,2024-10-20 06:33:15,Implementation Engineer,engineering,senior,remote,contract,157000,198000,open
871,278,2024-10-20 22:36:30,Sales Development Representative,sales,mid,hybrid,part_time,105000,120000,open
872,7,2024-10-21 02:50:14,People Operations Partner,operations,mid,hybrid,full_time,86000,109000,closed
873,158,2024-10-21 15:02:50,Senior Data Scientist,data,junior,onsite,full_time,92000,115000,filled
874,232,2024-10-22 08:36:02,Cloud Infrastructure Engineer,engineering,junior,remote,full_time,93000,117000,open
875,251,2024-10-22 10:48:44,Director of Customer Support,operations,mid,remote,full_time,86000,107000,filled
876,298,2024-10-22 11:32:41,Accounting Manager,operations,senior,remote,full_time,110000,135000,filled
877,232,2024-10-23 20:27:37,Implementation Project Manager,operations,mid,hybrid,full_time,91000,115000,filled
878,295,2024-10-24 20:18:00,Partner Success Manager,customer_success,mid,remote,full_time,86000,98000,filled
879,318,2024-10-25 11:09:19,Solutions Consultant,operations,senior,onsite,full_time,107000,135000,filled
880,297,2024-10-25 14:58:50,Sales Development Representative,sales,mid,remote,full_time,100000,117000,filled
881,141,2024-10-27 03:12:48,Solutions Consultant,operations,mid,remote,full_time,94000,110000,open
882,131,2024-10-28 00:12:59,Solutions Architect,operations,senior,hybrid,full_time,110000,132000,filled
883,137,2024-10-28 02:20:31,Clinical Operations Analyst,operations,mid,onsite,full_time,85000,115000,open
884,305,2024-10-28 11:13:05,Regional Sales Manager,sales,senior,onsite,part_time,122000,152000,filled
885,91,2024-10-29 03:16:21,Compliance Analyst,data,lead,hybrid,full_time,192000,225000,filled
886,241,2024-10-29 10:28:31,Regional Sales Manager,sales,mid,hybrid,contract,108000,129000,open
887,201,2024-10-29 16:55:06,People Operations Partner,operations,lead,hybrid,contract,129000,167000,open
888,20,2024-10-30 22:40:16,Implementation Engineer,engineering,lead,hybrid,full_time,176000,232000,open
889,156,2024-10-31 09:37:58,Customer Education Specialist,operations,senior,remote,full_time,111000,139000,open
890,63,2024-10-31 09:40:30,Technical Writer,operations,senior,hybrid,full_time,106000,130000,filled
891,234,2024-10-31 11:39:58,Staff Data Engineer,engineering,senior,onsite,full_time,152000,193000,open
892,144,2024-10-31 13:50:05,Lifecycle Marketing Manager,operations,senior,remote,full_time,117000,126000,filled
893,115,2024-10-31 17:16:59,Growth Product Manager,product,senior,hybrid,full_time,149000,169000,filled
894,22,2024-10-31 19:37:19,Business Systems Administrator,operations,junior,hybrid,contract,61000,83000,closed
895,42,2024-11-02 16:45:56,Technical Support Engineer,engineering,lead,hybrid,full_time,185000,233000,open
896,245,2024-11-04 01:09:08,Risk Operations Analyst,operations,senior,remote,full_time,107000,129000,closed
897,276,2024-11-05 17:06:10,FP&A Analyst,data,senior,hybrid,part_time,157000,188000,filled
898,94,2024-11-05 21:21:21,Accounting Manager,operations,mid,onsite,contract,90000,115000,closed
899,265,2024-11-06 05:14:06,Partner Success Manager,customer_success,junior,remote,full_time,61000,70000,open
900,177,2024-11-07 01:19:23,Data Analyst,data,senior,remote,full_time,168000,192000,paused
901,113,2024-11-07 02:56:58,Director of Customer Support,operations,senior,remote,part_time,115000,128000,filled
902,145,2024-11-07 04:07:55,Solutions Architect,operations,mid,remote,full_time,87000,101000,closed
903,221,2024-11-07 17:56:59,Technical Program Manager,operations,mid,onsite,contract,93000,106000,filled
904,291,2024-11-08 02:49:50,Procurement Analyst,data,mid,hybrid,full_time,132000,171000,filled
905,158,2024-11-08 15:13:36,Partner Success Manager,customer_success,senior,remote,full_time,102000,125000,filled
906,111,2024-11-08 16:28:05,Platform Reliability Engineer,engineering,mid,remote,full_time,130000,153000,closed
907,244,2024-11-10 17:22:17,Business Intelligence Analyst,data,lead,onsite,full_time,185000,245000,filled
908,169,2024-11-11 16:16:33,Senior Frontend Engineer,engineering,mid,remote,full_time,126000,154000,open
909,125,2024-11-11 20:08:35,Data Analyst,data,mid,hybrid,full_time,135000,166000,filled
910,148,2024-11-12 07:33:25,QA Automation Engineer,engineering,mid,remote,full_time,123000,156000,open
911,172,2024-11-12 17:23:13,Demand Generation Manager,operations,senior,remote,full_time,115000,136000,filled
912,45,2024-11-13 10:41:13,Clinical Operations Analyst,operations,mid,hybrid,full_time,87000,110000,filled
913,19,2024-11-13 12:08:24,Platform Reliability Engineer,engineering,senior,remote,full_time,162000,197000,paused
914,213,2024-11-13 12:39:42,Technical Support Engineer,engineering,lead,hybrid,full_time,177000,232000,filled
915,56,2024-11-13 21:11:22,Inventory Planning Manager,operations,mid,remote,full_time,86000,113000,open
916,171,2024-11-14 01:57:29,Solutions Consultant,operations,senior,hybrid,full_time,109000,128000,open
917,251,2024-11-15 10:45:53,Platform Reliability Engineer,engineering,junior,onsite,full_time,94000,112000,filled
918,69,2024-11-15 17:23:04,Senior Data Scientist,data,mid,hybrid,full_time,127000,165000,open
919,123,2024-11-16 05:13:14,Mobile Engineer,engineering,mid,remote,full_time,131000,148000,open
920,314,2024-11-16 11:30:53,Machine Learning Engineer,engineering,junior,hybrid,full_time,88000,115000,filled
921,12,2024-11-17 13:33:45,Content Marketing Manager,operations,senior,onsite,contract,110000,131000,closed
922,242,2024-11-17 20:46:34,Senior Backend Engineer,engineering,senior,remote,part_time,153000,183000,open
923,54,2024-11-18 09:06:28,Revenue Operations Manager,operations,senior,remote,full_time,106000,141000,filled
924,290,2024-11-18 16:56:25,Sales Development Representative,sales,senior,onsite,full_time,133000,148000,paused
925,132,2024-11-19 20:02:45,Implementation Project Manager,operations,senior,remote,full_time,110000,133000,filled
926,3,2024-11-20 01:23:43,HR Business Partner,operations,mid,hybrid,full_time,91000,106000,open
927,230,2024-11-20 11:26:29,Product Manager,product,junior,onsite,full_time,85000,108000,filled
928,48,2024-11-20 15:54:11,Implementation Engineer,engineering,junior,remote,full_time,90000,109000,filled
929,117,2024-11-20 15:59:39,Technical Support Engineer,engineering,senior,hybrid,part_time,158000,194000,open
930,161,2024-11-22 06:41:18,Product Manager,product,lead,hybrid,part_time,181000,219000,filled
931,239,2024-11-22 10:31:45,Director of Customer Support,operations,junior,remote,full_time,66000,79000,filled
932,135,2024-11-22 13:53:11,Business Systems Administrator,operations,senior,onsite,full_time,111000,142000,filled
933,275,2024-11-23 18:30:05,Technical Program Manager,operations,senior,remote,full_time,112000,140000,open
934,155,2024-11-23 21:57:23,Implementation Consultant,operations,senior,remote,full_time,112000,132000,filled
935,110,2024-11-23 23:27:31,Implementation Consultant,operations,senior,onsite,full_time,110000,142000,closed
936,108,2024-11-24 12:07:21,Talent Acquisition Specialist,operations,senior,remote,full_time,112000,135000,open
937,257,2024-11-24 20:15:41,Implementation Project Manager,operations,senior,onsite,full_time,110000,126000,open
938,213,2024-11-24 23:48:32,Growth Product Manager,product,senior,remote,full_time,150000,171000,closed
939,41,2024-11-28 08:38:06,Platform Reliability Engineer,engineering,mid,hybrid,full_time,132000,155000,open
940,241,2024-11-28 09:55:38,Logistics Operations Manager,operations,lead,remote,full_time,139000,153000,filled
941,133,2024-11-28 10:21:37,Compliance Analyst,data,junior,hybrid,full_time,98000,117000,filled
942,112,2024-11-28 13:16:25,Senior Product Designer,product,senior,onsite,full_time,147000,173000,open
943,32,2024-11-29 03:05:12,Staff Data Engineer,engineering,junior,onsite,full_time,93000,110000,filled
944,320,2024-11-29 23:35:38,Healthcare Account Manager,operations,mid,onsite,full_time,86000,101000,paused
945,17,2024-12-01 13:39:19,Clinical Operations Analyst,operations,junior,hybrid,full_time,64000,82000,open
946,319,2024-12-01 23:05:41,Partner Success Manager,customer_success,mid,onsite,full_time,82000,101000,filled
947,21,2024-12-01 23:49:07,Pricing Analyst,data,mid,hybrid,full_time,125000,152000,paused
948,162,2024-12-02 16:05:42,Customer Education Specialist,operations,mid,onsite,full_time,94000,107000,filled
949,34,2024-12-03 05:13:54,Platform Reliability Engineer,engineering,mid,hybrid,full_time,131000,152000,filled
950,158,2024-12-03 14:34:56,Technical Writer,operations,mid,onsite,contract,89000,110000,filled
951,268,2024-12-03 17:00:59,Partner Success Manager,customer_success,senior,remote,part_time,102000,128000,filled
952,189,2024-12-04 02:31:43,Customer Success Manager,customer_success,lead,hybrid,full_time,128000,143000,closed
953,174,2024-12-04 14:34:24,Customer Education Specialist,operations,senior,hybrid,contract,110000,141000,open
954,39,2024-12-04 15:54:38,Product Manager,product,mid,remote,full_time,121000,142000,filled
955,304,2024-12-04 17:01:09,QA Automation Engineer,engineering,mid,remote,full_time,132000,144000,closed
956,121,2024-12-04 21:52:57,HR Business Partner,operations,lead,onsite,full_time,130000,166000,closed
957,173,2024-12-05 11:56:18,Solutions Architect,operations,junior,hybrid,full_time,62000,80000,open
958,288,2024-12-05 14:20:53,Senior Frontend Engineer,engineering,mid,remote,full_time,122000,156000,filled
959,202,2024-12-06 11:03:13,Accounting Manager,operations,lead,remote,full_time,126000,159000,filled
960,236,2024-12-08 02:57:12,Pricing Analyst,data,lead,remote,full_time,193000,234000,closed
961,60,2024-12-08 10:47:13,Technical Support Engineer,engineering,mid,hybrid,full_time,119000,153000,open
962,148,2024-12-08 17:32:15,Inventory Planning Manager,operations,senior,onsite,full_time,106000,126000,open
963,173,2024-12-10 08:19:43,Implementation Project Manager,operations,mid,onsite,contract,87000,105000,open
964,57,2024-12-10 16:09:36,Implementation Consultant,operations,senior,hybrid,contract,106000,143000,filled
965,124,2024-12-11 06:47:36,Senior DevOps Engineer,engineering,junior,hybrid,full_time,93000,112000,open
966,267,2024-12-11 13:13:55,Clinical Recruiter,operations,mid,remote,full_time,85000,107000,paused
967,299,2024-12-12 08:20:35,Mobile Engineer,engineering,senior,onsite,full_time,162000,182000,open
968,264,2024-12-13 02:35:56,Machine Learning Engineer,engineering,mid,remote,full_time,122000,158000,open
969,299,2024-12-13 13:24:28,Senior Product Designer,product,senior,remote,part_time,139000,171000,filled
970,320,2024-12-13 14:52:47,Healthcare Account Manager,operations,mid,onsite,full_time,84000,103000,closed
971,64,2024-12-13 22:45:16,Senior Accountant,operations,lead,onsite,full_time,135000,153000,closed
972,274,2024-12-14 17:23:16,Security Engineer,engineering,senior,remote,full_time,152000,195000,open
973,199,2024-12-14 22:26:59,Solutions Architect,operations,mid,hybrid,full_time,89000,110000,filled
974,275,2024-12-15 01:17:46,Senior Accountant,operations,senior,hybrid,full_time,106000,126000,closed
975,205,2024-12-16 00:11:19,Business Intelligence Analyst,data,mid,remote,full_time,139000,152000,filled
976,40,2024-12-16 01:50:37,Supply Chain Coordinator,operations,mid,remote,full_time,86000,110000,filled
977,181,2024-12-16 04:07:16,HR Business Partner,operations,mid,remote,full_time,88000,109000,filled
978,244,2024-12-16 07:18:51,Procurement Analyst,data,senior,hybrid,full_time,170000,204000,filled
979,40,2024-12-16 12:12:18,Senior Backend Engineer,engineering,senior,hybrid,full_time,151000,181000,filled
980,162,2024-12-16 15:10:35,Growth Product Manager,product,lead,hybrid,full_time,169000,217000,filled
981,210,2024-12-16 16:06:56,Staff Data Engineer,engineering,lead,remote,full_time,192000,239000,closed
982,149,2024-12-16 23:51:24,Growth Product Manager,product,lead,onsite,part_time,169000,214000,filled
983,256,2024-12-17 03:14:09,Staff Data Engineer,engineering,mid,hybrid,full_time,119000,146000,filled
984,41,2024-12-17 13:24:28,Payroll Specialist,operations,lead,onsite,part_time,131000,164000,open
985,111,2024-12-17 15:24:58,FP&A Analyst,data,senior,remote,full_time,155000,194000,filled
986,305,2024-12-17 19:09:50,FP&A Analyst,data,mid,hybrid,full_time,138000,150000,open
987,165,2024-12-19 18:39:44,Supply Chain Coordinator,operations,senior,onsite,full_time,112000,131000,filled
988,58,2024-12-22 04:43:45,Lifecycle Marketing Manager,operations,mid,remote,full_time,90000,114000,open
989,38,2024-12-22 08:05:30,Implementation Consultant,operations,mid,remote,full_time,86000,107000,open
990,190,2024-12-22 15:54:56,Technical Writer,operations,mid,remote,full_time,91000,114000,open
991,298,2024-12-23 05:01:18,People Operations Partner,operations,junior,remote,full_time,65000,78000,open
992,16,2024-12-23 14:09:38,People Operations Partner,operations,mid,hybrid,full_time,85000,109000,open
993,36,2024-12-23 20:46:02,Business Intelligence Analyst,data,lead,remote,full_time,203000,221000,open
994,121,2024-12-24 08:18:42,Data Analyst,data,senior,remote,full_time,165000,202000,filled
995,67,2024-12-24 11:45:14,Machine Learning Engineer,engineering,senior,hybrid,full_time,161000,179000,closed
996,39,2024-12-24 20:54:16,Healthcare Account Manager,operations,mid,remote,full_time,87000,108000,paused
997,96,2024-12-25 09:31:50,Warehouse Systems Analyst,data,mid,remote,full_time,126000,155000,filled
998,206,2024-12-25 22:42:07,Revenue Operations Manager,operations,mid,hybrid,full_time,91000,107000,open
999,265,2024-12-27 03:55:31,Content Marketing Manager,operations,senior,remote,contract,114000,135000,closed
1000,99,2024-12-28 04:15:41,Inventory Planning Manager,operations,mid,remote,full_time,88000,101000,closed
1001,225,2024-12-28 17:34:29,Risk Operations Analyst,operations,senior,remote,full_time,105000,130000,closed
1002,264,2024-12-29 07:37:33,Demand Generation Manager,operations,senior,remote,full_time,114000,143000,filled
1003,3,2024-12-30 07:22:24,People Operations Partner,operations,senior,hybrid,full_time,107000,126000,filled
1004,273,2024-12-30 08:24:32,HR Business Partner,operations,senior,remote,full_time,109000,131000,filled
1005,59,2024-12-30 20:06:10,Supply Chain Coordinator,operations,mid,remote,contract,90000,106000,closed
1006,220,2025-01-01 07:30:24,Clinical Recruiter,operations,lead,onsite,full_time,126000,158000,filled
1007,241,2025-01-01 08:05:03,Operations Excellence Lead,operations,senior,onsite,full_time,105000,138000,closed
1008,271,2025-01-01 11:44:45,Clinical Recruiter,operations,senior,remote,contract,105000,130000,filled
1009,130,2025-01-01 17:02:42,Customer Education Specialist,operations,senior,remote,full_time,116000,134000,paused
1010,212,2025-01-02 06:04:35,Clinical Operations Analyst,operations,senior,hybrid,full_time,108000,137000,closed
1011,9,2025-01-02 07:49:27,Talent Acquisition Specialist,operations,lead,onsite,full_time,134000,156000,filled
1012,144,2025-01-02 09:19:00,People Operations Partner,operations,mid,onsite,full_time,94000,115000,filled
1013,309,2025-01-02 12:07:58,Technical Support Engineer,engineering,senior,remote,full_time,159000,201000,filled
1014,51,2025-01-02 12:16:28,Risk Operations Analyst,operations,senior,remote,full_time,111000,127000,open
1015,49,2025-01-03 02:48:31,Senior DevOps Engineer,engineering,mid,hybrid,full_time,126000,149000,filled
1016,225,2025-01-03 07:30:20,Solutions Consultant,operations,lead,onsite,part_time,130000,154000,closed
1017,164,2025-01-03 10:10:24,Machine Learning Engineer,engineering,mid,onsite,full_time,127000,146000,open
1018,146,2025-01-03 12:20:20,Senior Accountant,operations,senior,remote,full_time,116000,134000,filled
1019,80,2025-01-03 15:42:41,Technical Support Engineer,engineering,junior,hybrid,full_time,93000,111000,closed
1020,55,2025-01-05 11:54:01,Operations Excellence Lead,operations,mid,remote,full_time,88000,107000,open
1021,236,2025-01-05 12:42:00,Senior Frontend Engineer,engineering,senior,hybrid,full_time,153000,183000,paused
1022,115,2025-01-05 14:06:25,Product Manager,product,mid,onsite,full_time,122000,138000,open
1023,249,2025-01-06 07:47:08,Mobile Engineer,engineering,mid,hybrid,full_time,121000,163000,filled
1024,142,2025-01-06 10:24:04,Pricing Analyst,data,mid,remote,full_time,137000,169000,filled
1025,128,2025-01-06 16:27:24,Regional Sales Manager,sales,mid,hybrid,full_time,99000,117000,open
1026,74,2025-01-07 04:39:54,FP&A Analyst,data,senior,remote,full_time,167000,203000,filled
1027,211,2025-01-07 07:39:30,People Operations Partner,operations,lead,onsite,full_time,136000,159000,filled
1028,92,2025-01-07 09:26:40,Senior Product Designer,product,junior,remote,full_time,84000,105000,filled
1029,291,2025-01-07 16:16:50,Business Intelligence Analyst,data,senior,onsite,full_time,158000,201000,filled
1030,131,2025-01-07 22:25:30,Cloud Infrastructure Engineer,engineering,mid,remote,full_time,130000,161000,paused
1031,261,2025-01-08 00:30:13,Platform Reliability Engineer,engineering,senior,remote,full_time,153000,178000,filled
1032,151,2025-01-08 04:10:30,Customer Success Manager,customer_success,mid,remote,full_time,83000,101000,open
1033,133,2025-01-08 18:11:12,Payroll Specialist,operations,mid,remote,full_time,89000,115000,closed
1034,146,2025-01-09 05:51:12,Revenue Operations Manager,operations,mid,remote,contract,89000,104000,filled
1035,142,2025-01-09 13:26:53,Technical Support Engineer,engineering,senior,hybrid,full_time,159000,180000,filled
1036,154,2025-01-09 20:35:28,Senior Backend Engineer,engineering,senior,remote,full_time,150000,195000,filled
1037,284,2025-01-10 00:53:34,Enterprise Account Executive,operations,mid,remote,full_time,89000,112000,closed
1038,225,2025-01-10 09:03:49,Healthcare Account Manager,operations,senior,remote,full_time,115000,137000,filled
1039,11,2025-01-11 08:57:35,Implementation Engineer,engineering,senior,remote,full_time,148000,196000,closed
1040,19,2025-01-11 12:07:37,Business Systems Administrator,operations,mid,onsite,full_time,89000,111000,open
1041,8,2025-01-11 19:43:18,FP&A Analyst,data,senior,onsite,full_time,167000,189000,filled
1042,222,2025-01-11 21:03:57,Staff Data Engineer,engineering,senior,remote,contract,162000,192000,closed
1043,66,2025-01-11 22:02:50,Sales Development Representative,sales,mid,onsite,full_time,103000,128000,filled
1044,124,2025-01-11 22:19:51,Procurement Analyst,data,senior,hybrid,full_time,169000,209000,closed
1045,265,2025-01-12 16:06:55,Risk Operations Analyst,operations,mid,onsite,contract,86000,105000,filled
1046,43,2025-01-12 19:50:25,Clinical Recruiter,operations,senior,remote,full_time,109000,127000,paused
1047,50,2025-01-12 22:04:46,Sales Development Representative,sales,mid,remote,full_time,107000,128000,open
1048,26,2025-01-13 05:10:37,Machine Learning Engineer,engineering,senior,hybrid,full_time,162000,183000,filled
1049,92,2025-01-13 21:51:57,Staff Data Engineer,engineering,mid,onsite,full_time,126000,143000,filled
1050,29,2025-01-14 02:55:18,Senior Product Designer,product,senior,hybrid,contract,145000,185000,open
1051,202,2025-01-14 16:21:35,Customer Success Manager,customer_success,lead,hybrid,full_time,125000,152000,filled
1052,236,2025-01-14 21:43:34,Senior Data Scientist,data,mid,remote,full_time,126000,156000,filled
1053,59,2025-01-14 21:51:00,Senior Frontend Engineer,engineering,lead,hybrid,full_time,194000,211000,open
1054,168,2025-01-14 22:59:06,Clinical Recruiter,operations,lead,onsite,full_time,137000,150000,filled
1055,97,2025-01-14 23:55:16,Security Engineer,engineering,lead,remote,full_time,185000,235000,closed
1056,26,2025-01-15 03:53:12,Cloud Infrastructure Engineer,engineering,mid,hybrid,full_time,123000,152000,open
1057,150,2025-01-15 05:13:27,Data Analyst,data,senior,remote,full_time,161000,189000,open
1058,224,2025-01-15 09:07:04,Clinical Recruiter,operations,junior,hybrid,full_time,62000,76000,filled
1059,73,2025-01-15 13:25:00,Revenue Operations Manager,operations,mid,hybrid,full_time,91000,103000,paused
1060,253,2025-01-15 22:17:32,FP&A Analyst,data,lead,onsite,part_time,197000,225000,closed
1061,318,2025-01-16 08:40:03,Healthcare Account Manager,operations,senior,onsite,full_time,107000,130000,open
1062,19,2025-01-16 17:04:19,Talent Acquisition Specialist,operations,senior,hybrid,full_time,112000,135000,open
1063,53,2025-01-17 00:44:37,Security Engineer,engineering,mid,remote,full_time,132000,146000,filled
1064,93,2025-01-17 01:26:27,Lifecycle Marketing Manager,operations,senior,remote,full_time,106000,131000,closed
1065,272,2025-01-17 03:09:07,QA Automation Engineer,engineering,senior,remote,full_time,155000,189000,closed
1066,46,2025-01-17 13:42:28,Senior Frontend Engineer,engineering,mid,remote,full_time,125000,151000,closed
1067,151,2025-01-17 17:47:54,Sales Development Representative,sales,lead,remote,full_time,145000,174000,closed
1068,172,2025-01-17 19:16:59,Risk Operations Analyst,operations,mid,hybrid,full_time,89000,102000,filled
1069,42,2025-01-18 02:59:26,Warehouse Systems Analyst,data,mid,remote,full_time,133000,150000,filled
1070,14,2025-01-18 04:52:43,Senior Accountant,operations,senior,remote,full_time,106000,132000,open
1071,38,2025-01-19 20:56:56,Cloud Infrastructure Engineer,engineering,lead,onsite,full_time,179000,232000,filled
1072,18,2025-01-19 22:38:37,Risk Operations Analyst,operations,mid,remote,contract,93000,103000,closed
1073,161,2025-01-20 00:52:53,Senior DevOps Engineer,engineering,mid,hybrid,full_time,123000,158000,filled
1074,300,2025-01-20 05:31:31,Data Analyst,data,mid,onsite,full_time,134000,165000,open
1075,114,2025-01-20 07:35:23,People Operations Partner,operations,senior,hybrid,full_time,112000,125000,open
1076,83,2025-01-20 16:11:48,Content Marketing Manager,operations,mid,remote,full_time,93000,101000,filled
1077,76,2025-01-20 19:13:06,Clinical Operations Analyst,operations,senior,remote,full_time,113000,129000,open
1078,315,2025-01-20 21:52:30,Technical Support Engineer,engineering,lead,hybrid,full_time,193000,212000,filled
1079,307,2025-01-21 00:02:42,Partner Success Manager,customer_success,junior,hybrid,full_time,62000,74000,closed
1080,208,2025-01-21 00:37:52,Warehouse Systems Analyst,data,senior,remote,full_time,163000,186000,open
1081,149,2025-01-21 15:34:01,Procurement Analyst,data,senior,hybrid,full_time,162000,207000,filled
1082,52,2025-01-21 16:58:52,Risk Operations Analyst,operations,senior,hybrid,full_time,109000,134000,closed
1083,298,2025-01-21 17:51:55,Compliance Analyst,data,mid,remote,full_time,131000,165000,open
1084,1,2025-01-21 21:34:57,Implementation Consultant,operations,mid,hybrid,full_time,86000,112000,filled
1085,53,2025-01-21 21:44:36,Risk Operations Analyst,operations,mid,remote,full_time,88000,108000,closed
1086,218,2025-01-22 01:23:12,Enterprise Account Executive,operations,senior,remote,full_time,109000,142000,filled
1087,59,2025-01-22 09:16:59,Sales Development Representative,sales,senior,onsite,full_time,120000,164000,open
1088,35,2025-01-22 10:00:59,Machine Learning Engineer,engineering,mid,remote,contract,122000,150000,filled
1089,191,2025-01-22 23:01:13,Senior Product Designer,product,mid,hybrid,full_time,121000,135000,filled
1090,9,2025-01-23 03:44:48,Machine Learning Engineer,engineering,lead,hybrid,full_time,187000,221000,open
1091,87,2025-01-23 06:39:57,Revenue Operations Manager,operations,junior,remote,full_time,66000,75000,filled
1092,206,2025-01-23 08:59:11,Clinical Recruiter,operations,mid,onsite,full_time,90000,109000,filled
1093,60,2025-01-23 12:18:21,Customer Success Manager,customer_success,senior,remote,full_time,109000,125000,filled
1094,243,2025-01-23 17:23:36,Talent Acquisition Specialist,operations,mid,remote,full_time,92000,108000,closed
1095,31,2025-01-24 12:55:40,Director of Customer Support,operations,mid,onsite,full_time,85000,112000,paused
1096,197,2025-01-24 17:44:28,Growth Product Manager,product,mid,hybrid,full_time,124000,138000,filled
1097,25,2025-01-24 23:19:17,Implementation Engineer,engineering,mid,hybrid,full_time,119000,153000,paused
1098,235,2025-01-25 03:51:04,Product Manager,product,senior,remote,full_time,147000,173000,filled
1099,242,2025-01-26 01:50:43,Growth Product Manager,product,senior,remote,full_time,150000,184000,filled
1100,255,2025-01-26 09:53:36,Procurement Analyst,data,senior,hybrid,full_time,161000,202000,filled
1101,91,2025-01-26 10:08:11,Machine Learning Engineer,engineering,junior,remote,full_time,91000,102000,filled
1102,76,2025-01-26 11:18:25,Implementation Project Manager,operations,senior,remote,full_time,109000,137000,filled
1103,314,2025-01-26 22:16:41,Regional Sales Manager,sales,mid,onsite,full_time,97000,118000,filled
1104,234,2025-01-26 22:19:20,Talent Acquisition Specialist,operations,senior,remote,contract,105000,138000,open
1105,59,2025-01-27 14:52:52,Logistics Operations Manager,operations,mid,remote,full_time,85000,109000,filled
1106,10,2025-01-27 15:43:52,Pricing Analyst,data,senior,remote,full_time,156000,196000,open
1107,114,2025-01-27 16:02:00,Compliance Analyst,data,mid,hybrid,full_time,134000,164000,paused
1108,213,2025-01-28 01:28:41,Technical Writer,operations,mid,hybrid,contract,89000,114000,filled
1109,120,2025-01-28 04:42:00,Compliance Analyst,data,mid,onsite,contract,131000,166000,filled
1110,259,2025-01-28 05:33:11,Pricing Analyst,data,junior,remote,full_time,97000,116000,open
1111,161,2025-01-28 05:37:52,Implementation Project Manager,operations,mid,remote,full_time,84000,112000,filled
1112,318,2025-01-28 11:18:11,Logistics Operations Manager,operations,senior,hybrid,full_time,108000,133000,closed
1113,279,2025-01-28 19:16:45,Technical Program Manager,operations,senior,remote,full_time,114000,140000,filled
1114,151,2025-01-29 00:48:25,Technical Support Engineer,engineering,junior,hybrid,contract,94000,115000,filled
1115,268,2025-01-29 01:02:26,Accounting Manager,operations,lead,onsite,full_time,131000,152000,filled
1116,144,2025-01-30 12:02:47,Inventory Planning Manager,operations,senior,hybrid,full_time,105000,130000,open
1117,4,2025-01-30 13:50:08,Compliance Analyst,data,senior,hybrid,contract,169000,192000,filled
1118,99,2025-01-30 13:54:06,Platform Reliability Engineer,engineering,senior,onsite,full_time,162000,181000,closed
1119,131,2025-01-31 02:00:34,Solutions Architect,operations,senior,remote,full_time,110000,132000,filled
1120,313,2025-01-31 14:03:25,Lifecycle Marketing Manager,operations,senior,onsite,full_time,107000,129000,filled
1121,265,2025-01-31 16:20:34,Senior Backend Engineer,engineering,senior,hybrid,full_time,148000,192000,filled
1122,47,2025-01-31 18:52:30,Mobile Engineer,engineering,lead,hybrid,full_time,188000,213000,closed
1123,1,2025-02-01 02:49:51,Risk Operations Analyst,operations,junior,onsite,full_time,67000,76000,open
1124,170,2025-02-01 09:41:42,Security Engineer,engineering,mid,hybrid,full_time,128000,156000,filled
1125,171,2025-02-01 22:05:34,Talent Acquisition Specialist,operations,junior,hybrid,full_time,63000,77000,paused
1126,236,2025-02-02 05:31:05,Clinical Recruiter,operations,lead,remote,full_time,134000,159000,open
1127,84,2025-02-02 16:36:25,Content Marketing Manager,operations,mid,hybrid,full_time,92000,113000,filled
1128,260,2025-02-02 21:59:31,Senior DevOps Engineer,engineering,senior,hybrid,full_time,155000,202000,closed
1129,133,2025-02-03 07:21:04,Data Analyst,data,senior,remote,full_time,169000,200000,open
1130,108,2025-02-03 12:04:17,Staff Data Engineer,engineering,lead,hybrid,full_time,184000,213000,paused
1131,135,2025-02-03 15:36:02,Cloud Infrastructure Engineer,engineering,mid,hybrid,full_time,123000,144000,paused
1132,303,2025-02-03 20:00:37,Revenue Operations Manager,operations,senior,remote,full_time,112000,143000,paused
1133,126,2025-02-03 20:22:26,Customer Education Specialist,operations,lead,remote,full_time,131000,164000,open
1134,180,2025-02-04 11:16:08,Technical Program Manager,operations,junior,hybrid,full_time,68000,81000,filled
1135,286,2025-02-05 03:21:32,Content Marketing Manager,operations,senior,remote,full_time,111000,137000,filled
1136,6,2025-02-05 22:34:01,Accounting Manager,operations,mid,remote,full_time,88000,104000,filled
1137,172,2025-02-06 00:32:20,Partner Success Manager,customer_success,senior,hybrid,full_time,104000,127000,closed
1138,227,2025-02-06 01:22:41,Senior Frontend Engineer,engineering,senior,remote,contract,157000,197000,filled
1139,290,2025-02-06 13:08:45,Platform Reliability Engineer,engineering,mid,remote,full_time,124000,160000,open
1140,20,2025-02-06 14:07:26,Healthcare Account Manager,operations,mid,hybrid,full_time,91000,104000,filled
1141,233,2025-02-06 18:59:29,Senior Frontend Engineer,engineering,junior,remote,full_time,89000,111000,filled
1142,257,2025-02-06 19:00:12,Risk Operations Analyst,operations,junior,onsite,full_time,63000,74000,open
1143,113,2025-02-07 05:35:29,FP&A Analyst,data,senior,onsite,full_time,166000,211000,open
1144,239,2025-02-07 09:28:42,Clinical Recruiter,operations,mid,hybrid,full_time,85000,105000,filled
1145,158,2025-02-07 12:49:24,Demand Generation Manager,operations,mid,onsite,full_time,91000,112000,filled
1146,211,2025-02-08 07:24:03,Security Engineer,engineering,senior,onsite,full_time,156000,182000,closed
1147,125,2025-02-08 12:33:05,Senior Product Designer,product,senior,remote,contract,145000,180000,open
1148,57,2025-02-08 17:49:08,Talent Acquisition Specialist,operations,senior,hybrid,full_time,113000,137000,filled
1149,266,2025-02-08 19:15:06,Risk Operations Analyst,operations,lead,remote,full_time,136000,157000,open
1150,70,2025-02-09 01:37:53,Senior Frontend Engineer,engineering,mid,hybrid,full_time,130000,159000,filled
1151,61,2025-02-09 01:55:55,Product Manager,product,senior,hybrid,full_time,144000,186000,filled
1152,284,2025-02-09 05:32:12,Payroll Specialist,operations,junior,remote,contract,63000,82000,closed
1153,300,2025-02-09 18:17:30,Senior Product Designer,product,senior,remote,full_time,149000,173000,filled
1154,195,2025-02-09 18:19:06,People Operations Partner,operations,lead,onsite,full_time,133000,166000,filled
1155,186,2025-02-09 21:15:38,Implementation Project Manager,operations,senior,remote,full_time,112000,135000,filled
1156,116,2025-02-09 21:57:12,Mobile Engineer,engineering,senior,remote,full_time,157000,191000,filled
1157,196,2025-02-10 01:58:48,Procurement Analyst,data,senior,remote,full_time,169000,198000,closed
1158,195,2025-02-10 05:16:43,Supply Chain Coordinator,operations,mid,hybrid,full_time,86000,110000,closed
1159,166,2025-02-10 11:57:31,Implementation Engineer,engineering,senior,onsite,full_time,157000,180000,filled
1160,210,2025-02-10 12:39:55,Customer Success Manager,customer_success,senior,onsite,full_time,101000,126000,closed
1161,178,2025-02-10 14:38:53,Demand Generation Manager,operations,lead,hybrid,full_time,131000,153000,closed
1162,282,2025-02-11 01:30:35,Senior Backend Engineer,engineering,mid,remote,full_time,128000,148000,open
1163,214,2025-02-11 03:26:50,Senior Backend Engineer,engineering,junior,remote,full_time,90000,104000,filled
1164,124,2025-02-11 05:52:11,Warehouse Systems Analyst,data,senior,hybrid,full_time,161000,191000,open
1165,210,2025-02-11 06:41:58,QA Automation Engineer,engineering,junior,onsite,full_time,94000,114000,filled
1166,74,2025-02-11 15:10:28,Operations Excellence Lead,operations,mid,hybrid,full_time,92000,109000,filled
1167,69,2025-02-11 15:48:45,Business Systems Administrator,operations,mid,remote,full_time,89000,101000,open
1168,265,2025-02-11 23:35:40,Procurement Analyst,data,senior,hybrid,full_time,172000,206000,filled
1169,187,2025-02-12 12:36:32,Business Systems Administrator,operations,mid,hybrid,full_time,88000,114000,closed
1170,18,2025-02-12 19:49:08,Machine Learning Engineer,engineering,mid,hybrid,contract,130000,160000,filled
1171,114,2025-02-13 09:43:27,Implementation Engineer,engineering,junior,hybrid,full_time,87000,115000,paused
1172,315,2025-02-13 14:05:35,Pricing Analyst,data,lead,hybrid,full_time,191000,253000,filled
1173,204,2025-02-14 01:28:38,FP&A Analyst,data,senior,hybrid,full_time,161000,201000,filled
1174,278,2025-02-15 01:55:31,Data Analyst,data,junior,onsite,full_time,91000,123000,filled
1175,176,2025-02-15 05:36:17,Clinical Recruiter,operations,junior,hybrid,full_time,64000,83000,filled
1176,14,2025-02-15 13:07:45,Accounting Manager,operations,senior,remote,full_time,107000,131000,filled
1177,58,2025-02-16 11:20:48,Implementation Engineer,engineering,mid,remote,contract,127000,160000,open
1178,30,2025-02-16 14:49:39,Customer Education Specialist,operations,senior,hybrid,full_time,107000,140000,filled
1179,236,2025-02-16 19:51:51,Accounting Manager,operations,mid,hybrid,full_time,85000,112000,filled
1180,243,2025-02-17 21:57:46,Customer Success Manager,customer_success,lead,hybrid,full_time,132000,160000,closed
1181,147,2025-02-17 22:45:11,Sales Development Representative,sales,mid,hybrid,full_time,104000,122000,paused
1182,232,2025-02-18 12:19:58,Warehouse Systems Analyst,data,senior,remote,full_time,171000,196000,filled
1183,177,2025-02-18 15:37:50,Accounting Manager,operations,junior,hybrid,contract,64000,79000,filled
1184,237,2025-02-18 16:21:51,QA Automation Engineer,engineering,lead,hybrid,full_time,176000,233000,open
1185,216,2025-02-19 07:08:44,Data Analyst,data,lead,hybrid,full_time,197000,249000,filled
1186,146,2025-02-19 07:10:09,Logistics Operations Manager,operations,senior,remote,full_time,111000,141000,filled
1187,209,2025-02-19 13:53:11,Business Intelligence Analyst,data,mid,remote,full_time,125000,165000,open
1188,102,2025-02-19 17:13:07,Supply Chain Coordinator,operations,mid,hybrid,full_time,93000,115000,filled
1189,240,2025-02-20 02:35:44,Staff Data Engineer,engineering,senior,onsite,contract,158000,181000,filled
1190,293,2025-02-20 18:54:30,Warehouse Systems Analyst,data,senior,onsite,full_time,168000,211000,open
1191,67,2025-02-20 20:43:34,Operations Excellence Lead,operations,mid,hybrid,full_time,89000,102000,filled
1192,214,2025-02-21 00:39:20,FP&A Analyst,data,mid,remote,full_time,134000,161000,open
1193,36,2025-02-21 03:05:43,Clinical Operations Analyst,operations,mid,hybrid,full_time,87000,102000,filled
1194,121,2025-02-21 03:14:23,Warehouse Systems Analyst,data,senior,hybrid,contract,172000,201000,filled
1195,215,2025-02-21 03:59:49,FP&A Analyst,data,senior,remote,full_time,162000,196000,filled
1196,89,2025-02-21 11:57:49,Healthcare Account Manager,operations,senior,onsite,full_time,106000,127000,filled
1197,76,2025-02-21 22:39:21,Payroll Specialist,operations,senior,remote,full_time,105000,137000,closed
1198,123,2025-02-22 09:59:10,Machine Learning Engineer,engineering,mid,remote,full_time,127000,157000,closed
1199,37,2025-02-22 16:35:57,Enterprise Account Executive,operations,mid,remote,full_time,94000,104000,filled
1200,201,2025-02-22 23:54:32,Product Manager,product,junior,remote,full_time,88000,105000,closed
1201,42,2025-02-23 12:14:58,Procurement Analyst,data,senior,onsite,full_time,167000,190000,closed
1202,107,2025-02-23 17:59:05,Senior Data Scientist,data,mid,hybrid,full_time,139000,152000,closed
1203,101,2025-02-24 08:11:49,Machine Learning Engineer,engineering,mid,remote,full_time,129000,145000,filled
1204,310,2025-02-24 08:15:32,People Operations Partner,operations,mid,hybrid,full_time,88000,110000,filled
1205,318,2025-02-24 08:36:21,Sales Development Representative,sales,mid,remote,full_time,103000,128000,open
1206,26,2025-02-24 15:01:24,Demand Generation Manager,operations,senior,remote,full_time,105000,136000,open
1207,51,2025-02-25 08:47:32,Solutions Architect,operations,mid,remote,full_time,86000,113000,open
1208,235,2025-02-25 14:43:04,Customer Success Manager,customer_success,junior,hybrid,full_time,60000,75000,open
1209,96,2025-02-25 15:39:27,Payroll Specialist,operations,senior,remote,full_time,107000,140000,closed
1210,207,2025-02-25 18:15:57,Demand Generation Manager,operations,mid,onsite,full_time,94000,115000,filled
1211,295,2025-02-25 18:42:41,Sales Development Representative,sales,mid,remote,full_time,107000,122000,filled
1212,53,2025-02-25 21:05:33,Senior Frontend Engineer,engineering,mid,hybrid,full_time,124000,145000,open
1213,309,2025-02-26 00:29:28,Customer Education Specialist,operations,senior,onsite,full_time,113000,128000,filled
1214,17,2025-02-26 04:02:24,Technical Program Manager,operations,mid,remote,full_time,88000,110000,filled
1215,74,2025-02-27 00:34:29,Healthcare Account Manager,operations,senior,remote,full_time,106000,135000,closed
1216,163,2025-02-27 08:14:26,Warehouse Systems Analyst,data,lead,onsite,full_time,192000,227000,open
1217,282,2025-02-27 19:01:24,Solutions Consultant,operations,senior,hybrid,full_time,107000,141000,filled
1218,178,2025-02-28 12:47:08,Pricing Analyst,data,mid,hybrid,full_time,129000,170000,open
1219,45,2025-02-28 14:43:41,Staff Data Engineer,engineering,senior,remote,full_time,151000,183000,filled
1220,80,2025-02-28 23:18:25,Customer Education Specialist,operations,mid,remote,full_time,85000,104000,filled
1221,244,2025-03-01 00:05:34,Director of Customer Support,operations,mid,hybrid,full_time,86000,104000,filled
1222,180,2025-03-01 01:56:42,FP&A Analyst,data,senior,onsite,full_time,171000,196000,open
1223,5,2025-03-01 03:18:29,Risk Operations Analyst,operations,mid,remote,full_time,85000,113000,open
1224,161,2025-03-01 03:54:48,FP&A Analyst,data,junior,onsite,full_time,93000,117000,filled
1225,131,2025-03-01 12:14:02,Revenue Operations Manager,operations,mid,hybrid,full_time,89000,102000,filled
1226,1,2025-03-01 18:57:33,Implementation Consultant,operations,mid,remote,full_time,88000,108000,closed
1227,80,2025-03-01 21:39:57,Data Analyst,data,mid,remote,full_time,132000,151000,filled
1228,300,2025-03-02 07:43:04,Partner Success Manager,customer_success,senior,remote,full_time,100000,126000,open
1229,226,2025-03-02 10:04:17,Clinical Operations Analyst,operations,lead,hybrid,full_time,134000,158000,filled
1230,23,2025-03-02 17:57:04,Implementation Consultant,operations,junior,hybrid,full_time,65000,80000,paused
1231,6,2025-03-02 19:22:21,Logistics Operations Manager,operations,senior,hybrid,contract,113000,135000,filled
1232,111,2025-03-03 22:55:57,Implementation Engineer,engineering,mid,remote,full_time,127000,160000,closed
1233,149,2025-03-04 04:38:16,Compliance Analyst,data,junior,hybrid,full_time,94000,108000,paused
1234,146,2025-03-04 10:46:54,Risk Operations Analyst,operations,mid,hybrid,full_time,88000,112000,filled
1235,223,2025-03-04 21:54:42,FP&A Analyst,data,junior,hybrid,full_time,92000,108000,open
1236,56,2025-03-05 21:21:21,Clinical Recruiter,operations,mid,hybrid,contract,89000,105000,filled
1237,15,2025-03-06 03:28:23,Director of Customer Support,operations,mid,remote,full_time,85000,114000,open
1238,216,2025-03-06 08:07:50,Payroll Specialist,operations,mid,hybrid,full_time,87000,111000,closed
1239,288,2025-03-06 17:52:24,Product Manager,product,senior,remote,full_time,148000,169000,filled
1240,54,2025-03-08 12:34:44,Growth Product Manager,product,junior,remote,full_time,81000,103000,open
1241,116,2025-03-09 06:36:10,Implementation Project Manager,operations,mid,remote,full_time,85000,112000,open
1242,201,2025-03-09 07:33:17,Revenue Operations Manager,operations,junior,hybrid,full_time,65000,83000,filled
1243,53,2025-03-09 08:07:38,Warehouse Systems Analyst,data,senior,hybrid,full_time,162000,202000,closed
1244,276,2025-03-10 14:38:23,Clinical Operations Analyst,operations,mid,remote,full_time,92000,101000,filled
1245,73,2025-03-11 01:56:32,Customer Success Manager,customer_success,senior,onsite,full_time,110000,127000,open
1246,171,2025-03-11 15:10:05,People Operations Partner,operations,mid,onsite,full_time,94000,103000,filled
1247,109,2025-03-11 21:29:43,Data Analyst,data,junior,remote,full_time,94000,108000,filled
1248,214,2025-03-12 16:20:26,Compliance Analyst,data,lead,hybrid,full_time,190000,240000,open
1249,64,2025-03-13 18:52:16,Enterprise Account Executive,operations,junior,remote,full_time,65000,81000,filled
1250,32,2025-03-13 22:19:15,Mobile Engineer,engineering,mid,onsite,part_time,127000,143000,open
1251,164,2025-03-14 03:48:44,Regional Sales Manager,sales,mid,remote,full_time,103000,129000,closed
1252,277,2025-03-14 06:41:19,Solutions Consultant,operations,lead,remote,full_time,129000,165000,closed
1253,203,2025-03-15 06:54:20,Regional Sales Manager,sales,senior,hybrid,full_time,120000,159000,open
1254,242,2025-03-15 15:04:07,Machine Learning Engineer,engineering,senior,remote,full_time,151000,183000,open
1255,139,2025-03-15 21:21:06,Solutions Consultant,operations,lead,hybrid,full_time,127000,158000,filled
1256,45,2025-03-16 10:07:29,Technical Writer,operations,junior,hybrid,full_time,62000,74000,filled
1257,137,2025-03-16 14:24:08,People Operations Partner,operations,lead,remote,full_time,138000,155000,paused
1258,316,2025-03-17 20:15:22,Senior Accountant,operations,mid,hybrid,full_time,84000,105000,paused
1259,251,2025-03-18 07:49:38,Cloud Infrastructure Engineer,engineering,senior,onsite,full_time,157000,184000,closed
1260,226,2025-03-18 12:24:10,Senior Accountant,operations,mid,onsite,full_time,94000,104000,open
1261,97,2025-03-18 20:24:46,Platform Reliability Engineer,engineering,mid,hybrid,full_time,124000,146000,open
1262,192,2025-03-18 21:13:44,Technical Writer,operations,lead,remote,full_time,132000,169000,filled
1263,200,2025-03-19 02:30:27,Compliance Analyst,data,mid,remote,full_time,135000,166000,filled
1264,210,2025-03-20 12:20:44,Content Marketing Manager,operations,lead,onsite,full_time,129000,157000,open
1265,286,2025-03-20 13:32:15,Solutions Consultant,operations,mid,hybrid,full_time,89000,115000,open
1266,219,2025-03-20 16:24:50,Talent Acquisition Specialist,operations,senior,hybrid,full_time,114000,130000,closed
1267,71,2025-03-21 05:55:46,HR Business Partner,operations,lead,onsite,full_time,136000,158000,filled
1268,71,2025-03-21 15:57:11,QA Automation Engineer,engineering,junior,remote,full_time,93000,114000,closed
1269,199,2025-03-21 16:10:15,Data Analyst,data,lead,hybrid,full_time,206000,235000,filled
1270,278,2025-03-21 17:22:44,Product Manager,product,senior,remote,full_time,143000,170000,closed
1271,304,2025-03-21 21:22:39,Inventory Planning Manager,operations,senior,remote,full_time,114000,132000,closed
1272,196,2025-03-21 22:47:49,People Operations Partner,operations,mid,hybrid,full_time,90000,108000,closed
1273,170,2025-03-22 00:53:10,Warehouse Systems Analyst,data,senior,remote,full_time,167000,202000,filled
1274,262,2025-03-22 02:19:30,Logistics Operations Manager,operations,senior,onsite,full_time,113000,133000,filled
1275,313,2025-03-22 04:36:01,Growth Product Manager,product,mid,remote,full_time,121000,141000,closed
1276,9,2025-03-22 17:01:31,FP&A Analyst,data,mid,onsite,full_time,138000,155000,open
1277,100,2025-03-22 19:17:02,HR Business Partner,operations,mid,hybrid,full_time,88000,109000,open
1278,107,2025-03-23 11:34:48,Senior Data Scientist,data,senior,hybrid,full_time,166000,191000,open
1279,181,2025-03-23 20:37:34,Staff Data Engineer,engineering,junior,onsite,full_time,88000,115000,open
1280,95,2025-03-23 22:37:40,QA Automation Engineer,engineering,senior,remote,full_time,157000,195000,open
1281,100,2025-03-24 03:14:01,Mobile Engineer,engineering,lead,remote,full_time,191000,223000,filled
1282,8,2025-03-24 06:49:33,Demand Generation Manager,operations,junior,remote,full_time,66000,81000,filled
1283,2,2025-03-25 05:09:24,Inventory Planning Manager,operations,mid,remote,full_time,88000,101000,filled
1284,144,2025-03-25 16:40:07,Clinical Operations Analyst,operations,senior,onsite,full_time,111000,131000,filled
1285,320,2025-03-25 22:08:51,Implementation Project Manager,operations,junior,hybrid,full_time,63000,77000,paused
1286,95,2025-03-26 10:05:00,Healthcare Account Manager,operations,senior,remote,full_time,107000,134000,paused
1287,77,2025-03-27 09:00:21,Solutions Consultant,operations,senior,remote,full_time,108000,139000,open
1288,85,2025-03-27 15:31:34,Partner Success Manager,customer_success,senior,hybrid,full_time,110000,135000,open
1289,312,2025-03-27 21:35:57,Content Marketing Manager,operations,mid,hybrid,full_time,87000,107000,open
1290,213,2025-03-27 21:38:38,Regional Sales Manager,sales,senior,remote,full_time,133000,150000,filled
1291,209,2025-03-28 10:26:06,Solutions Consultant,operations,senior,onsite,full_time,107000,136000,open
1292,61,2025-03-28 13:56:42,Customer Education Specialist,operations,mid,hybrid,full_time,91000,105000,closed
1293,290,2025-03-29 14:33:53,Lifecycle Marketing Manager,operations,senior,onsite,full_time,111000,128000,filled
1294,63,2025-03-29 16:20:40,Talent Acquisition Specialist,operations,lead,remote,contract,135000,170000,filled
1295,310,2025-03-29 22:01:44,Business Systems Administrator,operations,senior,hybrid,full_time,112000,140000,filled
1296,305,2025-03-30 02:20:46,Sales Development Representative,sales,mid,remote,full_time,104000,131000,filled
1297,182,2025-03-30 09:21:06,Senior Frontend Engineer,engineering,mid,remote,full_time,131000,147000,filled
1298,278,2025-03-30 14:50:05,Implementation Project Manager,operations,junior,hybrid,full_time,65000,73000,filled
1299,320,2025-03-31 09:14:52,Technical Writer,operations,mid,hybrid,full_time,85000,107000,open
1300,186,2025-04-01 05:51:37,Mobile Engineer,engineering,junior,remote,full_time,88000,116000,filled
1301,246,2025-04-01 07:42:57,Talent Acquisition Specialist,operations,lead,onsite,contract,135000,152000,filled
1302,190,2025-04-01 15:20:45,Data Analyst,data,mid,remote,full_time,132000,152000,open
1303,168,2025-04-01 21:40:21,Business Intelligence Analyst,data,senior,hybrid,full_time,164000,187000,paused
1304,108,2025-04-01 23:47:25,Inventory Planning Manager,operations,mid,onsite,full_time,90000,112000,paused
1305,210,2025-04-02 08:19:00,Demand Generation Manager,operations,mid,hybrid,full_time,88000,112000,filled
1306,86,2025-04-02 13:22:23,Security Engineer,engineering,mid,onsite,full_time,129000,157000,filled
1307,63,2025-04-02 13:34:57,Content Marketing Manager,operations,mid,hybrid,full_time,91000,102000,closed
1308,89,2025-04-02 20:24:51,People Operations Partner,operations,senior,onsite,full_time,113000,138000,open
1309,4,2025-04-03 11:51:59,Technical Writer,operations,lead,hybrid,full_time,135000,159000,open
1310,299,2025-04-04 02:24:53,Demand Generation Manager,operations,lead,hybrid,full_time,138000,153000,filled
1311,83,2025-04-04 07:34:08,Customer Success Manager,customer_success,mid,remote,full_time,86000,100000,filled
1312,256,2025-04-04 08:47:29,Content Marketing Manager,operations,senior,hybrid,full_time,116000,134000,paused
1313,140,2025-04-05 15:22:38,Cloud Infrastructure Engineer,engineering,mid,remote,full_time,120000,149000,filled
1314,109,2025-04-06 13:20:29,FP&A Analyst,data,lead,onsite,full_time,198000,252000,filled
1315,73,2025-04-06 17:37:51,Business Intelligence Analyst,data,senior,remote,full_time,168000,198000,open
1316,263,2025-04-06 17:56:26,Machine Learning Engineer,engineering,mid,remote,full_time,125000,150000,open
1317,165,2025-04-08 04:35:54,Senior Accountant,operations,mid,onsite,full_time,87000,111000,filled
1318,144,2025-04-08 06:18:41,Senior DevOps Engineer,engineering,junior,remote,full_time,91000,112000,filled
1319,211,2025-04-09 13:34:48,Technical Writer,operations,mid,remote,full_time,88000,101000,open
1320,257,2025-04-09 21:00:29,Talent Acquisition Specialist,operations,lead,hybrid,full_time,138000,163000,filled
1321,210,2025-04-09 22:12:00,Senior Data Scientist,data,senior,remote,full_time,161000,192000,filled
1322,150,2025-04-10 05:07:23,Warehouse Systems Analyst,data,lead,remote,full_time,188000,233000,closed
1323,287,2025-04-10 19:44:23,Business Systems Administrator,operations,junior,hybrid,part_time,65000,80000,filled
1324,287,2025-04-11 14:36:59,Security Engineer,engineering,senior,remote,full_time,154000,191000,filled
1325,310,2025-04-12 02:49:34,Risk Operations Analyst,operations,mid,remote,full_time,85000,106000,filled
1326,30,2025-04-12 07:24:28,Risk Operations Analyst,operations,senior,remote,full_time,111000,128000,closed
1327,286,2025-04-13 03:29:38,Cloud Infrastructure Engineer,engineering,mid,remote,full_time,126000,153000,closed
1328,62,2025-04-13 15:57:30,Senior Frontend Engineer,engineering,mid,remote,full_time,121000,149000,open
1329,199,2025-04-13 22:36:00,Payroll Specialist,operations,senior,remote,part_time,112000,142000,filled
1330,211,2025-04-14 13:03:58,Clinical Recruiter,operations,mid,hybrid,full_time,90000,109000,filled
1331,66,2025-04-14 21:04:52,Technical Writer,operations,mid,hybrid,full_time,92000,114000,paused
1332,3,2025-04-15 04:22:18,Customer Education Specialist,operations,senior,remote,full_time,109000,132000,filled
1333,302,2025-04-15 21:08:32,Machine Learning Engineer,engineering,mid,remote,full_time,122000,159000,open
1334,286,2025-04-16 01:58:55,QA Automation Engineer,engineering,lead,onsite,full_time,195000,212000,paused
1335,56,2025-04-16 03:13:22,FP&A Analyst,data,senior,hybrid,full_time,165000,193000,open
1336,193,2025-04-16 20:20:21,Inventory Planning Manager,operations,senior,hybrid,full_time,105000,127000,open
1337,49,2025-04-17 17:45:54,Growth Product Manager,product,senior,hybrid,full_time,151000,166000,filled
1338,182,2025-04-18 05:08:17,Revenue Operations Manager,operations,senior,remote,contract,107000,142000,filled
1339,102,2025-04-18 11:43:12,Inventory Planning Manager,operations,senior,onsite,full_time,114000,138000,paused
1340,241,2025-04-18 15:13:57,Compliance Analyst,data,lead,onsite,full_time,200000,241000,filled
1341,184,2025-04-18 23:00:37,Implementation Engineer,engineering,senior,onsite,full_time,164000,190000,open
1342,160,2025-04-19 00:58:13,Talent Acquisition Specialist,operations,mid,remote,contract,94000,109000,open
1343,219,2025-04-19 04:49:54,FP&A Analyst,data,junior,remote,full_time,93000,118000,open
1344,153,2025-04-19 13:17:22,Regional Sales Manager,sales,senior,remote,full_time,130000,160000,filled
1345,5,2025-04-20 12:58:06,Regional Sales Manager,sales,junior,remote,full_time,72000,90000,filled
1346,191,2025-04-20 15:03:23,Mobile Engineer,engineering,mid,remote,full_time,127000,158000,open
1347,249,2025-04-20 16:25:08,Technical Writer,operations,junior,hybrid,full_time,65000,76000,closed
1348,157,2025-04-20 23:54:48,Senior Backend Engineer,engineering,senior,remote,full_time,148000,201000,filled
1349,57,2025-04-21 01:11:58,Technical Program Manager,operations,mid,onsite,full_time,84000,101000,filled
1350,3,2025-04-21 08:08:08,Revenue Operations Manager,operations,senior,remote,contract,105000,132000,closed
1351,95,2025-04-21 11:44:24,Customer Education Specialist,operations,senior,remote,full_time,106000,141000,closed
1352,246,2025-04-21 19:19:25,Supply Chain Coordinator,operations,senior,onsite,full_time,108000,128000,filled
1353,104,2025-04-22 01:51:22,Regional Sales Manager,sales,mid,hybrid,full_time,106000,118000,filled
1354,306,2025-04-22 08:57:01,Security Engineer,engineering,senior,remote,full_time,156000,186000,open
1355,107,2025-04-22 10:40:58,Enterprise Account Executive,operations,senior,hybrid,full_time,114000,133000,open
1356,137,2025-04-22 18:43:06,Staff Data Engineer,engineering,mid,remote,full_time,130000,161000,paused
1357,244,2025-04-23 00:42:55,Sales Development Representative,sales,senior,remote,full_time,130000,160000,filled
1358,197,2025-04-24 12:44:10,Lifecycle Marketing Manager,operations,mid,hybrid,full_time,88000,108000,open
1359,14,2025-04-24 15:14:24,Senior Product Designer,product,lead,remote,full_time,181000,225000,filled
1360,25,2025-04-24 21:03:05,Implementation Engineer,engineering,junior,hybrid,full_time,93000,112000,filled
1361,63,2025-04-25 00:48:33,Solutions Architect,operations,senior,remote,full_time,114000,141000,open
1362,279,2025-04-25 07:15:49,Senior Accountant,operations,senior,hybrid,full_time,115000,130000,open
1363,8,2025-04-25 09:14:20,Warehouse Systems Analyst,data,mid,onsite,full_time,133000,160000,paused
1364,23,2025-04-25 12:26:08,Data Analyst,data,senior,remote,full_time,164000,186000,filled
1365,250,2025-04-25 13:54:23,Implementation Project Manager,operations,junior,remote,full_time,67000,73000,open
1366,200,2025-04-25 18:45:32,Senior Backend Engineer,engineering,senior,hybrid,full_time,155000,194000,filled
1367,315,2025-04-26 06:19:34,Mobile Engineer,engineering,senior,onsite,contract,161000,179000,filled
1368,71,2025-04-26 10:34:29,HR Business Partner,operations,junior,hybrid,full_time,61000,78000,filled
1369,212,2025-04-26 13:59:57,Customer Education Specialist,operations,junior,hybrid,full_time,61000,80000,closed
1370,44,2025-04-26 17:22:24,Sales Development Representative,sales,senior,remote,full_time,127000,144000,open
1371,189,2025-04-28 01:49:44,Pricing Analyst,data,mid,remote,full_time,126000,159000,open
1372,34,2025-04-28 08:13:26,Pricing Analyst,data,lead,hybrid,full_time,206000,243000,paused
1373,291,2025-04-28 17:53:27,Growth Product Manager,product,senior,remote,full_time,138000,186000,filled
1374,134,2025-04-29 07:25:02,Content Marketing Manager,operations,senior,hybrid,full_time,113000,131000,filled
1375,82,2025-04-29 12:26:56,Implementation Engineer,engineering,mid,remote,contract,122000,162000,open
1376,316,2025-04-29 13:35:39,Mobile Engineer,engineering,senior,remote,full_time,164000,198000,filled
1377,22,2025-04-30 11:57:10,Customer Success Manager,customer_success,lead,hybrid,full_time,124000,155000,filled
1378,256,2025-04-30 18:58:24,Senior Frontend Engineer,engineering,junior,hybrid,full_time,86000,108000,filled
1379,164,2025-05-01 04:28:32,Inventory Planning Manager,operations,mid,hybrid,full_time,85000,111000,closed
1380,221,2025-05-01 04:53:08,Senior Product Designer,product,mid,hybrid,full_time,118000,149000,filled
1381,84,2025-05-01 05:08:54,Healthcare Account Manager,operations,mid,onsite,contract,94000,105000,open
1382,283,2025-05-01 09:38:52,Business Systems Administrator,operations,senior,onsite,full_time,116000,143000,open
1383,145,2025-05-01 11:17:20,Senior Product Designer,product,mid,onsite,full_time,115000,150000,filled
1384,134,2025-05-02 03:13:11,Senior Accountant,operations,senior,hybrid,full_time,110000,134000,open
1385,147,2025-05-02 07:05:26,Warehouse Systems Analyst,data,mid,hybrid,full_time,126000,165000,open
1386,95,2025-05-02 14:57:14,Cloud Infrastructure Engineer,engineering,mid,hybrid,full_time,126000,153000,filled
1387,103,2025-05-03 00:10:39,Solutions Architect,operations,mid,hybrid,full_time,90000,112000,open
1388,45,2025-05-03 11:46:54,Technical Writer,operations,senior,remote,full_time,108000,140000,filled
1389,156,2025-05-03 16:02:29,Enterprise Account Executive,operations,senior,hybrid,full_time,112000,126000,filled
1390,152,2025-05-03 18:50:54,Compliance Analyst,data,mid,remote,contract,138000,151000,filled
1391,122,2025-05-04 08:18:52,HR Business Partner,operations,senior,remote,full_time,105000,131000,open
1392,316,2025-05-05 08:07:18,Senior Data Scientist,data,junior,onsite,full_time,92000,122000,filled
1393,37,2025-05-05 08:18:00,Implementation Engineer,engineering,mid,remote,full_time,122000,150000,filled
1394,292,2025-05-05 08:55:41,Logistics Operations Manager,operations,mid,hybrid,full_time,85000,114000,closed
1395,278,2025-05-05 12:23:56,Customer Education Specialist,operations,lead,hybrid,full_time,127000,159000,filled
1396,8,2025-05-05 18:33:26,QA Automation Engineer,engineering,senior,remote,full_time,158000,184000,paused
1397,225,2025-05-06 04:05:56,Compliance Analyst,data,senior,onsite,full_time,156000,209000,open
1398,67,2025-05-06 04:35:24,Pricing Analyst,data,junior,remote,full_time,97000,116000,open
1399,14,2025-05-06 14:09:40,Mobile Engineer,engineering,mid,onsite,full_time,131000,150000,filled
1400,276,2025-05-06 20:04:35,Content Marketing Manager,operations,senior,onsite,full_time,116000,126000,closed
1401,38,2025-05-06 20:08:37,Implementation Consultant,operations,mid,remote,full_time,91000,103000,filled
1402,96,2025-05-07 06:23:38,FP&A Analyst,data,lead,remote,full_time,189000,226000,open
1403,31,2025-05-07 17:34:16,Talent Acquisition Specialist,operations,senior,remote,full_time,106000,132000,open
1404,46,2025-05-08 02:27:21,Solutions Consultant,operations,mid,remote,full_time,87000,110000,filled
1405,20,2025-05-09 14:04:04,Senior Accountant,operations,senior,remote,contract,116000,131000,paused
1406,270,2025-05-10 00:14:53,Accounting Manager,operations,lead,onsite,full_time,139000,151000,open
1407,19,2025-05-10 20:20:09,Solutions Architect,operations,mid,remote,full_time,88000,105000,filled
1408,243,2025-05-11 14:08:48,Mobile Engineer,engineering,senior,onsite,full_time,153000,187000,closed
1409,51,2025-05-11 21:46:07,Procurement Analyst,data,lead,remote,part_time,196000,253000,open
1410,293,2025-05-12 16:40:41,Growth Product Manager,product,mid,onsite,full_time,115000,140000,filled
1411,272,2025-05-13 04:08:30,Lifecycle Marketing Manager,operations,lead,remote,full_time,139000,151000,open
1412,202,2025-05-13 09:06:07,Technical Program Manager,operations,junior,hybrid,full_time,62000,79000,filled
1413,266,2025-05-13 10:04:43,Regional Sales Manager,sales,senior,hybrid,full_time,125000,162000,closed
1414,96,2025-05-13 23:56:52,Healthcare Account Manager,operations,senior,remote,full_time,110000,140000,filled
1415,251,2025-05-14 01:11:59,Customer Education Specialist,operations,senior,onsite,full_time,106000,140000,open
1416,71,2025-05-14 02:13:48,Content Marketing Manager,operations,mid,remote,full_time,88000,115000,filled
1417,197,2025-05-14 19:24:51,Product Manager,product,senior,hybrid,full_time,151000,180000,filled
1418,295,2025-05-15 00:58:37,Clinical Operations Analyst,operations,mid,hybrid,full_time,86000,116000,closed
1419,232,2025-05-15 04:46:03,Product Manager,product,mid,hybrid,full_time,118000,134000,closed
1420,87,2025-05-15 22:44:53,Implementation Consultant,operations,mid,remote,full_time,88000,113000,paused
1421,237,2025-05-16 02:43:53,Pricing Analyst,data,senior,remote,part_time,158000,208000,open
1422,283,2025-05-16 20:34:07,HR Business Partner,operations,mid,remote,full_time,84000,114000,filled
1423,285,2025-05-16 21:34:23,Technical Support Engineer,engineering,mid,remote,full_time,122000,152000,filled
1424,237,2025-05-17 01:55:17,Implementation Engineer,engineering,lead,remote,full_time,177000,235000,filled
1425,235,2025-05-17 04:57:31,Customer Success Manager,customer_success,mid,onsite,full_time,83000,99000,closed
1426,252,2025-05-17 11:54:10,Platform Reliability Engineer,engineering,mid,hybrid,full_time,130000,155000,closed
1427,236,2025-05-17 16:40:19,Director of Customer Support,operations,mid,hybrid,full_time,91000,106000,closed
1428,43,2025-05-17 18:13:01,Business Intelligence Analyst,data,mid,remote,full_time,138000,162000,open
1429,258,2025-05-17 23:19:08,Lifecycle Marketing Manager,operations,senior,remote,full_time,110000,137000,open
1430,58,2025-05-18 23:43:51,Pricing Analyst,data,mid,hybrid,full_time,135000,157000,paused
1431,179,2025-05-19 11:26:57,Customer Success Manager,customer_success,junior,remote,contract,62000,71000,open
1432,109,2025-05-20 02:24:00,Staff Data Engineer,engineering,lead,remote,full_time,180000,220000,open
1433,69,2025-05-20 03:11:08,Customer Education Specialist,operations,senior,hybrid,full_time,108000,137000,open
1434,91,2025-05-20 11:35:10,Payroll Specialist,operations,senior,hybrid,full_time,111000,138000,closed
1435,28,2025-05-21 16:06:04,Senior Accountant,operations,senior,onsite,full_time,114000,139000,filled
1436,141,2025-05-23 00:53:32,Data Analyst,data,lead,remote,full_time,194000,225000,open
1437,135,2025-05-23 00:53:45,Healthcare Account Manager,operations,mid,hybrid,full_time,87000,113000,filled
1438,130,2025-05-24 10:55:37,Supply Chain Coordinator,operations,senior,remote,full_time,117000,138000,filled
1439,30,2025-05-24 17:25:03,Mobile Engineer,engineering,senior,remote,full_time,149000,177000,open
1440,195,2025-05-25 04:34:08,Senior Product Designer,product,mid,hybrid,full_time,123000,139000,filled
1441,55,2025-05-25 09:40:49,Partner Success Manager,customer_success,mid,remote,full_time,88000,102000,closed
1442,274,2025-05-25 10:39:29,Inventory Planning Manager,operations,junior,hybrid,full_time,67000,76000,closed
1443,8,2025-05-25 18:49:47,Implementation Consultant,operations,senior,hybrid,full_time,114000,127000,paused
1444,18,2025-05-25 19:55:32,Content Marketing Manager,operations,senior,remote,full_time,107000,129000,filled
1445,97,2025-05-26 12:04:14,HR Business Partner,operations,senior,onsite,full_time,112000,126000,closed
1446,131,2025-05-26 20:01:28,Partner Success Manager,customer_success,mid,hybrid,full_time,87000,97000,filled
1447,311,2025-05-26 22:53:27,Product Manager,product,mid,onsite,full_time,121000,138000,closed
1448,169,2025-05-28 03:35:42,Revenue Operations Manager,operations,mid,hybrid,full_time,87000,113000,filled
1449,122,2025-05-28 09:29:50,Mobile Engineer,engineering,senior,onsite,full_time,150000,190000,filled
1450,269,2025-05-28 13:08:05,Data Analyst,data,lead,remote,full_time,192000,235000,open
1451,78,2025-05-28 17:38:43,Compliance Analyst,data,lead,hybrid,full_time,195000,242000,filled
1452,288,2025-05-28 20:39:07,Payroll Specialist,operations,lead,onsite,full_time,133000,161000,filled
1453,130,2025-05-28 23:43:43,Customer Education Specialist,operations,senior,remote,full_time,115000,128000,open
1454,101,2025-05-29 17:14:15,Warehouse Systems Analyst,data,lead,remote,full_time,201000,228000,filled
1455,97,2025-05-29 23:35:11,Implementation Project Manager,operations,mid,onsite,contract,91000,104000,filled
1456,4,2025-05-30 11:17:28,Product Manager,product,junior,hybrid,full_time,82000,104000,closed
1457,216,2025-05-30 14:11:08,Mobile Engineer,engineering,junior,hybrid,full_time,90000,109000,filled
1458,185,2025-05-31 01:30:15,Logistics Operations Manager,operations,mid,hybrid,full_time,88000,107000,filled
1459,204,2025-05-31 02:05:47,Senior Accountant,operations,mid,onsite,full_time,87000,109000,paused
1460,209,2025-05-31 09:52:07,Sales Development Representative,sales,mid,onsite,full_time,96000,132000,closed
1461,9,2025-05-31 11:58:52,Logistics Operations Manager,operations,lead,hybrid,full_time,130000,156000,filled
1462,281,2025-06-01 04:42:48,FP&A Analyst,data,mid,remote,full_time,128000,161000,filled
1463,164,2025-06-01 13:06:03,Payroll Specialist,operations,lead,remote,full_time,133000,160000,paused
1464,222,2025-06-02 09:30:13,Compliance Analyst,data,senior,hybrid,full_time,156000,205000,open
1465,12,2025-06-02 18:56:53,Logistics Operations Manager,operations,senior,onsite,full_time,108000,138000,filled
1466,244,2025-06-03 05:05:55,Clinical Operations Analyst,operations,senior,hybrid,full_time,105000,138000,filled
1467,217,2025-06-03 13:30:06,Technical Support Engineer,engineering,mid,remote,full_time,128000,146000,open
1468,118,2025-06-04 02:40:32,Solutions Consultant,operations,senior,remote,full_time,111000,133000,closed
1469,300,2025-06-04 06:38:24,Clinical Operations Analyst,operations,mid,hybrid,full_time,88000,113000,filled
1470,209,2025-06-04 14:22:35,Technical Writer,operations,lead,onsite,full_time,127000,158000,filled
1471,291,2025-06-06 04:42:48,Solutions Architect,operations,mid,remote,full_time,94000,115000,filled
1472,263,2025-06-06 20:54:38,Enterprise Account Executive,operations,mid,hybrid,part_time,90000,106000,open
1473,66,2025-06-06 21:51:37,QA Automation Engineer,engineering,senior,onsite,contract,159000,189000,filled
1474,319,2025-06-06 23:43:26,Procurement Analyst,data,senior,onsite,full_time,164000,198000,closed
1475,238,2025-06-07 04:06:19,Growth Product Manager,product,mid,remote,full_time,121000,141000,filled
1476,61,2025-06-07 08:20:15,Senior Data Scientist,data,senior,onsite,full_time,171000,208000,closed
1477,254,2025-06-07 09:21:03,Pricing Analyst,data,mid,hybrid,contract,130000,153000,open
1478,138,2025-06-08 10:00:31,Partner Success Manager,customer_success,senior,onsite,full_time,107000,129000,paused
1479,277,2025-06-09 20:32:19,Demand Generation Manager,operations,mid,remote,full_time,87000,110000,filled
1480,56,2025-06-10 23:23:57,Healthcare Account Manager,operations,mid,hybrid,full_time,91000,113000,closed
1481,84,2025-06-11 20:50:34,Product Manager,product,mid,hybrid,full_time,116000,145000,open
1482,112,2025-06-11 23:01:57,Healthcare Account Manager,operations,mid,remote,full_time,84000,115000,filled
1483,145,2025-06-12 01:34:11,Content Marketing Manager,operations,mid,hybrid,full_time,94000,114000,paused
1484,203,2025-06-12 13:51:35,Staff Data Engineer,engineering,mid,hybrid,full_time,131000,149000,closed
1485,71,2025-06-12 17:45:09,Warehouse Systems Analyst,data,mid,hybrid,full_time,129000,168000,paused
1486,226,2025-06-13 03:39:09,Cloud Infrastructure Engineer,engineering,mid,remote,full_time,132000,162000,closed
1487,8,2025-06-13 05:59:47,Content Marketing Manager,operations,senior,hybrid,full_time,108000,130000,filled
1488,106,2025-06-13 06:28:02,Growth Product Manager,product,mid,remote,full_time,117000,145000,closed
1489,211,2025-06-13 09:58:20,Accounting Manager,operations,senior,onsite,full_time,115000,130000,open
1490,85,2025-06-13 15:47:30,Compliance Analyst,data,lead,onsite,full_time,191000,242000,paused
1491,139,2025-06-13 19:17:31,Inventory Planning Manager,operations,mid,remote,full_time,89000,102000,open
1492,194,2025-06-15 05:25:53,Revenue Operations Manager,operations,lead,remote,full_time,134000,165000,paused
1493,80,2025-06-16 21:55:53,Warehouse Systems Analyst,data,junior,remote,full_time,91000,114000,open
1494,309,2025-06-17 08:14:12,Director of Customer Support,operations,junior,hybrid,full_time,64000,79000,open
1495,272,2025-06-17 08:56:02,Cloud Infrastructure Engineer,engineering,senior,onsite,full_time,152000,177000,filled
1496,311,2025-06-17 10:28:26,Business Intelligence Analyst,data,senior,hybrid,full_time,167000,204000,filled
1497,159,2025-06-17 21:16:06,Payroll Specialist,operations,senior,remote,full_time,106000,134000,open
1498,110,2025-06-18 05:15:45,Operations Excellence Lead,operations,junior,remote,full_time,62000,79000,filled
1499,319,2025-06-18 15:32:59,Talent Acquisition Specialist,operations,senior,remote,full_time,113000,131000,open
1500,234,2025-06-19 10:43:05,Revenue Operations Manager,operations,mid,onsite,full_time,86000,103000,filled
1501,254,2025-06-19 13:53:08,People Operations Partner,operations,mid,hybrid,contract,88000,107000,open
1502,59,2025-06-19 15:38:03,Customer Education Specialist,operations,mid,hybrid,full_time,91000,115000,filled
1503,279,2025-06-20 00:03:41,Risk Operations Analyst,operations,lead,remote,full_time,136000,154000,open
1504,170,2025-06-20 07:05:07,Implementation Engineer,engineering,junior,onsite,full_time,86000,112000,filled
1505,248,2025-06-20 15:23:42,Regional Sales Manager,sales,senior,remote,full_time,131000,144000,paused
1506,265,2025-06-20 22:12:36,Implementation Consultant,operations,senior,onsite,contract,113000,138000,filled
1507,34,2025-06-21 11:42:20,Platform Reliability Engineer,engineering,senior,onsite,part_time,153000,182000,closed
1508,32,2025-06-23 05:59:34,Customer Success Manager,customer_success,senior,hybrid,full_time,108000,127000,open
1509,21,2025-06-23 12:36:39,Senior Backend Engineer,engineering,senior,onsite,contract,160000,186000,open
1510,206,2025-06-25 01:17:20,Clinical Recruiter,operations,mid,remote,full_time,90000,103000,filled
1511,293,2025-06-25 06:29:16,Customer Education Specialist,operations,junior,hybrid,part_time,65000,76000,open
1512,10,2025-06-25 15:19:12,Senior Product Designer,product,senior,remote,full_time,149000,173000,filled
1513,45,2025-06-26 08:33:03,Senior DevOps Engineer,engineering,mid,hybrid,full_time,132000,153000,closed
1514,156,2025-06-26 20:00:03,Cloud Infrastructure Engineer,engineering,mid,remote,full_time,127000,162000,paused
1515,126,2025-06-27 04:29:11,Customer Success Manager,customer_success,mid,remote,full_time,88000,102000,filled
1516,33,2025-06-27 15:17:08,Regional Sales Manager,sales,mid,remote,full_time,105000,131000,filled
1517,196,2025-06-28 01:24:53,Senior Data Scientist,data,junior,remote,full_time,99000,115000,filled
1518,290,2025-06-28 02:32:22,Mobile Engineer,engineering,junior,hybrid,full_time,95000,104000,paused
1519,68,2025-06-28 13:59:16,Director of Customer Support,operations,lead,hybrid,full_time,128000,154000,filled
1520,1,2025-06-28 19:40:24,Talent Acquisition Specialist,operations,mid,remote,full_time,86000,107000,filled
1521,73,2025-06-28 20:49:26,HR Business Partner,operations,lead,onsite,full_time,133000,156000,filled
1522,60,2025-06-28 21:51:20,Implementation Project Manager,operations,lead,onsite,full_time,131000,168000,closed
1523,150,2025-06-29 02:51:00,Growth Product Manager,product,mid,remote,full_time,118000,146000,open
1524,35,2025-06-29 09:01:05,Customer Success Manager,customer_success,senior,hybrid,full_time,108000,129000,filled
1525,116,2025-06-29 13:20:42,Machine Learning Engineer,engineering,senior,hybrid,full_time,163000,189000,filled
1526,39,2025-07-01 08:49:35,Technical Writer,operations,senior,hybrid,full_time,110000,132000,open
1527,217,2025-07-01 09:02:56,Platform Reliability Engineer,engineering,junior,remote,full_time,93000,111000,open
1528,151,2025-07-01 10:29:26,People Operations Partner,operations,mid,hybrid,full_time,86000,103000,filled
1529,25,2025-07-01 12:26:02,HR Business Partner,operations,junior,remote,full_time,64000,74000,open
1530,14,2025-07-02 04:47:18,Logistics Operations Manager,operations,senior,remote,full_time,105000,131000,filled
1531,157,2025-07-02 09:38:37,Payroll Specialist,operations,lead,hybrid,full_time,132000,153000,filled
1532,190,2025-07-02 10:55:59,Platform Reliability Engineer,engineering,senior,hybrid,full_time,156000,194000,closed
1533,56,2025-07-02 19:32:07,Logistics Operations Manager,operations,senior,onsite,full_time,113000,126000,open
1534,104,2025-07-03 06:18:50,Technical Writer,operations,lead,remote,full_time,134000,153000,closed
1535,195,2025-07-04 05:18:49,Logistics Operations Manager,operations,senior,remote,contract,109000,142000,closed
1536,151,2025-07-04 16:57:47,FP&A Analyst,data,junior,remote,full_time,90000,123000,filled
1537,38,2025-07-05 14:17:31,Supply Chain Coordinator,operations,senior,remote,full_time,106000,134000,filled
1538,126,2025-07-05 16:31:19,Senior Data Scientist,data,mid,remote,full_time,139000,160000,filled
1539,64,2025-07-05 18:10:31,Product Manager,product,junior,hybrid,full_time,88000,106000,open
1540,297,2025-07-06 14:59:39,Director of Customer Support,operations,senior,hybrid,full_time,108000,126000,filled
1541,258,2025-07-06 15:06:12,Cloud Infrastructure Engineer,engineering,lead,hybrid,full_time,181000,223000,closed
1542,100,2025-07-07 04:46:22,Clinical Recruiter,operations,mid,remote,full_time,89000,102000,filled
1543,76,2025-07-07 06:40:42,Implementation Consultant,operations,mid,remote,full_time,91000,107000,open
1544,44,2025-07-07 16:46:38,Technical Writer,operations,mid,hybrid,part_time,88000,115000,filled
1545,236,2025-07-07 18:04:34,Partner Success Manager,customer_success,junior,remote,full_time,58000,77000,filled
1546,294,2025-07-07 21:50:45,Implementation Engineer,engineering,junior,onsite,full_time,89000,117000,closed
1547,88,2025-07-07 21:55:22,Demand Generation Manager,operations,senior,remote,full_time,108000,139000,paused
1548,205,2025-07-08 07:25:57,Customer Education Specialist,operations,senior,hybrid,full_time,108000,136000,open
1549,76,2025-07-08 09:05:57,Partner Success Manager,customer_success,mid,onsite,full_time,81000,106000,open
1550,294,2025-07-08 10:27:39,Implementation Consultant,operations,mid,hybrid,full_time,91000,111000,filled
1551,96,2025-07-08 15:27:21,Regional Sales Manager,sales,mid,hybrid,full_time,102000,123000,filled
1552,31,2025-07-08 22:28:57,HR Business Partner,operations,junior,hybrid,full_time,63000,76000,open
1553,282,2025-07-09 01:37:38,Business Intelligence Analyst,data,senior,remote,full_time,165000,199000,closed
1554,303,2025-07-09 09:46:49,Security Engineer,engineering,senior,hybrid,full_time,156000,183000,open
1555,128,2025-07-09 12:26:07,Talent Acquisition Specialist,operations,senior,onsite,full_time,114000,134000,filled
1556,291,2025-07-09 13:36:26,Cloud Infrastructure Engineer,engineering,mid,onsite,contract,132000,145000,filled
1557,79,2025-07-09 19:43:40,Technical Writer,operations,senior,hybrid,full_time,106000,135000,open
1558,87,2025-07-10 00:48:08,Operations Excellence Lead,operations,junior,remote,full_time,67000,75000,closed
1559,172,2025-07-10 04:32:58,Warehouse Systems Analyst,data,mid,onsite,full_time,135000,156000,filled
1560,193,2025-07-10 05:51:13,Technical Writer,operations,lead,hybrid,full_time,135000,160000,filled
1561,124,2025-07-10 12:10:49,Implementation Project Manager,operations,senior,remote,full_time,109000,128000,open
1562,256,2025-07-11 02:57:12,Director of Customer Support,operations,lead,remote,full_time,130000,170000,filled
1563,253,2025-07-11 03:55:09,Business Systems Administrator,operations,lead,remote,full_time,125000,159000,open
1564,39,2025-07-11 09:04:01,Accounting Manager,operations,senior,hybrid,full_time,116000,132000,open
1565,317,2025-07-11 13:07:20,Data Analyst,data,lead,remote,full_time,198000,222000,filled
1566,51,2025-07-11 15:20:04,Data Analyst,data,mid,remote,full_time,131000,168000,filled
1567,169,2025-07-11 18:24:22,Senior Data Scientist,data,junior,remote,full_time,95000,117000,open
1568,136,2025-07-11 22:34:39,Talent Acquisition Specialist,operations,junior,onsite,full_time,61000,77000,filled
1569,145,2025-07-11 22:41:00,Platform Reliability Engineer,engineering,junior,remote,full_time,87000,106000,filled
1570,42,2025-07-12 05:41:38,Demand Generation Manager,operations,junior,remote,full_time,65000,81000,filled
1571,110,2025-07-12 16:00:35,Logistics Operations Manager,operations,mid,hybrid,full_time,89000,115000,filled
1572,10,2025-07-12 20:35:33,Talent Acquisition Specialist,operations,senior,remote,full_time,114000,132000,filled
1573,312,2025-07-12 21:06:56,Implementation Consultant,operations,senior,onsite,full_time,113000,128000,paused
1574,47,2025-07-13 10:10:49,Enterprise Account Executive,operations,senior,onsite,full_time,112000,127000,open
1575,155,2025-07-13 15:53:24,Senior DevOps Engineer,engineering,mid,remote,full_time,130000,142000,filled
1576,70,2025-07-14 06:15:49,Enterprise Account Executive,operations,senior,hybrid,full_time,105000,139000,closed
1577,57,2025-07-14 11:11:32,Mobile Engineer,engineering,mid,remote,full_time,128000,162000,filled
1578,125,2025-07-14 16:31:22,Business Systems Administrator,operations,junior,remote,full_time,66000,83000,open
1579,311,2025-07-14 21:04:59,Senior DevOps Engineer,engineering,mid,remote,full_time,122000,158000,closed
1580,154,2025-07-15 07:35:50,Implementation Project Manager,operations,mid,remote,full_time,86000,103000,filled
1581,308,2025-07-15 08:24:39,Logistics Operations Manager,operations,mid,remote,full_time,86000,115000,closed
1582,265,2025-07-15 18:33:42,Customer Education Specialist,operations,senior,hybrid,full_time,107000,131000,open
1583,140,2025-07-16 13:28:50,Clinical Recruiter,operations,senior,remote,full_time,111000,131000,open
1584,289,2025-07-16 16:28:31,Technical Program Manager,operations,senior,remote,full_time,106000,138000,filled
1585,112,2025-07-16 20:48:06,Enterprise Account Executive,operations,mid,hybrid,full_time,91000,102000,closed
1586,161,2025-07-17 02:41:03,Staff Data Engineer,engineering,senior,hybrid,full_time,149000,197000,closed
1587,218,2025-07-17 07:05:09,People Operations Partner,operations,senior,remote,full_time,105000,143000,filled
1588,189,2025-07-17 08:35:41,Senior Product Designer,product,mid,remote,full_time,115000,148000,paused
1589,266,2025-07-17 21:59:26,Senior Data Scientist,data,senior,remote,full_time,158000,206000,filled
1590,53,2025-07-18 06:06:59,Warehouse Systems Analyst,data,mid,remote,full_time,139000,158000,open
1591,160,2025-07-18 08:56:02,Platform Reliability Engineer,engineering,mid,onsite,contract,123000,144000,filled
1592,213,2025-07-18 14:03:41,Technical Writer,operations,junior,onsite,full_time,62000,81000,filled
1593,106,2025-07-18 17:30:28,Clinical Recruiter,operations,senior,remote,full_time,107000,136000,filled
1594,278,2025-07-18 17:53:04,Technical Support Engineer,engineering,junior,remote,full_time,89000,116000,filled
1595,97,2025-07-19 03:42:39,Talent Acquisition Specialist,operations,mid,hybrid,contract,90000,103000,open
1596,97,2025-07-19 14:03:41,Payroll Specialist,operations,mid,hybrid,full_time,92000,105000,filled
1597,105,2025-07-19 21:03:04,Inventory Planning Manager,operations,lead,remote,full_time,130000,157000,filled
1598,217,2025-07-19 23:01:25,Customer Education Specialist,operations,mid,remote,full_time,90000,111000,closed
1599,38,2025-07-20 03:23:32,Senior Data Scientist,data,mid,hybrid,full_time,132000,166000,open
1600,46,2025-07-20 17:31:34,Technical Writer,operations,mid,hybrid,full_time,93000,115000,open
1601,250,2025-07-21 02:51:19,Revenue Operations Manager,operations,lead,remote,full_time,133000,156000,filled
1602,67,2025-07-21 02:51:57,Technical Support Engineer,engineering,senior,remote,full_time,152000,189000,open
1603,34,2025-07-21 06:36:40,Security Engineer,engineering,lead,remote,contract,190000,211000,filled
1604,85,2025-07-21 08:00:15,Revenue Operations Manager,operations,mid,remote,contract,92000,105000,filled
1605,128,2025-07-21 08:21:41,Demand Generation Manager,operations,junior,hybrid,part_time,64000,77000,closed
1606,11,2025-07-21 08:32:00,Senior Product Designer,product,senior,hybrid,full_time,153000,179000,open
1607,268,2025-07-21 19:19:23,Customer Education Specialist,operations,mid,hybrid,full_time,93000,108000,open
1608,38,2025-07-22 18:49:34,Customer Success Manager,customer_success,senior,remote,full_time,101000,125000,closed
1609,130,2025-07-23 04:31:02,Senior Product Designer,product,lead,remote,full_time,179000,215000,filled
1610,65,2025-07-23 23:42:18,Logistics Operations Manager,operations,mid,onsite,full_time,90000,113000,filled
1611,95,2025-07-24 15:54:32,Senior Product Designer,product,lead,hybrid,full_time,174000,204000,filled
1612,15,2025-07-24 21:21:53,Mobile Engineer,engineering,senior,remote,full_time,156000,185000,paused
1613,304,2025-07-25 04:15:00,Content Marketing Manager,operations,mid,remote,full_time,93000,111000,open
1614,300,2025-07-25 11:11:24,Regional Sales Manager,sales,mid,onsite,full_time,103000,128000,filled
1615,41,2025-07-25 14:04:18,Senior Frontend Engineer,engineering,junior,onsite,full_time,91000,115000,closed
1616,64,2025-07-26 00:44:35,Cloud Infrastructure Engineer,engineering,senior,onsite,full_time,148000,182000,filled
1617,284,2025-07-26 06:51:03,Inventory Planning Manager,operations,junior,hybrid,full_time,64000,78000,closed
1618,133,2025-07-26 23:01:21,Partner Success Manager,customer_success,mid,hybrid,full_time,88000,108000,closed
1619,20,2025-07-27 02:56:32,HR Business Partner,operations,senior,hybrid,full_time,113000,132000,filled
1620,44,2025-07-27 21:39:56,Warehouse Systems Analyst,data,junior,remote,full_time,90000,114000,filled
1621,133,2025-07-27 21:51:00,Senior Accountant,operations,junior,hybrid,contract,67000,83000,closed
1622,179,2025-07-28 00:13:54,Solutions Consultant,operations,senior,hybrid,full_time,115000,127000,open
1623,203,2025-07-28 05:12:27,Senior Data Scientist,data,junior,remote,full_time,95000,119000,filled
1624,50,2025-07-28 19:12:52,Technical Program Manager,operations,mid,onsite,full_time,84000,113000,filled
1625,119,2025-07-28 19:51:05,Procurement Analyst,data,mid,remote,full_time,133000,153000,filled
1626,84,2025-07-28 20:17:10,Senior Data Scientist,data,mid,remote,full_time,125000,165000,open
1627,172,2025-07-29 01:23:59,Partner Success Manager,customer_success,mid,remote,full_time,83000,102000,closed
1628,103,2025-07-29 03:30:30,Compliance Analyst,data,senior,onsite,full_time,166000,208000,filled
1629,66,2025-07-30 03:13:38,Product Manager,product,lead,onsite,full_time,182000,223000,filled
1630,261,2025-07-31 03:21:48,Demand Generation Manager,operations,mid,hybrid,full_time,88000,114000,open
1631,183,2025-07-31 20:14:02,Implementation Consultant,operations,lead,onsite,full_time,137000,151000,filled
1632,152,2025-07-31 20:22:20,Enterprise Account Executive,operations,senior,onsite,full_time,116000,139000,closed
1633,44,2025-07-31 22:20:05,Data Analyst,data,senior,onsite,full_time,155000,210000,filled
1634,23,2025-07-31 22:30:28,Technical Support Engineer,engineering,senior,onsite,full_time,151000,192000,open
1635,255,2025-08-01 16:45:45,Clinical Operations Analyst,operations,senior,remote,contract,113000,136000,filled
1636,310,2025-08-02 00:51:01,Implementation Project Manager,operations,senior,onsite,full_time,114000,126000,paused
1637,187,2025-08-02 05:08:33,Partner Success Manager,customer_success,mid,hybrid,full_time,84000,108000,closed
1638,13,2025-08-02 15:16:15,Compliance Analyst,data,senior,hybrid,full_time,166000,186000,closed
1639,155,2025-08-03 04:13:45,Implementation Engineer,engineering,mid,remote,part_time,127000,149000,open
1640,90,2025-08-03 18:32:25,Content Marketing Manager,operations,junior,hybrid,full_time,66000,82000,open
1641,18,2025-08-04 01:06:49,People Operations Partner,operations,senior,onsite,full_time,113000,142000,paused
1642,46,2025-08-04 03:38:50,Business Systems Administrator,operations,junior,remote,contract,61000,83000,paused
1643,160,2025-08-04 05:07:24,Implementation Consultant,operations,mid,onsite,full_time,86000,108000,open
1644,137,2025-08-04 05:50:45,Cloud Infrastructure Engineer,engineering,junior,remote,full_time,87000,105000,filled
1645,181,2025-08-04 08:27:24,Healthcare Account Manager,operations,mid,remote,full_time,93000,108000,open
1646,222,2025-08-04 11:17:56,Logistics Operations Manager,operations,senior,remote,contract,116000,127000,filled
1647,86,2025-08-04 17:16:31,Technical Program Manager,operations,senior,onsite,full_time,114000,141000,filled
1648,92,2025-08-04 21:22:29,People Operations Partner,operations,mid,hybrid,full_time,85000,109000,closed
1649,217,2025-08-05 05:26:37,Logistics Operations Manager,operations,junior,remote,full_time,65000,77000,filled
1650,64,2025-08-05 11:16:51,Procurement Analyst,data,mid,hybrid,full_time,127000,151000,filled
1651,25,2025-08-05 16:54:35,Machine Learning Engineer,engineering,mid,remote,full_time,124000,151000,open
1652,274,2025-08-06 01:26:02,Supply Chain Coordinator,operations,senior,hybrid,full_time,108000,141000,paused
1653,67,2025-08-06 01:45:45,Senior Product Designer,product,senior,onsite,full_time,151000,182000,open
1654,39,2025-08-06 12:50:12,Healthcare Account Manager,operations,mid,hybrid,contract,86000,102000,open
1655,237,2025-08-06 19:55:17,Solutions Consultant,operations,mid,onsite,full_time,91000,103000,paused
1656,171,2025-08-06 20:46:37,Technical Support Engineer,engineering,lead,hybrid,full_time,196000,222000,closed
1657,48,2025-08-06 21:10:09,Business Systems Administrator,operations,senior,onsite,full_time,113000,127000,closed
1658,273,2025-08-07 00:03:04,Senior DevOps Engineer,engineering,mid,remote,full_time,120000,161000,open
1659,79,2025-08-07 03:10:32,Operations Excellence Lead,operations,mid,remote,part_time,93000,111000,open
1660,217,2025-08-07 06:23:16,Machine Learning Engineer,engineering,junior,remote,full_time,92000,104000,open
1661,209,2025-08-07 07:00:14,Senior DevOps Engineer,engineering,lead,hybrid,full_time,185000,235000,closed
1662,266,2025-08-07 08:24:24,Customer Education Specialist,operations,mid,hybrid,full_time,91000,106000,filled
1663,234,2025-08-07 11:47:05,Risk Operations Analyst,operations,mid,hybrid,full_time,93000,105000,closed
1664,225,2025-08-08 00:26:23,Logistics Operations Manager,operations,lead,remote,full_time,132000,162000,filled
1665,17,2025-08-09 11:38:26,Clinical Recruiter,operations,senior,remote,full_time,111000,125000,filled
1666,301,2025-08-09 14:20:01,FP&A Analyst,data,junior,hybrid,full_time,95000,115000,closed
1667,41,2025-08-09 14:39:16,QA Automation Engineer,engineering,junior,onsite,full_time,86000,115000,paused
1668,82,2025-08-09 16:34:28,Senior Accountant,operations,junior,remote,full_time,66000,82000,filled
1669,143,2025-08-10 01:49:14,Cloud Infrastructure Engineer,engineering,senior,remote,full_time,149000,185000,filled
1670,93,2025-08-10 07:01:35,Payroll Specialist,operations,junior,remote,full_time,63000,79000,filled
1671,190,2025-08-10 07:41:18,Staff Data Engineer,engineering,lead,hybrid,full_time,184000,217000,open
1672,17,2025-08-10 19:46:54,Senior Accountant,operations,lead,remote,full_time,129000,162000,open
1673,146,2025-08-11 00:34:31,Customer Education Specialist,operations,senior,remote,full_time,109000,130000,filled
1674,112,2025-08-11 18:36:31,Implementation Project Manager,operations,senior,hybrid,full_time,112000,136000,filled
1675,208,2025-08-11 20:09:44,Platform Reliability Engineer,engineering,mid,remote,full_time,123000,146000,filled
1676,167,2025-08-12 02:30:56,Growth Product Manager,product,junior,remote,full_time,81000,109000,filled
1677,242,2025-08-12 18:45:05,FP&A Analyst,data,senior,remote,full_time,170000,209000,open
1678,53,2025-08-12 20:38:26,Accounting Manager,operations,junior,onsite,full_time,68000,76000,closed
1679,304,2025-08-12 22:00:52,Payroll Specialist,operations,junior,remote,full_time,64000,81000,paused
1680,126,2025-08-13 00:31:28,Accounting Manager,operations,mid,remote,full_time,87000,102000,open
1681,112,2025-08-13 09:12:28,Regional Sales Manager,sales,junior,remote,full_time,70000,92000,filled
1682,176,2025-08-13 11:13:40,Healthcare Account Manager,operations,mid,hybrid,full_time,85000,105000,paused
1683,53,2025-08-13 22:41:41,Technical Writer,operations,senior,onsite,full_time,109000,128000,open
1684,261,2025-08-14 09:19:51,Customer Success Manager,customer_success,senior,remote,contract,110000,131000,open
1685,85,2025-08-15 12:44:29,Lifecycle Marketing Manager,operations,senior,remote,full_time,113000,134000,filled
1686,297,2025-08-15 12:47:08,QA Automation Engineer,engineering,senior,remote,full_time,153000,190000,filled
1687,48,2025-08-15 14:39:03,Solutions Architect,operations,mid,hybrid,full_time,94000,109000,filled
1688,277,2025-08-15 15:37:18,Technical Support Engineer,engineering,senior,onsite,full_time,155000,178000,open
1689,127,2025-08-16 01:45:59,Senior DevOps Engineer,engineering,senior,hybrid,full_time,152000,178000,open
1690,195,2025-08-16 01:57:57,Procurement Analyst,data,mid,remote,full_time,131000,162000,closed
1691,280,2025-08-16 03:47:53,Technical Program Manager,operations,lead,onsite,full_time,128000,163000,closed
1692,42,2025-08-16 11:13:16,Revenue Operations Manager,operations,mid,hybrid,full_time,93000,102000,open
1693,112,2025-08-16 17:06:39,QA Automation Engineer,engineering,junior,remote,full_time,89000,108000,filled
1694,304,2025-08-16 23:20:07,Technical Writer,operations,mid,remote,full_time,91000,110000,open
1695,48,2025-08-17 08:22:57,Senior Backend Engineer,engineering,mid,remote,full_time,124000,156000,filled
1696,33,2025-08-17 12:39:32,Data Analyst,data,mid,onsite,full_time,138000,167000,filled
1697,168,2025-08-18 12:41:05,Senior Accountant,operations,senior,hybrid,full_time,112000,133000,filled
1698,8,2025-08-19 02:47:06,Operations Excellence Lead,operations,lead,hybrid,contract,132000,161000,filled
1699,318,2025-08-19 14:51:42,Platform Reliability Engineer,engineering,mid,onsite,full_time,121000,154000,open
1700,290,2025-08-19 19:54:47,Accounting Manager,operations,senior,remote,full_time,115000,131000,filled
1701,61,2025-08-19 21:12:38,Senior DevOps Engineer,engineering,mid,remote,part_time,126000,143000,closed
1702,56,2025-08-19 23:43:15,Customer Success Manager,customer_success,senior,remote,full_time,102000,119000,open
1703,249,2025-08-20 03:33:16,Solutions Consultant,operations,mid,onsite,full_time,93000,113000,filled
1704,167,2025-08-20 11:36:43,Clinical Recruiter,operations,junior,hybrid,full_time,61000,75000,open
1705,264,2025-08-20 20:22:31,Senior DevOps Engineer,engineering,senior,remote,contract,153000,192000,open
1706,310,2025-08-21 03:59:20,Procurement Analyst,data,senior,remote,full_time,164000,201000,filled
1707,129,2025-08-21 04:50:34,Risk Operations Analyst,operations,senior,hybrid,full_time,109000,132000,closed
1708,82,2025-08-21 11:04:20,Business Systems Administrator,operations,senior,hybrid,full_time,110000,140000,open
1709,199,2025-08-21 19:15:57,Operations Excellence Lead,operations,senior,hybrid,full_time,108000,138000,open
1710,204,2025-08-22 21:11:06,Healthcare Account Manager,operations,mid,remote,full_time,86000,101000,open
1711,139,2025-08-23 03:01:56,Data Analyst,data,junior,onsite,full_time,90000,120000,filled
1712,96,2025-08-23 09:17:32,Procurement Analyst,data,junior,onsite,contract,91000,115000,filled
1713,84,2025-08-23 19:39:56,Logistics Operations Manager,operations,junior,hybrid,full_time,67000,76000,open
1714,167,2025-08-23 20:56:38,Senior Data Scientist,data,mid,hybrid,full_time,133000,165000,filled
1715,137,2025-08-24 06:37:05,Business Systems Administrator,operations,mid,onsite,full_time,89000,111000,paused
1716,147,2025-08-24 07:03:17,Partner Success Manager,customer_success,mid,onsite,full_time,84000,100000,filled
1717,31,2025-08-24 09:24:13,Business Intelligence Analyst,data,senior,hybrid,full_time,167000,212000,filled
1718,282,2025-08-24 09:40:03,Demand Generation Manager,operations,mid,hybrid,full_time,86000,110000,filled
1719,227,2025-08-24 10:12:48,Healthcare Account Manager,operations,senior,remote,full_time,108000,136000,filled
1720,295,2025-08-24 11:54:09,Inventory Planning Manager,operations,senior,onsite,full_time,112000,126000,paused
1721,266,2025-08-24 18:06:26,Business Systems Administrator,operations,mid,hybrid,full_time,89000,105000,open
1722,199,2025-08-25 03:17:23,Inventory Planning Manager,operations,mid,remote,full_time,92000,108000,open
1723,99,2025-08-25 05:19:16,Customer Education Specialist,operations,senior,remote,contract,115000,137000,open
1724,210,2025-08-25 13:31:52,Compliance Analyst,data,senior,onsite,full_time,169000,199000,filled
1725,182,2025-08-25 14:25:43,Director of Customer Support,operations,mid,onsite,contract,86000,112000,open
1726,296,2025-08-25 16:02:17,Content Marketing Manager,operations,mid,onsite,full_time,85000,105000,filled
1727,75,2025-08-25 23:08:25,QA Automation Engineer,engineering,senior,hybrid,full_time,150000,194000,open
1728,9,2025-08-26 11:40:39,Healthcare Account Manager,operations,senior,onsite,full_time,114000,140000,filled
1729,41,2025-08-26 16:07:52,Partner Success Manager,customer_success,mid,onsite,full_time,88000,106000,open
1730,57,2025-08-27 06:49:40,Solutions Consultant,operations,mid,remote,full_time,93000,112000,filled
1731,213,2025-08-27 13:37:04,Content Marketing Manager,operations,lead,remote,full_time,129000,169000,closed
1732,47,2025-08-27 16:20:38,Senior Accountant,operations,junior,onsite,contract,67000,74000,filled
1733,43,2025-08-27 19:29:11,Revenue Operations Manager,operations,senior,remote,full_time,111000,138000,filled
1734,128,2025-08-28 21:10:19,Lifecycle Marketing Manager,operations,mid,hybrid,full_time,92000,115000,closed
1735,251,2025-08-29 10:18:57,Accounting Manager,operations,senior,hybrid,full_time,111000,136000,filled
1736,136,2025-08-29 13:21:28,Data Analyst,data,mid,hybrid,contract,127000,154000,filled
1737,87,2025-08-30 00:50:59,Cloud Infrastructure Engineer,engineering,junior,remote,full_time,86000,117000,filled
1738,92,2025-08-30 08:01:04,Warehouse Systems Analyst,data,lead,hybrid,full_time,205000,227000,filled
1739,262,2025-08-30 12:48:49,QA Automation Engineer,engineering,mid,remote,full_time,125000,149000,filled
1740,139,2025-08-31 07:23:23,Lifecycle Marketing Manager,operations,lead,onsite,full_time,130000,153000,filled
1741,118,2025-09-03 01:52:45,Demand Generation Manager,operations,mid,remote,full_time,88000,108000,filled
1742,248,2025-09-03 09:51:30,Product Manager,product,senior,hybrid,contract,144000,175000,paused
1743,119,2025-09-03 15:22:46,Talent Acquisition Specialist,operations,lead,onsite,full_time,138000,160000,filled
1744,115,2025-09-04 19:04:33,Logistics Operations Manager,operations,senior,remote,full_time,105000,142000,open
1745,241,2025-09-05 14:03:51,Content Marketing Manager,operations,mid,remote,full_time,85000,108000,open
1746,105,2025-09-05 14:51:01,Partner Success Manager,customer_success,senior,onsite,full_time,108000,128000,filled
1747,164,2025-09-05 21:54:58,Implementation Consultant,operations,senior,remote,full_time,111000,141000,filled
1748,213,2025-09-06 08:41:06,Risk Operations Analyst,operations,lead,remote,full_time,127000,167000,filled
1749,65,2025-09-06 10:17:53,Technical Support Engineer,engineering,mid,hybrid,full_time,119000,147000,paused
1750,42,2025-09-06 11:36:49,Operations Excellence Lead,operations,mid,onsite,full_time,86000,101000,filled
1751,273,2025-09-07 08:28:04,Lifecycle Marketing Manager,operations,mid,hybrid,full_time,87000,110000,closed
1752,96,2025-09-07 09:26:50,Senior Frontend Engineer,engineering,senior,remote,full_time,147000,198000,filled
1753,109,2025-09-07 15:04:39,Security Engineer,engineering,lead,onsite,full_time,180000,227000,open
1754,189,2025-09-08 09:04:20,Implementation Consultant,operations,junior,hybrid,full_time,66000,75000,filled
1755,33,2025-09-08 21:22:03,FP&A Analyst,data,senior,hybrid,contract,170000,205000,filled
1756,15,2025-09-10 18:06:23,Compliance Analyst,data,lead,hybrid,full_time,204000,243000,open
1757,134,2025-09-10 19:43:00,Solutions Consultant,operations,junior,remote,full_time,63000,79000,filled
1758,310,2025-09-10 20:22:21,Senior Product Designer,product,junior,remote,part_time,83000,108000,filled
1759,184,2025-09-11 06:48:13,Platform Reliability Engineer,engineering,senior,hybrid,full_time,164000,196000,open
1760,186,2025-09-12 17:12:03,Logistics Operations Manager,operations,senior,remote,full_time,114000,137000,filled
1761,196,2025-09-13 09:35:30,Talent Acquisition Specialist,operations,junior,hybrid,full_time,64000,80000,filled
1762,276,2025-09-13 10:22:31,Business Intelligence Analyst,data,senior,remote,full_time,159000,203000,filled
1763,268,2025-09-14 07:29:37,Sales Development Representative,sales,senior,remote,full_time,124000,154000,open
1764,8,2025-09-14 13:41:14,Cloud Infrastructure Engineer,engineering,lead,remote,full_time,186000,225000,closed
1765,174,2025-09-15 09:04:28,Logistics Operations Manager,operations,lead,hybrid,contract,133000,165000,filled
1766,175,2025-09-15 12:30:52,Pricing Analyst,data,senior,hybrid,full_time,155000,202000,open
1767,72,2025-09-15 15:17:46,Lifecycle Marketing Manager,operations,senior,remote,full_time,116000,134000,closed
1768,313,2025-09-16 01:28:51,Risk Operations Analyst,operations,mid,remote,full_time,90000,103000,paused
1769,84,2025-09-16 06:35:07,Machine Learning Engineer,engineering,senior,remote,full_time,157000,194000,filled
1770,267,2025-09-16 21:09:53,Director of Customer Support,operations,junior,onsite,contract,62000,80000,filled
1771,33,2025-09-17 02:56:39,Clinical Recruiter,operations,senior,remote,full_time,114000,131000,paused
1772,193,2025-09-17 03:11:36,Machine Learning Engineer,engineering,mid,onsite,full_time,129000,150000,open
1773,236,2025-09-17 17:06:30,Risk Operations Analyst,operations,senior,remote,full_time,106000,130000,open
1774,162,2025-09-18 12:20:52,Demand Generation Manager,operations,junior,remote,full_time,65000,83000,filled
1775,34,2025-09-18 16:53:46,HR Business Partner,operations,mid,hybrid,full_time,91000,114000,closed
1776,40,2025-09-18 16:54:17,Accounting Manager,operations,mid,hybrid,full_time,92000,109000,open
1777,194,2025-09-18 18:37:37,Solutions Consultant,operations,senior,remote,full_time,107000,132000,filled
1778,277,2025-09-19 02:30:31,Senior Product Designer,product,senior,onsite,full_time,152000,182000,open
1779,192,2025-09-19 14:02:53,Talent Acquisition Specialist,operations,junior,remote,full_time,64000,78000,filled
1780,33,2025-09-19 17:00:49,Platform Reliability Engineer,engineering,senior,remote,full_time,149000,201000,filled
1781,252,2025-09-19 20:22:21,Solutions Architect,operations,senior,remote,full_time,106000,126000,filled
1782,147,2025-09-19 20:23:14,Business Intelligence Analyst,data,mid,hybrid,full_time,128000,150000,closed
1783,24,2025-09-19 20:33:50,Talent Acquisition Specialist,operations,senior,onsite,full_time,108000,136000,open
1784,118,2025-09-19 20:55:27,Product Manager,product,mid,remote,full_time,117000,137000,filled
1785,65,2025-09-20 01:19:20,Director of Customer Support,operations,mid,onsite,full_time,92000,110000,filled
1786,316,2025-09-20 10:23:21,Security Engineer,engineering,senior,hybrid,contract,150000,196000,filled
1787,292,2025-09-20 18:19:22,Clinical Recruiter,operations,junior,onsite,full_time,68000,74000,open
1788,34,2025-09-21 00:14:16,Director of Customer Support,operations,lead,onsite,full_time,127000,159000,filled
1789,184,2025-09-21 05:46:24,Senior Product Designer,product,lead,onsite,full_time,176000,216000,closed
1790,3,2025-09-21 17:42:39,Customer Success Manager,customer_success,senior,hybrid,full_time,110000,133000,open
1791,147,2025-09-22 00:01:29,Healthcare Account Manager,operations,senior,remote,full_time,115000,134000,open
1792,50,2025-09-22 01:25:19,Accounting Manager,operations,senior,hybrid,contract,112000,129000,open
1793,240,2025-09-22 13:51:55,Solutions Architect,operations,lead,hybrid,full_time,135000,162000,closed
1794,24,2025-09-22 14:12:06,HR Business Partner,operations,mid,hybrid,full_time,86000,108000,closed
1795,289,2025-09-22 20:41:16,Mobile Engineer,engineering,junior,hybrid,full_time,86000,114000,filled
1796,74,2025-09-23 06:41:04,Risk Operations Analyst,operations,senior,remote,full_time,110000,135000,filled
1797,85,2025-09-23 16:49:25,FP&A Analyst,data,mid,onsite,full_time,126000,155000,closed
1798,284,2025-09-23 17:49:43,Solutions Consultant,operations,mid,remote,contract,88000,112000,open
1799,289,2025-09-24 09:07:06,Warehouse Systems Analyst,data,junior,onsite,full_time,92000,116000,filled
1800,31,2025-09-24 11:56:43,Implementation Project Manager,operations,senior,remote,full_time,116000,128000,open
1801,35,2025-09-25 03:40:14,Implementation Project Manager,operations,mid,remote,contract,93000,109000,open
1802,274,2025-09-25 18:51:23,Clinical Recruiter,operations,mid,onsite,full_time,92000,115000,filled
1803,313,2025-09-26 06:44:01,Platform Reliability Engineer,engineering,junior,onsite,full_time,93000,113000,filled
1804,157,2025-09-26 09:06:49,Solutions Architect,operations,mid,hybrid,contract,86000,105000,filled
1805,53,2025-09-26 15:15:20,Sales Development Representative,sales,lead,onsite,full_time,143000,188000,closed
1806,49,2025-09-26 15:18:20,Demand Generation Manager,operations,mid,remote,full_time,91000,105000,closed
1807,86,2025-09-27 09:36:03,Machine Learning Engineer,engineering,senior,onsite,full_time,158000,190000,closed
1808,220,2025-09-27 13:01:27,Machine Learning Engineer,engineering,senior,remote,contract,153000,190000,filled
1809,31,2025-09-27 14:35:54,Technical Support Engineer,engineering,mid,hybrid,full_time,125000,147000,closed
1810,206,2025-09-29 00:07:54,Data Analyst,data,senior,hybrid,full_time,163000,195000,closed
1811,258,2025-09-29 03:42:31,Sales Development Representative,sales,senior,remote,full_time,123000,163000,open
1812,46,2025-09-29 10:59:41,Talent Acquisition Specialist,operations,senior,hybrid,contract,108000,130000,paused
1813,315,2025-09-29 22:26:36,Senior DevOps Engineer,engineering,junior,hybrid,full_time,90000,114000,open
1814,316,2025-09-30 15:30:28,Solutions Architect,operations,junior,remote,full_time,65000,80000,open
1815,96,2025-09-30 16:28:14,Regional Sales Manager,sales,lead,onsite,contract,158000,184000,filled
1816,36,2025-09-30 16:32:51,Risk Operations Analyst,operations,senior,hybrid,full_time,111000,128000,filled
1817,105,2025-09-30 18:21:59,Machine Learning Engineer,engineering,lead,remote,full_time,191000,217000,filled
1818,83,2025-09-30 21:44:10,People Operations Partner,operations,lead,hybrid,full_time,136000,153000,filled
1819,90,2025-09-30 22:24:28,Logistics Operations Manager,operations,junior,remote,full_time,61000,79000,open
1820,296,2025-09-30 22:42:07,Platform Reliability Engineer,engineering,senior,remote,full_time,158000,201000,filled
1821,50,2025-10-02 05:55:58,Content Marketing Manager,operations,mid,hybrid,full_time,89000,114000,open
1822,102,2025-10-02 16:10:46,Product Manager,product,senior,remote,full_time,147000,165000,paused
1823,252,2025-10-03 01:22:15,Senior Backend Engineer,engineering,junior,remote,full_time,86000,106000,open
1824,19,2025-10-03 09:16:35,Implementation Project Manager,operations,mid,hybrid,full_time,93000,103000,filled
1825,20,2025-10-03 17:57:46,Director of Customer Support,operations,senior,remote,full_time,116000,143000,filled
1826,97,2025-10-03 18:03:30,Business Intelligence Analyst,data,senior,onsite,contract,155000,192000,open
1827,310,2025-10-03 21:45:08,Senior Data Scientist,data,senior,onsite,full_time,158000,191000,closed
1828,269,2025-10-04 13:08:49,Content Marketing Manager,operations,mid,remote,full_time,86000,110000,filled
1829,297,2025-10-04 14:06:18,Operations Excellence Lead,operations,mid,hybrid,full_time,92000,109000,open
1830,277,2025-10-04 16:47:43,Technical Support Engineer,engineering,lead,remote,full_time,188000,217000,paused
1831,38,2025-10-06 01:20:18,Cloud Infrastructure Engineer,engineering,mid,hybrid,full_time,121000,156000,closed
1832,129,2025-10-06 17:37:09,Risk Operations Analyst,operations,mid,remote,full_time,92000,102000,filled
1833,170,2025-10-06 20:21:13,Customer Success Manager,customer_success,senior,onsite,contract,103000,119000,filled
1834,54,2025-10-07 08:49:21,Customer Education Specialist,operations,mid,remote,full_time,89000,102000,filled
1835,318,2025-10-07 20:32:04,Content Marketing Manager,operations,senior,hybrid,full_time,109000,132000,filled
1836,193,2025-10-07 21:43:28,Senior Accountant,operations,mid,remote,full_time,89000,115000,filled
1837,273,2025-10-07 22:21:32,Partner Success Manager,customer_success,senior,remote,full_time,105000,128000,filled
1838,83,2025-10-08 05:52:34,Procurement Analyst,data,lead,hybrid,full_time,190000,245000,filled
1839,229,2025-10-09 03:14:55,Staff Data Engineer,engineering,lead,hybrid,full_time,184000,220000,filled
1840,34,2025-10-09 11:03:17,Senior Data Scientist,data,senior,onsite,full_time,171000,205000,closed
1841,8,2025-10-09 22:54:51,Partner Success Manager,customer_success,mid,remote,full_time,85000,109000,open
1842,205,2025-10-10 07:02:40,Growth Product Manager,product,senior,remote,full_time,152000,173000,open
1843,22,2025-10-10 21:46:52,Data Analyst,data,senior,remote,full_time,165000,212000,filled
1844,89,2025-10-10 21:49:46,Technical Program Manager,operations,senior,remote,full_time,114000,137000,filled
1845,255,2025-10-11 06:32:00,Implementation Project Manager,operations,senior,onsite,full_time,108000,139000,open
1846,160,2025-10-12 09:35:39,Pricing Analyst,data,senior,onsite,full_time,169000,192000,filled
1847,121,2025-10-12 13:10:07,Clinical Recruiter,operations,senior,onsite,full_time,108000,137000,open
1848,93,2025-10-12 16:58:32,Operations Excellence Lead,operations,senior,remote,full_time,105000,134000,filled
1849,214,2025-10-13 07:26:54,Senior Accountant,operations,mid,hybrid,contract,86000,115000,filled
1850,306,2025-10-13 12:21:32,HR Business Partner,operations,mid,hybrid,full_time,84000,114000,filled
1851,237,2025-10-13 14:16:45,Demand Generation Manager,operations,senior,remote,full_time,116000,132000,filled
1852,115,2025-10-14 14:02:47,Data Analyst,data,junior,hybrid,contract,100000,122000,filled
1853,136,2025-10-16 04:21:38,Risk Operations Analyst,operations,senior,remote,full_time,114000,141000,open
1854,33,2025-10-16 06:07:59,Enterprise Account Executive,operations,senior,remote,full_time,106000,136000,filled
1855,46,2025-10-16 08:52:48,Senior DevOps Engineer,engineering,mid,onsite,full_time,131000,144000,open
1856,86,2025-10-16 18:05:21,Senior Backend Engineer,engineering,senior,remote,full_time,160000,180000,filled
1857,124,2025-10-16 21:44:18,Mobile Engineer,engineering,senior,onsite,full_time,153000,178000,filled
1858,317,2025-10-17 00:15:05,Accounting Manager,operations,senior,remote,full_time,111000,127000,open
1859,279,2025-10-18 12:40:36,Data Analyst,data,mid,remote,full_time,134000,171000,open
1860,37,2025-10-18 23:29:20,Senior Accountant,operations,senior,remote,full_time,105000,129000,closed
1861,106,2025-10-19 08:14:24,Senior Accountant,operations,mid,remote,contract,89000,111000,paused
1862,19,2025-10-19 13:33:11,Clinical Operations Analyst,operations,senior,hybrid,full_time,113000,137000,open
1863,21,2025-10-19 19:04:51,Implementation Project Manager,operations,junior,remote,part_time,62000,79000,filled
1864,120,2025-10-19 20:59:56,Mobile Engineer,engineering,senior,hybrid,full_time,155000,182000,closed
1865,307,2025-10-20 07:03:10,Risk Operations Analyst,operations,senior,onsite,full_time,111000,136000,filled
1866,60,2025-10-20 15:15:50,Security Engineer,engineering,senior,remote,contract,160000,192000,filled
1867,218,2025-10-20 17:14:11,Procurement Analyst,data,mid,remote,full_time,139000,162000,open
1868,126,2025-10-21 14:15:26,Implementation Engineer,engineering,senior,remote,full_time,162000,181000,filled
1869,174,2025-10-21 16:25:13,Growth Product Manager,product,senior,onsite,full_time,148000,182000,open
1870,279,2025-10-21 16:40:42,FP&A Analyst,data,mid,hybrid,full_time,133000,151000,filled
1871,266,2025-10-21 17:35:07,Senior DevOps Engineer,engineering,lead,remote,full_time,188000,228000,open
1872,266,2025-10-23 04:23:15,Technical Support Engineer,engineering,senior,hybrid,part_time,156000,187000,filled
1873,132,2025-10-23 09:28:18,Logistics Operations Manager,operations,lead,hybrid,full_time,126000,155000,closed
1874,16,2025-10-23 18:23:05,HR Business Partner,operations,lead,remote,full_time,135000,167000,filled
1875,316,2025-10-24 23:33:21,Customer Success Manager,customer_success,lead,remote,full_time,128000,145000,open
1876,319,2025-10-25 01:50:15,Implementation Engineer,engineering,senior,onsite,full_time,156000,200000,filled
1877,275,2025-10-27 14:19:52,Business Systems Administrator,operations,senior,remote,full_time,115000,141000,open
1878,153,2025-10-28 10:03:29,Growth Product Manager,product,mid,remote,full_time,120000,140000,closed
1879,90,2025-10-29 23:55:08,Inventory Planning Manager,operations,senior,remote,full_time,109000,131000,filled
1880,56,2025-10-30 01:54:24,Pricing Analyst,data,senior,hybrid,full_time,155000,189000,closed
1881,119,2025-10-30 08:52:30,Implementation Consultant,operations,senior,hybrid,full_time,105000,142000,filled
1882,108,2025-10-31 00:54:45,Pricing Analyst,data,senior,remote,full_time,161000,202000,filled
1883,89,2025-10-31 12:23:52,Senior Product Designer,product,junior,hybrid,full_time,84000,96000,closed
1884,305,2025-11-01 02:25:15,People Operations Partner,operations,mid,hybrid,full_time,86000,108000,filled
1885,211,2025-11-01 03:12:22,Product Manager,product,senior,remote,full_time,141000,167000,closed
1886,72,2025-11-01 08:09:55,Clinical Operations Analyst,operations,mid,onsite,full_time,87000,109000,paused
1887,205,2025-11-01 08:28:49,Risk Operations Analyst,operations,junior,remote,full_time,66000,78000,filled
1888,226,2025-11-01 11:47:16,Senior Frontend Engineer,engineering,mid,remote,full_time,129000,144000,closed
1889,168,2025-11-01 17:26:19,Clinical Recruiter,operations,senior,onsite,full_time,109000,140000,closed
1890,303,2025-11-02 04:54:18,Technical Program Manager,operations,mid,onsite,contract,86000,105000,filled
1891,310,2025-11-02 17:53:16,Partner Success Manager,customer_success,junior,remote,contract,58000,74000,filled
1892,139,2025-11-03 08:59:15,Customer Education Specialist,operations,junior,onsite,full_time,61000,79000,open
1893,152,2025-11-04 13:57:17,Healthcare Account Manager,operations,mid,hybrid,contract,88000,115000,open
1894,70,2025-11-05 09:55:41,Sales Development Representative,sales,mid,remote,full_time,97000,124000,open
1895,251,2025-11-06 02:22:05,Growth Product Manager,product,senior,onsite,full_time,143000,187000,filled
1896,298,2025-11-06 03:43:06,Security Engineer,engineering,senior,onsite,full_time,164000,185000,filled
1897,211,2025-11-06 08:08:51,Technical Program Manager,operations,mid,remote,full_time,89000,114000,open
1898,65,2025-11-06 10:34:46,Business Intelligence Analyst,data,senior,hybrid,full_time,169000,192000,filled
1899,166,2025-11-07 01:39:34,Warehouse Systems Analyst,data,mid,remote,contract,127000,165000,filled
1900,255,2025-11-07 11:12:19,Machine Learning Engineer,engineering,mid,remote,full_time,122000,144000,paused
1901,14,2025-11-07 11:31:21,Technical Support Engineer,engineering,lead,onsite,full_time,195000,241000,open
1902,189,2025-11-07 20:00:14,Logistics Operations Manager,operations,senior,hybrid,full_time,109000,143000,closed
1903,211,2025-11-08 03:32:41,Risk Operations Analyst,operations,lead,hybrid,full_time,134000,159000,closed
1904,172,2025-11-08 16:55:47,Customer Success Manager,customer_success,mid,hybrid,full_time,89000,103000,filled
1905,206,2025-11-12 18:34:01,Partner Success Manager,customer_success,mid,hybrid,full_time,85000,104000,open
1906,287,2025-11-13 06:29:42,Compliance Analyst,data,mid,remote,full_time,129000,155000,open
1907,40,2025-11-13 07:53:38,Business Systems Administrator,operations,mid,onsite,full_time,89000,111000,filled
1908,183,2025-11-13 20:25:36,Clinical Operations Analyst,operations,lead,hybrid,full_time,126000,165000,filled
1909,255,2025-11-13 20:27:38,Customer Success Manager,customer_success,junior,hybrid,full_time,58000,74000,open
1910,264,2025-11-14 03:05:05,Clinical Recruiter,operations,senior,hybrid,full_time,105000,128000,closed
1911,150,2025-11-14 07:41:01,Senior Backend Engineer,engineering,senior,remote,full_time,162000,200000,open
1912,320,2025-11-14 09:26:42,Supply Chain Coordinator,operations,senior,remote,full_time,113000,127000,closed
1913,104,2025-11-14 10:45:09,Inventory Planning Manager,operations,mid,remote,full_time,87000,110000,closed
1914,142,2025-11-14 15:03:32,Logistics Operations Manager,operations,senior,remote,full_time,107000,127000,open
1915,264,2025-11-14 17:06:20,Lifecycle Marketing Manager,operations,mid,hybrid,full_time,91000,103000,open
1916,141,2025-11-15 07:20:05,Machine Learning Engineer,engineering,senior,onsite,full_time,163000,177000,filled
1917,110,2025-11-15 13:51:15,Technical Support Engineer,engineering,mid,remote,full_time,123000,150000,filled
1918,178,2025-11-16 16:17:29,Solutions Consultant,operations,lead,remote,full_time,129000,163000,open
1919,199,2025-11-17 20:37:40,Technical Writer,operations,senior,hybrid,part_time,115000,135000,filled
1920,311,2025-11-18 08:01:32,Senior Frontend Engineer,engineering,senior,remote,full_time,162000,194000,open
1921,198,2025-11-18 23:36:23,Regional Sales Manager,sales,senior,onsite,contract,132000,157000,filled
1922,60,2025-11-19 10:31:40,Regional Sales Manager,sales,senior,remote,full_time,124000,146000,filled
1923,17,2025-11-19 20:54:11,Business Systems Administrator,operations,lead,remote,contract,126000,151000,filled
1924,310,2025-11-20 04:33:40,Product Manager,product,mid,remote,full_time,117000,145000,filled
1925,136,2025-11-20 05:19:12,Business Intelligence Analyst,data,lead,onsite,full_time,191000,242000,closed
1926,65,2025-11-20 08:13:05,Supply Chain Coordinator,operations,senior,remote,full_time,115000,135000,open
1927,72,2025-11-22 09:36:25,Growth Product Manager,product,senior,hybrid,full_time,138000,171000,filled
1928,34,2025-11-22 11:25:45,Solutions Consultant,operations,mid,remote,full_time,90000,113000,open
1929,64,2025-11-23 00:26:09,Healthcare Account Manager,operations,senior,remote,full_time,116000,127000,filled
1930,250,2025-11-24 06:22:28,Technical Support Engineer,engineering,mid,onsite,full_time,132000,155000,filled
1931,210,2025-11-25 11:40:22,Compliance Analyst,data,senior,remote,contract,166000,188000,open
1932,192,2025-11-26 07:47:54,Platform Reliability Engineer,engineering,mid,remote,full_time,132000,156000,filled
1933,4,2025-11-26 09:24:02,Sales Development Representative,sales,mid,hybrid,full_time,97000,122000,filled
1934,216,2025-11-26 15:32:57,Technical Writer,operations,mid,onsite,full_time,88000,111000,filled
1935,311,2025-11-26 16:42:57,Security Engineer,engineering,mid,remote,full_time,119000,143000,filled
1936,296,2025-11-27 05:57:29,Senior Frontend Engineer,engineering,mid,remote,part_time,132000,154000,filled
1937,127,2025-11-27 18:32:22,Senior Backend Engineer,engineering,senior,onsite,full_time,163000,180000,open
1938,193,2025-11-27 22:02:58,Healthcare Account Manager,operations,mid,hybrid,full_time,85000,111000,filled
1939,96,2025-11-27 23:41:49,Growth Product Manager,product,senior,onsite,full_time,138000,168000,closed
1940,285,2025-11-28 16:38:19,Healthcare Account Manager,operations,junior,onsite,full_time,63000,73000,open
1941,295,2025-11-28 23:55:54,Director of Customer Support,operations,senior,hybrid,full_time,108000,138000,paused
1942,72,2025-11-29 04:53:45,Solutions Architect,operations,senior,remote,full_time,115000,126000,closed
1943,156,2025-11-29 11:19:14,Business Systems Administrator,operations,mid,remote,full_time,86000,104000,closed
1944,76,2025-11-29 11:32:49,Business Systems Administrator,operations,senior,hybrid,full_time,114000,140000,open
1945,197,2025-11-29 18:49:32,Technical Program Manager,operations,lead,hybrid,full_time,133000,167000,paused
1946,94,2025-11-29 23:14:32,Business Systems Administrator,operations,senior,onsite,full_time,109000,141000,filled
1947,223,2025-11-30 20:40:19,Mobile Engineer,engineering,mid,hybrid,full_time,121000,149000,open
1948,315,2025-11-30 23:09:08,Content Marketing Manager,operations,mid,remote,full_time,94000,109000,filled
1949,279,2025-12-01 09:17:16,Lifecycle Marketing Manager,operations,senior,hybrid,full_time,112000,139000,open
1950,59,2025-12-02 14:54:53,Clinical Recruiter,operations,mid,hybrid,full_time,89000,103000,filled
1951,42,2025-12-02 17:50:56,Implementation Engineer,engineering,senior,hybrid,full_time,154000,195000,filled
1952,261,2025-12-02 22:25:36,Warehouse Systems Analyst,data,mid,onsite,full_time,138000,151000,open
1953,27,2025-12-03 04:22:56,Supply Chain Coordinator,operations,senior,hybrid,full_time,114000,142000,filled
1954,129,2025-12-03 07:00:43,Senior Backend Engineer,engineering,junior,remote,full_time,94000,112000,filled
1955,318,2025-12-03 21:06:59,Mobile Engineer,engineering,junior,hybrid,full_time,92000,110000,closed
1956,144,2025-12-04 13:57:14,Mobile Engineer,engineering,lead,hybrid,full_time,194000,225000,open
1957,3,2025-12-05 11:01:06,Demand Generation Manager,operations,senior,onsite,full_time,108000,128000,paused
1958,313,2025-12-06 03:00:00,Growth Product Manager,product,lead,hybrid,full_time,178000,207000,open
1959,227,2025-12-06 04:20:06,Pricing Analyst,data,lead,hybrid,full_time,193000,244000,filled
1960,106,2025-12-06 10:01:53,Revenue Operations Manager,operations,mid,hybrid,full_time,90000,109000,filled
1961,196,2025-12-07 10:33:54,Warehouse Systems Analyst,data,mid,hybrid,full_time,139000,161000,open
1962,196,2025-12-07 12:37:19,Warehouse Systems Analyst,data,mid,remote,full_time,139000,154000,open
1963,177,2025-12-08 03:17:49,Operations Excellence Lead,operations,senior,onsite,full_time,111000,138000,open
1964,308,2025-12-08 18:33:42,Payroll Specialist,operations,mid,onsite,full_time,90000,107000,open
1965,252,2025-12-08 21:34:34,Lifecycle Marketing Manager,operations,lead,hybrid,full_time,138000,153000,filled
1966,83,2025-12-09 15:16:18,Solutions Consultant,operations,junior,hybrid,full_time,68000,83000,filled
1967,318,2025-12-11 07:11:21,Business Systems Administrator,operations,mid,remote,full_time,92000,108000,open
1968,309,2025-12-12 19:00:16,Enterprise Account Executive,operations,mid,hybrid,full_time,85000,109000,filled
1969,16,2025-12-13 09:56:04,Product Manager,product,mid,hybrid,full_time,115000,152000,closed
1970,96,2025-12-13 12:48:29,Talent Acquisition Specialist,operations,mid,hybrid,full_time,93000,106000,open
1971,197,2025-12-13 16:35:38,Sales Development Representative,sales,senior,remote,full_time,130000,163000,filled
1972,282,2025-12-14 20:41:54,Risk Operations Analyst,operations,mid,hybrid,full_time,92000,111000,open
1973,230,2025-12-17 11:41:11,Senior Product Designer,product,senior,remote,full_time,148000,180000,filled
1974,184,2025-12-17 14:32:11,Content Marketing Manager,operations,lead,hybrid,full_time,131000,154000,closed
1975,98,2025-12-17 16:09:37,Solutions Architect,operations,senior,hybrid,full_time,109000,126000,filled
1976,31,2025-12-18 04:04:19,Logistics Operations Manager,operations,senior,remote,contract,114000,133000,filled
1977,286,2025-12-18 10:52:10,Machine Learning Engineer,engineering,mid,hybrid,full_time,123000,142000,open
1978,171,2025-12-18 20:01:41,Logistics Operations Manager,operations,mid,onsite,full_time,91000,102000,paused
1979,147,2025-12-20 13:49:25,Mobile Engineer,engineering,mid,hybrid,full_time,129000,154000,open
1980,314,2025-12-20 20:50:04,Clinical Operations Analyst,operations,lead,remote,contract,137000,165000,open
1981,53,2025-12-20 21:35:33,Healthcare Account Manager,operations,senior,hybrid,full_time,108000,128000,open
1982,82,2025-12-21 07:09:32,Accounting Manager,operations,mid,remote,full_time,92000,112000,filled
1983,274,2025-12-21 07:10:20,Lifecycle Marketing Manager,operations,mid,hybrid,full_time,85000,115000,filled
1984,91,2025-12-22 07:48:29,Senior Data Scientist,data,senior,hybrid,full_time,157000,205000,paused
1985,302,2025-12-22 23:24:16,Payroll Specialist,operations,senior,remote,full_time,110000,139000,filled
1986,275,2025-12-22 23:54:08,Procurement Analyst,data,senior,hybrid,full_time,156000,204000,closed
1987,32,2025-12-23 12:54:51,Lifecycle Marketing Manager,operations,lead,hybrid,full_time,138000,154000,filled
1988,147,2025-12-23 20:18:42,Supply Chain Coordinator,operations,senior,onsite,full_time,115000,132000,paused
1989,241,2025-12-24 09:11:29,Product Manager,product,senior,remote,full_time,138000,188000,filled
1990,157,2025-12-25 12:25:53,Growth Product Manager,product,mid,remote,full_time,122000,146000,filled
1991,69,2025-12-27 07:12:35,Machine Learning Engineer,engineering,junior,hybrid,full_time,91000,114000,filled
1992,15,2025-12-27 14:13:40,Clinical Operations Analyst,operations,lead,remote,full_time,135000,170000,open
1993,3,2025-12-28 16:46:12,Procurement Analyst,data,senior,hybrid,contract,171000,191000,filled
1994,58,2025-12-29 13:18:01,Clinical Operations Analyst,operations,mid,remote,full_time,90000,106000,paused
1995,84,2025-12-29 20:12:28,Solutions Architect,operations,senior,remote,contract,106000,137000,filled
1996,97,2025-12-30 01:11:23,Regional Sales Manager,sales,junior,hybrid,full_time,69000,83000,open
1997,274,2025-12-30 09:37:00,Customer Success Manager,customer_success,senior,remote,full_time,105000,129000,open
1998,163,2025-12-30 20:51:24,Solutions Architect,operations,mid,hybrid,full_time,94000,113000,paused
1999,46,2025-12-31 03:52:44,Growth Product Manager,product,senior,remote,full_time,147000,179000,filled
2000,27,2025-12-31 14:30:53,Lifecycle Marketing Manager,operations,senior,hybrid,full_time,109000,131000,filled
